plan_Info_PID,plan_Solutions_1_M1,plan_Solutions_1_M2,plan_Solutions_1_S1,plan_Solutions_1_ann. time,plan_Solutions_1_conc.,plan_Solutions_1_speed,features_A.1.c_UV,features_A.1.w_UV,features_A.1a.c_UV,features_A.1a.w_UV,features_A_UV,features_Atot_UV,features_D.1.c_UV,features_D.1a.c_UV,features_D_UV,features_Dtot_UV,features_XA_UV,features_XD_UV,features_XamA_UV,features_XamD_UV,features_atot_UV,FF_IV,JSC_IV,PCE_IV,VOC_IV,date_IV,pos_IV,sigp_IV,xpos_IV,ypos_IV,EnergyLevel_HOMO_Acceptor,EnergyLevel_HOMO_Donor,EnergyLevel_LUMO_Acceptor,EnergyLevel_LUMO_Donor,EnergyLevel_Offset,plan2_Solutions_1_M1,plan2_Solutions_1_M2,plan2_Solutions_1_S1,FitSessionName,Overall_FitSessionName,FOM_UV,date_UV,name_UV,pos_UV,res_UV,xpos_UV,ypos_UV,PseudoFeature_M1,PseudoFeature_M2,HotOneEncoded_plan_Solutions_1_M1_PM6_321136,HotOneEncoded_plan_Solutions_1_M1_PTVT-T_321032,HotOneEncoded_plan_Solutions_1_M1_PTQ10_321145,HotOneEncoded_plan_Solutions_1_M1_PCE10_120058,HotOneEncoded_plan_Solutions_1_M1_D18CL_323001,HotOneEncoded_plan_Solutions_1_M2_BTP-4F-12 (Y12)_321125,HotOneEncoded_plan_Solutions_1_M2_ITIC_120057,HotOneEncoded_plan_Solutions_1_M2_ITIC-4F_120033,HotOneEncoded_plan_Solutions_1_M2_L8-BO_321144,HotOneEncoded_plan_Solutions_1_M2_PY-IT_321127,Paper_PID
25288,PM6_321136,BTP-4F-12 (Y12)_321125,xylene,0,27,2000,1.531249208,0.070609808,1.701296684,0.092950584,0.382247118,0.587896068,2.000154212,2.158065893,0.380345243,0.524876436,0.528316494,0.471683506,0.349804941,0.275362319,1.112772504,47.9164555,24.64660334,9.778906442,0.828034688,13.11.2023 14:10,B-3,5.19E-07,1.4,0.6,5.53,5.33,3.77,3.38,1.56,PM6_321136,BTP-4F-12 (Y12)_321125,xylene,Jonas_DonorAcceptor-NoWidthOrderedDonor-No2bandHeight-NoInt_PM6:BTP-4F-12 (Y12),Jonas_DonorAcceptor-NoWidthOrderedDonor-No2bandHeight-NoInt,0.142651345,24.10.2023 13:30,25288_187767_OD_x3y2,x3y2,0.011877181,1.4,0.6,1,1,1,0,0,0,0,1,0,0,0,0,1
25288,PM6_321136,BTP-4F-12 (Y12)_321125,xylene,0,27,2000,1.531392169,0.070618933,1.701341046,0.092999028,0.383776785,0.590248695,2.000246519,2.158050375,0.38154075,0.526526235,0.528529679,0.471470321,0.349804941,0.275362319,1.116774931,47.80576817,24.20833204,9.596256312,0.829194992,13.11.2023 14:10,A-3,1.75E-06,1.4,1.4,5.53,5.33,3.77,3.38,1.56,PM6_321136,BTP-4F-12 (Y12)_321125,xylene,Jonas_DonorAcceptor-NoWidthOrderedDonor-No2bandHeight-NoInt_PM6:BTP-4F-12 (Y12),Jonas_DonorAcceptor-NoWidthOrderedDonor-No2bandHeight-NoInt,0.142053766,24.10.2023 13:30,25288_187767_OD_x3y1,x3y1,0.011857129,1.4,1.4,1,1,1,0,0,0,0,1,0,0,0,0,1
25288,PM6_321136,BTP-4F-12 (Y12)_321125,xylene,0,27,2000,1.530937555,0.070696348,1.701092584,0.093038348,0.383616841,0.590002701,2.000125201,2.158100678,0.382084871,0.527277122,0.528070667,0.471929333,0.349804941,0.275362319,1.117279823,47.56083048,24.32561568,9.581414878,0.828164052,13.11.2023 14:10,B-1,5.13E-07,0.6,0.6,5.53,5.33,3.77,3.38,1.56,PM6_321136,BTP-4F-12 (Y12)_321125,xylene,Jonas_DonorAcceptor-NoWidthOrderedDonor-No2bandHeight-NoInt_PM6:BTP-4F-12 (Y12),Jonas_DonorAcceptor-NoWidthOrderedDonor-No2bandHeight-NoInt,0.14217167,24.10.2023 13:30,25288_187767_OD_x1y2,x1y2,0.011891342,0.6,0.6,1,1,1,0,0,0,0,1,0,0,0,0,1
25288,PM6_321136,BTP-4F-12 (Y12)_321125,xylene,0,27,2000,1.531202206,0.07068149,1.701273372,0.093032332,0.383808775,0.590297896,2.000212694,2.158148639,0.381960439,0.527105406,0.528276492,0.471723508,0.349804941,0.275362319,1.117403302,47.62976296,24.21433651,9.573079611,0.830043163,13.11.2023 14:10,A-1,5.55E-07,0.6,1.4,5.53,5.33,3.77,3.38,1.56,PM6_321136,BTP-4F-12 (Y12)_321125,xylene,Jonas_DonorAcceptor-NoWidthOrderedDonor-No2bandHeight-NoInt_PM6:BTP-4F-12 (Y12),Jonas_DonorAcceptor-NoWidthOrderedDonor-No2bandHeight-NoInt,0.141980955,24.10.2023 13:30,25288_187767_OD_x1y1,x1y1,0.01186156,0.6,1.4,1,1,1,0,0,0,0,1,0,0,0,0,1
25289,PM6_321136,BTP-4F-12 (Y12)_321125,xylene,0,25,2000,1.532819294,0.068778843,1.701518231,0.091468986,0.334943258,0.515142731,1.999139169,2.157554393,0.339098834,0.467956391,0.52399877,0.47600123,0.349804941,0.275362319,0.983099122,51.8182822,27.23962347,11.67990146,0.827475353,13.11.2023 14:13,B-3,2.56E-06,1.4,0.6,5.53,5.33,3.77,3.38,1.56,PM6_321136,BTP-4F-12 (Y12)_321125,xylene,Jonas_DonorAcceptor-NoWidthOrderedDonor-No2bandHeight-NoInt_PM6:BTP-4F-12 (Y12),Jonas_DonorAcceptor-NoWidthOrderedDonor-No2bandHeight-NoInt,0.167858744,24.10.2023 13:35,25289_187768_OD_x3y2,x3y2,0.012478932,1.4,0.6,1,1,1,0,0,0,0,1,0,0,0,0,2
25289,PM6_321136,BTP-4F-12 (Y12)_321125,xylene,0,25,2000,1.53222046,0.068928682,1.701225004,0.091665851,0.337060084,0.51839841,1.999114424,2.157609933,0.340793557,0.470295109,0.5243267,0.4756733,0.349804941,0.275362319,0.988693518,51.38096039,27.30688007,11.61874816,0.828104296,13.11.2023 14:13,B-1,4.33E-06,0.6,0.6,5.53,5.33,3.77,3.38,1.56,PM6_321136,BTP-4F-12 (Y12)_321125,xylene,Jonas_DonorAcceptor-NoWidthOrderedDonor-No2bandHeight-NoInt_PM6:BTP-4F-12 (Y12),Jonas_DonorAcceptor-NoWidthOrderedDonor-No2bandHeight-NoInt,0.166746052,24.10.2023 13:35,25289_187768_OD_x1y2,x1y2,0.012460632,0.6,0.6,1,1,1,0,0,0,0,1,0,0,0,0,2
25289,PM6_321136,BTP-4F-12 (Y12)_321125,xylene,0,25,2000,1.53270429,0.068917588,1.701557945,0.091537309,0.337514849,0.519097838,1.999079809,2.157559383,0.34133432,0.471041361,0.524267536,0.475732464,0.349804941,0.275362319,0.990139199,51.84126249,26.98428297,11.58858356,0.828407276,13.11.2023 14:13,A-3,2.46E-06,1.4,1.4,5.53,5.33,3.77,3.38,1.56,PM6_321136,BTP-4F-12 (Y12)_321125,xylene,Jonas_DonorAcceptor-NoWidthOrderedDonor-No2bandHeight-NoInt_PM6:BTP-4F-12 (Y12),Jonas_DonorAcceptor-NoWidthOrderedDonor-No2bandHeight-NoInt,0.166003793,24.10.2023 13:35,25289_187768_OD_x3y1,x3y1,0.012429591,1.4,1.4,1,1,1,0,0,0,0,1,0,0,0,0,2
25289,PM6_321136,BTP-4F-12 (Y12)_321125,xylene,0,25,2000,1.532580713,0.069023003,1.701436947,0.091717189,0.342029605,0.526041533,1.999282298,2.157587454,0.345756907,0.477144531,0.524370854,0.475629146,0.349804941,0.275362319,1.003186064,50.93764906,27.17650194,11.4837477,0.82956647,13.11.2023 14:13,A-1,3.81E-06,0.6,1.4,5.53,5.33,3.77,3.38,1.56,PM6_321136,BTP-4F-12 (Y12)_321125,xylene,Jonas_DonorAcceptor-NoWidthOrderedDonor-No2bandHeight-NoInt_PM6:BTP-4F-12 (Y12),Jonas_DonorAcceptor-NoWidthOrderedDonor-No2bandHeight-NoInt,0.16313203,24.10.2023 13:35,25289_187768_OD_x1y1,x1y1,0.012367416,0.6,1.4,1,1,1,0,0,0,0,1,0,0,0,0,2
25290,PM6_321136,BTP-4F-12 (Y12)_321125,xylene,0,23,2000,1.532407635,0.069191333,1.701170188,0.09169319,0.279164608,0.429355167,1.998475017,2.156599368,0.28030759,0.386824474,0.526054737,0.473945263,0.349804941,0.275362319,0.816179641,58.52467295,26.37225273,12.81880177,0.83054125,13.11.2023 14:15,A-1,8.11E-07,0.6,1.4,5.53,5.33,3.77,3.38,1.56,PM6_321136,BTP-4F-12 (Y12)_321125,xylene,Jonas_DonorAcceptor-NoWidthOrderedDonor-No2bandHeight-NoInt_PM6:BTP-4F-12 (Y12),Jonas_DonorAcceptor-NoWidthOrderedDonor-No2bandHeight-NoInt,0.177658344,24.10.2023 13:41,25290_187773_OD_x1y1,x1y1,0.01163686,0.6,1.4,1,1,1,0,0,0,0,1,0,0,0,0,3
25290,PM6_321136,BTP-4F-12 (Y12)_321125,xylene,0,23,2000,1.532954261,0.068898657,1.701332274,0.091531117,0.280815481,0.431894209,1.99856069,2.15666726,0.282353873,0.389648344,0.525711307,0.474288693,0.349804941,0.275362319,0.821542553,58.39748995,26.383395,12.78568531,0.829849145,13.11.2023 14:15,B-1,1.12E-06,0.6,0.6,5.53,5.33,3.77,3.38,1.56,PM6_321136,BTP-4F-12 (Y12)_321125,xylene,Jonas_DonorAcceptor-NoWidthOrderedDonor-No2bandHeight-NoInt_PM6:BTP-4F-12 (Y12),Jonas_DonorAcceptor-NoWidthOrderedDonor-No2bandHeight-NoInt,0.178581637,24.10.2023 13:41,25290_187773_OD_x1y2,x1y2,0.011727655,0.6,0.6,1,1,1,0,0,0,0,1,0,0,0,0,3
25290,PM6_321136,BTP-4F-12 (Y12)_321125,xylene,0,23,2000,1.533593307,0.068741021,1.701591753,0.09147911,0.279336348,0.429619304,1.998730958,2.156621437,0.281090066,0.387904291,0.525513033,0.474486967,0.349804941,0.275362319,0.817523594,58.20494287,26.23225512,12.66127715,0.829243394,13.11.2023 14:15,B-3,1.35E-06,1.4,0.6,5.53,5.33,3.77,3.38,1.56,PM6_321136,BTP-4F-12 (Y12)_321125,xylene,Jonas_DonorAcceptor-NoWidthOrderedDonor-No2bandHeight-NoInt_PM6:BTP-4F-12 (Y12),Jonas_DonorAcceptor-NoWidthOrderedDonor-No2bandHeight-NoInt,0.179511288,24.10.2023 13:41,25290_187773_OD_x3y2,x3y2,0.011729357,1.4,0.6,1,1,1,0,0,0,0,1,0,0,0,0,3
25290,PM6_321136,BTP-4F-12 (Y12)_321125,xylene,0,23,2000,1.5319393,0.069782287,1.700982506,0.092148404,0.270975351,0.416760089,1.998402263,2.155986092,0.271295027,0.374387137,0.526779435,0.473220565,0.349804941,0.275362319,0.791147226,57.76419676,25.99830155,12.44292373,0.828550004,13.11.2023 14:15,A-3,1.30E-06,1.4,1.4,5.53,5.33,3.77,3.38,1.56,PM6_321136,BTP-4F-12 (Y12)_321125,xylene,Jonas_DonorAcceptor-NoWidthOrderedDonor-No2bandHeight-NoInt_PM6:BTP-4F-12 (Y12),Jonas_DonorAcceptor-NoWidthOrderedDonor-No2bandHeight-NoInt,0.187364705,24.10.2023 13:41,25290_187773_OD_x3y1,x3y1,0.011559707,1.4,1.4,1,1,1,0,0,0,0,1,0,0,0,0,3
25291,PM6_321136,BTP-4F-12 (Y12)_321125,xylene,0,23,1000,1.530187676,0.072394303,1.701221271,0.094098522,0.419046812,0.644493997,2.001024755,2.158677852,0.415211879,0.572992392,0.529364437,0.470635563,0.349804941,0.275362319,1.21748639,46.56550351,25.63623761,9.789595369,0.820060984,13.11.2023 14:18,A-1,2.80E-06,0.6,1.4,5.53,5.33,3.77,3.38,1.56,PM6_321136,BTP-4F-12 (Y12)_321125,xylene,Jonas_DonorAcceptor-NoWidthOrderedDonor-No2bandHeight-NoInt_PM6:BTP-4F-12 (Y12),Jonas_DonorAcceptor-NoWidthOrderedDonor-No2bandHeight-NoInt,0.167917421,24.10.2023 13:47,25291_187774_OD_x1y1,x1y1,0.013271762,0.6,1.4,1,1,1,0,0,0,0,1,0,0,0,0,4
25291,PM6_321136,BTP-4F-12 (Y12)_321125,xylene,0,23,1000,1.530683993,0.072124916,1.701268521,0.094035355,0.419901022,0.645807772,2.001075647,2.158590625,0.416814583,0.575204124,0.528911941,0.471088059,0.349804941,0.275362319,1.221011896,46.55947455,25.64821416,9.768586131,0.818024872,13.11.2023 14:18,B-1,3.33E-06,0.6,0.6,5.53,5.33,3.77,3.38,1.56,PM6_321136,BTP-4F-12 (Y12)_321125,xylene,Jonas_DonorAcceptor-NoWidthOrderedDonor-No2bandHeight-NoInt_PM6:BTP-4F-12 (Y12),Jonas_DonorAcceptor-NoWidthOrderedDonor-No2bandHeight-NoInt,0.169151379,24.10.2023 13:47,25291_187774_OD_x1y2,x1y2,0.013390083,0.6,0.6,1,1,1,0,0,0,0,1,0,0,0,0,4
25291,PM6_321136,BTP-4F-12 (Y12)_321125,xylene,0,23,1000,1.53099307,0.071813635,1.701338051,0.093821606,0.415796672,0.639495281,2.00092777,2.158438755,0.412675959,0.569492823,0.528950846,0.471049154,0.349804941,0.275362319,1.208988105,46.59625217,24.99811604,9.555223511,0.820318647,13.11.2023 14:18,A-3,2.99E-06,1.4,1.4,5.53,5.33,3.77,3.38,1.56,PM6_321136,BTP-4F-12 (Y12)_321125,xylene,Jonas_DonorAcceptor-NoWidthOrderedDonor-No2bandHeight-NoInt_PM6:BTP-4F-12 (Y12),Jonas_DonorAcceptor-NoWidthOrderedDonor-No2bandHeight-NoInt,0.166490821,24.10.2023 13:47,25291_187774_OD_x3y1,x3y1,0.013235022,1.4,1.4,1,1,1,0,0,0,0,1,0,0,0,0,4
25291,PM6_321136,BTP-4F-12 (Y12)_321125,xylene,0,23,1000,1.530904205,0.072055026,1.701377444,0.093971803,0.42081589,0.647214839,2.001080326,2.158524213,0.416588439,0.574892046,0.529589389,0.470410611,0.349804941,0.275362319,1.222106885,46.00570179,25.11270772,9.44318185,0.817359568,13.11.2023 14:18,B-2,2.71E-06,1,0.6,5.53,5.33,3.77,3.38,1.56,PM6_321136,BTP-4F-12 (Y12)_321125,xylene,Jonas_DonorAcceptor-NoWidthOrderedDonor-No2bandHeight-NoInt_PM6:BTP-4F-12 (Y12),Jonas_DonorAcceptor-NoWidthOrderedDonor-No2bandHeight-NoInt,0.16824753,24.10.2023 13:47,25291_187774_OD_x2y2,x2y2,0.013337139,1,0.6,1,1,1,0,0,0,0,1,0,0,0,0,4
25292,PM6_321136,BTP-4F-12 (Y12)_321125,xylene,2,23,1000,1.512020947,0.069828892,1.68965524,0.094800096,0.425161545,0.653898456,1.997151472,2.158678203,0.410887709,0.567025038,0.535576929,0.464423071,0.349804941,0.275362319,1.220923495,47.46906613,25.77554762,9.775360003,0.798940012,13.11.2023 14:20,B-3,8.88E-07,1.4,0.6,5.53,5.33,3.77,3.38,1.56,PM6_321136,BTP-4F-12 (Y12)_321125,xylene,Jonas_DonorAcceptor-NoWidthOrderedDonor-No2bandHeight-NoInt_PM6:BTP-4F-12 (Y12),Jonas_DonorAcceptor-NoWidthOrderedDonor-No2bandHeight-NoInt,0.183413633,24.10.2023 13:52,25292_187775_OD_x3y2,x3y2,0.01487039,1.4,0.6,1,1,1,0,0,0,0,1,0,0,0,0,5
25292,PM6_321136,BTP-4F-12 (Y12)_321125,xylene,2,23,1000,1.512054254,0.069830691,1.689695358,0.094805489,0.42312341,0.650763805,1.997089736,2.158678315,0.408193929,0.563307622,0.536017725,0.463982275,0.349804941,0.275362319,1.214071427,47.66726647,24.93986821,9.541904495,0.802639749,13.11.2023 14:20,A-3,1.21E-06,1.4,1.4,5.53,5.33,3.77,3.38,1.56,PM6_321136,BTP-4F-12 (Y12)_321125,xylene,Jonas_DonorAcceptor-NoWidthOrderedDonor-No2bandHeight-NoInt_PM6:BTP-4F-12 (Y12),Jonas_DonorAcceptor-NoWidthOrderedDonor-No2bandHeight-NoInt,0.178291025,24.10.2023 13:52,25292_187775_OD_x3y1,x3y1,0.014621945,1.4,1.4,1,1,1,0,0,0,0,1,0,0,0,0,5
25292,PM6_321136,BTP-4F-12 (Y12)_321125,xylene,2,23,1000,1.511930605,0.070043568,1.689696501,0.094931549,0.432536312,0.665240848,1.997228062,2.158819758,0.41619848,0.574353902,0.536659943,0.463340057,0.349804941,0.275362319,1.23959475,47.26142822,25.09869849,9.524835579,0.80297023,13.11.2023 14:20,A-2,1.53E-06,1,1.4,5.53,5.33,3.77,3.38,1.56,PM6_321136,BTP-4F-12 (Y12)_321125,xylene,Jonas_DonorAcceptor-NoWidthOrderedDonor-No2bandHeight-NoInt_PM6:BTP-4F-12 (Y12),Jonas_DonorAcceptor-NoWidthOrderedDonor-No2bandHeight-NoInt,0.193423825,24.10.2023 13:52,25292_187775_OD_x2y1,x2y1,0.015336713,1,1.4,1,1,1,0,0,0,0,1,0,0,0,0,5
25292,PM6_321136,BTP-4F-12 (Y12)_321125,xylene,2,23,1000,1.511834529,0.069937553,1.689527423,0.094968629,0.429595189,0.6607174,1.997272693,2.158778012,0.414163038,0.571544993,0.536182394,0.463817606,0.349804941,0.275362319,1.232262393,47.18185744,25.07071573,9.473427112,0.800876133,13.11.2023 14:20,B-1,8.61E-07,0.6,0.6,5.53,5.33,3.77,3.38,1.56,PM6_321136,BTP-4F-12 (Y12)_321125,xylene,Jonas_DonorAcceptor-NoWidthOrderedDonor-No2bandHeight-NoInt_PM6:BTP-4F-12 (Y12),Jonas_DonorAcceptor-NoWidthOrderedDonor-No2bandHeight-NoInt,0.188671358,24.10.2023 13:52,25292_187775_OD_x1y2,x1y2,0.015104255,0.6,0.6,1,1,1,0,0,0,0,1,0,0,0,0,5
25293,PM6_321136,BTP-4F-12 (Y12)_321125,xylene,0,23,3000,1.529864013,0.074203254,1.700033136,0.096799565,0.226546907,0.348429143,1.999966985,2.154669744,0.211246039,0.291519534,0.544464197,0.455535803,0.349804941,0.275362319,0.639948677,64.20366582,26.51396567,14.26294872,0.837866459,13.11.2023 14:23,A-1,2.61E-06,0.6,1.4,5.53,5.33,3.77,3.38,1.56,PM6_321136,BTP-4F-12 (Y12)_321125,xylene,Jonas_DonorAcceptor-NoWidthOrderedDonor-No2bandHeight-NoInt_PM6:BTP-4F-12 (Y12),Jonas_DonorAcceptor-NoWidthOrderedDonor-No2bandHeight-NoInt,0.304948609,24.10.2023 13:58,25293_187776_OD_x1y1,x1y1,0.011683232,0.6,1.4,1,1,1,0,0,0,0,1,0,0,0,0,6
25293,PM6_321136,BTP-4F-12 (Y12)_321125,xylene,0,23,3000,1.529434388,0.074460495,1.69971417,0.097072464,0.225183794,0.346332675,2.000018247,2.154713021,0.209360263,0.288917162,0.545191285,0.454808715,0.349804941,0.275362319,0.635249838,63.87961404,26.60688785,14.23015368,0.837246282,13.11.2023 14:23,B-1,2.77E-06,0.6,0.6,5.53,5.33,3.77,3.38,1.56,PM6_321136,BTP-4F-12 (Y12)_321125,xylene,Jonas_DonorAcceptor-NoWidthOrderedDonor-No2bandHeight-NoInt_PM6:BTP-4F-12 (Y12),Jonas_DonorAcceptor-NoWidthOrderedDonor-No2bandHeight-NoInt,0.309930824,24.10.2023 13:58,25293_187776_OD_x1y2,x1y2,0.011715671,0.6,0.6,1,1,1,0,0,0,0,1,0,0,0,0,6
25293,PM6_321136,BTP-4F-12 (Y12)_321125,xylene,0,23,3000,1.530511636,0.073842672,1.700139272,0.096595821,0.225688451,0.347108838,2.000125233,2.154792379,0.211121498,0.291347668,0.54366873,0.45633127,0.349804941,0.275362319,0.638456505,63.55065007,26.48936404,14.08774223,0.836854329,13.11.2023 14:23,B-3,9.36E-07,1.4,0.6,5.53,5.33,3.77,3.38,1.56,PM6_321136,BTP-4F-12 (Y12)_321125,xylene,Jonas_DonorAcceptor-NoWidthOrderedDonor-No2bandHeight-NoInt_PM6:BTP-4F-12 (Y12),Jonas_DonorAcceptor-NoWidthOrderedDonor-No2bandHeight-NoInt,0.30588436,24.10.2023 13:58,25293_187776_OD_x3y2,x3y2,0.011705075,1.4,0.6,1,1,1,0,0,0,0,1,0,0,0,0,6
25293,PM6_321136,BTP-4F-12 (Y12)_321125,xylene,0,23,3000,1.528753937,0.074564927,1.6994226,0.097180281,0.22143494,0.340566937,2.000088268,2.154491428,0.204723243,0.282518076,0.546581815,0.453418185,0.349804941,0.275362319,0.623085013,62.91671533,26.49582722,13.94124628,0.836292255,13.11.2023 14:23,B-2,1.07E-06,1,0.6,5.53,5.33,3.77,3.38,1.56,PM6_321136,BTP-4F-12 (Y12)_321125,xylene,Jonas_DonorAcceptor-NoWidthOrderedDonor-No2bandHeight-NoInt_PM6:BTP-4F-12 (Y12),Jonas_DonorAcceptor-NoWidthOrderedDonor-No2bandHeight-NoInt,0.323409621,24.10.2023 13:58,25293_187776_OD_x2y2,x2y2,0.011878501,1,0.6,1,1,1,0,0,0,0,1,0,0,0,0,6
25294,PM6_321136,BTP-4F-12 (Y12)_321125,xylene,2,23,3000,1.510311999,0.0719115,1.688820322,0.097263746,0.227865426,0.350457025,1.995740688,2.155358819,0.208090379,0.287164724,0.549631542,0.450368458,0.349804941,0.275362319,0.637621749,65.45359496,27.31544094,14.51729362,0.811977398,13.11.2023 14:26,B-3,1.28E-06,1.4,0.6,5.53,5.33,3.77,3.38,1.56,PM6_321136,BTP-4F-12 (Y12)_321125,xylene,Jonas_DonorAcceptor-NoWidthOrderedDonor-No2bandHeight-NoInt_PM6:BTP-4F-12 (Y12),Jonas_DonorAcceptor-NoWidthOrderedDonor-No2bandHeight-NoInt,0.214775956,24.10.2023 14:04,25294_187777_OD_x3y2,x3y2,0.010293254,1.4,0.6,1,1,1,0,0,0,0,1,0,0,0,0,7
25294,PM6_321136,BTP-4F-12 (Y12)_321125,xylene,2,23,3000,1.510252255,0.071907109,1.688807163,0.09725488,0.227879289,0.350478346,1.995586074,2.155217425,0.208173503,0.287279434,0.549547739,0.450452261,0.349804941,0.275362319,0.637757781,65.61853726,27.12892196,14.47151232,0.812933157,13.11.2023 14:26,A-3,1.76E-06,1.4,1.4,5.53,5.33,3.77,3.38,1.56,PM6_321136,BTP-4F-12 (Y12)_321125,xylene,Jonas_DonorAcceptor-NoWidthOrderedDonor-No2bandHeight-NoInt_PM6:BTP-4F-12 (Y12),Jonas_DonorAcceptor-NoWidthOrderedDonor-No2bandHeight-NoInt,0.216812451,24.10.2023 14:04,25294_187777_OD_x3y1,x3y1,0.010348828,1.4,1.4,1,1,1,0,0,0,0,1,0,0,0,0,7
25294,PM6_321136,BTP-4F-12 (Y12)_321125,xylene,2,23,3000,1.510369222,0.071760637,1.688834963,0.097092866,0.229674089,0.353238749,1.995622447,2.155193236,0.210103366,0.289942645,0.549205485,0.450794515,0.349804941,0.275362319,0.643181394,64.61506258,27.5619867,14.44125402,0.810887525,13.11.2023 14:26,B-1,1.30E-06,0.6,0.6,5.53,5.33,3.77,3.38,1.56,PM6_321136,BTP-4F-12 (Y12)_321125,xylene,Jonas_DonorAcceptor-NoWidthOrderedDonor-No2bandHeight-NoInt_PM6:BTP-4F-12 (Y12),Jonas_DonorAcceptor-NoWidthOrderedDonor-No2bandHeight-NoInt,0.214821682,24.10.2023 14:04,25294_187777_OD_x1y2,x1y2,0.010369467,0.6,0.6,1,1,1,0,0,0,0,1,0,0,0,0,7
25294,PM6_321136,BTP-4F-12 (Y12)_321125,xylene,2,23,3000,1.510285495,0.071724931,1.688764929,0.097099026,0.230404618,0.354362302,1.995406537,2.155026708,0.210806152,0.29091249,0.549164955,0.450835045,0.349804941,0.275362319,0.645274793,64.52362597,27.4401703,14.3706936,0.811656297,13.11.2023 14:26,A-1,1.89E-06,0.6,1.4,5.53,5.33,3.77,3.38,1.56,PM6_321136,BTP-4F-12 (Y12)_321125,xylene,Jonas_DonorAcceptor-NoWidthOrderedDonor-No2bandHeight-NoInt_PM6:BTP-4F-12 (Y12),Jonas_DonorAcceptor-NoWidthOrderedDonor-No2bandHeight-NoInt,0.217461498,24.10.2023 14:04,25294_187777_OD_x1y1,x1y1,0.010446277,0.6,1.4,1,1,1,0,0,0,0,1,0,0,0,0,7
25295,PM6_321136,BTP-4F-12 (Y12)_321125,xylene,1,23,2000,1.514448921,0.06727394,1.68989596,0.092696524,0.286467826,0.440587516,1.99486925,2.156817383,0.280307497,0.386824346,0.53248876,0.46751124,0.349804941,0.275362319,0.827411862,60.74434452,26.3726948,13.04221766,0.814124988,13.11.2023 14:29,A-1,1.13E-06,0.6,1.4,5.53,5.33,3.77,3.38,1.56,PM6_321136,BTP-4F-12 (Y12)_321125,xylene,Jonas_DonorAcceptor-NoWidthOrderedDonor-No2bandHeight-NoInt_PM6:BTP-4F-12 (Y12),Jonas_DonorAcceptor-NoWidthOrderedDonor-No2bandHeight-NoInt,0.177939477,24.10.2023 14:10,25295_187786_OD_x1y1,x1y1,0.012259846,0.6,1.4,1,1,1,0,0,0,0,1,0,0,0,0,8
25295,PM6_321136,BTP-4F-12 (Y12)_321125,xylene,1,23,2000,1.51450322,0.067286544,1.689947251,0.092661723,0.286350225,0.440406647,1.99487939,2.15685375,0.280780363,0.3874769,0.531966903,0.468033097,0.349804941,0.275362319,0.827883547,60.58565021,26.35799178,12.97418221,0.812452355,13.11.2023 14:29,B-1,9.37E-07,0.6,0.6,5.53,5.33,3.77,3.38,1.56,PM6_321136,BTP-4F-12 (Y12)_321125,xylene,Jonas_DonorAcceptor-NoWidthOrderedDonor-No2bandHeight-NoInt_PM6:BTP-4F-12 (Y12),Jonas_DonorAcceptor-NoWidthOrderedDonor-No2bandHeight-NoInt,0.17811674,24.10.2023 14:10,25295_187786_OD_x1y2,x1y2,0.012292843,0.6,0.6,1,1,1,0,0,0,0,1,0,0,0,0,8
25295,PM6_321136,BTP-4F-12 (Y12)_321125,xylene,1,23,2000,1.514771551,0.067232441,1.690082293,0.092630151,0.285631671,0.439301509,1.994913887,2.156851249,0.28004473,0.386461727,0.531994511,0.468005489,0.349804941,0.275362319,0.825763237,60.08036113,26.1427952,12.73600647,0.8108653,13.11.2023 14:29,B-3,1.01E-06,1.4,0.6,5.53,5.33,3.77,3.38,1.56,PM6_321136,BTP-4F-12 (Y12)_321125,xylene,Jonas_DonorAcceptor-NoWidthOrderedDonor-No2bandHeight-NoInt_PM6:BTP-4F-12 (Y12),Jonas_DonorAcceptor-NoWidthOrderedDonor-No2bandHeight-NoInt,0.17852813,24.10.2023 14:10,25295_187786_OD_x3y2,x3y2,0.012297006,1.4,0.6,1,1,1,0,0,0,0,1,0,0,0,0,8
25295,PM6_321136,BTP-4F-12 (Y12)_321125,xylene,1,23,2000,1.514514958,0.067117414,1.689941998,0.092566573,0.293244307,0.451009744,1.994871918,2.156929756,0.287437025,0.396663095,0.532056382,0.467943618,0.349804941,0.275362319,0.847672839,59.28235588,26.14449109,12.59516936,0.812640317,13.11.2023 14:29,A-2,1.26E-06,1,1.4,5.53,5.33,3.77,3.38,1.56,PM6_321136,BTP-4F-12 (Y12)_321125,xylene,Jonas_DonorAcceptor-NoWidthOrderedDonor-No2bandHeight-NoInt_PM6:BTP-4F-12 (Y12),Jonas_DonorAcceptor-NoWidthOrderedDonor-No2bandHeight-NoInt,0.177626991,24.10.2023 14:10,25295_187786_OD_x2y1,x2y1,0.012454479,1,1.4,1,1,1,0,0,0,0,1,0,0,0,0,8
25313,PM6_321136,L8-BO_321144,xylene,0,24,2000,1.561258867,0.076726829,1.729937381,0.091471031,0.373622404,0.579114727,2.007848297,2.167969664,0.441669861,0.609504409,0.487216392,0.512783608,0.35483871,0.275362319,1.188619135,59.62208046,26.81804215,13.52718851,0.846005812,30.10.2023 10:54,B-1,8.31E-07,0.6,0.6,5.45,5.33,3.77,3.38,1.56,PM6_321136,L8-BO_321144,xylene,Jonas_DonorAcceptor-NoWidthOrderedDonor-No2bandHeight-NoInt_PM6:L8-BO,Jonas_DonorAcceptor-NoWidthOrderedDonor-No2bandHeight-NoInt,0.047464868,25.10.2023 10:36,25313_188424_OD_x1y2,x1y2,0.010380532,0.6,0.6,1,4,1,0,0,0,0,0,0,0,1,0,26
25313,PM6_321136,L8-BO_321144,xylene,0,24,2000,1.561502628,0.076744832,1.729980557,0.091588879,0.377463407,0.58506828,2.007866436,2.167921425,0.446309095,0.615906551,0.48716115,0.51283885,0.35483871,0.275362319,1.200974831,59.28553266,26.84998246,13.4865583,0.847243804,30.10.2023 10:54,A-1,8.53E-07,0.6,1.4,5.45,5.33,3.77,3.38,1.56,PM6_321136,L8-BO_321144,xylene,Jonas_DonorAcceptor-NoWidthOrderedDonor-No2bandHeight-NoInt_PM6:L8-BO,Jonas_DonorAcceptor-NoWidthOrderedDonor-No2bandHeight-NoInt,0.049369285,25.10.2023 10:36,25313_188424_OD_x1y1,x1y1,0.010693481,0.6,1.4,1,4,1,0,0,0,0,0,0,0,1,0,26
25313,PM6_321136,L8-BO_321144,xylene,0,24,2000,1.561291019,0.07632653,1.729946704,0.091042114,0.367632749,0.569830761,2.007437035,2.167754136,0.434968485,0.600256509,0.486998513,0.513001487,0.35483871,0.275362319,1.17008727,59.75069771,26.65536832,13.48430766,0.84664429,30.10.2023 10:54,A-3,9.50E-07,1.4,1.4,5.45,5.33,3.77,3.38,1.56,PM6_321136,L8-BO_321144,xylene,Jonas_DonorAcceptor-NoWidthOrderedDonor-No2bandHeight-NoInt_PM6:L8-BO,Jonas_DonorAcceptor-NoWidthOrderedDonor-No2bandHeight-NoInt,0.042028391,25.10.2023 10:36,25313_188424_OD_x3y1,x3y1,0.009674504,1.4,1.4,1,4,1,0,0,0,0,0,0,0,1,0,26
25313,PM6_321136,L8-BO_321144,xylene,0,24,2000,1.561834974,0.076392335,1.730206264,0.091216305,0.371160268,0.575298416,2.00781958,2.167912485,0.440065833,0.60729085,0.486473565,0.513526435,0.35483871,0.275362319,1.182589266,59.53143779,26.57777991,13.36827774,0.844909878,30.10.2023 10:54,B-3,9.98E-07,1.4,0.6,5.45,5.33,3.77,3.38,1.56,PM6_321136,L8-BO_321144,xylene,Jonas_DonorAcceptor-NoWidthOrderedDonor-No2bandHeight-NoInt_PM6:L8-BO,Jonas_DonorAcceptor-NoWidthOrderedDonor-No2bandHeight-NoInt,0.045090935,25.10.2023 10:36,25313_188424_OD_x3y2,x3y2,0.010085159,1.4,0.6,1,4,1,0,0,0,0,0,0,0,1,0,26
25314,PM6_321136,L8-BO_321144,xylene,0,21,2000,1.56390611,0.073742977,1.729440053,0.090198419,0.236855282,0.367125687,2.004359036,2.164566359,0.27393907,0.378035916,0.492679287,0.507320713,0.35483871,0.275362319,0.745161603,70.4701406,24.39512857,14.74056167,0.857444033,30.10.2023 10:56,A-1,7.58E-07,0.6,1.4,5.45,5.33,3.77,3.38,1.56,PM6_321136,L8-BO_321144,xylene,Jonas_DonorAcceptor-NoWidthOrderedDonor-No2bandHeight-NoInt_PM6:L8-BO,Jonas_DonorAcceptor-NoWidthOrderedDonor-No2bandHeight-NoInt,0.046344177,25.10.2023 10:41,25314_188484_OD_x1y1,x1y1,0.007905032,0.6,1.4,1,4,1,0,0,0,0,0,0,0,1,0,27
25314,PM6_321136,L8-BO_321144,xylene,0,21,2000,1.564972328,0.072494179,1.729569653,0.089385164,0.242581488,0.376001307,2.003965735,2.164368783,0.286681204,0.395620062,0.487287318,0.512712682,0.35483871,0.275362319,0.771621368,69.90786349,24.28944379,14.52002533,0.855113523,30.10.2023 10:56,B-1,1.23E-06,0.6,0.6,5.45,5.33,3.77,3.38,1.56,PM6_321136,L8-BO_321144,xylene,Jonas_DonorAcceptor-NoWidthOrderedDonor-No2bandHeight-NoInt_PM6:L8-BO,Jonas_DonorAcceptor-NoWidthOrderedDonor-No2bandHeight-NoInt,0.038320968,25.10.2023 10:41,25314_188484_OD_x1y2,x1y2,0.007358991,0.6,0.6,1,4,1,0,0,0,0,0,0,0,1,0,27
25314,PM6_321136,L8-BO_321144,xylene,0,21,2000,1.567425253,0.069818606,1.729280983,0.088934739,0.243629273,0.377625373,2.003306671,2.163504299,0.294331501,0.406177471,0.481786174,0.518213826,0.35483871,0.275362319,0.783802844,69.2311512,24.3218633,14.45333808,0.858360581,30.10.2023 10:56,B-3,1.06E-06,1.4,0.6,5.45,5.33,3.77,3.38,1.56,PM6_321136,L8-BO_321144,xylene,Jonas_DonorAcceptor-NoWidthOrderedDonor-No2bandHeight-NoInt_PM6:L8-BO,Jonas_DonorAcceptor-NoWidthOrderedDonor-No2bandHeight-NoInt,0.037477118,25.10.2023 10:41,25314_188484_OD_x3y2,x3y2,0.007358069,1.4,0.6,1,4,1,0,0,0,0,0,0,0,1,0,27
25314,PM6_321136,L8-BO_321144,xylene,0,21,2000,1.56691009,0.069899045,1.72892447,0.088687255,0.243036135,0.376706009,2.002943527,2.163491063,0.295577133,0.407896444,0.480123415,0.519876585,0.35483871,0.275362319,0.784602453,69.33418341,24.07070641,14.31896606,0.857976552,30.10.2023 10:56,A-3,1.28E-06,1.4,1.4,5.45,5.33,3.77,3.38,1.56,PM6_321136,L8-BO_321144,xylene,Jonas_DonorAcceptor-NoWidthOrderedDonor-No2bandHeight-NoInt_PM6:L8-BO,Jonas_DonorAcceptor-NoWidthOrderedDonor-No2bandHeight-NoInt,0.03500702,25.10.2023 10:41,25314_188484_OD_x3y1,x3y1,0.007184597,1.4,1.4,1,4,1,0,0,0,0,0,0,0,1,0,27
25315,PM6_321136,L8-BO_321144,xylene,0,21,1000,1.558615296,0.077129079,1.729507049,0.09045104,0.363899671,0.564044491,2.007992587,2.168276494,0.414188058,0.57157952,0.496682428,0.503317572,0.35483871,0.275362319,1.135624011,61.30789363,26.19915749,13.5126818,0.841274702,30.10.2023 10:58,B-1,7.70E-07,0.6,0.6,5.45,5.33,3.77,3.38,1.56,PM6_321136,L8-BO_321144,xylene,Jonas_DonorAcceptor-NoWidthOrderedDonor-No2bandHeight-NoInt_PM6:L8-BO,Jonas_DonorAcceptor-NoWidthOrderedDonor-No2bandHeight-NoInt,0.035157038,25.10.2023 10:47,25315_188491_OD_x1y2,x1y2,0.008788935,0.6,0.6,1,4,1,0,0,0,0,0,0,0,1,0,28
25315,PM6_321136,L8-BO_321144,xylene,0,21,1000,1.56120329,0.075260845,1.729931123,0.090234745,0.353044956,0.547219681,2.006774838,2.167146609,0.407453939,0.562286436,0.493210153,0.506789847,0.35483871,0.275362319,1.109506117,62.31198374,25.67840613,13.45000632,0.840587345,30.10.2023 10:58,B-3,9.88E-07,1.4,0.6,5.45,5.33,3.77,3.38,1.56,PM6_321136,L8-BO_321144,xylene,Jonas_DonorAcceptor-NoWidthOrderedDonor-No2bandHeight-NoInt_PM6:L8-BO,Jonas_DonorAcceptor-NoWidthOrderedDonor-No2bandHeight-NoInt,0.034680227,25.10.2023 10:47,25315_188491_OD_x3y2,x3y2,0.008547693,1.4,0.6,1,4,1,0,0,0,0,0,0,0,1,0,28
25315,PM6_321136,L8-BO_321144,xylene,0,21,1000,1.55775444,0.077083332,1.729029009,0.090293142,0.360965434,0.559496422,2.007731535,2.168054166,0.412176443,0.568803491,0.495875623,0.504124377,0.35483871,0.275362319,1.128299914,60.53085597,26.07785472,13.24419481,0.839028829,30.10.2023 10:58,B-2,8.96E-07,1,0.6,5.45,5.33,3.77,3.38,1.56,PM6_321136,L8-BO_321144,xylene,Jonas_DonorAcceptor-NoWidthOrderedDonor-No2bandHeight-NoInt_PM6:L8-BO,Jonas_DonorAcceptor-NoWidthOrderedDonor-No2bandHeight-NoInt,0.036723375,25.10.2023 10:47,25315_188491_OD_x2y2,x2y2,0.008970705,1,0.6,1,4,1,0,0,0,0,0,0,0,1,0,28
25316,PM6_321136,L8-BO_321144,xylene,2,21,1000,1.55354456,0.07312719,1.723967811,0.08991726,0.346147026,0.53652789,2.000130995,2.163339029,0.413632082,0.570812273,0.484519489,0.515480511,0.35483871,0.275362319,1.107340163,63.82305806,26.61439471,14.31947813,0.843010507,30.10.2023 11:01,B-3,1.26E-06,1.4,0.6,5.45,5.33,3.77,3.38,1.56,PM6_321136,L8-BO_321144,xylene,Jonas_DonorAcceptor-NoWidthOrderedDonor-No2bandHeight-NoInt_PM6:L8-BO,Jonas_DonorAcceptor-NoWidthOrderedDonor-No2bandHeight-NoInt,0.03356026,25.10.2023 10:53,25316_188501_OD_x3y2,x3y2,0.008495997,1.4,0.6,1,4,1,0,0,0,0,0,0,0,1,0,29
25316,PM6_321136,L8-BO_321144,xylene,2,21,1000,1.553172876,0.073285682,1.724102914,0.089432518,0.337875665,0.523707281,1.999984291,2.163504449,0.399712916,0.551603824,0.487028617,0.512971383,0.35483871,0.275362319,1.075311105,64.21511491,26.1155099,14.14107065,0.84323091,30.10.2023 11:01,A-3,1.66E-06,1.4,1.4,5.45,5.33,3.77,3.38,1.56,PM6_321136,L8-BO_321144,xylene,Jonas_DonorAcceptor-NoWidthOrderedDonor-No2bandHeight-NoInt_PM6:L8-BO,Jonas_DonorAcceptor-NoWidthOrderedDonor-No2bandHeight-NoInt,0.030269352,25.10.2023 10:53,25316_188501_OD_x3y1,x3y1,0.008008098,1.4,1.4,1,4,1,0,0,0,0,0,0,0,1,0,29
25316,PM6_321136,L8-BO_321144,xylene,2,21,1000,1.553764415,0.072613427,1.724124826,0.089164918,0.328290509,0.508850288,1.999516633,2.163120567,0.388920677,0.536710535,0.486676889,0.513323111,0.35483871,0.275362319,1.045560823,64.16492912,26.03300055,14.12734766,0.845743534,30.10.2023 11:01,A-2,1.77E-06,1,1.4,5.45,5.33,3.77,3.38,1.56,PM6_321136,L8-BO_321144,xylene,Jonas_DonorAcceptor-NoWidthOrderedDonor-No2bandHeight-NoInt_PM6:L8-BO,Jonas_DonorAcceptor-NoWidthOrderedDonor-No2bandHeight-NoInt,0.030043085,25.10.2023 10:53,25316_188501_OD_x2y1,x2y1,0.007888733,1,1.4,1,4,1,0,0,0,0,0,0,0,1,0,29
25316,PM6_321136,L8-BO_321144,xylene,2,21,1000,1.553150079,0.073479807,1.723936671,0.089928171,0.346568015,0.537180423,2.000353531,2.163623678,0.413590572,0.570754989,0.484848139,0.515151861,0.35483871,0.275362319,1.107935411,64.25235429,26.02828775,14.12639758,0.844688887,30.10.2023 11:01,B-1,9.12E-07,0.6,0.6,5.45,5.33,3.77,3.38,1.56,PM6_321136,L8-BO_321144,xylene,Jonas_DonorAcceptor-NoWidthOrderedDonor-No2bandHeight-NoInt_PM6:L8-BO,Jonas_DonorAcceptor-NoWidthOrderedDonor-No2bandHeight-NoInt,0.031802996,25.10.2023 10:53,25316_188501_OD_x1y2,x1y2,0.008307562,0.6,0.6,1,4,1,0,0,0,0,0,0,0,1,0,29
25317,PM6_321136,L8-BO_321144,xylene,0,21,3000,1.563276518,0.076606214,1.727521015,0.095578824,0.201084275,0.311680626,2.005447368,2.163547924,0.226943653,0.313182242,0.498798444,0.501201556,0.35483871,0.275362319,0.624862868,71.74403568,25.37820529,15.78553348,0.866986939,30.10.2023 11:03,A-1,1.34E-06,0.6,1.4,5.45,5.33,3.77,3.38,1.56,PM6_321136,L8-BO_321144,xylene,Jonas_DonorAcceptor-NoWidthOrderedDonor-No2bandHeight-NoInt_PM6:L8-BO,Jonas_DonorAcceptor-NoWidthOrderedDonor-No2bandHeight-NoInt,0.136099663,25.10.2023 10:58,25317_188510_OD_x1y1,x1y1,0.011645234,0.6,1.4,1,4,1,0,0,0,0,0,0,0,1,0,30
25317,PM6_321136,L8-BO_321144,xylene,0,21,3000,1.563494832,0.076208535,1.727384751,0.095564843,0.199345797,0.308985986,2.005345423,2.163278137,0.226541427,0.312627169,0.497071182,0.502928818,0.35483871,0.275362319,0.621613155,71.12742628,25.19930605,15.51807236,0.865789067,30.10.2023 11:03,B-3,1.23E-06,1.4,0.6,5.45,5.33,3.77,3.38,1.56,PM6_321136,L8-BO_321144,xylene,Jonas_DonorAcceptor-NoWidthOrderedDonor-No2bandHeight-NoInt_PM6:L8-BO,Jonas_DonorAcceptor-NoWidthOrderedDonor-No2bandHeight-NoInt,0.137905591,25.10.2023 10:58,25317_188510_OD_x3y2,x3y2,0.011725372,1.4,0.6,1,4,1,0,0,0,0,0,0,0,1,0,30
25317,PM6_321136,L8-BO_321144,xylene,0,21,3000,1.564478707,0.075218694,1.727547095,0.095005967,0.200669419,0.3110376,2.005209686,2.16313963,0.229846197,0.317187752,0.495105139,0.504894861,0.35483871,0.275362319,0.628225352,70.93226812,25.14397839,15.46243606,0.866962026,30.10.2023 11:03,A-3,1.50E-06,1.4,1.4,5.45,5.33,3.77,3.38,1.56,PM6_321136,L8-BO_321144,xylene,Jonas_DonorAcceptor-NoWidthOrderedDonor-No2bandHeight-NoInt_PM6:L8-BO,Jonas_DonorAcceptor-NoWidthOrderedDonor-No2bandHeight-NoInt,0.13385393,25.10.2023 10:58,25317_188510_OD_x3y1,x3y1,0.011653164,1.4,1.4,1,4,1,0,0,0,0,0,0,0,1,0,30
25317,PM6_321136,L8-BO_321144,xylene,0,21,3000,1.563796522,0.07580891,1.727476161,0.09483865,0.201922227,0.312979451,2.00524245,2.163513476,0.232215188,0.320456959,0.494097665,0.505902335,0.35483871,0.275362319,0.63343641,70.6805818,25.18413708,15.42891915,0.866778865,30.10.2023 11:03,B-1,1.08E-06,0.6,0.6,5.45,5.33,3.77,3.38,1.56,PM6_321136,L8-BO_321144,xylene,Jonas_DonorAcceptor-NoWidthOrderedDonor-No2bandHeight-NoInt_PM6:L8-BO,Jonas_DonorAcceptor-NoWidthOrderedDonor-No2bandHeight-NoInt,0.129345446,25.10.2023 10:58,25317_188510_OD_x1y2,x1y2,0.011565245,0.6,0.6,1,4,1,0,0,0,0,0,0,0,1,0,30
25318,PM6_321136,L8-BO_321144,xylene,2,21,3000,1.55009082,0.076674736,1.719242051,0.099253484,0.18468728,0.286265285,1.998494375,2.158664305,0.198350608,0.273723839,0.511197937,0.488802063,0.35483871,0.275362319,0.559989123,71.35714653,26.22336475,16.14168799,0.862627021,30.10.2023 11:05,A-1,2.33E-06,0.6,1.4,5.45,5.33,3.77,3.38,1.56,PM6_321136,L8-BO_321144,xylene,Jonas_DonorAcceptor-NoWidthOrderedDonor-No2bandHeight-NoInt_PM6:L8-BO,Jonas_DonorAcceptor-NoWidthOrderedDonor-No2bandHeight-NoInt,0.141588336,25.10.2023 11:04,25318_188517_OD_x1y1,x1y1,0.011238015,0.6,1.4,1,4,1,0,0,0,0,0,0,0,1,0,31
25318,PM6_321136,L8-BO_321144,xylene,2,21,3000,1.549699726,0.077060397,1.71914376,0.099991685,0.182944625,0.283564169,1.998425267,2.158487704,0.194495074,0.268403202,0.513733571,0.486266429,0.35483871,0.275362319,0.551967371,71.39634908,26.07257012,16.02580926,0.860914695,30.10.2023 11:05,B-1,2.10E-06,0.6,0.6,5.45,5.33,3.77,3.38,1.56,PM6_321136,L8-BO_321144,xylene,Jonas_DonorAcceptor-NoWidthOrderedDonor-No2bandHeight-NoInt_PM6:L8-BO,Jonas_DonorAcceptor-NoWidthOrderedDonor-No2bandHeight-NoInt,0.145989697,25.10.2023 11:04,25318_188517_OD_x1y2,x1y2,0.011256597,0.6,0.6,1,4,1,0,0,0,0,0,0,0,1,0,31
25318,PM6_321136,L8-BO_321144,xylene,2,21,3000,1.550172161,0.076793877,1.719591442,0.099143494,0.183972239,0.28515697,1.998470023,2.158595474,0.197080424,0.271970985,0.511833893,0.488166107,0.35483871,0.275362319,0.557127954,71.04289088,26.01747864,15.90674037,0.860588147,30.10.2023 11:05,B-3,2.25E-06,1.4,0.6,5.45,5.33,3.77,3.38,1.56,PM6_321136,L8-BO_321144,xylene,Jonas_DonorAcceptor-NoWidthOrderedDonor-No2bandHeight-NoInt_PM6:L8-BO,Jonas_DonorAcceptor-NoWidthOrderedDonor-No2bandHeight-NoInt,0.137861859,25.10.2023 11:04,25318_188517_OD_x3y2,x3y2,0.011071152,1.4,0.6,1,4,1,0,0,0,0,0,0,0,1,0,31
25318,PM6_321136,L8-BO_321144,xylene,2,21,3000,1.549930904,0.076792123,1.719456911,0.099223753,0.185477182,0.287489632,1.998385747,2.158497091,0.196860689,0.271667751,0.514147968,0.485852032,0.35483871,0.275362319,0.559157384,69.88138989,26.17998904,15.74813641,0.860791904,30.10.2023 11:05,A-2,3.03E-06,1,1.4,5.45,5.33,3.77,3.38,1.56,PM6_321136,L8-BO_321144,xylene,Jonas_DonorAcceptor-NoWidthOrderedDonor-No2bandHeight-NoInt_PM6:L8-BO,Jonas_DonorAcceptor-NoWidthOrderedDonor-No2bandHeight-NoInt,0.138943077,25.10.2023 11:04,25318_188517_OD_x2y1,x2y1,0.011108992,1,1.4,1,4,1,0,0,0,0,0,0,0,1,0,31
25319,PM6_321136,L8-BO_321144,xylene,1,21,2000,1.557846928,0.06908622,1.723304537,0.087957378,0.251259632,0.38945243,1.996874651,2.160518545,0.317595458,0.438281732,0.470504237,0.529495763,0.35483871,0.275362319,0.827734163,70.20882183,24.84811222,14.82362308,0.849707161,30.10.2023 11:07,A-1,1.34E-06,0.6,1.4,5.45,5.33,3.77,3.38,1.56,PM6_321136,L8-BO_321144,xylene,Jonas_DonorAcceptor-NoWidthOrderedDonor-No2bandHeight-NoInt_PM6:L8-BO,Jonas_DonorAcceptor-NoWidthOrderedDonor-No2bandHeight-NoInt,0.027427222,25.10.2023 11:10,25319_188542_OD_x1y1,x1y1,0.006778254,0.6,1.4,1,4,1,0,0,0,0,0,0,0,1,0,32
25319,PM6_321136,L8-BO_321144,xylene,1,21,2000,1.558007084,0.068671528,1.723170521,0.087856229,0.256746731,0.397957432,1.996870706,2.160482526,0.327639198,0.452142094,0.468130402,0.531869598,0.35483871,0.275362319,0.850099526,68.90963006,25.03529791,14.66475478,0.850045403,30.10.2023 11:07,B-1,1.50E-06,0.6,0.6,5.45,5.33,3.77,3.38,1.56,PM6_321136,L8-BO_321144,xylene,Jonas_DonorAcceptor-NoWidthOrderedDonor-No2bandHeight-NoInt_PM6:L8-BO,Jonas_DonorAcceptor-NoWidthOrderedDonor-No2bandHeight-NoInt,0.027175195,25.10.2023 11:10,25319_188542_OD_x1y2,x1y2,0.006883614,0.6,0.6,1,4,1,0,0,0,0,0,0,0,1,0,32
25319,PM6_321136,L8-BO_321144,xylene,1,21,2000,1.558424686,0.068272468,1.722950547,0.087881126,0.250082493,0.387627865,1.996667251,2.16033296,0.320566242,0.442381413,0.467016303,0.532983697,0.35483871,0.275362319,0.830009278,69.89276754,24.41190833,14.48476668,0.848941054,30.10.2023 11:07,B-3,9.83E-07,1.4,0.6,5.45,5.33,3.77,3.38,1.56,PM6_321136,L8-BO_321144,xylene,Jonas_DonorAcceptor-NoWidthOrderedDonor-No2bandHeight-NoInt_PM6:L8-BO,Jonas_DonorAcceptor-NoWidthOrderedDonor-No2bandHeight-NoInt,0.029801656,25.10.2023 11:10,25319_188542_OD_x3y2,x3y2,0.007104785,1.4,0.6,1,4,1,0,0,0,0,0,0,0,1,0,32
25319,PM6_321136,L8-BO_321144,xylene,1,21,2000,1.557846426,0.0688544,1.723399634,0.087796253,0.271514897,0.42084809,1.997062978,2.161024717,0.348515748,0.480951733,0.46667573,0.53332427,0.35483871,0.275362319,0.901799823,67.92479159,24.98412471,14.40012922,0.848543157,30.10.2023 11:07,A-2,1.71E-06,1,1.4,5.45,5.33,3.77,3.38,1.56,PM6_321136,L8-BO_321144,xylene,Jonas_DonorAcceptor-NoWidthOrderedDonor-No2bandHeight-NoInt_PM6:L8-BO,Jonas_DonorAcceptor-NoWidthOrderedDonor-No2bandHeight-NoInt,0.029627455,25.10.2023 11:10,25319_188542_OD_x2y1,x2y1,0.007420814,1,1.4,1,4,1,0,0,0,0,0,0,0,1,0,32
25340,PTVT-T_321032,BTP-4F-12 (Y12)_321125,CF,0,18,2000,1.524005099,0.0658172,1.693782039,0.090528417,0.306413702,0.471264273,1.90891492,2.072271733,0.216201592,0.410783026,0.534284583,0.465715417,0.349804941,0.473684211,0.882047299,62.40136615,21.87926243,10.98652441,0.804699163,31.10.2023 09:49,B-3,5.06E-07,1.4,0.6,5.53,5.21,3.77,3.2,1.44,PTVT-T_321032,BTP-4F-12 (Y12)_321125,CF,Jonas_DonorAcceptor-NoWidthOrderedDonor-No2bandHeight-NoInt_PTVT-T:BTP-4F-12 (Y12),Jonas_DonorAcceptor-NoWidthOrderedDonor-No2bandHeight-NoInt,0.08012035,25.10.2023 11:22,25340_188570_OD_x3y2,x3y2,0.01359597,1.4,0.6,2,1,0,1,0,0,0,1,0,0,0,0,33
25340,PTVT-T_321032,BTP-4F-12 (Y12)_321125,CF,0,18,2000,1.523985683,0.065821432,1.693626477,0.090535005,0.298909461,0.459722751,1.908826138,2.072238598,0.210958406,0.400820972,0.534223583,0.465776417,0.349804941,0.473684211,0.860543723,62.19101289,21.56925279,10.84376508,0.808383369,31.10.2023 09:49,A-1,6.38E-07,0.6,1.4,5.53,5.21,3.77,3.2,1.44,PTVT-T_321032,BTP-4F-12 (Y12)_321125,CF,Jonas_DonorAcceptor-NoWidthOrderedDonor-No2bandHeight-NoInt_PTVT-T:BTP-4F-12 (Y12),Jonas_DonorAcceptor-NoWidthOrderedDonor-No2bandHeight-NoInt,0.076819616,25.10.2023 11:22,25340_188570_OD_x1y1,x1y1,0.0130843,0.6,1.4,2,1,0,1,0,0,0,1,0,0,0,0,33
25340,PTVT-T_321032,BTP-4F-12 (Y12)_321125,CF,0,18,2000,1.524104776,0.06602121,1.694000005,0.090757335,0.312464047,0.480569704,1.908903044,2.072209586,0.221541116,0.42092812,0.533079161,0.466920839,0.349804941,0.473684211,0.901497823,61.49381111,21.79576803,10.78855196,0.8049327,31.10.2023 09:49,B-1,4.14E-07,0.6,0.6,5.53,5.21,3.77,3.2,1.44,PTVT-T_321032,BTP-4F-12 (Y12)_321125,CF,Jonas_DonorAcceptor-NoWidthOrderedDonor-No2bandHeight-NoInt_PTVT-T:BTP-4F-12 (Y12),Jonas_DonorAcceptor-NoWidthOrderedDonor-No2bandHeight-NoInt,0.077998059,25.10.2023 11:22,25340_188570_OD_x1y2,x1y2,0.013455804,0.6,0.6,2,1,0,1,0,0,0,1,0,0,0,0,33
25340,PTVT-T_321032,BTP-4F-12 (Y12)_321125,CF,0,18,2000,1.524580113,0.065863414,1.694180382,0.090601428,0.30914045,0.475458013,1.909078965,2.072310857,0.218424682,0.415006896,0.533943571,0.466056429,0.349804941,0.473684211,0.890464909,62.0115654,21.30810308,10.65762846,0.806571909,31.10.2023 09:49,A-3,7.41E-07,1.4,1.4,5.53,5.21,3.77,3.2,1.44,PTVT-T_321032,BTP-4F-12 (Y12)_321125,CF,Jonas_DonorAcceptor-NoWidthOrderedDonor-No2bandHeight-NoInt_PTVT-T:BTP-4F-12 (Y12),Jonas_DonorAcceptor-NoWidthOrderedDonor-No2bandHeight-NoInt,0.080091296,25.10.2023 11:22,25340_188570_OD_x3y1,x3y1,0.013621941,1.4,1.4,2,1,0,1,0,0,0,1,0,0,0,0,33
25341,PTVT-T_321032,BTP-4F-12 (Y12)_321125,CF,0,15.5,2000,1.524705091,0.067293663,1.695032718,0.092511361,0.243019593,0.373764135,1.910938879,2.073349639,0.167035052,0.317366599,0.540800917,0.459199083,0.349804941,0.473684211,0.691130734,67.47256553,22.20820379,12.08850896,0.806737191,31.10.2023 09:51,A-3,7.33E-07,1.4,1.4,5.53,5.21,3.77,3.2,1.44,PTVT-T_321032,BTP-4F-12 (Y12)_321125,CF,Jonas_DonorAcceptor-NoWidthOrderedDonor-No2bandHeight-NoInt_PTVT-T:BTP-4F-12 (Y12),Jonas_DonorAcceptor-NoWidthOrderedDonor-No2bandHeight-NoInt,0.069246208,25.10.2023 11:28,25341_188578_OD_x3y1,x3y1,0.010445604,1.4,1.4,2,1,0,1,0,0,0,1,0,0,0,0,34
25341,PTVT-T_321032,BTP-4F-12 (Y12)_321125,CF,0,15.5,2000,1.525168751,0.066523401,1.694852832,0.091569228,0.253860605,0.390437611,1.910595433,2.073159307,0.176480902,0.335313714,0.537977124,0.462022876,0.349804941,0.473684211,0.725751325,66.76225918,22.35916163,12.03166159,0.806007473,31.10.2023 09:51,A-1,3.10E-06,0.6,1.4,5.53,5.21,3.77,3.2,1.44,PTVT-T_321032,BTP-4F-12 (Y12)_321125,CF,Jonas_DonorAcceptor-NoWidthOrderedDonor-No2bandHeight-NoInt_PTVT-T:BTP-4F-12 (Y12),Jonas_DonorAcceptor-NoWidthOrderedDonor-No2bandHeight-NoInt,0.069185459,25.10.2023 11:28,25341_188578_OD_x1y1,x1y1,0.011142207,0.6,1.4,2,1,0,1,0,0,0,1,0,0,0,0,34
25341,PTVT-T_321032,BTP-4F-12 (Y12)_321125,CF,0,15.5,2000,1.524904322,0.066969688,1.695014391,0.092073642,0.24777469,0.381077473,1.910869865,2.073316581,0.170535982,0.324018366,0.540461952,0.459538048,0.349804941,0.473684211,0.705095839,67.51077983,21.96895273,11.92509642,0.804043268,31.10.2023 09:51,B-3,5.67E-07,1.4,0.6,5.53,5.21,3.77,3.2,1.44,PTVT-T_321032,BTP-4F-12 (Y12)_321125,CF,Jonas_DonorAcceptor-NoWidthOrderedDonor-No2bandHeight-NoInt_PTVT-T:BTP-4F-12 (Y12),Jonas_DonorAcceptor-NoWidthOrderedDonor-No2bandHeight-NoInt,0.068117473,25.10.2023 11:28,25341_188578_OD_x3y2,x3y2,0.010682256,1.4,0.6,2,1,0,1,0,0,0,1,0,0,0,0,34
25341,PTVT-T_321032,BTP-4F-12 (Y12)_321125,CF,0,15.5,2000,1.523690221,0.067976683,1.694906537,0.093195671,0.238286081,0.366483992,1.91122497,2.073580743,0.161957467,0.307719187,0.543580931,0.456419069,0.349804941,0.473684211,0.674203179,66.96835002,22.09313692,11.8809059,0.803012995,31.10.2023 09:51,B-2,7.30E-07,1,0.6,5.53,5.21,3.77,3.2,1.44,PTVT-T_321032,BTP-4F-12 (Y12)_321125,CF,Jonas_DonorAcceptor-NoWidthOrderedDonor-No2bandHeight-NoInt_PTVT-T:BTP-4F-12 (Y12),Jonas_DonorAcceptor-NoWidthOrderedDonor-No2bandHeight-NoInt,0.070420332,25.10.2023 11:28,25341_188578_OD_x2y2,x2y2,0.010132302,1,0.6,2,1,0,1,0,0,0,1,0,0,0,0,34
25342,PTVT-T_321032,BTP-4F-12 (Y12)_321125,CF,0,13,2000,1.521900369,0.072585994,1.697632453,0.098926558,0.209802751,0.322676631,1.914267202,2.074295644,0.131640825,0.250117568,0.563337812,0.436662188,0.349804941,0.473684211,0.572794199,68.6259443,23.03983958,12.82796506,0.811315894,31.10.2023 09:54,A-1,1.03E-06,0.6,1.4,5.53,5.21,3.77,3.2,1.44,PTVT-T_321032,BTP-4F-12 (Y12)_321125,CF,Jonas_DonorAcceptor-NoWidthOrderedDonor-No2bandHeight-NoInt_PTVT-T:BTP-4F-12 (Y12),Jonas_DonorAcceptor-NoWidthOrderedDonor-No2bandHeight-NoInt,0.091810364,25.10.2023 11:33,25342_188585_OD_x1y1,x1y1,0.00906454,0.6,1.4,2,1,0,1,0,0,0,1,0,0,0,0,35
25342,PTVT-T_321032,BTP-4F-12 (Y12)_321125,CF,0,13,2000,1.521728578,0.072752159,1.697637897,0.099079446,0.20895336,0.321370267,1.914220617,2.074264923,0.130564933,0.248073373,0.564358339,0.435641661,0.349804941,0.473684211,0.569443641,68.68197221,22.67175128,12.62582963,0.810834275,31.10.2023 09:54,A-3,2.31E-06,1.4,1.4,5.53,5.21,3.77,3.2,1.44,PTVT-T_321032,BTP-4F-12 (Y12)_321125,CF,Jonas_DonorAcceptor-NoWidthOrderedDonor-No2bandHeight-NoInt_PTVT-T:BTP-4F-12 (Y12),Jonas_DonorAcceptor-NoWidthOrderedDonor-No2bandHeight-NoInt,0.091315217,25.10.2023 11:33,25342_188585_OD_x3y1,x3y1,0.008999954,1.4,1.4,2,1,0,1,0,0,0,1,0,0,0,0,35
25342,PTVT-T_321032,BTP-4F-12 (Y12)_321125,CF,0,13,2000,1.522845652,0.072073836,1.697748723,0.098387541,0.212311997,0.326535851,1.914273369,2.07433797,0.134428033,0.255413262,0.561107224,0.438892776,0.349804941,0.473684211,0.581949113,67.8227303,22.95277239,12.62038342,0.810703654,31.10.2023 09:54,A-2,1.22E-06,1,1.4,5.53,5.21,3.77,3.2,1.44,PTVT-T_321032,BTP-4F-12 (Y12)_321125,CF,Jonas_DonorAcceptor-NoWidthOrderedDonor-No2bandHeight-NoInt_PTVT-T:BTP-4F-12 (Y12),Jonas_DonorAcceptor-NoWidthOrderedDonor-No2bandHeight-NoInt,0.0894427,25.10.2023 11:33,25342_188585_OD_x2y1,x2y1,0.00910686,1,1.4,2,1,0,1,0,0,0,1,0,0,0,0,35
25342,PTVT-T_321032,BTP-4F-12 (Y12)_321125,CF,0,13,2000,1.522740742,0.072061822,1.69778726,0.098210018,0.212621868,0.327012433,1.914136883,2.074250234,0.134950744,0.256406414,0.560510575,0.439489425,0.349804941,0.473684211,0.583418847,68.75193115,22.63046856,12.60738147,0.810301133,31.10.2023 09:54,B-1,9.19E-07,0.6,0.6,5.53,5.21,3.77,3.2,1.44,PTVT-T_321032,BTP-4F-12 (Y12)_321125,CF,Jonas_DonorAcceptor-NoWidthOrderedDonor-No2bandHeight-NoInt_PTVT-T:BTP-4F-12 (Y12),Jonas_DonorAcceptor-NoWidthOrderedDonor-No2bandHeight-NoInt,0.088714532,25.10.2023 11:33,25342_188585_OD_x1y2,x1y2,0.009071059,0.6,0.6,2,1,0,1,0,0,0,1,0,0,0,0,35
25343,PTVT-T_321032,BTP-4F-12 (Y12)_321125,CF,0,13,1000,1.522370645,0.065772626,1.692330431,0.090605977,0.273746986,0.421022864,1.907800936,2.071649656,0.19180959,0.364438221,0.536020016,0.463979984,0.349804941,0.473684211,0.785461085,65.10870379,21.01118513,10.93646333,0.799442629,31.10.2023 09:56,B-3,8.20E-07,1.4,0.6,5.53,5.21,3.77,3.2,1.44,PTVT-T_321032,BTP-4F-12 (Y12)_321125,CF,Jonas_DonorAcceptor-NoWidthOrderedDonor-No2bandHeight-NoInt_PTVT-T:BTP-4F-12 (Y12),Jonas_DonorAcceptor-NoWidthOrderedDonor-No2bandHeight-NoInt,0.071798495,25.10.2023 11:39,25343_188590_OD_x3y2,x3y2,0.012222319,1.4,0.6,2,1,0,1,0,0,0,1,0,0,0,0,36
25343,PTVT-T_321032,BTP-4F-12 (Y12)_321125,CF,0,13,1000,1.523072241,0.065726827,1.692893759,0.090466122,0.285003572,0.438335494,1.907903752,2.071620576,0.200561324,0.381066515,0.534945594,0.465054406,0.349804941,0.473684211,0.81940201,63.2350461,21.35578688,10.79191122,0.799143822,31.10.2023 09:56,A-2,1.27E-06,1,1.4,5.53,5.21,3.77,3.2,1.44,PTVT-T_321032,BTP-4F-12 (Y12)_321125,CF,Jonas_DonorAcceptor-NoWidthOrderedDonor-No2bandHeight-NoInt_PTVT-T:BTP-4F-12 (Y12),Jonas_DonorAcceptor-NoWidthOrderedDonor-No2bandHeight-NoInt,0.075781613,25.10.2023 11:39,25343_188590_OD_x2y1,x2y1,0.012721956,1,1.4,2,1,0,1,0,0,0,1,0,0,0,0,36
25343,PTVT-T_321032,BTP-4F-12 (Y12)_321125,CF,0,13,1000,1.523632636,0.065720102,1.693345164,0.090618017,0.297129597,0.45698532,1.908602227,2.072443572,0.20909455,0.397279645,0.534945642,0.465054358,0.349804941,0.473684211,0.854264965,63.28191475,21.0462315,10.64313689,0.799126796,31.10.2023 09:56,A-3,8.97E-07,1.4,1.4,5.53,5.21,3.77,3.2,1.44,PTVT-T_321032,BTP-4F-12 (Y12)_321125,CF,Jonas_DonorAcceptor-NoWidthOrderedDonor-No2bandHeight-NoInt_PTVT-T:BTP-4F-12 (Y12),Jonas_DonorAcceptor-NoWidthOrderedDonor-No2bandHeight-NoInt,0.079092675,25.10.2023 11:39,25343_188590_OD_x3y1,x3y1,0.013215917,1.4,1.4,2,1,0,1,0,0,0,1,0,0,0,0,36
25343,PTVT-T_321032,BTP-4F-12 (Y12)_321125,CF,0,13,1000,1.523453078,0.065681395,1.693114685,0.090509569,0.2932951,0.451087863,1.908173123,2.071833794,0.207439918,0.394135844,0.5336905,0.4663095,0.349804941,0.473684211,0.845223708,63.08607001,21.10831905,10.60913984,0.796696759,31.10.2023 09:56,B-1,9.00E-07,0.6,0.6,5.53,5.21,3.77,3.2,1.44,PTVT-T_321032,BTP-4F-12 (Y12)_321125,CF,Jonas_DonorAcceptor-NoWidthOrderedDonor-No2bandHeight-NoInt_PTVT-T:BTP-4F-12 (Y12),Jonas_DonorAcceptor-NoWidthOrderedDonor-No2bandHeight-NoInt,0.077688942,25.10.2023 11:39,25343_188590_OD_x1y2,x1y2,0.013073408,0.6,0.6,2,1,0,1,0,0,0,1,0,0,0,0,36
25344,PTVT-T_321032,BTP-4F-12 (Y12)_321125,CF,2,13,1000,1.500872951,0.064657559,1.67621518,0.092075175,0.2906713,0.44705246,1.898067697,2.066689117,0.20253573,0.384817888,0.537406413,0.462593587,0.349804941,0.473684211,0.831870347,63.661527,22.26042205,11.1142159,0.784275021,31.10.2023 09:59,A-2,1.52E-06,1,1.4,5.53,5.21,3.77,3.2,1.44,PTVT-T_321032,BTP-4F-12 (Y12)_321125,CF,Jonas_DonorAcceptor-NoWidthOrderedDonor-No2bandHeight-NoInt_PTVT-T:BTP-4F-12 (Y12),Jonas_DonorAcceptor-NoWidthOrderedDonor-No2bandHeight-NoInt,0.05462122,25.10.2023 11:45,25344_188595_OD_x2y1,x2y1,0.011187709,1,1.4,2,1,0,1,0,0,0,1,0,0,0,0,37
25344,PTVT-T_321032,BTP-4F-12 (Y12)_321125,CF,2,13,1000,1.500385429,0.064572477,1.67580587,0.091919328,0.292755148,0.450257418,1.897386572,2.06604979,0.204256283,0.388086938,0.537079322,0.462920678,0.349804941,0.473684211,0.838344357,64.64231812,21.84811274,11.08741557,0.7850539,31.10.2023 09:59,A-1,1.86E-06,0.6,1.4,5.53,5.21,3.77,3.2,1.44,PTVT-T_321032,BTP-4F-12 (Y12)_321125,CF,Jonas_DonorAcceptor-NoWidthOrderedDonor-No2bandHeight-NoInt_PTVT-T:BTP-4F-12 (Y12),Jonas_DonorAcceptor-NoWidthOrderedDonor-No2bandHeight-NoInt,0.053170533,25.10.2023 11:45,25344_188595_OD_x1y1,x1y1,0.011057611,0.6,1.4,2,1,0,1,0,0,0,1,0,0,0,0,37
25344,PTVT-T_321032,BTP-4F-12 (Y12)_321125,CF,2,13,1000,1.500696819,0.064520581,1.676042125,0.091927665,0.292006289,0.449105672,1.897521024,2.066027365,0.20488185,0.389275515,0.535681954,0.464318046,0.349804941,0.473684211,0.838381187,63.21275914,22.27252385,11.00436477,0.781611243,31.10.2023 09:59,B-3,1.11E-06,1.4,0.6,5.53,5.21,3.77,3.2,1.44,PTVT-T_321032,BTP-4F-12 (Y12)_321125,CF,Jonas_DonorAcceptor-NoWidthOrderedDonor-No2bandHeight-NoInt_PTVT-T:BTP-4F-12 (Y12),Jonas_DonorAcceptor-NoWidthOrderedDonor-No2bandHeight-NoInt,0.053315286,25.10.2023 11:45,25344_188595_OD_x3y2,x3y2,0.011073398,1.4,0.6,2,1,0,1,0,0,0,1,0,0,0,0,37
25344,PTVT-T_321032,BTP-4F-12 (Y12)_321125,CF,2,13,1000,1.500518743,0.064551081,1.675831107,0.091906076,0.292657342,0.450106991,1.897525696,2.066135721,0.204872401,0.389257561,0.536247319,0.463752681,0.349804941,0.473684211,0.839364552,63.06094062,21.73860416,10.73716254,0.783244635,31.10.2023 09:59,A-3,1.62E-06,1.4,1.4,5.53,5.21,3.77,3.2,1.44,PTVT-T_321032,BTP-4F-12 (Y12)_321125,CF,Jonas_DonorAcceptor-NoWidthOrderedDonor-No2bandHeight-NoInt_PTVT-T:BTP-4F-12 (Y12),Jonas_DonorAcceptor-NoWidthOrderedDonor-No2bandHeight-NoInt,0.053136389,25.10.2023 11:45,25344_188595_OD_x3y1,x3y1,0.011059563,1.4,1.4,2,1,0,1,0,0,0,1,0,0,0,0,37
25345,PTVT-T_321032,BTP-4F-12 (Y12)_321125,CF,0,13,3000,1.51670209,0.079382898,1.699004318,0.109467218,0.178443862,0.27444666,1.919160177,2.079090326,0.097098589,0.18448732,0.598009021,0.401990979,0.349804941,0.473684211,0.458933979,68.43442646,23.28185088,12.9843212,0.814942778,31.10.2023 10:01,A-1,2.29E-06,0.6,1.4,5.53,5.21,3.77,3.2,1.44,PTVT-T_321032,BTP-4F-12 (Y12)_321125,CF,Jonas_DonorAcceptor-NoWidthOrderedDonor-No2bandHeight-NoInt_PTVT-T:BTP-4F-12 (Y12),Jonas_DonorAcceptor-NoWidthOrderedDonor-No2bandHeight-NoInt,0.153229629,25.10.2023 11:51,25345_188604_OD_x1y1,x1y1,0.0094984,0.6,1.4,2,1,0,1,0,0,0,1,0,0,0,0,38
25345,PTVT-T_321032,BTP-4F-12 (Y12)_321125,CF,0,13,3000,1.514091865,0.079558924,1.697774312,0.109372506,0.175244196,0.269525573,1.917771503,2.078173607,0.094888059,0.180287311,0.59919487,0.40080513,0.349804941,0.473684211,0.449812884,67.87136023,23.10879752,12.77456517,0.814483379,31.10.2023 10:01,B-1,2.38E-06,0.6,0.6,5.53,5.21,3.77,3.2,1.44,PTVT-T_321032,BTP-4F-12 (Y12)_321125,CF,Jonas_DonorAcceptor-NoWidthOrderedDonor-No2bandHeight-NoInt_PTVT-T:BTP-4F-12 (Y12),Jonas_DonorAcceptor-NoWidthOrderedDonor-No2bandHeight-NoInt,0.143716724,25.10.2023 11:51,25345_188604_OD_x1y2,x1y2,0.009113283,0.6,0.6,2,1,0,1,0,0,0,1,0,0,0,0,38
25345,PTVT-T_321032,BTP-4F-12 (Y12)_321125,CF,0,13,3000,1.516460482,0.079250331,1.699052468,0.109258435,0.176589803,0.271595117,1.918713643,2.078633155,0.096798266,0.183916705,0.596241642,0.403758358,0.349804941,0.473684211,0.455511823,67.43258747,23.05909238,12.66179881,0.814298013,31.10.2023 10:01,B-3,1.92E-06,1.4,0.6,5.53,5.21,3.77,3.2,1.44,PTVT-T_321032,BTP-4F-12 (Y12)_321125,CF,Jonas_DonorAcceptor-NoWidthOrderedDonor-No2bandHeight-NoInt_PTVT-T:BTP-4F-12 (Y12),Jonas_DonorAcceptor-NoWidthOrderedDonor-No2bandHeight-NoInt,0.146575919,25.10.2023 11:51,25345_188604_OD_x3y2,x3y2,0.009277937,1.4,0.6,2,1,0,1,0,0,0,1,0,0,0,0,38
25345,PTVT-T_321032,BTP-4F-12 (Y12)_321125,CF,0,13,3000,1.515429973,0.079611747,1.698526036,0.109759678,0.17517148,0.269413737,1.918623643,2.078621113,0.094484831,0.179521179,0.600117583,0.399882417,0.349804941,0.473684211,0.448934916,67.23442991,23.02453486,12.60462894,0.8142307,31.10.2023 10:01,B-2,1.62E-05,1,0.6,5.53,5.21,3.77,3.2,1.44,PTVT-T_321032,BTP-4F-12 (Y12)_321125,CF,Jonas_DonorAcceptor-NoWidthOrderedDonor-No2bandHeight-NoInt_PTVT-T:BTP-4F-12 (Y12),Jonas_DonorAcceptor-NoWidthOrderedDonor-No2bandHeight-NoInt,0.147726815,25.10.2023 11:51,25345_188604_OD_x2y2,x2y2,0.009211132,1,0.6,2,1,0,1,0,0,0,1,0,0,0,0,38
25346,PTVT-T_321032,BTP-4F-12 (Y12)_321125,CF,2,13,3000,1.492323905,0.075541772,1.680624967,0.106097621,0.177842024,0.273521033,1.903395301,2.070385377,0.100213765,0.190406153,0.589577506,0.410422494,0.349804941,0.473684211,0.463927186,56.37505923,23.56960062,10.20693419,0.768167767,31.10.2023 10:04,B-2,4.13E-06,1,0.6,5.53,5.21,3.77,3.2,1.44,PTVT-T_321032,BTP-4F-12 (Y12)_321125,CF,Jonas_DonorAcceptor-NoWidthOrderedDonor-No2bandHeight-NoInt_PTVT-T:BTP-4F-12 (Y12),Jonas_DonorAcceptor-NoWidthOrderedDonor-No2bandHeight-NoInt,0.088974682,25.10.2023 11:56,25346_188613_OD_x2y2,x2y2,0.00758374,1,0.6,2,1,0,1,0,0,0,1,0,0,0,0,39
25346,PTVT-T_321032,BTP-4F-12 (Y12)_321125,CF,2,13,3000,1.493596885,0.074926763,1.680347745,0.104975423,0.180032487,0.276889965,1.903532379,2.071576943,0.103369931,0.196402868,0.585028857,0.414971143,0.349804941,0.473684211,0.473292833,56.37349444,23.43527084,10.11743131,0.765817579,31.10.2023 10:04,A-3,3.10E-05,1.4,1.4,5.53,5.21,3.77,3.2,1.44,PTVT-T_321032,BTP-4F-12 (Y12)_321125,CF,Jonas_DonorAcceptor-NoWidthOrderedDonor-No2bandHeight-NoInt_PTVT-T:BTP-4F-12 (Y12),Jonas_DonorAcceptor-NoWidthOrderedDonor-No2bandHeight-NoInt,0.09131197,25.10.2023 11:56,25346_188613_OD_x3y1,x3y1,0.007874525,1.4,1.4,2,1,0,1,0,0,0,1,0,0,0,0,39
25346,PTVT-T_321032,BTP-4F-12 (Y12)_321125,CF,2,13,3000,1.491090379,0.076069247,1.680345758,0.107312313,0.170776436,0.262654158,1.902984142,2.070299072,0.095168938,0.180820982,0.592263544,0.407736456,0.349804941,0.473684211,0.44347514,55.69258764,23.48450086,9.985322208,0.763454839,31.10.2023 10:04,B-1,9.04E-06,0.6,0.6,5.53,5.21,3.77,3.2,1.44,PTVT-T_321032,BTP-4F-12 (Y12)_321125,CF,Jonas_DonorAcceptor-NoWidthOrderedDonor-No2bandHeight-NoInt_PTVT-T:BTP-4F-12 (Y12),Jonas_DonorAcceptor-NoWidthOrderedDonor-No2bandHeight-NoInt,0.091128584,25.10.2023 11:56,25346_188613_OD_x1y2,x1y2,0.00744904,0.6,0.6,2,1,0,1,0,0,0,1,0,0,0,0,39
25346,PTVT-T_321032,BTP-4F-12 (Y12)_321125,CF,2,13,3000,1.490905237,0.076425957,1.680539967,0.107480574,0.170554809,0.262313296,1.903083776,2.070273856,0.094205537,0.17899052,0.594405229,0.405594771,0.349804941,0.473684211,0.441303816,54.05775539,23.65953085,9.716169575,0.759680447,31.10.2023 10:04,A-1,5.18E-05,0.6,1.4,5.53,5.21,3.77,3.2,1.44,PTVT-T_321032,BTP-4F-12 (Y12)_321125,CF,Jonas_DonorAcceptor-NoWidthOrderedDonor-No2bandHeight-NoInt_PTVT-T:BTP-4F-12 (Y12),Jonas_DonorAcceptor-NoWidthOrderedDonor-No2bandHeight-NoInt,0.08825046,25.10.2023 11:56,25346_188613_OD_x1y1,x1y1,0.007261235,0.6,1.4,2,1,0,1,0,0,0,1,0,0,0,0,39
25347,PTVT-T_321032,BTP-4F-12 (Y12)_321125,CF,1,13,2000,1.499412783,0.069325757,1.679270424,0.097678798,0.212659001,0.327069544,1.901616528,2.068632476,0.136675647,0.259683729,0.557422615,0.442577385,0.349804941,0.473684211,0.586753273,68.02968305,23.32462614,12.55461306,0.791207131,31.10.2023 10:06,A-1,3.29E-06,0.6,1.4,5.53,5.21,3.77,3.2,1.44,PTVT-T_321032,BTP-4F-12 (Y12)_321125,CF,Jonas_DonorAcceptor-NoWidthOrderedDonor-No2bandHeight-NoInt_PTVT-T:BTP-4F-12 (Y12),Jonas_DonorAcceptor-NoWidthOrderedDonor-No2bandHeight-NoInt,0.067494269,25.10.2023 12:02,25347_188618_OD_x1y1,x1y1,0.008388963,0.6,1.4,2,1,0,1,0,0,0,1,0,0,0,0,40
25347,PTVT-T_321032,BTP-4F-12 (Y12)_321125,CF,1,13,2000,1.499261717,0.069585743,1.67943238,0.098080439,0.209838914,0.322732249,1.901973417,2.068723397,0.134052279,0.25469933,0.55890994,0.44109006,0.349804941,0.473684211,0.577431579,67.71104017,22.85983246,12.217798,0.789333276,31.10.2023 10:06,B-3,2.39E-06,1.4,0.6,5.53,5.21,3.77,3.2,1.44,PTVT-T_321032,BTP-4F-12 (Y12)_321125,CF,Jonas_DonorAcceptor-NoWidthOrderedDonor-No2bandHeight-NoInt_PTVT-T:BTP-4F-12 (Y12),Jonas_DonorAcceptor-NoWidthOrderedDonor-No2bandHeight-NoInt,0.06824722,25.10.2023 12:02,25347_188618_OD_x3y2,x3y2,0.008303688,1.4,0.6,2,1,0,1,0,0,0,1,0,0,0,0,40
25347,PTVT-T_321032,BTP-4F-12 (Y12)_321125,CF,1,13,2000,1.499320827,0.069498588,1.679441811,0.097899005,0.211625648,0.325480246,1.901829444,2.068749701,0.135361324,0.257186516,0.55860445,0.44139555,0.349804941,0.473684211,0.582666762,66.63196807,23.00199745,12.11451279,0.790419709,31.10.2023 10:06,B-1,9.44E-05,0.6,0.6,5.53,5.21,3.77,3.2,1.44,PTVT-T_321032,BTP-4F-12 (Y12)_321125,CF,Jonas_DonorAcceptor-NoWidthOrderedDonor-No2bandHeight-NoInt_PTVT-T:BTP-4F-12 (Y12),Jonas_DonorAcceptor-NoWidthOrderedDonor-No2bandHeight-NoInt,0.068654751,25.10.2023 12:02,25347_188618_OD_x1y2,x1y2,0.008410274,0.6,0.6,2,1,0,1,0,0,0,1,0,0,0,0,40
25347,PTVT-T_321032,BTP-4F-12 (Y12)_321125,CF,1,13,2000,1.499352908,0.069406991,1.679370234,0.097762356,0.212795593,0.327279621,1.901721814,2.068711191,0.1358806,0.258173141,0.55901969,0.44098031,0.349804941,0.473684211,0.585452762,66.24480529,23.05260392,12.05080311,0.789122042,31.10.2023 10:06,A-2,8.75E-06,1,1.4,5.53,5.21,3.77,3.2,1.44,PTVT-T_321032,BTP-4F-12 (Y12)_321125,CF,Jonas_DonorAcceptor-NoWidthOrderedDonor-No2bandHeight-NoInt_PTVT-T:BTP-4F-12 (Y12),Jonas_DonorAcceptor-NoWidthOrderedDonor-No2bandHeight-NoInt,0.068804457,25.10.2023 12:02,25347_188618_OD_x2y1,x2y1,0.008465937,1,1.4,2,1,0,1,0,0,0,1,0,0,0,0,40
25364,PTVT-T_321032,PY-IT_321127,CF,0,18,2000,1.535308745,0.05922137,1.694448694,0.074226594,0.208176483,0.274792957,1.904735757,2.068777134,0.119156978,0.226398258,0.548279676,0.451720324,0.242424242,0.473684211,0.501191215,56.37384929,16.03516975,7.92884396,0.877119203,16.11.2023 18:06,A-1,1.26E-06,0.6,1.4,5.48,5.21,3.64,3.2,1.57,PTVT-T_321032,PY-IT_321127,CF,Jonas_DonorAcceptor-NoWidthOrderedDonor-No2bandHeight-NoInt_PTVT-T:PY-IT,Jonas_DonorAcceptor-NoWidthOrderedDonor-No2bandHeight-NoInt,0.211276614,25.10.2023 15:20,25364_188902_OD_x1y1,x1y1,0.01276064,0.6,1.4,2,5,0,1,0,0,0,0,0,0,0,1,57
25364,PTVT-T_321032,PY-IT_321127,CF,0,18,2000,1.536878767,0.057216599,1.693282001,0.071944228,0.224692757,0.29659444,1.904145386,2.069292441,0.134453062,0.255460818,0.537254986,0.462745014,0.242424242,0.473684211,0.552055258,55.96893525,15.63363731,7.66150008,0.875601976,16.11.2023 18:06,B-3,1.20E-06,1.4,0.6,5.48,5.21,3.64,3.2,1.57,PTVT-T_321032,PY-IT_321127,CF,Jonas_DonorAcceptor-NoWidthOrderedDonor-No2bandHeight-NoInt_PTVT-T:PY-IT,Jonas_DonorAcceptor-NoWidthOrderedDonor-No2bandHeight-NoInt,0.201742533,25.10.2023 15:20,25364_188902_OD_x3y2,x3y2,0.014482305,1.4,0.6,2,5,0,1,0,0,0,0,0,0,0,1,57
25364,PTVT-T_321032,PY-IT_321127,CF,0,18,2000,1.537405372,0.057169714,1.693847373,0.071745706,0.23300832,0.307570983,1.906027481,2.07120479,0.139094282,0.264279135,0.537852443,0.462147557,0.242424242,0.473684211,0.571850118,55.17077213,15.63901227,7.532592567,0.873023823,16.11.2023 18:06,B-1,1.29E-05,0.6,0.6,5.48,5.21,3.64,3.2,1.57,PTVT-T_321032,PY-IT_321127,CF,Jonas_DonorAcceptor-NoWidthOrderedDonor-No2bandHeight-NoInt_PTVT-T:PY-IT,Jonas_DonorAcceptor-NoWidthOrderedDonor-No2bandHeight-NoInt,0.195162953,25.10.2023 15:20,25364_188902_OD_x1y2,x1y2,0.014768699,0.6,0.6,2,5,0,1,0,0,0,0,0,0,0,1,57
25364,PTVT-T_321032,PY-IT_321127,CF,0,18,2000,1.537262156,0.057614766,1.694010016,0.071952024,0.228185751,0.301205191,1.905158253,2.071458225,0.134955144,0.256414773,0.540162136,0.459837864,0.242424242,0.473684211,0.557619965,55.417195,15.44173883,7.504832209,0.877001314,16.11.2023 18:06,A-2,1.41E-06,1,1.4,5.48,5.21,3.64,3.2,1.57,PTVT-T_321032,PY-IT_321127,CF,Jonas_DonorAcceptor-NoWidthOrderedDonor-No2bandHeight-NoInt_PTVT-T:PY-IT,Jonas_DonorAcceptor-NoWidthOrderedDonor-No2bandHeight-NoInt,0.199105345,25.10.2023 15:20,25364_188902_OD_x2y1,x2y1,0.01449209,1,1.4,2,5,0,1,0,0,0,0,0,0,0,1,57
25365,PTVT-T_321032,PY-IT_321127,CF,0,15.5,2000,1.534140739,0.063546266,1.699444218,0.077543252,0.203006543,0.267968636,1.913637692,2.078981368,0.101904831,0.193619179,0.580536634,0.419463366,0.242424242,0.473684211,0.461587815,54.85430391,18.79161591,8.858274607,0.859358356,16.11.2023 18:08,B-3,2.71E-06,1.4,0.6,5.48,5.21,3.64,3.2,1.57,PTVT-T_321032,PY-IT_321127,CF,Jonas_DonorAcceptor-NoWidthOrderedDonor-No2bandHeight-NoInt_PTVT-T:PY-IT,Jonas_DonorAcceptor-NoWidthOrderedDonor-No2bandHeight-NoInt,0.204563496,25.10.2023 15:26,25365_188905_OD_x3y2,x3y2,0.011119969,1.4,0.6,2,5,0,1,0,0,0,0,0,0,0,1,58
25365,PTVT-T_321032,PY-IT_321127,CF,0,15.5,2000,1.531518134,0.06540151,1.70088385,0.079665539,0.188732169,0.249126464,1.913454736,2.080007769,0.091531592,0.173910025,0.588900652,0.411099348,0.242424242,0.473684211,0.423036488,55.01328109,18.54209378,8.758984083,0.858672227,16.11.2023 18:08,B-1,9.15E-06,0.6,0.6,5.48,5.21,3.64,3.2,1.57,PTVT-T_321032,PY-IT_321127,CF,Jonas_DonorAcceptor-NoWidthOrderedDonor-No2bandHeight-NoInt_PTVT-T:PY-IT,Jonas_DonorAcceptor-NoWidthOrderedDonor-No2bandHeight-NoInt,0.216646959,25.10.2023 15:26,25365_188905_OD_x1y2,x1y2,0.010740812,0.6,0.6,2,5,0,1,0,0,0,0,0,0,0,1,58
25365,PTVT-T_321032,PY-IT_321127,CF,0,15.5,2000,1.534160148,0.061595603,1.697047738,0.077156137,0.20229098,0.267024094,1.911092831,2.07481651,0.107685764,0.204602952,0.566176381,0.433823619,0.242424242,0.473684211,0.471627046,55.72082649,17.86573136,8.611506519,0.865049154,16.11.2023 18:08,A-3,2.23E-06,1.4,1.4,5.48,5.21,3.64,3.2,1.57,PTVT-T_321032,PY-IT_321127,CF,Jonas_DonorAcceptor-NoWidthOrderedDonor-No2bandHeight-NoInt_PTVT-T:PY-IT,Jonas_DonorAcceptor-NoWidthOrderedDonor-No2bandHeight-NoInt,0.214685423,25.10.2023 15:26,25365_188905_OD_x3y1,x3y1,0.011683464,1.4,1.4,2,5,0,1,0,0,0,0,0,0,0,1,58
25365,PTVT-T_321032,PY-IT_321127,CF,0,15.5,2000,1.534351187,0.061527428,1.696175141,0.076622702,0.20204649,0.266701367,1.90954043,2.073757349,0.106756437,0.20283723,0.568007334,0.431992666,0.242424242,0.473684211,0.469538597,55.53109647,17.78036874,8.542989733,0.865232596,16.11.2023 18:08,A-1,5.53E-06,0.6,1.4,5.48,5.21,3.64,3.2,1.57,PTVT-T_321032,PY-IT_321127,CF,Jonas_DonorAcceptor-NoWidthOrderedDonor-No2bandHeight-NoInt_PTVT-T:PY-IT,Jonas_DonorAcceptor-NoWidthOrderedDonor-No2bandHeight-NoInt,0.21965663,25.10.2023 15:26,25365_188905_OD_x1y1,x1y1,0.011780714,0.6,1.4,2,5,0,1,0,0,0,0,0,0,0,1,58
25366,PTVT-T_321032,PY-IT_321127,CF,0,13,2000,1.531161835,0.06488963,1.697861353,0.081790551,0.177117121,0.2337946,1.916162855,2.078690803,0.083967903,0.159539015,0.594392625,0.405607375,0.242424242,0.473684211,0.393333615,55.80286379,19.0629177,9.099213182,0.85537781,16.11.2023 18:11,B-3,3.42E-06,1.4,0.6,5.48,5.21,3.64,3.2,1.57,PTVT-T_321032,PY-IT_321127,CF,Jonas_DonorAcceptor-NoWidthOrderedDonor-No2bandHeight-NoInt_PTVT-T:PY-IT,Jonas_DonorAcceptor-NoWidthOrderedDonor-No2bandHeight-NoInt,0.231157782,25.10.2023 15:32,25366_188910_OD_x3y2,x3y2,0.010234969,1.4,0.6,2,5,0,1,0,0,0,0,0,0,0,1,59
25366,PTVT-T_321032,PY-IT_321127,CF,0,13,2000,1.527975907,0.066618012,1.698416637,0.083781071,0.161829039,0.213614332,1.915197887,2.079023086,0.072638379,0.138012921,0.607502207,0.392497793,0.242424242,0.473684211,0.351627253,55.45374777,18.95602133,8.986435608,0.854888304,16.11.2023 18:11,B-2,4.32E-06,1,0.6,5.48,5.21,3.64,3.2,1.57,PTVT-T_321032,PY-IT_321127,CF,Jonas_DonorAcceptor-NoWidthOrderedDonor-No2bandHeight-NoInt_PTVT-T:PY-IT,Jonas_DonorAcceptor-NoWidthOrderedDonor-No2bandHeight-NoInt,0.216562278,25.10.2023 15:32,25366_188910_OD_x2y2,x2y2,0.009125743,1,0.6,2,5,0,1,0,0,0,0,0,0,0,1,59
25366,PTVT-T_321032,PY-IT_321127,CF,0,13,2000,1.528620786,0.066284104,1.69841502,0.082913817,0.162133274,0.214015921,1.915111031,2.079895065,0.073065716,0.13882486,0.606550978,0.393449022,0.242424242,0.473684211,0.352840782,55.33825981,18.56660067,8.741513886,0.850802499,16.11.2023 18:11,A-2,3.13E-06,1,1.4,5.48,5.21,3.64,3.2,1.57,PTVT-T_321032,PY-IT_321127,CF,Jonas_DonorAcceptor-NoWidthOrderedDonor-No2bandHeight-NoInt_PTVT-T:PY-IT,Jonas_DonorAcceptor-NoWidthOrderedDonor-No2bandHeight-NoInt,0.221282565,25.10.2023 15:32,25366_188910_OD_x2y1,x2y1,0.009481255,1,1.4,2,5,0,1,0,0,0,0,0,0,0,1,59
25367,PTVT-T_321032,PY-IT_321127,CF,0,13,1000,1.531973705,0.06383049,1.698763056,0.07856668,0.191449917,0.25271389,1.911921892,2.078483547,0.093153649,0.176991932,0.588109066,0.411890934,0.242424242,0.473684211,0.429705822,54.33472655,17.85654004,8.376811534,0.863383902,16.11.2023 18:14,A-2,2.65E-06,1,1.4,5.48,5.21,3.64,3.2,1.57,PTVT-T_321032,PY-IT_321127,CF,Jonas_DonorAcceptor-NoWidthOrderedDonor-No2bandHeight-NoInt_PTVT-T:PY-IT,Jonas_DonorAcceptor-NoWidthOrderedDonor-No2bandHeight-NoInt,0.216972558,25.10.2023 15:37,25367_188916_OD_x2y1,x2y1,0.011300254,1,1.4,2,5,0,1,0,0,0,0,0,0,0,1,60
25367,PTVT-T_321032,PY-IT_321127,CF,0,13,1000,1.534972964,0.060912331,1.696889238,0.075622127,0.20926473,0.276229444,1.909776053,2.075685909,0.110523384,0.20999443,0.568111644,0.431888356,0.242424242,0.473684211,0.486223873,55.16270359,17.46282979,8.340194172,0.865796842,16.11.2023 18:14,B-2,2.72E-06,1,0.6,5.48,5.21,3.64,3.2,1.57,PTVT-T_321032,PY-IT_321127,CF,Jonas_DonorAcceptor-NoWidthOrderedDonor-No2bandHeight-NoInt_PTVT-T:PY-IT,Jonas_DonorAcceptor-NoWidthOrderedDonor-No2bandHeight-NoInt,0.215984992,25.10.2023 15:37,25367_188916_OD_x2y2,x2y2,0.012540132,1,0.6,2,5,0,1,0,0,0,0,0,0,0,1,60
25367,PTVT-T_321032,PY-IT_321127,CF,0,13,1000,1.535412931,0.060840764,1.697018713,0.075295317,0.218226515,0.288059,1.909681464,2.075575328,0.115595141,0.219630769,0.567391777,0.432608223,0.242424242,0.473684211,0.507689768,55.24373189,16.86442248,8.105640189,0.870027217,16.11.2023 18:14,A-1,1.47E-06,0.6,1.4,5.48,5.21,3.64,3.2,1.57,PTVT-T_321032,PY-IT_321127,CF,Jonas_DonorAcceptor-NoWidthOrderedDonor-No2bandHeight-NoInt_PTVT-T:PY-IT,Jonas_DonorAcceptor-NoWidthOrderedDonor-No2bandHeight-NoInt,0.208568562,25.10.2023 15:37,25367_188916_OD_x1y1,x1y1,0.012563419,0.6,1.4,2,5,0,1,0,0,0,0,0,0,0,1,60
25367,PTVT-T_321032,PY-IT_321127,CF,0,13,1000,1.535768604,0.059114045,1.694995281,0.073932354,0.219087496,0.289195495,1.905884253,2.071736703,0.121714263,0.231257099,0.555661549,0.444338451,0.242424242,0.473684211,0.520452594,54.46274293,16.26706864,7.698013754,0.868900153,16.11.2023 18:14,B-3,1.15E-05,1.4,0.6,5.48,5.21,3.64,3.2,1.57,PTVT-T_321032,PY-IT_321127,CF,Jonas_DonorAcceptor-NoWidthOrderedDonor-No2bandHeight-NoInt_PTVT-T:PY-IT,Jonas_DonorAcceptor-NoWidthOrderedDonor-No2bandHeight-NoInt,0.209548184,25.10.2023 15:37,25367_188916_OD_x3y2,x3y2,0.013294667,1.4,0.6,2,5,0,1,0,0,0,0,0,0,0,1,60
25368,PTVT-T_321032,PY-IT_321127,CF,2,13,1000,1.532188229,0.061547577,1.694092908,0.075684492,0.219280584,0.289450371,1.903594709,2.072634048,0.116902325,0.222114418,0.56581371,0.43418629,0.242424242,0.473684211,0.511564789,54.33520864,16.88105699,7.93870645,0.86550338,16.11.2023 18:16,B-3,2.62E-06,1.4,0.6,5.48,5.21,3.64,3.2,1.57,PTVT-T_321032,PY-IT_321127,CF,Jonas_DonorAcceptor-NoWidthOrderedDonor-No2bandHeight-NoInt_PTVT-T:PY-IT,Jonas_DonorAcceptor-NoWidthOrderedDonor-No2bandHeight-NoInt,0.192320376,25.10.2023 15:43,25368_188922_OD_x3y2,x3y2,0.011854305,1.4,0.6,2,5,0,1,0,0,0,0,0,0,0,1,61
25368,PTVT-T_321032,PY-IT_321127,CF,2,13,1000,1.532122442,0.061593418,1.694429109,0.075409945,0.220152858,0.290601772,1.903274167,2.073012493,0.117507498,0.223264247,0.565520508,0.434479492,0.242424242,0.473684211,0.513866019,53.87166398,16.97656965,7.89657884,0.863433005,16.11.2023 18:16,A-2,2.97E-06,1,1.4,5.48,5.21,3.64,3.2,1.57,PTVT-T_321032,PY-IT_321127,CF,Jonas_DonorAcceptor-NoWidthOrderedDonor-No2bandHeight-NoInt_PTVT-T:PY-IT,Jonas_DonorAcceptor-NoWidthOrderedDonor-No2bandHeight-NoInt,0.204362445,25.10.2023 15:43,25368_188922_OD_x2y1,x2y1,0.012319724,1,1.4,2,5,0,1,0,0,0,0,0,0,0,1,61
25368,PTVT-T_321032,PY-IT_321127,CF,2,13,1000,1.532023819,0.060473831,1.692418471,0.074977877,0.215963998,0.285072477,1.900757352,2.069417641,0.118607634,0.225354504,0.558498057,0.441501943,0.242424242,0.473684211,0.510426981,55.09498964,16.43554871,7.855373879,0.867502124,16.11.2023 18:16,B-1,2.37E-06,0.6,0.6,5.48,5.21,3.64,3.2,1.57,PTVT-T_321032,PY-IT_321127,CF,Jonas_DonorAcceptor-NoWidthOrderedDonor-No2bandHeight-NoInt_PTVT-T:PY-IT,Jonas_DonorAcceptor-NoWidthOrderedDonor-No2bandHeight-NoInt,0.209400331,25.10.2023 15:43,25368_188922_OD_x1y2,x1y2,0.01245703,0.6,0.6,2,5,0,1,0,0,0,0,0,0,0,1,61
25368,PTVT-T_321032,PY-IT_321127,CF,2,13,1000,1.533378618,0.058886097,1.691699521,0.073060294,0.229242585,0.302600212,1.899995954,2.069184813,0.131605785,0.250050991,0.547542845,0.452457155,0.242424242,0.473684211,0.552651203,54.16970059,16.57866709,7.769183994,0.865106074,16.11.2023 18:16,B-2,2.35E-06,1,0.6,5.48,5.21,3.64,3.2,1.57,PTVT-T_321032,PY-IT_321127,CF,Jonas_DonorAcceptor-NoWidthOrderedDonor-No2bandHeight-NoInt_PTVT-T:PY-IT,Jonas_DonorAcceptor-NoWidthOrderedDonor-No2bandHeight-NoInt,0.196022706,25.10.2023 15:43,25368_188922_OD_x2y2,x2y2,0.013525644,1,0.6,2,5,0,1,0,0,0,0,0,0,0,1,61
25369,PTVT-T_321032,PY-IT_321127,CF,0,13,3000,1.526485641,0.065538996,1.69648067,0.083717699,0.142805343,0.188503053,1.911929161,2.07451153,0.063622881,0.120883474,0.609280097,0.390719903,0.242424242,0.473684211,0.309386527,56.48848353,18.6240766,8.9692023,0.852548617,16.11.2023 18:19,B-1,6.28E-06,0.6,0.6,5.48,5.21,3.64,3.2,1.57,PTVT-T_321032,PY-IT_321127,CF,Jonas_DonorAcceptor-NoWidthOrderedDonor-No2bandHeight-NoInt_PTVT-T:PY-IT,Jonas_DonorAcceptor-NoWidthOrderedDonor-No2bandHeight-NoInt,0.170385248,25.10.2023 15:49,25369_188924_OD_x1y2,x1y2,0.007639779,0.6,0.6,2,5,0,1,0,0,0,0,0,0,0,1,62
25369,PTVT-T_321032,PY-IT_321127,CF,0,13,3000,1.526541626,0.065433043,1.696477515,0.083536865,0.139308904,0.183887754,1.912834592,2.07566486,0.061348741,0.116562607,0.612040382,0.387959618,0.242424242,0.473684211,0.300450361,56.5137758,18.60814775,8.95143832,0.851207327,16.11.2023 18:19,B-3,2.53E-06,1.4,0.6,5.48,5.21,3.64,3.2,1.57,PTVT-T_321032,PY-IT_321127,CF,Jonas_DonorAcceptor-NoWidthOrderedDonor-No2bandHeight-NoInt_PTVT-T:PY-IT,Jonas_DonorAcceptor-NoWidthOrderedDonor-No2bandHeight-NoInt,0.160228907,25.10.2023 15:49,25369_188924_OD_x3y2,x3y2,0.007370604,1.4,0.6,2,5,0,1,0,0,0,0,0,0,0,1,62
25369,PTVT-T_321032,PY-IT_321127,CF,0,13,3000,1.526242418,0.065643136,1.696176474,0.084305424,0.143638696,0.189603079,1.912066756,2.074536908,0.063318496,0.120305142,0.611803967,0.388196033,0.242424242,0.473684211,0.309908221,56.49190664,18.39642373,8.875332262,0.854013987,16.11.2023 18:19,A-2,3.73E-06,1,1.4,5.48,5.21,3.64,3.2,1.57,PTVT-T_321032,PY-IT_321127,CF,Jonas_DonorAcceptor-NoWidthOrderedDonor-No2bandHeight-NoInt_PTVT-T:PY-IT,Jonas_DonorAcceptor-NoWidthOrderedDonor-No2bandHeight-NoInt,0.18339015,25.10.2023 15:49,25369_188924_OD_x2y1,x2y1,0.007847335,1,1.4,2,5,0,1,0,0,0,0,0,0,0,1,62
25369,PTVT-T_321032,PY-IT_321127,CF,0,13,3000,1.526096685,0.065526243,1.696415088,0.083759275,0.138893759,0.183339761,1.912911362,2.076129382,0.060739602,0.115405243,0.61369984,0.38630016,0.242424242,0.473684211,0.298745005,56.70394266,18.33138781,8.86750781,0.85308632,16.11.2023 18:19,A-3,2.00E-06,1.4,1.4,5.48,5.21,3.64,3.2,1.57,PTVT-T_321032,PY-IT_321127,CF,Jonas_DonorAcceptor-NoWidthOrderedDonor-No2bandHeight-NoInt_PTVT-T:PY-IT,Jonas_DonorAcceptor-NoWidthOrderedDonor-No2bandHeight-NoInt,0.161854118,25.10.2023 15:49,25369_188924_OD_x3y1,x3y1,0.007361583,1.4,1.4,2,5,0,1,0,0,0,0,0,0,0,1,62
25370,PTVT-T_321032,PY-IT_321127,CF,2,13,3000,1.522861823,0.06704798,1.694809093,0.084749816,0.148312668,0.195772722,1.906281507,2.073405333,0.064838008,0.123192214,0.613775057,0.386224943,0.242424242,0.473684211,0.318964937,55.24956791,18.83991189,8.753581197,0.840965174,16.11.2023 18:21,B-2,6.73E-06,1,0.6,5.48,5.21,3.64,3.2,1.57,PTVT-T_321032,PY-IT_321127,CF,Jonas_DonorAcceptor-NoWidthOrderedDonor-No2bandHeight-NoInt_PTVT-T:PY-IT,Jonas_DonorAcceptor-NoWidthOrderedDonor-No2bandHeight-NoInt,0.176649249,25.10.2023 15:55,25370_188941_OD_x2y2,x2y2,0.007601664,1,0.6,2,5,0,1,0,0,0,0,0,0,0,1,63
25370,PTVT-T_321032,PY-IT_321127,CF,2,13,3000,1.522410021,0.066875609,1.694233451,0.08487767,0.146701899,0.193646506,1.904559378,2.071194662,0.064328102,0.122223393,0.613057802,0.386942198,0.242424242,0.473684211,0.3158699,55.32768449,18.71531407,8.719059524,0.842034775,16.11.2023 18:21,B-1,9.25E-06,0.6,0.6,5.48,5.21,3.64,3.2,1.57,PTVT-T_321032,PY-IT_321127,CF,Jonas_DonorAcceptor-NoWidthOrderedDonor-No2bandHeight-NoInt_PTVT-T:PY-IT,Jonas_DonorAcceptor-NoWidthOrderedDonor-No2bandHeight-NoInt,0.17580276,25.10.2023 15:55,25370_188941_OD_x1y2,x1y2,0.007468973,0.6,0.6,2,5,0,1,0,0,0,0,0,0,0,1,63
25370,PTVT-T_321032,PY-IT_321127,CF,2,13,3000,1.522634836,0.067090636,1.694316546,0.08530858,0.14972342,0.197634914,1.904927256,2.071523262,0.0655467,0.12453873,0.613442216,0.386557784,0.242424242,0.473684211,0.322173644,55.228876,18.52760284,8.594099461,0.83987555,16.11.2023 18:21,A-2,4.91E-06,1,1.4,5.48,5.21,3.64,3.2,1.57,PTVT-T_321032,PY-IT_321127,CF,Jonas_DonorAcceptor-NoWidthOrderedDonor-No2bandHeight-NoInt_PTVT-T:PY-IT,Jonas_DonorAcceptor-NoWidthOrderedDonor-No2bandHeight-NoInt,0.188313151,25.10.2023 15:55,25370_188941_OD_x2y1,x2y1,0.007768437,1,1.4,2,5,0,1,0,0,0,0,0,0,0,1,63
25370,PTVT-T_321032,PY-IT_321127,CF,2,13,3000,1.521787367,0.066689973,1.693383407,0.085194317,0.14219737,0.187700529,1.904120195,2.070566865,0.062302285,0.118374342,0.613250373,0.386749627,0.242424242,0.473684211,0.306074871,55.12338592,18.36585724,8.533580342,0.842915794,16.11.2023 18:21,A-3,3.11E-06,1.4,1.4,5.48,5.21,3.64,3.2,1.57,PTVT-T_321032,PY-IT_321127,CF,Jonas_DonorAcceptor-NoWidthOrderedDonor-No2bandHeight-NoInt_PTVT-T:PY-IT,Jonas_DonorAcceptor-NoWidthOrderedDonor-No2bandHeight-NoInt,0.175984486,25.10.2023 15:55,25370_188941_OD_x3y1,x3y1,0.007361329,1.4,1.4,2,5,0,1,0,0,0,0,0,0,0,1,63
25371,PTVT-T_321032,PY-IT_321127,CF,1,13,2000,1.525701949,0.066995247,1.695735076,0.083867572,0.173126528,0.228527017,1.907103872,2.074196704,0.079119539,0.150327125,0.603205803,0.396794197,0.242424242,0.473684211,0.378854142,56.89748739,18.43923703,9.007515544,0.858556707,16.11.2023 18:24,B-3,2.79E-06,1.4,0.6,5.48,5.21,3.64,3.2,1.57,PTVT-T_321032,PY-IT_321127,CF,Jonas_DonorAcceptor-NoWidthOrderedDonor-No2bandHeight-NoInt_PTVT-T:PY-IT,Jonas_DonorAcceptor-NoWidthOrderedDonor-No2bandHeight-NoInt,0.232347835,25.10.2023 16:01,25371_188952_OD_x3y2,x3y2,0.009443757,1.4,0.6,2,5,0,1,0,0,0,0,0,0,0,1,64
25371,PTVT-T_321032,PY-IT_321127,CF,1,13,2000,1.526838673,0.066512911,1.69554538,0.083443071,0.176865633,0.233462636,1.907803478,2.073988042,0.082436574,0.156629491,0.598480768,0.401519232,0.242424242,0.473684211,0.390092128,56.61151274,18.34686234,8.915306107,0.858360446,16.11.2023 18:24,A-1,9.22E-06,0.6,1.4,5.48,5.21,3.64,3.2,1.57,PTVT-T_321032,PY-IT_321127,CF,Jonas_DonorAcceptor-NoWidthOrderedDonor-No2bandHeight-NoInt_PTVT-T:PY-IT,Jonas_DonorAcceptor-NoWidthOrderedDonor-No2bandHeight-NoInt,0.238199301,25.10.2023 16:01,25371_188952_OD_x1y1,x1y1,0.009800351,0.6,1.4,2,5,0,1,0,0,0,0,0,0,0,1,64
25371,PTVT-T_321032,PY-IT_321127,CF,1,13,2000,1.526071626,0.06670312,1.695281065,0.083880961,0.174867986,0.230825741,1.907184681,2.073639097,0.079999934,0.151999874,0.602952707,0.397047293,0.242424242,0.473684211,0.382825615,56.65754378,18.29254702,8.899261641,0.858661621,16.11.2023 18:24,B-2,4.48E-06,1,0.6,5.48,5.21,3.64,3.2,1.57,PTVT-T_321032,PY-IT_321127,CF,Jonas_DonorAcceptor-NoWidthOrderedDonor-No2bandHeight-NoInt_PTVT-T:PY-IT,Jonas_DonorAcceptor-NoWidthOrderedDonor-No2bandHeight-NoInt,0.240572616,25.10.2023 16:01,25371_188952_OD_x2y2,x2y2,0.009690801,1,0.6,2,5,0,1,0,0,0,0,0,0,0,1,64
25371,PTVT-T_321032,PY-IT_321127,CF,1,13,2000,1.52557357,0.067048329,1.695419596,0.08420585,0.173234795,0.228669929,1.907108206,2.073493713,0.079545055,0.151135604,0.602071085,0.397928915,0.242424242,0.473684211,0.379805533,55.23398395,18.43540625,8.687021091,0.853123282,16.11.2023 18:24,B-1,2.83E-05,0.6,0.6,5.48,5.21,3.64,3.2,1.57,PTVT-T_321032,PY-IT_321127,CF,Jonas_DonorAcceptor-NoWidthOrderedDonor-No2bandHeight-NoInt_PTVT-T:PY-IT,Jonas_DonorAcceptor-NoWidthOrderedDonor-No2bandHeight-NoInt,0.238098242,25.10.2023 16:01,25371_188952_OD_x1y2,x1y2,0.009566972,0.6,0.6,2,5,0,1,0,0,0,0,0,0,0,1,64
25372,PTVT-T_321032,L8-BO_321144,CF,0,18,2000,1.545155656,0.061405989,1.706689566,0.085878552,0.362648524,0.562105212,1.90421239,2.075421465,0.188203745,0.357587115,0.611188324,0.388811676,0.35483871,0.473684211,0.919692328,62.792998,19.68584513,10.3521724,0.837464127,16.11.2023 17:38,A-1,2.18E-06,0.6,1.4,5.45,5.21,3.77,3.2,1.44,PTVT-T_321032,L8-BO_321144,CF,Jonas_DonorAcceptor-NoWidthOrderedDonor-No2bandHeight-NoInt_PTVT-T:L8-BO,Jonas_DonorAcceptor-NoWidthOrderedDonor-No2bandHeight-NoInt,0.316161859,25.10.2023 16:19,25372_188979_OD_x1y1,x1y1,0.027827041,0.6,1.4,2,4,0,1,0,0,0,0,0,0,1,0,65
25372,PTVT-T_321032,L8-BO_321144,CF,0,18,2000,1.543590514,0.06102608,1.705076654,0.085731638,0.372463168,0.577317911,1.903561473,2.075680192,0.193817699,0.368253627,0.610549162,0.389450838,0.35483871,0.473684211,0.945571538,62.86793728,19.53896813,10.26920401,0.835999362,16.11.2023 17:38,B-1,1.51E-06,0.6,0.6,5.45,5.21,3.77,3.2,1.44,PTVT-T_321032,L8-BO_321144,CF,Jonas_DonorAcceptor-NoWidthOrderedDonor-No2bandHeight-NoInt_PTVT-T:L8-BO,Jonas_DonorAcceptor-NoWidthOrderedDonor-No2bandHeight-NoInt,0.32021339,25.10.2023 16:19,25372_188979_OD_x1y2,x1y2,0.028883887,0.6,0.6,2,4,0,1,0,0,0,0,0,0,1,0,65
25372,PTVT-T_321032,L8-BO_321144,CF,0,18,2000,1.533616409,0.056908331,1.694953241,0.08410898,0.385909143,0.598159171,1.901584341,2.078138145,0.193009795,0.36671861,0.619932579,0.380067421,0.35483871,0.473684211,0.964877781,60.9919408,20.19425602,10.24708354,0.831955249,16.11.2023 17:38,B-3,2.34E-06,1.4,0.6,5.45,5.21,3.77,3.2,1.44,PTVT-T_321032,L8-BO_321144,CF,Jonas_DonorAcceptor-NoWidthOrderedDonor-No2bandHeight-NoInt_PTVT-T:L8-BO,Jonas_DonorAcceptor-NoWidthOrderedDonor-No2bandHeight-NoInt,0.44536519,25.10.2023 16:19,25372_188979_OD_x3y2,x3y2,0.038019766,1.4,0.6,2,4,0,1,0,0,0,0,0,0,1,0,65
25372,PTVT-T_321032,L8-BO_321144,CF,0,18,2000,1.555199638,0.063623377,1.717020456,0.087900914,0.367105711,0.569013852,1.908152697,2.076268065,0.192468662,0.365690457,0.608763484,0.391236516,0.35483871,0.473684211,0.934704309,61.32094482,19.74207453,10.14408521,0.837936799,16.11.2023 17:38,A-2,1.83E-06,1,1.4,5.45,5.21,3.77,3.2,1.44,PTVT-T_321032,L8-BO_321144,CF,Jonas_DonorAcceptor-NoWidthOrderedDonor-No2bandHeight-NoInt_PTVT-T:L8-BO,Jonas_DonorAcceptor-NoWidthOrderedDonor-No2bandHeight-NoInt,0.140830433,25.10.2023 16:19,25372_188979_OD_x2y1,x2y1,0.017309501,1,1.4,2,4,0,1,0,0,0,0,0,0,1,0,65
25373,PTVT-T_321032,L8-BO_321144,CF,0,15.5,2000,1.550289081,0.063788999,1.713155999,0.088771021,0.286667687,0.444334915,1.908017468,2.075819941,0.143078102,0.271848393,0.620420652,0.379579348,0.35483871,0.473684211,0.716183308,67.62032367,20.14288724,11.44865399,0.840534344,16.11.2023 17:41,A-1,2.67E-06,0.6,1.4,5.45,5.21,3.77,3.2,1.44,PTVT-T_321032,L8-BO_321144,CF,Jonas_DonorAcceptor-NoWidthOrderedDonor-No2bandHeight-NoInt_PTVT-T:L8-BO,Jonas_DonorAcceptor-NoWidthOrderedDonor-No2bandHeight-NoInt,0.134258326,25.10.2023 16:25,25373_188982_OD_x1y1,x1y1,0.014630309,0.6,1.4,2,4,0,1,0,0,0,0,0,0,1,0,66
25373,PTVT-T_321032,L8-BO_321144,CF,0,15.5,2000,1.547369499,0.062634878,1.70968555,0.087538033,0.291227183,0.451402133,1.906030855,2.075268484,0.146556098,0.278456587,0.618478783,0.381521217,0.35483871,0.473684211,0.72985872,68.05053739,19.97856899,11.40831673,0.839123016,16.11.2023 17:41,B-1,1.93E-06,0.6,0.6,5.45,5.21,3.77,3.2,1.44,PTVT-T_321032,L8-BO_321144,CF,Jonas_DonorAcceptor-NoWidthOrderedDonor-No2bandHeight-NoInt_PTVT-T:L8-BO,Jonas_DonorAcceptor-NoWidthOrderedDonor-No2bandHeight-NoInt,0.180608431,25.10.2023 16:25,25373_188982_OD_x1y2,x1y2,0.01764531,0.6,0.6,2,4,0,1,0,0,0,0,0,0,1,0,66
25373,PTVT-T_321032,L8-BO_321144,CF,0,15.5,2000,1.547220137,0.06397109,1.710936675,0.089216356,0.275617469,0.427207077,1.907553691,2.076204658,0.135300971,0.257071846,0.624317165,0.375682835,0.35483871,0.473684211,0.684278923,67.87483084,19.95989746,11.4014401,0.841574648,16.11.2023 17:41,A-3,1.36E-06,1.4,1.4,5.45,5.21,3.77,3.2,1.44,PTVT-T_321032,L8-BO_321144,CF,Jonas_DonorAcceptor-NoWidthOrderedDonor-No2bandHeight-NoInt_PTVT-T:L8-BO,Jonas_DonorAcceptor-NoWidthOrderedDonor-No2bandHeight-NoInt,0.144759877,25.10.2023 16:25,25373_188982_OD_x3y1,x3y1,0.014823719,1.4,1.4,2,4,0,1,0,0,0,0,0,0,1,0,66
25373,PTVT-T_321032,L8-BO_321144,CF,0,15.5,2000,1.556780501,0.064489924,1.719995552,0.089390832,0.295258682,0.457650957,1.911798798,2.078768368,0.146576383,0.278495127,0.621684971,0.378315029,0.35483871,0.473684211,0.736146084,65.59898365,20.47675328,11.26499785,0.838634848,16.11.2023 17:41,A-2,2.02E-06,1,1.4,5.45,5.21,3.77,3.2,1.44,PTVT-T_321032,L8-BO_321144,CF,Jonas_DonorAcceptor-NoWidthOrderedDonor-No2bandHeight-NoInt_PTVT-T:L8-BO,Jonas_DonorAcceptor-NoWidthOrderedDonor-No2bandHeight-NoInt,0.083201565,25.10.2023 16:25,25373_188982_OD_x2y1,x2y1,0.011565079,1,1.4,2,4,0,1,0,0,0,0,0,0,1,0,66
25374,PTVT-T_321032,L8-BO_321144,CF,0,13,2000,1.549025439,0.075082838,1.724207894,0.10500446,0.220670876,0.342039858,1.921640911,2.086647226,0.088474865,0.168102244,0.670479571,0.329520429,0.35483871,0.473684211,0.510142102,69.40330437,20.4268043,12.01541403,0.847536019,16.11.2023 17:43,A-1,5.41E-06,0.6,1.4,5.45,5.21,3.77,3.2,1.44,PTVT-T_321032,L8-BO_321144,CF,Jonas_DonorAcceptor-NoWidthOrderedDonor-No2bandHeight-NoInt_PTVT-T:L8-BO,Jonas_DonorAcceptor-NoWidthOrderedDonor-No2bandHeight-NoInt,0.142678735,25.10.2023 16:31,25374_188989_OD_x1y1,x1y1,0.009480336,0.6,1.4,2,4,0,1,0,0,0,0,0,0,1,0,67
25374,PTVT-T_321032,L8-BO_321144,CF,0,13,2000,1.548740593,0.076037057,1.725069772,0.106545293,0.215492043,0.334012667,1.922804255,2.087664677,0.083943187,0.159492054,0.676817571,0.323182429,0.35483871,0.473684211,0.493504721,69.69114167,20.33997966,12.01303725,0.847470775,16.11.2023 17:43,B-1,6.97E-06,0.6,0.6,5.45,5.21,3.77,3.2,1.44,PTVT-T_321032,L8-BO_321144,CF,Jonas_DonorAcceptor-NoWidthOrderedDonor-No2bandHeight-NoInt_PTVT-T:L8-BO,Jonas_DonorAcceptor-NoWidthOrderedDonor-No2bandHeight-NoInt,0.151070444,25.10.2023 16:31,25374_188989_OD_x1y2,x1y2,0.009587646,0.6,0.6,2,4,0,1,0,0,0,0,0,0,1,0,67
25374,PTVT-T_321032,L8-BO_321144,CF,0,13,2000,1.550862066,0.07642678,1.727396739,0.107241412,0.216104149,0.33496143,1.924802382,2.088793537,0.083791315,0.159203499,0.677833271,0.322166729,0.35483871,0.473684211,0.494164929,68.6043578,20.5801492,11.96086014,0.847153657,16.11.2023 17:43,B-3,2.36E-06,1.4,0.6,5.45,5.21,3.77,3.2,1.44,PTVT-T_321032,L8-BO_321144,CF,Jonas_DonorAcceptor-NoWidthOrderedDonor-No2bandHeight-NoInt_PTVT-T:L8-BO,Jonas_DonorAcceptor-NoWidthOrderedDonor-No2bandHeight-NoInt,0.166220797,25.10.2023 16:31,25374_188989_OD_x3y2,x3y2,0.01010667,1.4,0.6,2,4,0,1,0,0,0,0,0,0,1,0,67
25374,PTVT-T_321032,L8-BO_321144,CF,0,13,2000,1.551516525,0.075390002,1.727163217,0.105846961,0.221621059,0.343512642,1.924905148,2.088851171,0.088899921,0.16890985,0.670369954,0.329630046,0.35483871,0.473684211,0.512422492,68.17229366,20.65573233,11.9093288,0.845743722,16.11.2023 17:43,A-2,6.44E-06,1,1.4,5.45,5.21,3.77,3.2,1.44,PTVT-T_321032,L8-BO_321144,CF,Jonas_DonorAcceptor-NoWidthOrderedDonor-No2bandHeight-NoInt_PTVT-T:L8-BO,Jonas_DonorAcceptor-NoWidthOrderedDonor-No2bandHeight-NoInt,0.161695981,25.10.2023 16:31,25374_188989_OD_x2y1,x2y1,0.01026815,1,1.4,2,4,0,1,0,0,0,0,0,0,1,0,67
25375,PTVT-T_321032,L8-BO_321144,CF,0,13,1000,1.552308953,0.064991406,1.715818038,0.090360831,0.282925038,0.438533809,1.909363729,2.077029407,0.138604229,0.263348034,0.624797198,0.375202802,0.35483871,0.473684211,0.701881843,66.35271694,19.69548003,10.94833777,0.837766339,16.11.2023 17:46,B-2,3.59E-06,1,0.6,5.45,5.21,3.77,3.2,1.44,PTVT-T_321032,L8-BO_321144,CF,Jonas_DonorAcceptor-NoWidthOrderedDonor-No2bandHeight-NoInt_PTVT-T:L8-BO,Jonas_DonorAcceptor-NoWidthOrderedDonor-No2bandHeight-NoInt,0.098511504,25.10.2023 16:36,25375_188994_OD_x2y2,x2y2,0.011775245,1,0.6,2,4,0,1,0,0,0,0,0,0,1,0,68
25375,PTVT-T_321032,L8-BO_321144,CF,0,13,1000,1.555423691,0.064516499,1.718121583,0.089820862,0.292217595,0.452937273,1.910088694,2.077163377,0.146584232,0.278510041,0.61923431,0.38076569,0.35483871,0.473684211,0.731447314,66.23803243,19.45169875,10.79217204,0.837613949,16.11.2023 17:46,B-3,3.11E-06,1.4,0.6,5.45,5.21,3.77,3.2,1.44,PTVT-T_321032,L8-BO_321144,CF,Jonas_DonorAcceptor-NoWidthOrderedDonor-No2bandHeight-NoInt_PTVT-T:L8-BO,Jonas_DonorAcceptor-NoWidthOrderedDonor-No2bandHeight-NoInt,0.084513563,25.10.2023 16:36,25375_188994_OD_x3y2,x3y2,0.011275796,1.4,0.6,2,4,0,1,0,0,0,0,0,0,1,0,68
25375,PTVT-T_321032,L8-BO_321144,CF,0,13,1000,1.557410331,0.066159634,1.722177405,0.090614911,0.44560311,0.690684821,1.914061306,2.081114321,0.226671797,0.430676413,0.615934277,0.384065723,0.35483871,0.473684211,1.121361234,63.49772473,20.10500362,10.58445486,0.829098588,16.11.2023 17:46,A-3,2.05E-06,1.4,1.4,5.45,5.21,3.77,3.2,1.44,PTVT-T_321032,L8-BO_321144,CF,Jonas_DonorAcceptor-NoWidthOrderedDonor-No2bandHeight-NoInt_PTVT-T:L8-BO,Jonas_DonorAcceptor-NoWidthOrderedDonor-No2bandHeight-NoInt,0.103820186,25.10.2023 16:36,25375_188994_OD_x3y1,x3y1,0.015891851,1.4,1.4,2,4,0,1,0,0,0,0,0,0,1,0,68
25376,PTVT-T_321032,L8-BO_321144,CF,2,13,1000,1.547718746,0.065236945,1.713646708,0.091546593,0.274616076,0.425654918,1.902235969,2.070756894,0.140552626,0.267049989,0.61448232,0.38551768,0.35483871,0.473684211,0.692704906,65.49610737,20.65537624,11.17725828,0.826202847,16.11.2023 17:49,A-2,4.70E-06,1,1.4,5.45,5.21,3.77,3.2,1.44,PTVT-T_321032,L8-BO_321144,CF,Jonas_DonorAcceptor-NoWidthOrderedDonor-No2bandHeight-NoInt_PTVT-T:L8-BO,Jonas_DonorAcceptor-NoWidthOrderedDonor-No2bandHeight-NoInt,0.063070281,25.10.2023 16:42,25376_188999_OD_x2y1,x2y1,0.008721812,1,1.4,2,4,0,1,0,0,0,0,0,0,1,0,69
25376,PTVT-T_321032,L8-BO_321144,CF,2,13,1000,1.543803222,0.06323026,1.708417851,0.088682775,0.356231983,0.552159574,1.899121581,2.073752754,0.222942045,0.423589886,0.565882531,0.434117469,0.35483871,0.473684211,0.97574946,63.70604656,21.04093193,11.00246056,0.82081294,16.11.2023 17:49,B-2,3.89E-06,1,0.6,5.45,5.21,3.77,3.2,1.44,PTVT-T_321032,L8-BO_321144,CF,Jonas_DonorAcceptor-NoWidthOrderedDonor-No2bandHeight-NoInt_PTVT-T:L8-BO,Jonas_DonorAcceptor-NoWidthOrderedDonor-No2bandHeight-NoInt,0.175961942,25.10.2023 16:42,25376_188999_OD_x2y2,x2y2,0.019853551,1,0.6,2,4,0,1,0,0,0,0,0,0,1,0,69
25376,PTVT-T_321032,L8-BO_321144,CF,2,13,1000,1.541359854,0.060894407,1.702972804,0.087309367,0.306713503,0.47540593,1.896192971,2.066585176,0.166757719,0.316839666,0.600073932,0.399926068,0.35483871,0.473684211,0.792245596,65.31134793,20.31340953,10.96417057,0.826426647,16.11.2023 17:49,A-1,3.71E-06,0.6,1.4,5.45,5.21,3.77,3.2,1.44,PTVT-T_321032,L8-BO_321144,CF,Jonas_DonorAcceptor-NoWidthOrderedDonor-No2bandHeight-NoInt_PTVT-T:L8-BO,Jonas_DonorAcceptor-NoWidthOrderedDonor-No2bandHeight-NoInt,0.175792834,25.10.2023 16:42,25376_188999_OD_x1y1,x1y1,0.018150432,0.6,1.4,2,4,0,1,0,0,0,0,0,0,1,0,69
25376,PTVT-T_321032,L8-BO_321144,CF,2,13,1000,1.530363609,0.055804534,1.690999067,0.084875031,0.296521152,0.459607786,1.892616676,2.068341884,0.152578818,0.289899754,0.613213025,0.386786975,0.35483871,0.473684211,0.749507541,65.66253978,19.96969338,10.82943664,0.825879699,16.11.2023 17:49,B-1,6.02E-06,0.6,0.6,5.45,5.21,3.77,3.2,1.44,PTVT-T_321032,L8-BO_321144,CF,Jonas_DonorAcceptor-NoWidthOrderedDonor-No2bandHeight-NoInt_PTVT-T:L8-BO,Jonas_DonorAcceptor-NoWidthOrderedDonor-No2bandHeight-NoInt,0.354378705,25.10.2023 16:42,25376_188999_OD_x1y2,x1y2,0.028158366,0.6,0.6,2,4,0,1,0,0,0,0,0,0,1,0,69
25377,PTVT-T_321032,L8-BO_321144,CF,0,13,3000,1.545900777,0.077559839,1.724933227,0.109346448,0.191984829,0.297576485,1.92316413,2.089190984,0.069731128,0.132489144,0.691932731,0.308067269,0.35483871,0.473684211,0.430065628,68.88243336,19.60410313,11.44483166,0.847527795,16.11.2023 17:51,B-2,2.64E-05,1,0.6,5.45,5.21,3.77,3.2,1.44,PTVT-T_321032,L8-BO_321144,CF,Jonas_DonorAcceptor-NoWidthOrderedDonor-No2bandHeight-NoInt_PTVT-T:L8-BO,Jonas_DonorAcceptor-NoWidthOrderedDonor-No2bandHeight-NoInt,0.127860605,25.10.2023 16:48,25377_189000_OD_x2y2,x2y2,0.008166908,1,0.6,2,4,0,1,0,0,0,0,0,0,1,0,70
25377,PTVT-T_321032,L8-BO_321144,CF,0,13,3000,1.545194226,0.077462584,1.724549777,0.109601368,0.185826256,0.288030697,1.923232261,2.089141139,0.066532403,0.126411566,0.694983893,0.305016107,0.35483871,0.473684211,0.414442263,69.64868084,19.29900876,11.4072913,0.84866176,16.11.2023 17:51,B-3,5.39E-06,1.4,0.6,5.45,5.21,3.77,3.2,1.44,PTVT-T_321032,L8-BO_321144,CF,Jonas_DonorAcceptor-NoWidthOrderedDonor-No2bandHeight-NoInt_PTVT-T:L8-BO,Jonas_DonorAcceptor-NoWidthOrderedDonor-No2bandHeight-NoInt,0.113003017,25.10.2023 16:48,25377_189000_OD_x3y2,x3y2,0.00753971,1.4,0.6,2,4,0,1,0,0,0,0,0,0,1,0,70
25377,PTVT-T_321032,L8-BO_321144,CF,0,13,3000,1.550402778,0.077291191,1.728117527,0.108727315,0.206933696,0.320747229,1.92610323,2.090850816,0.077634975,0.147506453,0.684986027,0.315013973,0.35483871,0.473684211,0.468253682,69.72608794,19.19951328,11.36335865,0.848830929,16.11.2023 17:51,A-1,5.39E-06,0.6,1.4,5.45,5.21,3.77,3.2,1.44,PTVT-T_321032,L8-BO_321144,CF,Jonas_DonorAcceptor-NoWidthOrderedDonor-No2bandHeight-NoInt_PTVT-T:L8-BO,Jonas_DonorAcceptor-NoWidthOrderedDonor-No2bandHeight-NoInt,0.172278383,25.10.2023 16:48,25377_189000_OD_x1y1,x1y1,0.010002733,0.6,1.4,2,4,0,1,0,0,0,0,0,0,1,0,70
25377,PTVT-T_321032,L8-BO_321144,CF,0,13,3000,1.545066232,0.077659324,1.724836524,0.110084834,0.182249799,0.282487189,1.92328072,2.089289473,0.065156334,0.123797034,0.695294508,0.304705492,0.35483871,0.473684211,0.406284223,69.99414047,19.10212451,11.34823237,0.848759921,16.11.2023 17:51,B-1,4.89E-06,0.6,0.6,5.45,5.21,3.77,3.2,1.44,PTVT-T_321032,L8-BO_321144,CF,Jonas_DonorAcceptor-NoWidthOrderedDonor-No2bandHeight-NoInt_PTVT-T:L8-BO,Jonas_DonorAcceptor-NoWidthOrderedDonor-No2bandHeight-NoInt,0.114233146,25.10.2023 16:48,25377_189000_OD_x1y2,x1y2,0.007471637,0.6,0.6,2,4,0,1,0,0,0,0,0,0,1,0,70
25378,PTVT-T_321032,L8-BO_321144,CF,2,13,3000,1.535522909,0.075853587,1.716776065,0.107959724,0.185136362,0.286961361,1.908865383,2.079871992,0.071364593,0.135592726,0.679111549,0.320888451,0.35483871,0.473684211,0.422554087,68.65177227,20.13265779,11.47193485,0.830010922,16.11.2023 17:54,A-1,7.61E-06,0.6,1.4,5.45,5.21,3.77,3.2,1.44,PTVT-T_321032,L8-BO_321144,CF,Jonas_DonorAcceptor-NoWidthOrderedDonor-No2bandHeight-NoInt_PTVT-T:L8-BO,Jonas_DonorAcceptor-NoWidthOrderedDonor-No2bandHeight-NoInt,0.075697796,25.10.2023 16:54,25378_189010_OD_x1y1,x1y1,0.006025593,0.6,1.4,2,4,0,1,0,0,0,0,0,0,1,0,71
25378,PTVT-T_321032,L8-BO_321144,CF,2,13,3000,1.535650086,0.075878531,1.716848111,0.108025226,0.186288577,0.288747294,1.909190234,2.080058714,0.071073889,0.135040389,0.681348953,0.318651047,0.35483871,0.473684211,0.423787683,67.93916912,20.22940883,11.40756198,0.830021638,16.11.2023 17:54,A-2,7.98E-06,1,1.4,5.45,5.21,3.77,3.2,1.44,PTVT-T_321032,L8-BO_321144,CF,Jonas_DonorAcceptor-NoWidthOrderedDonor-No2bandHeight-NoInt_PTVT-T:L8-BO,Jonas_DonorAcceptor-NoWidthOrderedDonor-No2bandHeight-NoInt,0.075738426,25.10.2023 16:54,25378_189010_OD_x2y1,x2y1,0.006034457,1,1.4,2,4,0,1,0,0,0,0,0,0,1,0,71
25378,PTVT-T_321032,L8-BO_321144,CF,2,13,3000,1.534833577,0.075730525,1.71613005,0.108032167,0.181417964,0.281197844,1.908592232,2.079824363,0.068932864,0.130972441,0.682237061,0.317762939,0.35483871,0.473684211,0.412170285,68.1342078,20.0741822,11.33475352,0.828722267,16.11.2023 17:54,B-3,9.20E-06,1.4,0.6,5.45,5.21,3.77,3.2,1.44,PTVT-T_321032,L8-BO_321144,CF,Jonas_DonorAcceptor-NoWidthOrderedDonor-No2bandHeight-NoInt_PTVT-T:L8-BO,Jonas_DonorAcceptor-NoWidthOrderedDonor-No2bandHeight-NoInt,0.067981211,25.10.2023 16:54,25378_189010_OD_x3y2,x3y2,0.005645965,1.4,0.6,2,4,0,1,0,0,0,0,0,0,1,0,71
25378,PTVT-T_321032,L8-BO_321144,CF,2,13,3000,1.535601747,0.075829072,1.716859232,0.107971476,0.184447974,0.28589436,1.908873846,2.079884241,0.070498839,0.133947794,0.680956776,0.319043224,0.35483871,0.473684211,0.419842155,67.92500144,20.08468016,11.30493266,0.828654328,16.11.2023 17:54,B-2,7.91E-06,1,0.6,5.45,5.21,3.77,3.2,1.44,PTVT-T_321032,L8-BO_321144,CF,Jonas_DonorAcceptor-NoWidthOrderedDonor-No2bandHeight-NoInt_PTVT-T:L8-BO,Jonas_DonorAcceptor-NoWidthOrderedDonor-No2bandHeight-NoInt,0.073278907,25.10.2023 16:54,25378_189010_OD_x2y2,x2y2,0.005898038,1,0.6,2,4,0,1,0,0,0,0,0,0,1,0,71
25379,PTVT-T_321032,L8-BO_321144,CF,1,13,2000,1.539832462,0.075335371,1.71902335,0.106956147,0.206284129,0.3197404,1.91164934,2.080697237,0.082912914,0.157534537,0.669929165,0.330070835,0.35483871,0.473684211,0.477274937,69.18930122,20.76195456,11.94930565,0.831831743,16.11.2023 17:56,A-1,4.63E-06,0.6,1.4,5.45,5.21,3.77,3.2,1.44,PTVT-T_321032,L8-BO_321144,CF,Jonas_DonorAcceptor-NoWidthOrderedDonor-No2bandHeight-NoInt_PTVT-T:L8-BO,Jonas_DonorAcceptor-NoWidthOrderedDonor-No2bandHeight-NoInt,0.11869271,25.10.2023 16:59,25379_189015_OD_x1y1,x1y1,0.008032525,0.6,1.4,2,4,0,1,0,0,0,0,0,0,1,0,72
25379,PTVT-T_321032,L8-BO_321144,CF,1,13,2000,1.537969508,0.073941597,1.715473474,0.103487467,0.201624514,0.312517997,1.907495149,2.077923149,0.084604026,0.160747649,0.660343719,0.339656281,0.35483871,0.473684211,0.473265646,68.59526917,20.49547528,11.68143541,0.830890997,16.11.2023 17:56,A-2,1.52E-05,1,1.4,5.45,5.21,3.77,3.2,1.44,PTVT-T_321032,L8-BO_321144,CF,Jonas_DonorAcceptor-NoWidthOrderedDonor-No2bandHeight-NoInt_PTVT-T:L8-BO,Jonas_DonorAcceptor-NoWidthOrderedDonor-No2bandHeight-NoInt,0.103695852,25.10.2023 16:59,25379_189015_OD_x2y1,x2y1,0.00781694,1,1.4,2,4,0,1,0,0,0,0,0,0,1,0,72
25379,PTVT-T_321032,L8-BO_321144,CF,1,13,2000,1.538644867,0.073999617,1.716660877,0.104920281,0.210254218,0.325894039,1.909969397,2.079486148,0.086689837,0.16471069,0.664270072,0.335729928,0.35483871,0.473684211,0.490604729,69.90200542,19.93204799,11.59952939,0.832527926,16.11.2023 17:56,B-3,2.79E-06,1.4,0.6,5.45,5.21,3.77,3.2,1.44,PTVT-T_321032,L8-BO_321144,CF,Jonas_DonorAcceptor-NoWidthOrderedDonor-No2bandHeight-NoInt_PTVT-T:L8-BO,Jonas_DonorAcceptor-NoWidthOrderedDonor-No2bandHeight-NoInt,0.10426538,25.10.2023 16:59,25379_189015_OD_x3y2,x3y2,0.00760767,1.4,0.6,2,4,0,1,0,0,0,0,0,0,1,0,72
25379,PTVT-T_321032,L8-BO_321144,CF,1,13,2000,1.539173407,0.073184973,1.716099462,0.10388229,0.213563321,0.331023147,1.909392254,2.078568491,0.089294303,0.169659175,0.661144068,0.338855932,0.35483871,0.473684211,0.500682322,69.20661441,20.10536118,11.57862167,0.832141881,16.11.2023 17:56,B-2,9.56E-06,1,0.6,5.45,5.21,3.77,3.2,1.44,PTVT-T_321032,L8-BO_321144,CF,Jonas_DonorAcceptor-NoWidthOrderedDonor-No2bandHeight-NoInt_PTVT-T:L8-BO,Jonas_DonorAcceptor-NoWidthOrderedDonor-No2bandHeight-NoInt,0.100980205,25.10.2023 16:59,25379_189015_OD_x2y2,x2y2,0.007574743,1,0.6,2,4,0,1,0,0,0,0,0,0,1,0,72
25388,PTQ10_321145,ITIC_120057,xylene,0,30,2000,1.776794788,0.087630868,1.938878004,0.085,0.242938437,0.303673046,2.042573879,2.2161833,0.094347839,0.168505241,0.643132169,0.356867831,0.2,0.440089586,0.472178287,58.99711192,15.21630602,9.170203109,1.021501406,08.11.2023 18:07,B-1,9.34E-07,0.6,0.6,5.45,5.34,3.81,3.64,1.53,PTQ10_321145,ITIC_120057,xylene,Jonas_DonorAcceptor-NoWidthOrderedDonor-No2bandHeight-NoInt_PTQ10:ITIC,Jonas_DonorAcceptor-NoWidthOrderedDonor-No2bandHeight-NoInt,0.668041611,26.10.2023 12:27,25388_189235_OD_x1y2,x1y2,0.013577986,0.6,0.6,3,2,0,0,1,0,0,0,1,0,0,0,73
25388,PTQ10_321145,ITIC_120057,xylene,0,30,2000,1.77823881,0.086316647,1.941117401,0.085,0.242404351,0.303005439,2.04264385,2.216326926,0.094683581,0.169104876,0.641810672,0.358189328,0.2,0.440089586,0.472110315,57.93271929,15.38411466,9.081451125,1.018963969,08.11.2023 18:07,B-3,2.28E-06,1.4,0.6,5.45,5.34,3.81,3.64,1.53,PTQ10_321145,ITIC_120057,xylene,Jonas_DonorAcceptor-NoWidthOrderedDonor-No2bandHeight-NoInt_PTQ10:ITIC,Jonas_DonorAcceptor-NoWidthOrderedDonor-No2bandHeight-NoInt,0.56600489,26.10.2023 12:27,25388_189235_OD_x3y2,x3y2,0.012689394,1.4,0.6,3,2,0,0,1,0,0,0,1,0,0,0,73
25388,PTQ10_321145,ITIC_120057,xylene,0,30,2000,1.778206754,0.086386206,1.941321857,0.085,0.241455736,0.30181967,2.042636224,2.216258539,0.093953646,0.167801212,0.642687925,0.357312075,0.2,0.440089586,0.469620882,57.93797615,15.29648761,9.037858833,1.019789448,08.11.2023 18:07,B-2,7.25E-07,1,0.6,5.45,5.34,3.81,3.64,1.53,PTQ10_321145,ITIC_120057,xylene,Jonas_DonorAcceptor-NoWidthOrderedDonor-No2bandHeight-NoInt_PTQ10:ITIC,Jonas_DonorAcceptor-NoWidthOrderedDonor-No2bandHeight-NoInt,0.571527234,26.10.2023 12:27,25388_189235_OD_x2y2,x2y2,0.012693688,1,0.6,3,2,0,0,1,0,0,0,1,0,0,0,73
25388,PTQ10_321145,ITIC_120057,xylene,0,30,2000,1.776999802,0.086873003,1.941463047,0.085,0.23671956,0.29589945,2.043198061,2.216976538,0.090200086,0.161097353,0.647486914,0.352513086,0.2,0.440089586,0.456996803,57.11710728,15.30831769,8.892655017,1.01703939,08.11.2023 18:07,A-3,2.51E-06,1.4,1.4,5.45,5.34,3.81,3.64,1.53,PTQ10_321145,ITIC_120057,xylene,Jonas_DonorAcceptor-NoWidthOrderedDonor-No2bandHeight-NoInt_PTQ10:ITIC,Jonas_DonorAcceptor-NoWidthOrderedDonor-No2bandHeight-NoInt,0.533177937,26.10.2023 12:27,25388_189235_OD_x3y1,x3y1,0.012120323,1.4,1.4,3,2,0,0,1,0,0,0,1,0,0,0,73
25389,PTQ10_321145,ITIC_120057,xylene,0,28,2000,1.777734622,0.087030608,1.943081435,0.085,0.233357426,0.291696782,2.043573894,2.217022163,0.088496501,0.158054751,0.64857318,0.35142682,0.2,0.440089586,0.449751534,58.09523635,15.92495669,9.350581633,1.010694363,08.11.2023 18:09,A-1,1.03E-06,0.6,1.4,5.45,5.34,3.81,3.64,1.53,PTQ10_321145,ITIC_120057,xylene,Jonas_DonorAcceptor-NoWidthOrderedDonor-No2bandHeight-NoInt_PTQ10:ITIC,Jonas_DonorAcceptor-NoWidthOrderedDonor-No2bandHeight-NoInt,0.505037848,26.10.2023 12:33,25389_189240_OD_x1y1,x1y1,0.011676708,0.6,1.4,3,2,0,0,1,0,0,0,1,0,0,0,74
25389,PTQ10_321145,ITIC_120057,xylene,0,28,2000,1.777597173,0.086952941,1.942938695,0.085,0.233824647,0.292280808,2.043693118,2.21727562,0.088867164,0.158716756,0.648076246,0.351923754,0.2,0.440089586,0.450997564,58.35967233,15.73934121,9.278250753,1.010105441,08.11.2023 18:09,B-3,2.10E-06,1.4,0.6,5.45,5.34,3.81,3.64,1.53,PTQ10_321145,ITIC_120057,xylene,Jonas_DonorAcceptor-NoWidthOrderedDonor-No2bandHeight-NoInt_PTQ10:ITIC,Jonas_DonorAcceptor-NoWidthOrderedDonor-No2bandHeight-NoInt,0.503159358,26.10.2023 12:33,25389_189240_OD_x3y2,x3y2,0.01172335,1.4,0.6,3,2,0,0,1,0,0,0,1,0,0,0,74
25389,PTQ10_321145,ITIC_120057,xylene,0,28,2000,1.777927384,0.086541143,1.942134183,0.085,0.236256684,0.295320855,2.043356493,2.216845766,0.091642078,0.163672751,0.643409518,0.356590482,0.2,0.440089586,0.458993607,57.91321844,15.82721823,9.25970976,1.010217954,08.11.2023 18:09,B-1,1.22E-06,0.6,0.6,5.45,5.34,3.81,3.64,1.53,PTQ10_321145,ITIC_120057,xylene,Jonas_DonorAcceptor-NoWidthOrderedDonor-No2bandHeight-NoInt_PTQ10:ITIC,Jonas_DonorAcceptor-NoWidthOrderedDonor-No2bandHeight-NoInt,0.537014054,26.10.2023 12:33,25389_189240_OD_x1y2,x1y2,0.012145529,0.6,0.6,3,2,0,0,1,0,0,0,1,0,0,0,74
25389,PTQ10_321145,ITIC_120057,xylene,0,28,2000,1.777286302,0.08717946,1.94297334,0.085,0.232964243,0.291205303,2.04396757,2.217450633,0.088056389,0.157268711,0.649324809,0.350675191,0.2,0.440089586,0.448474014,57.88272789,15.78730413,9.226043232,1.009621335,08.11.2023 18:09,B-2,1.90E-06,1,0.6,5.45,5.34,3.81,3.64,1.53,PTQ10_321145,ITIC_120057,xylene,Jonas_DonorAcceptor-NoWidthOrderedDonor-No2bandHeight-NoInt_PTQ10:ITIC,Jonas_DonorAcceptor-NoWidthOrderedDonor-No2bandHeight-NoInt,0.517858725,26.10.2023 12:33,25389_189240_OD_x2y2,x2y2,0.011808702,1,0.6,3,2,0,0,1,0,0,0,1,0,0,0,74
25390,PTQ10_321145,ITIC_120057,xylene,0,26,2000,1.775994062,0.087915052,1.945035472,0.085,0.222237077,0.277796346,2.044972703,2.218216969,0.080302974,0.143421111,0.65950815,0.34049185,0.2,0.440089586,0.421217457,57.7004004,16.30767248,9.456308531,1.004964744,08.11.2023 18:12,B-1,7.29E-06,0.6,0.6,5.45,5.34,3.81,3.64,1.53,PTQ10_321145,ITIC_120057,xylene,Jonas_DonorAcceptor-NoWidthOrderedDonor-No2bandHeight-NoInt_PTQ10:ITIC,Jonas_DonorAcceptor-NoWidthOrderedDonor-No2bandHeight-NoInt,0.40799214,26.10.2023 12:38,25390_189269_OD_x1y2,x1y2,0.010198933,0.6,0.6,3,2,0,0,1,0,0,0,1,0,0,0,75
25390,PTQ10_321145,ITIC_120057,xylene,0,26,2000,1.775967093,0.088059798,1.945924115,0.085,0.220707477,0.275884347,2.045484865,2.218449464,0.079103924,0.141279608,0.661333136,0.338666864,0.2,0.440089586,0.417163955,57.04339722,16.24902176,9.285419933,1.001772135,08.11.2023 18:12,A-1,6.43E-06,0.6,1.4,5.45,5.34,3.81,3.64,1.53,PTQ10_321145,ITIC_120057,xylene,Jonas_DonorAcceptor-NoWidthOrderedDonor-No2bandHeight-NoInt_PTQ10:ITIC,Jonas_DonorAcceptor-NoWidthOrderedDonor-No2bandHeight-NoInt,0.393641458,26.10.2023 12:38,25390_189269_OD_x1y1,x1y1,0.009959892,0.6,1.4,3,2,0,0,1,0,0,0,1,0,0,0,75
25390,PTQ10_321145,ITIC_120057,xylene,0,26,2000,1.776818226,0.087524212,1.944669404,0.085,0.224595091,0.280743864,2.044562147,2.217839791,0.083135531,0.148480059,0.654073198,0.345926802,0.2,0.440089586,0.429223923,56.78032467,16.08202088,9.151171683,1.002162643,08.11.2023 18:12,B-2,5.16E-06,1,0.6,5.45,5.34,3.81,3.64,1.53,PTQ10_321145,ITIC_120057,xylene,Jonas_DonorAcceptor-NoWidthOrderedDonor-No2bandHeight-NoInt_PTQ10:ITIC,Jonas_DonorAcceptor-NoWidthOrderedDonor-No2bandHeight-NoInt,0.427801442,26.10.2023 12:38,25390_189269_OD_x2y2,x2y2,0.010545607,1,0.6,3,2,0,0,1,0,0,0,1,0,0,0,75
25390,PTQ10_321145,ITIC_120057,xylene,0,26,2000,1.777123645,0.087479457,1.945082354,0.085,0.224063101,0.280078876,2.044498328,2.217644177,0.082972808,0.148189436,0.653979919,0.346020081,0.2,0.440089586,0.428268312,56.37353095,16.11511216,9.089969912,1.000584741,08.11.2023 18:12,A-2,4.82E-06,1,1.4,5.45,5.34,3.81,3.64,1.53,PTQ10_321145,ITIC_120057,xylene,Jonas_DonorAcceptor-NoWidthOrderedDonor-No2bandHeight-NoInt_PTQ10:ITIC,Jonas_DonorAcceptor-NoWidthOrderedDonor-No2bandHeight-NoInt,0.41475144,26.10.2023 12:38,25390_189269_OD_x2y1,x2y1,0.010348673,1,1.4,3,2,0,0,1,0,0,0,1,0,0,0,75
25391,PTQ10_321145,ITIC_120057,xylene,0,26,1000,1.783938552,0.076328365,1.942498194,0.070460818,0.288726958,0.360908698,2.047285445,2.213932563,0.134831247,0.240808607,0.59979777,0.40020223,0.2,0.440089586,0.601717305,53.98992893,15.39305811,8.367749393,1.006864434,08.11.2023 18:14,A-3,1.06E-06,1.4,1.4,5.45,5.34,3.81,3.64,1.53,PTQ10_321145,ITIC_120057,xylene,Jonas_DonorAcceptor-NoWidthOrderedDonor-No2bandHeight-NoInt_PTQ10:ITIC,Jonas_DonorAcceptor-NoWidthOrderedDonor-No2bandHeight-NoInt,0.310889313,26.10.2023 12:44,25391_189274_OD_x3y1,x3y1,0.009898501,1.4,1.4,3,2,0,0,1,0,0,0,1,0,0,0,76
25391,PTQ10_321145,ITIC_120057,xylene,0,26,1000,1.783735309,0.076644261,1.942051936,0.070988545,0.290307039,0.362883798,2.046841614,2.213319097,0.135586826,0.242158071,0.599766424,0.400233576,0.2,0.440089586,0.605041869,53.85773981,15.39483927,8.356601227,1.007874356,08.11.2023 18:14,B-2,2.10E-06,1,0.6,5.45,5.34,3.81,3.64,1.53,PTQ10_321145,ITIC_120057,xylene,Jonas_DonorAcceptor-NoWidthOrderedDonor-No2bandHeight-NoInt_PTQ10:ITIC,Jonas_DonorAcceptor-NoWidthOrderedDonor-No2bandHeight-NoInt,0.327693043,26.10.2023 12:44,25391_189274_OD_x2y2,x2y2,0.010167842,1,0.6,3,2,0,0,1,0,0,0,1,0,0,0,76
25391,PTQ10_321145,ITIC_120057,xylene,0,26,1000,1.783776088,0.075090527,1.939960589,0.069611559,0.293650226,0.367062783,2.045663159,2.212314757,0.141089227,0.251985359,0.592947071,0.407052929,0.2,0.440089586,0.619048142,52.97302943,15.65185112,8.340402582,1.00592707,08.11.2023 18:14,A-2,4.45E-06,1,1.4,5.45,5.34,3.81,3.64,1.53,PTQ10_321145,ITIC_120057,xylene,Jonas_DonorAcceptor-NoWidthOrderedDonor-No2bandHeight-NoInt_PTQ10:ITIC,Jonas_DonorAcceptor-NoWidthOrderedDonor-No2bandHeight-NoInt,0.280187369,26.10.2023 12:44,25391_189274_OD_x2y1,x2y1,0.009543976,1,1.4,3,2,0,0,1,0,0,0,1,0,0,0,76
25391,PTQ10_321145,ITIC_120057,xylene,0,26,1000,1.783441595,0.07405136,1.937007886,0.069032262,0.304156945,0.380196182,2.043683722,2.209563697,0.151640421,0.270829791,0.583995412,0.416004588,0.2,0.440089586,0.651025973,52.6707416,15.39230055,8.156787664,1.006111676,08.11.2023 18:14,B-1,2.52E-06,0.6,0.6,5.45,5.34,3.81,3.64,1.53,PTQ10_321145,ITIC_120057,xylene,Jonas_DonorAcceptor-NoWidthOrderedDonor-No2bandHeight-NoInt_PTQ10:ITIC,Jonas_DonorAcceptor-NoWidthOrderedDonor-No2bandHeight-NoInt,0.202610323,26.10.2023 12:44,25391_189274_OD_x1y2,x1y2,0.008408824,0.6,0.6,3,2,0,0,1,0,0,0,1,0,0,0,76
25392,PTQ10_321145,ITIC_120057,xylene,2,26,1000,1.780178781,0.079880424,1.943574332,0.071104619,0.30733157,0.384164462,2.049820962,2.216040159,0.136173807,0.243206419,0.612340282,0.387659718,0.2,0.440089586,0.627370881,54.91342376,15.9715459,8.927294528,1.017874858,08.11.2023 18:17,B-2,2.38E-06,1,0.6,5.45,5.34,3.81,3.64,1.53,PTQ10_321145,ITIC_120057,xylene,Jonas_DonorAcceptor-NoWidthOrderedDonor-No2bandHeight-NoInt_PTQ10:ITIC,Jonas_DonorAcceptor-NoWidthOrderedDonor-No2bandHeight-NoInt,0.385010055,26.10.2023 12:50,25392_189279_OD_x2y2,x2y2,0.011371445,1,0.6,3,2,0,0,1,0,0,0,1,0,0,0,77
25392,PTQ10_321145,ITIC_120057,xylene,2,26,1000,1.782730075,0.075116155,1.940480356,0.069401047,0.29848584,0.3731073,2.045244371,2.210751009,0.148885844,0.265910117,0.583876574,0.416123426,0.2,0.440089586,0.639017416,54.41343569,16.23053681,8.92203911,1.010241233,08.11.2023 18:17,B-3,2.68E-06,1.4,0.6,5.45,5.34,3.81,3.64,1.53,PTQ10_321145,ITIC_120057,xylene,Jonas_DonorAcceptor-NoWidthOrderedDonor-No2bandHeight-NoInt_PTQ10:ITIC,Jonas_DonorAcceptor-NoWidthOrderedDonor-No2bandHeight-NoInt,0.232565625,26.10.2023 12:50,25392_189279_OD_x3y2,x3y2,0.009255387,1.4,0.6,3,2,0,0,1,0,0,0,1,0,0,0,77
25392,PTQ10_321145,ITIC_120057,xylene,2,26,1000,1.782862256,0.076579695,1.943511519,0.070628683,0.292394341,0.365492926,2.046861218,2.21279461,0.139598874,0.249323589,0.594474802,0.405525198,0.2,0.440089586,0.614816514,53.91643826,16.12858123,8.801802234,1.012171828,08.11.2023 18:17,A-2,2.35E-06,1,1.4,5.45,5.34,3.81,3.64,1.53,PTQ10_321145,ITIC_120057,xylene,Jonas_DonorAcceptor-NoWidthOrderedDonor-No2bandHeight-NoInt_PTQ10:ITIC,Jonas_DonorAcceptor-NoWidthOrderedDonor-No2bandHeight-NoInt,0.297135639,26.10.2023 12:50,25392_189279_OD_x2y1,x2y1,0.010041828,1,1.4,3,2,0,0,1,0,0,0,1,0,0,0,77
25392,PTQ10_321145,ITIC_120057,xylene,2,26,1000,1.782735901,0.075233231,1.940776081,0.069507246,0.299424384,0.374280481,2.045351445,2.210920858,0.14872949,0.26563087,0.584894267,0.415105733,0.2,0.440089586,0.639911351,53.4978078,16.14592945,8.725771687,1.010194056,08.11.2023 18:17,A-3,2.11E-06,1.4,1.4,5.45,5.34,3.81,3.64,1.53,PTQ10_321145,ITIC_120057,xylene,Jonas_DonorAcceptor-NoWidthOrderedDonor-No2bandHeight-NoInt_PTQ10:ITIC,Jonas_DonorAcceptor-NoWidthOrderedDonor-No2bandHeight-NoInt,0.237457351,26.10.2023 12:50,25392_189279_OD_x3y1,x3y1,0.009374199,1.4,1.4,3,2,0,0,1,0,0,0,1,0,0,0,77
25393,PTQ10_321145,ITIC_120057,xylene,0,26,3000,1.771687085,0.08681372,1.948855932,0.082342684,0.182004016,0.22750502,2.047217884,2.219942531,0.056824894,0.10148926,0.691516642,0.308483358,0.2,0.440089586,0.32899428,57.88325199,14.7784869,8.350109425,0.976133625,08.11.2023 18:19,B-1,7.32E-06,0.6,0.6,5.45,5.34,3.81,3.64,1.53,PTQ10_321145,ITIC_120057,xylene,Jonas_DonorAcceptor-NoWidthOrderedDonor-No2bandHeight-NoInt_PTQ10:ITIC,Jonas_DonorAcceptor-NoWidthOrderedDonor-No2bandHeight-NoInt,0.174598704,26.10.2023 12:55,25393_189280_OD_x1y2,x1y2,0.005714296,0.6,0.6,3,2,0,0,1,0,0,0,1,0,0,0,78
25393,PTQ10_321145,ITIC_120057,xylene,0,26,3000,1.772658798,0.086822186,1.94956667,0.082291943,0.182099267,0.227624084,2.046900092,2.219472269,0.057483222,0.102665035,0.68916616,0.31083384,0.2,0.440089586,0.330289119,57.30490388,14.73451034,8.222829322,0.973853836,08.11.2023 18:19,B-2,1.19E-06,1,0.6,5.45,5.34,3.81,3.64,1.53,PTQ10_321145,ITIC_120057,xylene,Jonas_DonorAcceptor-NoWidthOrderedDonor-No2bandHeight-NoInt_PTQ10:ITIC,Jonas_DonorAcceptor-NoWidthOrderedDonor-No2bandHeight-NoInt,0.170040927,26.10.2023 12:55,25393_189280_OD_x2y2,x2y2,0.005646374,1,0.6,3,2,0,0,1,0,0,0,1,0,0,0,78
25393,PTQ10_321145,ITIC_120057,xylene,0,26,3000,1.772116099,0.086566337,1.948949508,0.082038064,0.18220656,0.2277582,2.047287127,2.219731223,0.057371521,0.102465537,0.689708747,0.310291253,0.2,0.440089586,0.330223738,56.98316507,14.56436449,8.02980516,0.967535481,08.11.2023 18:19,B-3,3.07E-06,1.4,0.6,5.45,5.34,3.81,3.64,1.53,PTQ10_321145,ITIC_120057,xylene,Jonas_DonorAcceptor-NoWidthOrderedDonor-No2bandHeight-NoInt_PTQ10:ITIC,Jonas_DonorAcceptor-NoWidthOrderedDonor-No2bandHeight-NoInt,0.163520687,26.10.2023 12:55,25393_189280_OD_x3y2,x3y2,0.005541058,1.4,0.6,3,2,0,0,1,0,0,0,1,0,0,0,78
25393,PTQ10_321145,ITIC_120057,xylene,0,26,3000,1.772163979,0.087138221,1.948609279,0.083136687,0.183973483,0.229966854,2.04628868,2.21941699,0.058382948,0.104271944,0.688031596,0.311968404,0.2,0.440089586,0.334238798,55.58302535,14.84372767,7.948932607,0.963437742,08.11.2023 18:19,A-2,1.54E-06,1,1.4,5.45,5.34,3.81,3.64,1.53,PTQ10_321145,ITIC_120057,xylene,Jonas_DonorAcceptor-NoWidthOrderedDonor-No2bandHeight-NoInt_PTQ10:ITIC,Jonas_DonorAcceptor-NoWidthOrderedDonor-No2bandHeight-NoInt,0.188909466,26.10.2023 12:55,25393_189280_OD_x2y1,x2y1,0.006053816,1,1.4,3,2,0,0,1,0,0,0,1,0,0,0,78
25394,PTQ10_321145,ITIC_120057,xylene,2,26,3000,1.772524078,0.087144433,1.955014412,0.079785592,0.17926617,0.224082713,2.050471608,2.220651928,0.056438567,0.100799281,0.689735711,0.310264289,0.2,0.440089586,0.324881993,59.13940465,14.63189696,8.467302506,0.978515014,08.11.2023 18:22,B-1,3.28E-06,0.6,0.6,5.45,5.34,3.81,3.64,1.53,PTQ10_321145,ITIC_120057,xylene,Jonas_DonorAcceptor-NoWidthOrderedDonor-No2bandHeight-NoInt_PTQ10:ITIC,Jonas_DonorAcceptor-NoWidthOrderedDonor-No2bandHeight-NoInt,0.148669132,26.10.2023 13:01,25394_189281_OD_x1y2,x1y2,0.005174194,0.6,0.6,3,2,0,0,1,0,0,0,1,0,0,0,79
25394,PTQ10_321145,ITIC_120057,xylene,2,26,3000,1.772158766,0.087209854,1.954626023,0.079900114,0.178937168,0.22367146,2.050252484,2.220555073,0.055866235,0.099777096,0.691520973,0.308479027,0.2,0.440089586,0.323448555,58.46898173,14.65625064,8.331831202,0.97228156,08.11.2023 18:22,A-1,1.07E-05,0.6,1.4,5.45,5.34,3.81,3.64,1.53,PTQ10_321145,ITIC_120057,xylene,Jonas_DonorAcceptor-NoWidthOrderedDonor-No2bandHeight-NoInt_PTQ10:ITIC,Jonas_DonorAcceptor-NoWidthOrderedDonor-No2bandHeight-NoInt,0.151039584,26.10.2023 13:01,25394_189281_OD_x1y1,x1y1,0.005177025,0.6,1.4,3,2,0,0,1,0,0,0,1,0,0,0,79
25394,PTQ10_321145,ITIC_120057,xylene,2,26,3000,1.772307891,0.087652163,1.954277066,0.080608249,0.181779358,0.227224197,2.049536221,2.220356162,0.057736764,0.103117861,0.687845194,0.312154806,0.2,0.440089586,0.330342058,57.87156203,14.67178267,8.264042565,0.973294917,08.11.2023 18:22,A-2,4.55E-06,1,1.4,5.45,5.34,3.81,3.64,1.53,PTQ10_321145,ITIC_120057,xylene,Jonas_DonorAcceptor-NoWidthOrderedDonor-No2bandHeight-NoInt_PTQ10:ITIC,Jonas_DonorAcceptor-NoWidthOrderedDonor-No2bandHeight-NoInt,0.176797635,26.10.2023 13:01,25394_189281_OD_x2y1,x2y1,0.00564858,1,1.4,3,2,0,0,1,0,0,0,1,0,0,0,79
25394,PTQ10_321145,ITIC_120057,xylene,2,26,3000,1.772916226,0.087076775,1.955340401,0.079543855,0.178763986,0.223454983,2.05048592,2.220346563,0.056433362,0.100789984,0.689154823,0.310845177,0.2,0.440089586,0.324244967,58.09048905,14.53762505,8.203998836,0.971464856,08.11.2023 18:22,B-2,2.63E-06,1,0.6,5.45,5.34,3.81,3.64,1.53,PTQ10_321145,ITIC_120057,xylene,Jonas_DonorAcceptor-NoWidthOrderedDonor-No2bandHeight-NoInt_PTQ10:ITIC,Jonas_DonorAcceptor-NoWidthOrderedDonor-No2bandHeight-NoInt,0.1469403,26.10.2023 13:01,25394_189281_OD_x2y2,x2y2,0.005121485,1,0.6,3,2,0,0,1,0,0,0,1,0,0,0,79
25395,PTQ10_321145,ITIC_120057,xylene,1,26,2000,1.772834943,0.088642753,1.949925028,0.085,0.205434325,0.256792906,2.046037836,2.219764617,0.070332559,0.12561395,0.671517527,0.328482473,0.2,0.440089586,0.382406856,60.49887856,15.49935208,9.429915981,1.005650225,08.11.2023 18:24,A-1,2.16E-06,0.6,1.4,5.45,5.34,3.81,3.64,1.53,PTQ10_321145,ITIC_120057,xylene,Jonas_DonorAcceptor-NoWidthOrderedDonor-No2bandHeight-NoInt_PTQ10:ITIC,Jonas_DonorAcceptor-NoWidthOrderedDonor-No2bandHeight-NoInt,0.293615961,26.10.2023 13:07,25395_189285_OD_x1y1,x1y1,0.008190762,0.6,1.4,3,2,0,0,1,0,0,0,1,0,0,0,80
25395,PTQ10_321145,ITIC_120057,xylene,1,26,2000,1.773602998,0.088423272,1.950551771,0.084737134,0.204399728,0.25549966,2.045959674,2.219352011,0.070386566,0.125710407,0.670233244,0.329766756,0.2,0.440089586,0.381210067,59.8360382,15.26167064,9.143986632,1.001314891,08.11.2023 18:24,B-3,1.53E-06,1.4,0.6,5.45,5.34,3.81,3.64,1.53,PTQ10_321145,ITIC_120057,xylene,Jonas_DonorAcceptor-NoWidthOrderedDonor-No2bandHeight-NoInt_PTQ10:ITIC,Jonas_DonorAcceptor-NoWidthOrderedDonor-No2bandHeight-NoInt,0.265047734,26.10.2023 13:07,25395_189285_OD_x3y2,x3y2,0.007792506,1.4,0.6,3,2,0,0,1,0,0,0,1,0,0,0,80
25395,PTQ10_321145,ITIC_120057,xylene,1,26,2000,1.773571818,0.088690542,1.950913231,0.085,0.205199221,0.256499026,2.046166377,2.219655815,0.070252841,0.125471573,0.671515102,0.328484898,0.2,0.440089586,0.3819706,59.01334998,15.40965851,9.09232016,0.999842139,08.11.2023 18:24,A-2,4.37E-06,1,1.4,5.45,5.34,3.81,3.64,1.53,PTQ10_321145,ITIC_120057,xylene,Jonas_DonorAcceptor-NoWidthOrderedDonor-No2bandHeight-NoInt_PTQ10:ITIC,Jonas_DonorAcceptor-NoWidthOrderedDonor-No2bandHeight-NoInt,0.287255106,26.10.2023 13:07,25395_189285_OD_x2y1,x2y1,0.008119794,1,1.4,3,2,0,0,1,0,0,0,1,0,0,0,80
25395,PTQ10_321145,ITIC_120057,xylene,1,26,2000,1.773784274,0.088457924,1.951048894,0.0845725,0.203812098,0.254765123,2.046012358,2.219325945,0.069803962,0.124669876,0.67143285,0.32856715,0.2,0.440089586,0.379434999,59.25066596,15.21130685,8.994892205,0.998013003,08.11.2023 18:24,B-2,1.88E-06,1,0.6,5.45,5.34,3.81,3.64,1.53,PTQ10_321145,ITIC_120057,xylene,Jonas_DonorAcceptor-NoWidthOrderedDonor-No2bandHeight-NoInt_PTQ10:ITIC,Jonas_DonorAcceptor-NoWidthOrderedDonor-No2bandHeight-NoInt,0.270143317,26.10.2023 13:07,25395_189285_OD_x2y2,x2y2,0.007826616,1,0.6,3,2,0,0,1,0,0,0,1,0,0,0,80
25396,PTQ10_321145,ITIC-4F_120033,xylene,0,30,2000,1.72787359,0.083272026,1.891272148,0.083424738,0.183667264,0.242073453,2.053190575,2.219015207,0.123670795,0.22087604,0.522893873,0.477106127,0.241274659,0.440089586,0.462949493,61.34446956,19.2354088,10.96548787,0.929289698,26.10.2023 16:36,A-1,6.63E-07,0.6,1.4,5.47,5.34,3.97,3.64,1.37,PTQ10_321145,ITIC-4F_120033,xylene,Jonas_DonorAcceptor-NoWidthOrderedDonor-No2bandHeight-NoInt_PTQ10:ITIC-4F,Jonas_DonorAcceptor-NoWidthOrderedDonor-No2bandHeight-NoInt,0.352084921,26.10.2023 13:36,25396_189312_OD_x1y1,x1y1,0.008669217,0.6,1.4,3,3,0,0,1,0,0,0,0,1,0,0,81
25396,PTQ10_321145,ITIC-4F_120033,xylene,0,30,2000,1.728424703,0.082581472,1.890830667,0.082580889,0.185176973,0.244063251,2.052664597,2.218794877,0.126103498,0.225220848,0.520075689,0.479924311,0.241274659,0.440089586,0.469284099,61.28574289,18.95748708,10.77946697,0.927805756,26.10.2023 16:36,A-3,1.60E-07,1.4,1.4,5.47,5.34,3.97,3.64,1.37,PTQ10_321145,ITIC-4F_120033,xylene,Jonas_DonorAcceptor-NoWidthOrderedDonor-No2bandHeight-NoInt_PTQ10:ITIC-4F,Jonas_DonorAcceptor-NoWidthOrderedDonor-No2bandHeight-NoInt,0.343566382,26.10.2023 13:36,25396_189312_OD_x3y1,x3y1,0.008722554,1.4,1.4,3,3,0,0,1,0,0,0,0,1,0,0,81
25396,PTQ10_321145,ITIC-4F_120033,xylene,0,30,2000,1.727851252,0.083044277,1.891047181,0.083026499,0.18399483,0.242505187,2.053118675,2.218941217,0.123974742,0.22141889,0.522726021,0.477273979,0.241274659,0.440089586,0.463924076,61.31265228,18.96306853,10.77208922,0.92649104,26.10.2023 16:36,B-1,3.02E-07,0.6,0.6,5.47,5.34,3.97,3.64,1.37,PTQ10_321145,ITIC-4F_120033,xylene,Jonas_DonorAcceptor-NoWidthOrderedDonor-No2bandHeight-NoInt_PTQ10:ITIC-4F,Jonas_DonorAcceptor-NoWidthOrderedDonor-No2bandHeight-NoInt,0.351889713,26.10.2023 13:36,25396_189312_OD_x1y2,x1y2,0.008738071,0.6,0.6,3,3,0,0,1,0,0,0,0,1,0,0,81
25396,PTQ10_321145,ITIC-4F_120033,xylene,0,30,2000,1.727688489,0.083148091,1.891646385,0.083221234,0.183974859,0.242478865,2.053265249,2.219229235,0.123777248,0.221066165,0.523096677,0.476903323,0.241274659,0.440089586,0.46354503,60.47768113,19.10403334,10.71843086,0.927707382,26.10.2023 16:36,A-2,2.82E-07,1,1.4,5.47,5.34,3.97,3.64,1.37,PTQ10_321145,ITIC-4F_120033,xylene,Jonas_DonorAcceptor-NoWidthOrderedDonor-No2bandHeight-NoInt_PTQ10:ITIC-4F,Jonas_DonorAcceptor-NoWidthOrderedDonor-No2bandHeight-NoInt,0.33487989,26.10.2023 13:36,25396_189312_OD_x2y1,x2y1,0.008487283,1,1.4,3,3,0,0,1,0,0,0,0,1,0,0,81
25397,PTQ10_321145,ITIC-4F_120033,xylene,0,28,2000,1.726433248,0.084553092,1.891862666,0.085086161,0.174773782,0.230351845,2.053132568,2.218243114,0.114351147,0.204231148,0.5300526,0.4699474,0.241274659,0.440089586,0.434582993,61.32865911,20.82221826,11.75831578,0.920777409,26.10.2023 16:38,A-1,1.53E-06,0.6,1.4,5.47,5.34,3.97,3.64,1.37,PTQ10_321145,ITIC-4F_120033,xylene,Jonas_DonorAcceptor-NoWidthOrderedDonor-No2bandHeight-NoInt_PTQ10:ITIC-4F,Jonas_DonorAcceptor-NoWidthOrderedDonor-No2bandHeight-NoInt,0.293939747,26.10.2023 13:42,25397_189345_OD_x1y1,x1y1,0.00759508,0.6,1.4,3,3,0,0,1,0,0,0,0,1,0,0,82
25397,PTQ10_321145,ITIC-4F_120033,xylene,0,28,2000,1.726833619,0.084143982,1.891835119,0.084530576,0.176141593,0.232154619,2.053298253,2.218430919,0.116014571,0.207202025,0.528396742,0.471603258,0.241274659,0.440089586,0.439356644,61.34916692,20.78441148,11.73838518,0.920580889,26.10.2023 16:38,A-3,1.16E-06,1.4,1.4,5.47,5.34,3.97,3.64,1.37,PTQ10_321145,ITIC-4F_120033,xylene,Jonas_DonorAcceptor-NoWidthOrderedDonor-No2bandHeight-NoInt_PTQ10:ITIC-4F,Jonas_DonorAcceptor-NoWidthOrderedDonor-No2bandHeight-NoInt,0.289045734,26.10.2023 13:42,25397_189345_OD_x3y1,x3y1,0.007623876,1.4,1.4,3,3,0,0,1,0,0,0,0,1,0,0,82
25397,PTQ10_321145,ITIC-4F_120033,xylene,0,28,2000,1.726254908,0.084573417,1.892098512,0.084792189,0.174683221,0.230232485,2.053180375,2.218145477,0.114025482,0.20364951,0.530633877,0.469366123,0.241274659,0.440089586,0.433881995,60.79648407,20.83669277,11.65743664,0.920228779,26.10.2023 16:38,A-2,6.75E-07,1,1.4,5.47,5.34,3.97,3.64,1.37,PTQ10_321145,ITIC-4F_120033,xylene,Jonas_DonorAcceptor-NoWidthOrderedDonor-No2bandHeight-NoInt_PTQ10:ITIC-4F,Jonas_DonorAcceptor-NoWidthOrderedDonor-No2bandHeight-NoInt,0.282120634,26.10.2023 13:42,25397_189345_OD_x2y1,x2y1,0.00745639,1,1.4,3,3,0,0,1,0,0,0,0,1,0,0,82
25397,PTQ10_321145,ITIC-4F_120033,xylene,0,28,2000,1.725774902,0.084877642,1.891975827,0.085737043,0.17348867,0.228658067,2.053387465,2.218404246,0.112250836,0.200479994,0.532831012,0.467168988,0.241274659,0.440089586,0.429138061,61.45394548,20.58105483,11.65055335,0.921147446,26.10.2023 16:38,B-1,2.01E-06,0.6,0.6,5.47,5.34,3.97,3.64,1.37,PTQ10_321145,ITIC-4F_120033,xylene,Jonas_DonorAcceptor-NoWidthOrderedDonor-No2bandHeight-NoInt_PTQ10:ITIC-4F,Jonas_DonorAcceptor-NoWidthOrderedDonor-No2bandHeight-NoInt,0.285121944,26.10.2023 13:42,25397_189345_OD_x1y2,x1y2,0.007400342,0.6,0.6,3,3,0,0,1,0,0,0,0,1,0,0,82
25398,PTQ10_321145,ITIC-4F_120033,xylene,0,26,2000,1.724091218,0.085542821,1.892988394,0.086244684,0.156912452,0.206810611,2.052884334,2.217796918,0.097373307,0.173908726,0.543210158,0.456789842,0.241274659,0.440089586,0.380719337,61.32271859,19.51181905,10.98185207,0.917817702,26.10.2023 16:40,B-1,5.01E-06,0.6,0.6,5.47,5.34,3.97,3.64,1.37,PTQ10_321145,ITIC-4F_120033,xylene,Jonas_DonorAcceptor-NoWidthOrderedDonor-No2bandHeight-NoInt_PTQ10:ITIC-4F,Jonas_DonorAcceptor-NoWidthOrderedDonor-No2bandHeight-NoInt,0.2175399,26.10.2023 13:48,25398_189356_OD_x1y2,x1y2,0.006042353,0.6,0.6,3,3,0,0,1,0,0,0,0,1,0,0,83
25398,PTQ10_321145,ITIC-4F_120033,xylene,0,26,2000,1.723734221,0.085762827,1.893043855,0.086493217,0.15525179,0.204621859,2.052760862,2.217740301,0.095694965,0.170911207,0.544883733,0.455116267,0.241274659,0.440089586,0.375533066,60.95041272,19.55155864,10.94281053,0.918270947,26.10.2023 16:40,A-1,1.44E-06,0.6,1.4,5.47,5.34,3.97,3.64,1.37,PTQ10_321145,ITIC-4F_120033,xylene,Jonas_DonorAcceptor-NoWidthOrderedDonor-No2bandHeight-NoInt_PTQ10:ITIC-4F,Jonas_DonorAcceptor-NoWidthOrderedDonor-No2bandHeight-NoInt,0.21563757,26.10.2023 13:48,25398_189356_OD_x1y1,x1y1,0.005949697,0.6,1.4,3,3,0,0,1,0,0,0,0,1,0,0,83
25398,PTQ10_321145,ITIC-4F_120033,xylene,0,26,2000,1.724229892,0.085289243,1.893223695,0.086076235,0.156398132,0.206132738,2.052921896,2.217637363,0.0965651,0.172465269,0.544463347,0.455536653,0.241274659,0.440089586,0.378598007,61.10133573,19.33023905,10.82776661,0.91675008,26.10.2023 16:40,B-3,4.78E-07,1.4,0.6,5.47,5.34,3.97,3.64,1.37,PTQ10_321145,ITIC-4F_120033,xylene,Jonas_DonorAcceptor-NoWidthOrderedDonor-No2bandHeight-NoInt_PTQ10:ITIC-4F,Jonas_DonorAcceptor-NoWidthOrderedDonor-No2bandHeight-NoInt,0.201913492,26.10.2023 13:48,25398_189356_OD_x3y2,x3y2,0.005833762,1.4,0.6,3,3,0,0,1,0,0,0,0,1,0,0,83
25398,PTQ10_321145,ITIC-4F_120033,xylene,0,26,2000,1.724271557,0.085134903,1.894140583,0.085757607,0.153273586,0.202014587,2.052391749,2.216893217,0.093521436,0.167029285,0.547399922,0.452600078,0.241274659,0.440089586,0.369043872,60.57097249,19.23173094,10.66909832,0.91589312,26.10.2023 16:40,A-3,8.79E-07,1.4,1.4,5.47,5.34,3.97,3.64,1.37,PTQ10_321145,ITIC-4F_120033,xylene,Jonas_DonorAcceptor-NoWidthOrderedDonor-No2bandHeight-NoInt_PTQ10:ITIC-4F,Jonas_DonorAcceptor-NoWidthOrderedDonor-No2bandHeight-NoInt,0.175707879,26.10.2023 13:48,25398_189356_OD_x3y1,x3y1,0.00537604,1.4,1.4,3,3,0,0,1,0,0,0,0,1,0,0,83
25399,PTQ10_321145,ITIC-4F_120033,xylene,0,26,1000,1.729754057,0.079781254,1.889286698,0.079480496,0.195776768,0.258033781,2.051705962,2.217888615,0.143694661,0.256638664,0.501355344,0.498644656,0.241274659,0.440089586,0.514672445,58.88497035,19.09630584,10.27442877,0.913700501,26.10.2023 16:43,A-1,5.47E-07,0.6,1.4,5.47,5.34,3.97,3.64,1.37,PTQ10_321145,ITIC-4F_120033,xylene,Jonas_DonorAcceptor-NoWidthOrderedDonor-No2bandHeight-NoInt_PTQ10:ITIC-4F,Jonas_DonorAcceptor-NoWidthOrderedDonor-No2bandHeight-NoInt,0.309255622,26.10.2023 13:53,25399_189366_OD_x1y1,x1y1,0.008939966,0.6,1.4,3,3,0,0,1,0,0,0,0,1,0,0,84
25399,PTQ10_321145,ITIC-4F_120033,xylene,0,26,1000,1.729558676,0.08042757,1.890040703,0.080034039,0.191722421,0.25269015,2.051862218,2.217819595,0.13802982,0.246521258,0.506178637,0.493821363,0.241274659,0.440089586,0.499211409,59.15737723,18.85388497,10.18082444,0.912794856,26.10.2023 16:43,B-2,4.67E-07,1,0.6,5.47,5.34,3.97,3.64,1.37,PTQ10_321145,ITIC-4F_120033,xylene,Jonas_DonorAcceptor-NoWidthOrderedDonor-No2bandHeight-NoInt_PTQ10:ITIC-4F,Jonas_DonorAcceptor-NoWidthOrderedDonor-No2bandHeight-NoInt,0.28080535,26.10.2023 13:53,25399_189366_OD_x2y2,x2y2,0.008334382,1,0.6,3,3,0,0,1,0,0,0,0,1,0,0,84
25399,PTQ10_321145,ITIC-4F_120033,xylene,0,26,1000,1.730392563,0.079437479,1.89028817,0.07927523,0.200049178,0.263664816,2.052321766,2.218368836,0.145355479,0.259604886,0.503879386,0.496120614,0.241274659,0.440089586,0.523269703,58.96014815,18.83087628,10.14067007,0.913350681,26.10.2023 16:43,B-1,2.78E-07,0.6,0.6,5.47,5.34,3.97,3.64,1.37,PTQ10_321145,ITIC-4F_120033,xylene,Jonas_DonorAcceptor-NoWidthOrderedDonor-No2bandHeight-NoInt_PTQ10:ITIC-4F,Jonas_DonorAcceptor-NoWidthOrderedDonor-No2bandHeight-NoInt,0.285969916,26.10.2023 13:53,25399_189366_OD_x1y2,x1y2,0.008606862,0.6,0.6,3,3,0,0,1,0,0,0,0,1,0,0,84
25399,PTQ10_321145,ITIC-4F_120033,xylene,0,26,1000,1.729538212,0.080493259,1.889911683,0.080204711,0.191126786,0.251905105,2.052062753,2.218059165,0.140160564,0.250326767,0.501571324,0.498428676,0.241274659,0.440089586,0.502231871,58.42459678,18.92712633,10.10544835,0.913850559,26.10.2023 16:43,A-2,3.97E-07,1,1.4,5.47,5.34,3.97,3.64,1.37,PTQ10_321145,ITIC-4F_120033,xylene,Jonas_DonorAcceptor-NoWidthOrderedDonor-No2bandHeight-NoInt_PTQ10:ITIC-4F,Jonas_DonorAcceptor-NoWidthOrderedDonor-No2bandHeight-NoInt,0.302632146,26.10.2023 13:53,25399_189366_OD_x2y1,x2y1,0.008652307,1,1.4,3,3,0,0,1,0,0,0,0,1,0,0,84
25400,PTQ10_321145,ITIC-4F_120033,xylene,2,26,1000,1.719440681,0.082796213,1.883272448,0.079844744,0.185372998,0.244321611,2.050053485,2.216657159,0.135406232,0.24183553,0.50255687,0.49744313,0.241274659,0.440089586,0.486157141,59.41473514,19.17563746,10.33563207,0.907179161,26.10.2023 16:45,A-2,1.60E-06,1,1.4,5.47,5.34,3.97,3.64,1.37,PTQ10_321145,ITIC-4F_120033,xylene,Jonas_DonorAcceptor-NoWidthOrderedDonor-No2bandHeight-NoInt_PTQ10:ITIC-4F,Jonas_DonorAcceptor-NoWidthOrderedDonor-No2bandHeight-NoInt,0.174977908,26.10.2023 13:59,25400_189372_OD_x2y1,x2y1,0.006745062,1,1.4,3,3,0,0,1,0,0,0,0,1,0,0,85
25400,PTQ10_321145,ITIC-4F_120033,xylene,2,26,1000,1.720203756,0.081641503,1.882848452,0.078770494,0.189611985,0.249908597,2.049913248,2.216602876,0.142241195,0.254042774,0.495898238,0.504101762,0.241274659,0.440089586,0.503951371,59.21380589,19.06044045,10.24155516,0.907423454,26.10.2023 16:45,B-2,2.64E-06,1,0.6,5.47,5.34,3.97,3.64,1.37,PTQ10_321145,ITIC-4F_120033,xylene,Jonas_DonorAcceptor-NoWidthOrderedDonor-No2bandHeight-NoInt_PTQ10:ITIC-4F,Jonas_DonorAcceptor-NoWidthOrderedDonor-No2bandHeight-NoInt,0.165506732,26.10.2023 13:59,25400_189372_OD_x2y2,x2y2,0.006798666,1,0.6,3,3,0,0,1,0,0,0,0,1,0,0,85
25400,PTQ10_321145,ITIC-4F_120033,xylene,2,26,1000,1.720684491,0.08097283,1.882856392,0.078202147,0.195407817,0.257547503,2.050068974,2.216890236,0.147256929,0.263000876,0.494761896,0.505238104,0.241274659,0.440089586,0.520548379,59.67674164,18.86112627,10.22232046,0.908190106,26.10.2023 16:45,B-1,1.73E-06,0.6,0.6,5.47,5.34,3.97,3.64,1.37,PTQ10_321145,ITIC-4F_120033,xylene,Jonas_DonorAcceptor-NoWidthOrderedDonor-No2bandHeight-NoInt_PTQ10:ITIC-4F,Jonas_DonorAcceptor-NoWidthOrderedDonor-No2bandHeight-NoInt,0.169782254,26.10.2023 13:59,25400_189372_OD_x1y2,x1y2,0.007010497,0.6,0.6,3,3,0,0,1,0,0,0,0,1,0,0,85
25400,PTQ10_321145,ITIC-4F_120033,xylene,2,26,1000,1.720234039,0.08180267,1.883556938,0.079302537,0.194027278,0.255727953,2.050304925,2.216901832,0.141647622,0.252982653,0.502698292,0.497301708,0.241274659,0.440089586,0.508710605,59.72602141,18.79364948,10.19784824,0.908518629,26.10.2023 16:45,A-1,1.68E-06,0.6,1.4,5.47,5.34,3.97,3.64,1.37,PTQ10_321145,ITIC-4F_120033,xylene,Jonas_DonorAcceptor-NoWidthOrderedDonor-No2bandHeight-NoInt_PTQ10:ITIC-4F,Jonas_DonorAcceptor-NoWidthOrderedDonor-No2bandHeight-NoInt,0.181460598,26.10.2023 13:59,25400_189372_OD_x1y1,x1y1,0.007082404,0.6,1.4,3,3,0,0,1,0,0,0,0,1,0,0,85
25401,PTQ10_321145,ITIC-4F_120033,xylene,0,26,3000,1.724287501,0.084021682,1.899835959,0.085759462,0.128233077,0.169011196,2.051070166,2.21278872,0.072118959,0.128804461,0.567502723,0.432497277,0.241274659,0.440089586,0.297815657,52.44801603,17.99807889,8.351173467,0.884692385,26.10.2023 16:47,B-1,3.42E-06,0.6,0.6,5.47,5.34,3.97,3.64,1.37,PTQ10_321145,ITIC-4F_120033,xylene,Jonas_DonorAcceptor-NoWidthOrderedDonor-No2bandHeight-NoInt_PTQ10:ITIC-4F,Jonas_DonorAcceptor-NoWidthOrderedDonor-No2bandHeight-NoInt,0.070267993,26.10.2023 14:05,25401_189373_OD_x1y2,x1y2,0.003015093,0.6,0.6,3,3,0,0,1,0,0,0,0,1,0,0,86
25401,PTQ10_321145,ITIC-4F_120033,xylene,0,26,3000,1.723870202,0.084182343,1.899870618,0.086041219,0.127555125,0.168117655,2.051051987,2.213058727,0.071577618,0.127837626,0.56805087,0.43194913,0.241274659,0.440089586,0.295955281,52.38307321,18.02099126,8.343858876,0.883888127,26.10.2023 16:47,A-1,2.15E-06,0.6,1.4,5.47,5.34,3.97,3.64,1.37,PTQ10_321145,ITIC-4F_120033,xylene,Jonas_DonorAcceptor-NoWidthOrderedDonor-No2bandHeight-NoInt_PTQ10:ITIC-4F,Jonas_DonorAcceptor-NoWidthOrderedDonor-No2bandHeight-NoInt,0.072531948,26.10.2023 14:05,25401_189373_OD_x1y1,x1y1,0.003065171,0.6,1.4,3,3,0,0,1,0,0,0,0,1,0,0,86
25401,PTQ10_321145,ITIC-4F_120033,xylene,0,26,3000,1.723393418,0.084117402,1.898303091,0.085708179,0.128719042,0.169651698,2.050522381,2.212114679,0.071654574,0.127975069,0.570014921,0.429985079,0.241274659,0.440089586,0.297626767,51.75332327,18.03285267,8.226706653,0.881502066,26.10.2023 16:47,A-2,2.26E-06,1,1.4,5.47,5.34,3.97,3.64,1.37,PTQ10_321145,ITIC-4F_120033,xylene,Jonas_DonorAcceptor-NoWidthOrderedDonor-No2bandHeight-NoInt_PTQ10:ITIC-4F,Jonas_DonorAcceptor-NoWidthOrderedDonor-No2bandHeight-NoInt,0.082185794,26.10.2023 14:05,25401_189373_OD_x2y1,x2y1,0.003285495,1,1.4,3,3,0,0,1,0,0,0,0,1,0,0,86
25401,PTQ10_321145,ITIC-4F_120033,xylene,0,26,3000,1.723460165,0.083846524,1.899005766,0.085692384,0.127772124,0.168403659,2.050901951,2.212959722,0.071052265,0.126899345,0.570274113,0.429725887,0.241274659,0.440089586,0.295303005,51.8165636,17.76133003,8.09836538,0.879940436,26.10.2023 16:47,A-3,2.30E-06,1.4,1.4,5.47,5.34,3.97,3.64,1.37,PTQ10_321145,ITIC-4F_120033,xylene,Jonas_DonorAcceptor-NoWidthOrderedDonor-No2bandHeight-NoInt_PTQ10:ITIC-4F,Jonas_DonorAcceptor-NoWidthOrderedDonor-No2bandHeight-NoInt,0.066356109,26.10.2023 14:05,25401_189373_OD_x3y1,x3y1,0.002941092,1.4,1.4,3,3,0,0,1,0,0,0,0,1,0,0,86
25402,PTQ10_321145,ITIC-4F_120033,xylene,2,26,3000,1.715871439,0.085963029,1.893828745,0.085047397,0.127382267,0.167889828,2.047662988,2.209268151,0.075005034,0.13395899,0.556205019,0.443794981,0.241274659,0.440089586,0.301848818,51.05801948,18.04362462,7.992253876,0.867524049,26.10.2023 16:49,A-3,4.39E-06,1.4,1.4,5.47,5.34,3.97,3.64,1.37,PTQ10_321145,ITIC-4F_120033,xylene,Jonas_DonorAcceptor-NoWidthOrderedDonor-No2bandHeight-NoInt_PTQ10:ITIC-4F,Jonas_DonorAcceptor-NoWidthOrderedDonor-No2bandHeight-NoInt,0.052859556,26.10.2023 14:11,25402_189376_OD_x3y1,x3y1,0.002577597,1.4,1.4,3,3,0,0,1,0,0,0,0,1,0,0,87
25402,PTQ10_321145,ITIC-4F_120033,xylene,2,26,3000,1.716505649,0.086266463,1.894519694,0.085212247,0.12889307,0.169881067,2.048030637,2.209746071,0.076709409,0.137003005,0.553567559,0.446432441,0.241274659,0.440089586,0.306884072,50.0382302,18.08926177,7.843826297,0.866573059,26.10.2023 16:49,B-2,3.96E-06,1,0.6,5.47,5.34,3.97,3.64,1.37,PTQ10_321145,ITIC-4F_120033,xylene,Jonas_DonorAcceptor-NoWidthOrderedDonor-No2bandHeight-NoInt_PTQ10:ITIC-4F,Jonas_DonorAcceptor-NoWidthOrderedDonor-No2bandHeight-NoInt,0.05506997,26.10.2023 14:11,25402_189376_OD_x2y2,x2y2,0.002647114,1,0.6,3,3,0,0,1,0,0,0,0,1,0,0,87
25402,PTQ10_321145,ITIC-4F_120033,xylene,2,26,3000,1.716620471,0.086179919,1.895138947,0.085251288,0.127005248,0.167392917,2.047822807,2.209162461,0.074249629,0.132609837,0.557971269,0.442028731,0.241274659,0.440089586,0.300002754,48.86598296,18.02024074,7.545043057,0.856829666,26.10.2023 16:49,B-1,7.09E-06,0.6,0.6,5.47,5.34,3.97,3.64,1.37,PTQ10_321145,ITIC-4F_120033,xylene,Jonas_DonorAcceptor-NoWidthOrderedDonor-No2bandHeight-NoInt_PTQ10:ITIC-4F,Jonas_DonorAcceptor-NoWidthOrderedDonor-No2bandHeight-NoInt,0.054297889,26.10.2023 14:11,25402_189376_OD_x1y2,x1y2,0.00257812,0.6,0.6,3,3,0,0,1,0,0,0,0,1,0,0,87
25402,PTQ10_321145,ITIC-4F_120033,xylene,2,26,3000,1.716135104,0.08574698,1.894340256,0.084840647,0.125713337,0.165690178,2.047532751,2.208930506,0.073386667,0.131068587,0.558332887,0.441667113,0.241274659,0.440089586,0.296758764,48.80235798,17.8315803,7.434537062,0.854325345,26.10.2023 16:49,B-3,3.62E-06,1.4,0.6,5.47,5.34,3.97,3.64,1.37,PTQ10_321145,ITIC-4F_120033,xylene,Jonas_DonorAcceptor-NoWidthOrderedDonor-No2bandHeight-NoInt_PTQ10:ITIC-4F,Jonas_DonorAcceptor-NoWidthOrderedDonor-No2bandHeight-NoInt,0.05234816,26.10.2023 14:11,25402_189376_OD_x3y2,x3y2,0.002517113,1.4,0.6,3,3,0,0,1,0,0,0,0,1,0,0,87
25609,D18CL_323001,BTP-4F-12 (Y12)_321125,CF,0,18,2000,1.545720332,0.072639573,1.712177168,0.098702615,0.411393071,0.632722543,2.108796305,2.298818902,0.426393891,0.672423167,0.484790731,0.515209269,0.349804941,0.365884591,1.30514571,43.631411,24.76582966,9.609114002,0.889265014,03.11.2023 13:46,B-2,7.53E-07,1,0.6,5.53,5.34,3.77,3.31,1.57,D18CL_323001,BTP-4F-12 (Y12)_321125,CF,Jonas_DonorAcceptor-NoWidthOrderedDonor-No2bandHeight-NoInt_D18CL:BTP-4F-12 (Y12),Jonas_DonorAcceptor-NoWidthOrderedDonor-No2bandHeight-NoInt,0.06983861,03.11.2023 10:37,25609_192625_OD_x2y2,x2y2,0.01590271,1,0.6,5,1,0,0,0,0,1,1,0,0,0,0,121
25609,D18CL_323001,BTP-4F-12 (Y12)_321125,CF,0,18,2000,1.547816788,0.073012952,1.712853855,0.099015044,0.44031142,0.677198964,2.110315401,2.300075963,0.468685512,0.739117053,0.478141147,0.521858853,0.349804941,0.365884591,1.416316017,40.78553829,23.93506213,8.674791548,0.888624515,03.11.2023 13:46,B-3,8.84E-07,1.4,0.6,5.53,5.34,3.77,3.31,1.57,D18CL_323001,BTP-4F-12 (Y12)_321125,CF,Jonas_DonorAcceptor-NoWidthOrderedDonor-No2bandHeight-NoInt_D18CL:BTP-4F-12 (Y12),Jonas_DonorAcceptor-NoWidthOrderedDonor-No2bandHeight-NoInt,0.08534481,03.11.2023 10:37,25609_192625_OD_x3y2,x3y2,0.018157476,1.4,0.6,5,1,0,0,0,0,1,1,0,0,0,0,121
25610,D18CL_323001,BTP-4F-12 (Y12)_321125,CF,0,15.5,2000,1.546087271,0.070891498,1.71274837,0.097110551,0.351704923,0.540922172,2.10720875,2.297530189,0.367467834,0.579496775,0.482785635,0.517214365,0.349804941,0.365884591,1.120418947,50.92519935,24.7636075,11.2246651,0.890075286,03.11.2023 13:48,A-3,2.66E-07,1.4,1.4,5.53,5.34,3.77,3.31,1.57,D18CL_323001,BTP-4F-12 (Y12)_321125,CF,Jonas_DonorAcceptor-NoWidthOrderedDonor-No2bandHeight-NoInt_D18CL:BTP-4F-12 (Y12),Jonas_DonorAcceptor-NoWidthOrderedDonor-No2bandHeight-NoInt,0.075000049,03.11.2023 10:43,25610_192635_OD_x3y1,x3y1,0.015733269,1.4,1.4,5,1,0,0,0,0,1,1,0,0,0,0,122
25610,D18CL_323001,BTP-4F-12 (Y12)_321125,CF,0,15.5,2000,1.545858191,0.071447624,1.712587936,0.097440179,0.366272991,0.56332786,2.107385274,2.297405365,0.381408602,0.601481365,0.483622423,0.516377577,0.349804941,0.365884591,1.164809226,49.05253792,25.0278333,10.90810542,0.888514645,03.11.2023 13:48,A-2,5.25E-07,1,1.4,5.53,5.34,3.77,3.31,1.57,D18CL_323001,BTP-4F-12 (Y12)_321125,CF,Jonas_DonorAcceptor-NoWidthOrderedDonor-No2bandHeight-NoInt_D18CL:BTP-4F-12 (Y12),Jonas_DonorAcceptor-NoWidthOrderedDonor-No2bandHeight-NoInt,0.068741166,03.11.2023 10:43,25610_192635_OD_x2y1,x2y1,0.015154241,1,1.4,5,1,0,0,0,0,1,1,0,0,0,0,122
25611,D18CL_323001,BTP-4F-12 (Y12)_321125,CF,0,11.5,2000,1.543076451,0.075904,1.709112074,0.101734156,0.21857431,0.336167289,2.1088255,2.298715919,0.216516909,0.341447165,0.496104071,0.503895929,0.349804941,0.365884591,0.677614454,64.07587115,25.21062706,14.53426193,0.899735415,03.11.2023 13:51,A-1,4.29E-06,0.6,1.4,5.53,5.34,3.77,3.31,1.57,D18CL_323001,BTP-4F-12 (Y12)_321125,CF,Jonas_DonorAcceptor-NoWidthOrderedDonor-No2bandHeight-NoInt_D18CL:BTP-4F-12 (Y12),Jonas_DonorAcceptor-NoWidthOrderedDonor-No2bandHeight-NoInt,0.080246801,03.11.2023 10:48,25611_192640_OD_x1y1,x1y1,0.011063222,0.6,1.4,5,1,0,0,0,0,1,1,0,0,0,0,123
25611,D18CL_323001,BTP-4F-12 (Y12)_321125,CF,0,11.5,2000,1.544066273,0.074390029,1.709971396,0.100473211,0.224048876,0.344587171,2.109171836,2.299063847,0.226523383,0.357227376,0.490994626,0.509005374,0.349804941,0.365884591,0.701814547,63.88413277,24.75979527,14.2107504,0.898414926,03.11.2023 13:51,B-3,2.05E-06,1.4,0.6,5.53,5.34,3.77,3.31,1.57,D18CL_323001,BTP-4F-12 (Y12)_321125,CF,Jonas_DonorAcceptor-NoWidthOrderedDonor-No2bandHeight-NoInt_D18CL:BTP-4F-12 (Y12),Jonas_DonorAcceptor-NoWidthOrderedDonor-No2bandHeight-NoInt,0.072638101,03.11.2023 10:48,25611_192640_OD_x3y2,x3y2,0.010881782,1.4,0.6,5,1,0,0,0,0,1,1,0,0,0,0,123
25611,D18CL_323001,BTP-4F-12 (Y12)_321125,CF,0,11.5,2000,1.545456622,0.073931332,1.710321637,0.100414725,0.22314004,0.343189382,2.109470933,2.299521941,0.223917386,0.353117718,0.49287072,0.50712928,0.349804941,0.365884591,0.6963071,63.02906363,24.94668325,14.15162046,0.900020713,03.11.2023 13:51,A-2,2.81E-06,1,1.4,5.53,5.34,3.77,3.31,1.57,D18CL_323001,BTP-4F-12 (Y12)_321125,CF,Jonas_DonorAcceptor-NoWidthOrderedDonor-No2bandHeight-NoInt_D18CL:BTP-4F-12 (Y12),Jonas_DonorAcceptor-NoWidthOrderedDonor-No2bandHeight-NoInt,0.078551955,03.11.2023 10:48,25611_192640_OD_x2y1,x2y1,0.011272707,1,1.4,5,1,0,0,0,0,1,1,0,0,0,0,123
25611,D18CL_323001,BTP-4F-12 (Y12)_321125,CF,0,11.5,2000,1.544279454,0.075007004,1.710010529,0.10095143,0.223200082,0.343281726,2.10899583,2.299008729,0.2232078,0.351998701,0.493731324,0.506268676,0.349804941,0.365884591,0.695280427,63.09553782,24.84121445,14.07027894,0.897700024,03.11.2023 13:51,B-1,3.94E-06,0.6,0.6,5.53,5.34,3.77,3.31,1.57,D18CL_323001,BTP-4F-12 (Y12)_321125,CF,Jonas_DonorAcceptor-NoWidthOrderedDonor-No2bandHeight-NoInt_D18CL:BTP-4F-12 (Y12),Jonas_DonorAcceptor-NoWidthOrderedDonor-No2bandHeight-NoInt,0.076671532,03.11.2023 10:48,25611_192640_OD_x1y2,x1y2,0.011056297,0.6,0.6,5,1,0,0,0,0,1,1,0,0,0,0,123
25612,D18CL_323001,BTP-4F-12 (Y12)_321125,CF,0,11.5,1000,1.545882802,0.070087491,1.712584179,0.096426941,0.300689477,0.462460415,2.106969242,2.298589042,0.317116279,0.500092372,0.480452004,0.519547996,0.349804941,0.365884591,0.962552787,54.15392183,24.84243333,11.99082861,0.89130255,03.11.2023 13:53,A-2,1.58E-06,1,1.4,5.53,5.34,3.77,3.31,1.57,D18CL_323001,BTP-4F-12 (Y12)_321125,CF,Jonas_DonorAcceptor-NoWidthOrderedDonor-No2bandHeight-NoInt_D18CL:BTP-4F-12 (Y12),Jonas_DonorAcceptor-NoWidthOrderedDonor-No2bandHeight-NoInt,0.076033003,03.11.2023 10:54,25612_192648_OD_x2y1,x2y1,0.014494959,1,1.4,5,1,0,0,0,0,1,1,0,0,0,0,124
25612,D18CL_323001,BTP-4F-12 (Y12)_321125,CF,0,11.5,1000,1.547077106,0.069879289,1.713046283,0.096391347,0.332589694,0.511522949,2.107195174,2.297581022,0.349318992,0.550876051,0.481479133,0.518520867,0.349804941,0.365884591,1.062399,52.87844801,25.41606416,11.99010519,0.892146128,03.11.2023 13:53,A-1,7.39E-06,0.6,1.4,5.53,5.34,3.77,3.31,1.57,D18CL_323001,BTP-4F-12 (Y12)_321125,CF,Jonas_DonorAcceptor-NoWidthOrderedDonor-No2bandHeight-NoInt_D18CL:BTP-4F-12 (Y12),Jonas_DonorAcceptor-NoWidthOrderedDonor-No2bandHeight-NoInt,0.076267841,03.11.2023 10:54,25612_192648_OD_x1y1,x1y1,0.015540643,0.6,1.4,5,1,0,0,0,0,1,1,0,0,0,0,124
25612,D18CL_323001,BTP-4F-12 (Y12)_321125,CF,0,11.5,1000,1.546250953,0.070486471,1.712834594,0.096697248,0.33391956,0.513568283,2.107094169,2.297359248,0.351043021,0.553594844,0.481246278,0.518753722,0.349804941,0.365884591,1.067163128,51.77429149,24.64803243,11.32777502,0.887663156,03.11.2023 13:53,B-2,2.43E-06,1,0.6,5.53,5.34,3.77,3.31,1.57,D18CL_323001,BTP-4F-12 (Y12)_321125,CF,Jonas_DonorAcceptor-NoWidthOrderedDonor-No2bandHeight-NoInt_D18CL:BTP-4F-12 (Y12),Jonas_DonorAcceptor-NoWidthOrderedDonor-No2bandHeight-NoInt,0.076102186,03.11.2023 10:54,25612_192648_OD_x2y2,x2y2,0.015569904,1,0.6,5,1,0,0,0,0,1,1,0,0,0,0,124
25613,D18CL_323001,BTP-4F-12 (Y12)_321125,CF,2,11.5,1000,1.523991584,0.070460929,1.700399794,0.098475923,0.286756782,0.44103193,2.111285506,2.299268318,0.293762913,0.463264113,0.487707464,0.512292536,0.349804941,0.365884591,0.904296044,57.54494539,24.63533609,12.3602318,0.871888484,03.11.2023 13:56,A-2,3.65E-06,1,1.4,5.53,5.34,3.77,3.31,1.57,D18CL_323001,BTP-4F-12 (Y12)_321125,CF,Jonas_DonorAcceptor-NoWidthOrderedDonor-No2bandHeight-NoInt_D18CL:BTP-4F-12 (Y12),Jonas_DonorAcceptor-NoWidthOrderedDonor-No2bandHeight-NoInt,0.064086329,03.11.2023 11:00,25613_192659_OD_x2y1,x2y1,0.013438723,1,1.4,5,1,0,0,0,0,1,1,0,0,0,0,125
25613,D18CL_323001,BTP-4F-12 (Y12)_321125,CF,2,11.5,1000,1.52321504,0.071127365,1.700142616,0.098828803,0.34549751,0.531375171,2.110475657,2.298346452,0.354432713,0.558940388,0.487359064,0.512640936,0.349804941,0.365884591,1.090315558,51.46410148,24.61885863,11.00461885,0.868565742,03.11.2023 13:56,B-2,3.11E-06,1,0.6,5.53,5.34,3.77,3.31,1.57,D18CL_323001,BTP-4F-12 (Y12)_321125,CF,Jonas_DonorAcceptor-NoWidthOrderedDonor-No2bandHeight-NoInt_D18CL:BTP-4F-12 (Y12),Jonas_DonorAcceptor-NoWidthOrderedDonor-No2bandHeight-NoInt,0.072682368,03.11.2023 11:00,25613_192659_OD_x2y2,x2y2,0.015863993,1,0.6,5,1,0,0,0,0,1,1,0,0,0,0,125
25614,D18CL_323001,BTP-4F-12 (Y12)_321125,CF,0,11.5,3000,1.536693736,0.081530006,1.703535116,0.107559223,0.182903134,0.28130502,2.105565981,2.292606571,0.166035487,0.261837963,0.517920748,0.482079252,0.349804941,0.365884591,0.543142983,65.36217902,26.34011454,15.54640782,0.902996101,03.11.2023 13:58,A-3,2.08E-06,1.4,1.4,5.53,5.34,3.77,3.31,1.57,D18CL_323001,BTP-4F-12 (Y12)_321125,CF,Jonas_DonorAcceptor-NoWidthOrderedDonor-No2bandHeight-NoInt_D18CL:BTP-4F-12 (Y12),Jonas_DonorAcceptor-NoWidthOrderedDonor-No2bandHeight-NoInt,0.103557493,03.11.2023 11:06,25614_192668_OD_x3y1,x3y1,0.01071123,1.4,1.4,5,1,0,0,0,0,1,1,0,0,0,0,126
25614,D18CL_323001,BTP-4F-12 (Y12)_321125,CF,0,11.5,3000,1.53831235,0.080992728,1.704684737,0.106868831,0.187594786,0.288520781,2.106667093,2.294362824,0.175974616,0.27751197,0.509724535,0.490275465,0.349804941,0.365884591,0.56603275,65.15944944,26.25488763,15.44520478,0.902830248,03.11.2023 13:58,A-1,3.26E-06,0.6,1.4,5.53,5.34,3.77,3.31,1.57,D18CL_323001,BTP-4F-12 (Y12)_321125,CF,Jonas_DonorAcceptor-NoWidthOrderedDonor-No2bandHeight-NoInt_D18CL:BTP-4F-12 (Y12),Jonas_DonorAcceptor-NoWidthOrderedDonor-No2bandHeight-NoInt,0.102309734,03.11.2023 11:06,25614_192668_OD_x1y1,x1y1,0.010973212,0.6,1.4,5,1,0,0,0,0,1,1,0,0,0,0,126
25614,D18CL_323001,BTP-4F-12 (Y12)_321125,CF,0,11.5,3000,1.536221753,0.081562767,1.703204706,0.107570985,0.181434276,0.279045916,2.105578666,2.292710452,0.164260582,0.259038938,0.518590914,0.481409086,0.349804941,0.365884591,0.538084854,65.1777302,26.15746873,15.37961584,0.902091396,03.11.2023 13:58,B-3,7.77E-06,1.4,0.6,5.53,5.34,3.77,3.31,1.57,D18CL_323001,BTP-4F-12 (Y12)_321125,CF,Jonas_DonorAcceptor-NoWidthOrderedDonor-No2bandHeight-NoInt_D18CL:BTP-4F-12 (Y12),Jonas_DonorAcceptor-NoWidthOrderedDonor-No2bandHeight-NoInt,0.101817678,03.11.2023 11:06,25614_192668_OD_x3y2,x3y2,0.01059125,1.4,0.6,5,1,0,0,0,0,1,1,0,0,0,0,126
25614,D18CL_323001,BTP-4F-12 (Y12)_321125,CF,0,11.5,3000,1.537858088,0.080884759,1.704354455,0.106908112,0.187915029,0.289013315,2.106317842,2.293904346,0.172030313,0.271291804,0.515814161,0.484185839,0.349804941,0.365884591,0.560305118,64.33378981,26.43011818,15.34650171,0.902549752,03.11.2023 13:58,A-2,2.34E-06,1,1.4,5.53,5.34,3.77,3.31,1.57,D18CL_323001,BTP-4F-12 (Y12)_321125,CF,Jonas_DonorAcceptor-NoWidthOrderedDonor-No2bandHeight-NoInt_D18CL:BTP-4F-12 (Y12),Jonas_DonorAcceptor-NoWidthOrderedDonor-No2bandHeight-NoInt,0.106782991,03.11.2023 11:06,25614_192668_OD_x2y1,x2y1,0.011137554,1,1.4,5,1,0,0,0,0,1,1,0,0,0,0,126
25615,D18CL_323001,BTP-4F-12 (Y12)_321125,CF,2,11.5,3000,1.515827479,0.079165864,1.69436351,0.106700036,0.190374508,0.292795993,2.110708836,2.295223664,0.180134894,0.284072728,0.507560875,0.492439125,0.349804941,0.365884591,0.576868722,63.17058234,26.67671347,14.81934336,0.879390473,03.11.2023 14:01,A-1,5.78E-06,0.6,1.4,5.53,5.34,3.77,3.31,1.57,D18CL_323001,BTP-4F-12 (Y12)_321125,CF,Jonas_DonorAcceptor-NoWidthOrderedDonor-No2bandHeight-NoInt_D18CL:BTP-4F-12 (Y12),Jonas_DonorAcceptor-NoWidthOrderedDonor-No2bandHeight-NoInt,0.05876048,03.11.2023 11:11,25615_192721_OD_x1y1,x1y1,0.008391575,0.6,1.4,5,1,0,0,0,0,1,1,0,0,0,0,127
25615,D18CL_323001,BTP-4F-12 (Y12)_321125,CF,2,11.5,3000,1.511682292,0.080357153,1.69217608,0.108233417,0.183303592,0.281920924,2.108523656,2.29359441,0.161970759,0.255427887,0.52465162,0.47534838,0.349804941,0.365884591,0.537348811,63.10958752,26.35404816,14.59552983,0.877560745,03.11.2023 14:01,B-1,7.81E-06,0.6,0.6,5.53,5.34,3.77,3.31,1.57,D18CL_323001,BTP-4F-12 (Y12)_321125,CF,Jonas_DonorAcceptor-NoWidthOrderedDonor-No2bandHeight-NoInt_D18CL:BTP-4F-12 (Y12),Jonas_DonorAcceptor-NoWidthOrderedDonor-No2bandHeight-NoInt,0.053634274,03.11.2023 11:11,25615_192721_OD_x1y2,x1y2,0.007502454,0.6,0.6,5,1,0,0,0,0,1,1,0,0,0,0,127
25615,D18CL_323001,BTP-4F-12 (Y12)_321125,CF,2,11.5,3000,1.5122942,0.080134065,1.692585967,0.107976088,0.184317842,0.283480842,2.108884744,2.293821878,0.164617908,0.259602442,0.521984105,0.478015895,0.349804941,0.365884591,0.543083283,63.21486289,26.23418339,14.5645028,0.878231303,03.11.2023 14:01,A-3,4.00E-06,1.4,1.4,5.53,5.34,3.77,3.31,1.57,D18CL_323001,BTP-4F-12 (Y12)_321125,CF,Jonas_DonorAcceptor-NoWidthOrderedDonor-No2bandHeight-NoInt_D18CL:BTP-4F-12 (Y12),Jonas_DonorAcceptor-NoWidthOrderedDonor-No2bandHeight-NoInt,0.053992684,03.11.2023 11:11,25615_192721_OD_x3y1,x3y1,0.007616672,1.4,1.4,5,1,0,0,0,0,1,1,0,0,0,0,127
25615,D18CL_323001,BTP-4F-12 (Y12)_321125,CF,2,11.5,3000,1.512593727,0.080039872,1.692785273,0.107762027,0.18620899,0.286389427,2.109069215,2.294146037,0.166825851,0.263084367,0.521206707,0.478793293,0.349804941,0.365884591,0.549473795,62.56902869,26.45380875,14.53410805,0.878093499,03.11.2023 14:01,A-2,4.63E-06,1,1.4,5.53,5.34,3.77,3.31,1.57,D18CL_323001,BTP-4F-12 (Y12)_321125,CF,Jonas_DonorAcceptor-NoWidthOrderedDonor-No2bandHeight-NoInt_D18CL:BTP-4F-12 (Y12),Jonas_DonorAcceptor-NoWidthOrderedDonor-No2bandHeight-NoInt,0.055018457,03.11.2023 11:11,25615_192721_OD_x2y1,x2y1,0.007747886,1,1.4,5,1,0,0,0,0,1,1,0,0,0,0,127
25616,D18CL_323001,BTP-4F-12 (Y12)_321125,CF,1,11.5,2000,1.520918249,0.074653617,1.69772175,0.102300903,0.223058452,0.343063899,2.112284794,2.300080597,0.218634374,0.344786409,0.498747904,0.501252096,0.349804941,0.365884591,0.687850307,63.42948568,25.48007547,14.17983164,0.877362715,03.11.2023 14:03,A-1,4.99E-06,0.6,1.4,5.53,5.34,3.77,3.31,1.57,D18CL_323001,BTP-4F-12 (Y12)_321125,CF,Jonas_DonorAcceptor-NoWidthOrderedDonor-No2bandHeight-NoInt_D18CL:BTP-4F-12 (Y12),Jonas_DonorAcceptor-NoWidthOrderedDonor-No2bandHeight-NoInt,0.055622598,03.11.2023 11:17,25616_192738_OD_x1y1,x1y1,0.0096108,0.6,1.4,5,1,0,0,0,0,1,1,0,0,0,0,128
25616,D18CL_323001,BTP-4F-12 (Y12)_321125,CF,1,11.5,2000,1.520648454,0.074476481,1.697667925,0.102363945,0.223030146,0.343020365,2.112556264,2.300448802,0.217614681,0.343178352,0.499884882,0.500115118,0.349804941,0.365884591,0.686198717,62.4028733,25.18689874,13.77240817,0.876255188,03.11.2023 14:03,A-2,3.29E-06,1,1.4,5.53,5.34,3.77,3.31,1.57,D18CL_323001,BTP-4F-12 (Y12)_321125,CF,Jonas_DonorAcceptor-NoWidthOrderedDonor-No2bandHeight-NoInt_D18CL:BTP-4F-12 (Y12),Jonas_DonorAcceptor-NoWidthOrderedDonor-No2bandHeight-NoInt,0.056405401,03.11.2023 11:17,25616_192738_OD_x2y1,x2y1,0.009716171,1,1.4,5,1,0,0,0,0,1,1,0,0,0,0,128
25616,D18CL_323001,BTP-4F-12 (Y12)_321125,CF,1,11.5,2000,1.520690068,0.074996442,1.697537334,0.102600359,0.220378468,0.338942083,2.112208644,2.299966549,0.215823032,0.340352922,0.498961542,0.501038458,0.349804941,0.365884591,0.679295005,61.89587352,25.28472635,13.7047732,0.875693041,03.11.2023 14:03,B-1,1.60E-05,0.6,0.6,5.53,5.34,3.77,3.31,1.57,D18CL_323001,BTP-4F-12 (Y12)_321125,CF,Jonas_DonorAcceptor-NoWidthOrderedDonor-No2bandHeight-NoInt_D18CL:BTP-4F-12 (Y12),Jonas_DonorAcceptor-NoWidthOrderedDonor-No2bandHeight-NoInt,0.055380462,03.11.2023 11:17,25616_192738_OD_x1y2,x1y2,0.009446739,0.6,0.6,5,1,0,0,0,0,1,1,0,0,0,0,128
25616,D18CL_323001,BTP-4F-12 (Y12)_321125,CF,1,11.5,2000,1.520716251,0.074635663,1.697665189,0.102330224,0.222455991,0.342137314,2.112261223,2.300092943,0.217642679,0.343222505,0.499208305,0.500791695,0.349804941,0.365884591,0.685359819,62.94069412,24.81899319,13.6936232,0.876602461,03.11.2023 14:03,A-3,2.93E-06,1.4,1.4,5.53,5.34,3.77,3.31,1.57,D18CL_323001,BTP-4F-12 (Y12)_321125,CF,Jonas_DonorAcceptor-NoWidthOrderedDonor-No2bandHeight-NoInt_D18CL:BTP-4F-12 (Y12),Jonas_DonorAcceptor-NoWidthOrderedDonor-No2bandHeight-NoInt,0.055230944,03.11.2023 11:17,25616_192738_OD_x3y1,x3y1,0.009570206,1.4,1.4,5,1,0,0,0,0,1,1,0,0,0,0,128
25617,D18CL_323001,ITIC_120057,CF,0,15,2000,1.781976502,0.077355426,1.950309807,0.065890684,0.410263412,0.512829264,2.126721828,2.304399699,0.181567744,0.286332332,0.641709095,0.358290905,0.2,0.365884591,0.799161596,51.97805524,14.20184867,7.577219924,1.026466986,03.11.2023 16:32,A-3,1.25E-06,1.4,1.4,5.45,5.34,3.81,3.31,1.53,D18CL_323001,ITIC_120057,CF,Jonas_DonorAcceptor-NoWidthOrderedDonor-No2bandHeight-NoInt_D18CL:ITIC,Jonas_DonorAcceptor-NoWidthOrderedDonor-No2bandHeight-NoInt,0.202354593,03.11.2023 11:29,25617_192758_OD_x3y1,x3y1,0.016194171,1.4,1.4,5,2,0,0,0,0,1,0,1,0,0,0,129
25617,D18CL_323001,ITIC_120057,CF,0,15,2000,1.782587513,0.076703511,1.949955326,0.065134058,0.427501945,0.534377432,2.1251291,2.303726819,0.191496351,0.301989746,0.638926833,0.361073167,0.2,0.365884591,0.836367178,50.7800227,14.05580867,7.323845657,1.026101815,03.11.2023 16:32,B-2,1.17E-06,1,0.6,5.45,5.34,3.81,3.31,1.53,D18CL_323001,ITIC_120057,CF,Jonas_DonorAcceptor-NoWidthOrderedDonor-No2bandHeight-NoInt_D18CL:ITIC,Jonas_DonorAcceptor-NoWidthOrderedDonor-No2bandHeight-NoInt,0.182199844,03.11.2023 11:29,25617_192758_OD_x2y2,x2y2,0.016300518,1,0.6,5,2,0,0,0,0,1,0,1,0,0,0,129
25617,D18CL_323001,ITIC_120057,CF,0,15,2000,1.782423174,0.076347494,1.949177323,0.064698085,0.441986119,0.552482649,2.123742179,2.302938864,0.199914519,0.315265197,0.636685705,0.363314295,0.2,0.365884591,0.867747846,50.0943666,14.19106769,7.307043472,1.027868909,03.11.2023 16:32,A-1,1.16E-06,0.6,1.4,5.45,5.34,3.81,3.31,1.53,D18CL_323001,ITIC_120057,CF,Jonas_DonorAcceptor-NoWidthOrderedDonor-No2bandHeight-NoInt_D18CL:ITIC,Jonas_DonorAcceptor-NoWidthOrderedDonor-No2bandHeight-NoInt,0.167890773,03.11.2023 11:29,25617_192758_OD_x1y1,x1y1,0.016232257,0.6,1.4,5,2,0,0,0,0,1,0,1,0,0,0,129
25617,D18CL_323001,ITIC_120057,CF,0,15,2000,1.782580331,0.076432685,1.949450914,0.064819284,0.435852822,0.544816027,2.124267701,2.303198191,0.196445713,0.309794889,0.637501835,0.362498165,0.2,0.365884591,0.854610916,50.19390027,14.15107701,7.28469108,1.025582736,03.11.2023 16:32,B-3,9.61E-07,1.4,0.6,5.45,5.34,3.81,3.31,1.53,D18CL_323001,ITIC_120057,CF,Jonas_DonorAcceptor-NoWidthOrderedDonor-No2bandHeight-NoInt_D18CL:ITIC,Jonas_DonorAcceptor-NoWidthOrderedDonor-No2bandHeight-NoInt,0.170134265,03.11.2023 11:29,25617_192758_OD_x3y2,x3y2,0.016225421,1.4,0.6,5,2,0,0,0,0,1,0,1,0,0,0,129
25618,D18CL_323001,ITIC_120057,CF,0,12.5,2000,1.781088766,0.085236802,1.961236291,0.075045264,0.356606973,0.445758716,2.150189838,2.315726611,0.129532681,0.204273039,0.685749139,0.314250861,0.2,0.365884591,0.650031755,55.77803632,16.06867647,9.20630929,1.02716978,03.11.2023 16:34,A-2,1.82E-06,1,1.4,5.45,5.34,3.81,3.31,1.53,D18CL_323001,ITIC_120057,CF,Jonas_DonorAcceptor-NoWidthOrderedDonor-No2bandHeight-NoInt_D18CL:ITIC,Jonas_DonorAcceptor-NoWidthOrderedDonor-No2bandHeight-NoInt,0.431218695,03.11.2023 11:35,25618_192772_OD_x2y1,x2y1,0.017817181,1,1.4,5,2,0,0,0,0,1,0,1,0,0,0,130
25618,D18CL_323001,ITIC_120057,CF,0,12.5,2000,1.783090539,0.082147856,1.958971558,0.071833897,0.366335799,0.457919749,2.143996913,2.314265487,0.146916665,0.231687581,0.664029701,0.335970299,0.2,0.365884591,0.68960733,54.59844054,15.96465981,8.961201966,1.028078693,03.11.2023 16:34,A-1,3.52E-06,0.6,1.4,5.45,5.34,3.81,3.31,1.53,D18CL_323001,ITIC_120057,CF,Jonas_DonorAcceptor-NoWidthOrderedDonor-No2bandHeight-NoInt_D18CL:ITIC,Jonas_DonorAcceptor-NoWidthOrderedDonor-No2bandHeight-NoInt,0.323805297,03.11.2023 11:35,25618_192772_OD_x1y1,x1y1,0.016751975,0.6,1.4,5,2,0,0,0,0,1,0,1,0,0,0,130
25618,D18CL_323001,ITIC_120057,CF,0,12.5,2000,1.782020853,0.082119416,1.95726456,0.071270971,0.370225208,0.46278151,2.141108866,2.311238163,0.144603084,0.228039064,0.669901169,0.330098831,0.2,0.365884591,0.690820574,55.2664355,15.78794322,8.949696923,1.025702273,03.11.2023 16:34,A-3,1.72E-06,1.4,1.4,5.45,5.34,3.81,3.31,1.53,D18CL_323001,ITIC_120057,CF,Jonas_DonorAcceptor-NoWidthOrderedDonor-No2bandHeight-NoInt_D18CL:ITIC,Jonas_DonorAcceptor-NoWidthOrderedDonor-No2bandHeight-NoInt,0.326794044,03.11.2023 11:35,25618_192772_OD_x3y1,x3y1,0.016894134,1.4,1.4,5,2,0,0,0,0,1,0,1,0,0,0,130
25618,D18CL_323001,ITIC_120057,CF,0,12.5,2000,1.782975515,0.081519915,1.957602527,0.070652611,0.373561268,0.466951585,2.140887392,2.311476229,0.147790531,0.233065668,0.667057252,0.332942748,0.2,0.365884591,0.700017253,54.17417105,15.57460211,8.647170894,1.024860623,03.11.2023 16:34,B-1,5.60E-06,0.6,0.6,5.45,5.34,3.81,3.31,1.53,D18CL_323001,ITIC_120057,CF,Jonas_DonorAcceptor-NoWidthOrderedDonor-No2bandHeight-NoInt_D18CL:ITIC,Jonas_DonorAcceptor-NoWidthOrderedDonor-No2bandHeight-NoInt,0.311390215,03.11.2023 11:35,25618_192772_OD_x1y2,x1y2,0.016751796,0.6,0.6,5,2,0,0,0,0,1,0,1,0,0,0,130
25619,D18CL_323001,ITIC_120057,CF,0,10,2000,1.772870846,0.093042117,1.963181067,0.085,0.292469782,0.365587228,2.167537544,2.323883308,0.086116998,0.135806505,0.729141997,0.270858003,0.2,0.365884591,0.501393733,56.57205384,15.77208019,9.152187075,1.025732145,03.11.2023 16:37,A-1,2.63E-06,0.6,1.4,5.45,5.34,3.81,3.31,1.53,D18CL_323001,ITIC_120057,CF,Jonas_DonorAcceptor-NoWidthOrderedDonor-No2bandHeight-NoInt_D18CL:ITIC,Jonas_DonorAcceptor-NoWidthOrderedDonor-No2bandHeight-NoInt,0.408381315,03.11.2023 11:41,25619_192781_OD_x1y1,x1y1,0.013635922,0.6,1.4,5,2,0,0,0,0,1,0,1,0,0,0,131
25619,D18CL_323001,ITIC_120057,CF,0,10,2000,1.772365686,0.093051369,1.962767323,0.085,0.291881931,0.364852414,2.167524091,2.323490309,0.085126894,0.134245112,0.731024289,0.268975711,0.2,0.365884591,0.499097526,56.37369434,15.6862418,9.05782455,1.024303136,03.11.2023 16:37,B-1,1.55E-06,0.6,0.6,5.45,5.34,3.81,3.31,1.53,D18CL_323001,ITIC_120057,CF,Jonas_DonorAcceptor-NoWidthOrderedDonor-No2bandHeight-NoInt_D18CL:ITIC,Jonas_DonorAcceptor-NoWidthOrderedDonor-No2bandHeight-NoInt,0.404750065,03.11.2023 11:41,25619_192781_OD_x1y2,x1y2,0.013570416,0.6,0.6,5,2,0,0,0,0,1,0,1,0,0,0,131
25619,D18CL_323001,ITIC_120057,CF,0,10,2000,1.771138282,0.092930757,1.961764843,0.085,0.281249944,0.35156243,2.167297084,2.322818391,0.080246326,0.126548456,0.735315678,0.264684322,0.2,0.365884591,0.478110886,55.97865591,15.59097759,8.932910878,1.023522013,03.11.2023 16:37,B-3,3.49E-06,1.4,0.6,5.45,5.34,3.81,3.31,1.53,D18CL_323001,ITIC_120057,CF,Jonas_DonorAcceptor-NoWidthOrderedDonor-No2bandHeight-NoInt_D18CL:ITIC,Jonas_DonorAcceptor-NoWidthOrderedDonor-No2bandHeight-NoInt,0.348200326,03.11.2023 11:41,25619_192781_OD_x3y2,x3y2,0.012294453,1.4,0.6,5,2,0,0,0,0,1,0,1,0,0,0,131
25619,D18CL_323001,ITIC_120057,CF,0,10,2000,1.773765038,0.092772057,1.964215878,0.085,0.28105872,0.3513234,2.16972949,2.324354904,0.080919082,0.127609392,0.733554698,0.266445302,0.2,0.365884591,0.478932792,55.19957615,15.66433348,8.866367776,1.025411251,03.11.2023 16:37,A-2,1.96E-06,1,1.4,5.45,5.34,3.81,3.31,1.53,D18CL_323001,ITIC_120057,CF,Jonas_DonorAcceptor-NoWidthOrderedDonor-No2bandHeight-NoInt_D18CL:ITIC,Jonas_DonorAcceptor-NoWidthOrderedDonor-No2bandHeight-NoInt,0.372176879,03.11.2023 11:41,25619_192781_OD_x2y1,x2y1,0.012618613,1,1.4,5,2,0,0,0,0,1,0,1,0,0,0,131
25620,D18CL_323001,ITIC_120057,CF,0,10,1000,1.781617452,0.081307259,1.956743509,0.070562152,0.371053008,0.46381626,2.140477203,2.311925861,0.147742732,0.232990289,0.665631316,0.334368684,0.2,0.365884591,0.69680655,55.22834358,15.23586378,8.603508316,1.022460369,03.11.2023 16:39,A-1,2.53E-06,0.6,1.4,5.45,5.34,3.81,3.31,1.53,D18CL_323001,ITIC_120057,CF,Jonas_DonorAcceptor-NoWidthOrderedDonor-No2bandHeight-NoInt_D18CL:ITIC,Jonas_DonorAcceptor-NoWidthOrderedDonor-No2bandHeight-NoInt,0.276873267,03.11.2023 11:47,25620_192789_OD_x1y1,x1y1,0.016039421,0.6,1.4,5,2,0,0,0,0,1,0,1,0,0,0,132
25620,D18CL_323001,ITIC_120057,CF,0,10,1000,1.782039323,0.083413552,1.959801262,0.073056498,0.360794202,0.450992753,2.147388278,2.315630155,0.136890721,0.215876666,0.676283452,0.323716548,0.2,0.365884591,0.666869419,55.29669295,14.89065203,8.456488965,1.027016007,03.11.2023 16:39,B-1,1.97E-06,0.6,0.6,5.45,5.34,3.81,3.31,1.53,D18CL_323001,ITIC_120057,CF,Jonas_DonorAcceptor-NoWidthOrderedDonor-No2bandHeight-NoInt_D18CL:ITIC,Jonas_DonorAcceptor-NoWidthOrderedDonor-No2bandHeight-NoInt,0.378509408,03.11.2023 11:47,25620_192789_OD_x1y2,x1y2,0.017426978,0.6,0.6,5,2,0,0,0,0,1,0,1,0,0,0,132
25620,D18CL_323001,ITIC_120057,CF,0,10,1000,1.782144971,0.080705374,1.955756853,0.069816422,0.375785802,0.469732252,2.138395181,2.310652998,0.152151339,0.239942662,0.661897782,0.338102218,0.2,0.365884591,0.709674914,55.09654722,14.67126106,8.275364608,1.023753287,03.11.2023 16:39,B-3,1.33E-06,1.4,0.6,5.45,5.34,3.81,3.31,1.53,D18CL_323001,ITIC_120057,CF,Jonas_DonorAcceptor-NoWidthOrderedDonor-No2bandHeight-NoInt_D18CL:ITIC,Jonas_DonorAcceptor-NoWidthOrderedDonor-No2bandHeight-NoInt,0.289131987,03.11.2023 11:47,25620_192789_OD_x3y2,x3y2,0.016563935,1.4,0.6,5,2,0,0,0,0,1,0,1,0,0,0,132
25620,D18CL_323001,ITIC_120057,CF,0,10,1000,1.783259984,0.081793594,1.958791277,0.071203402,0.366757331,0.458446664,2.144365851,2.31439907,0.14360173,0.226459927,0.669356478,0.330643522,0.2,0.365884591,0.684906591,53.68876065,14.79529713,8.15161615,1.026210965,03.11.2023 16:39,B-2,1.97E-06,1,0.6,5.45,5.34,3.81,3.31,1.53,D18CL_323001,ITIC_120057,CF,Jonas_DonorAcceptor-NoWidthOrderedDonor-No2bandHeight-NoInt_D18CL:ITIC,Jonas_DonorAcceptor-NoWidthOrderedDonor-No2bandHeight-NoInt,0.331743896,03.11.2023 11:47,25620_192789_OD_x2y2,x2y2,0.017039283,1,0.6,5,2,0,0,0,0,1,0,1,0,0,0,132
25621,D18CL_323001,ITIC_120057,CF,2,10,1000,1.779955738,0.083902544,1.956819278,0.07292365,0.350610569,0.438263211,2.140614297,2.309952614,0.137101497,0.216209061,0.669643666,0.330356334,0.2,0.365884591,0.654472272,56.40714025,14.86500249,8.604474163,1.026184065,03.11.2023 16:42,B-1,4.72E-06,0.6,0.6,5.45,5.34,3.81,3.31,1.53,D18CL_323001,ITIC_120057,CF,Jonas_DonorAcceptor-NoWidthOrderedDonor-No2bandHeight-NoInt_D18CL:ITIC,Jonas_DonorAcceptor-NoWidthOrderedDonor-No2bandHeight-NoInt,0.343085937,03.11.2023 11:52,25621_192796_OD_x1y2,x1y2,0.016257235,0.6,0.6,5,2,0,0,0,0,1,0,1,0,0,0,133
25621,D18CL_323001,ITIC_120057,CF,2,10,1000,1.78004412,0.082943454,1.955374496,0.071703872,0.355027291,0.443784113,2.137442074,2.308320631,0.14213933,0.224153723,0.664409305,0.335590695,0.2,0.365884591,0.667937836,56.23245311,14.79087535,8.548080445,1.027750493,03.11.2023 16:42,A-1,2.12E-06,0.6,1.4,5.45,5.34,3.81,3.31,1.53,D18CL_323001,ITIC_120057,CF,Jonas_DonorAcceptor-NoWidthOrderedDonor-No2bandHeight-NoInt_D18CL:ITIC,Jonas_DonorAcceptor-NoWidthOrderedDonor-No2bandHeight-NoInt,0.323582107,03.11.2023 11:52,25621_192796_OD_x1y1,x1y1,0.015998815,0.6,1.4,5,2,0,0,0,0,1,0,1,0,0,0,133
25621,D18CL_323001,ITIC_120057,CF,2,10,1000,1.781123015,0.084211491,1.958860771,0.073363693,0.346298203,0.432872754,2.143884653,2.311981369,0.132553223,0.209036432,0.674352016,0.325647984,0.2,0.365884591,0.641909186,55.14888135,15.04549036,8.541705475,1.029441183,03.11.2023 16:42,A-2,1.81E-06,1,1.4,5.45,5.34,3.81,3.31,1.53,D18CL_323001,ITIC_120057,CF,Jonas_DonorAcceptor-NoWidthOrderedDonor-No2bandHeight-NoInt_D18CL:ITIC,Jonas_DonorAcceptor-NoWidthOrderedDonor-No2bandHeight-NoInt,0.353386967,03.11.2023 11:52,25621_192796_OD_x2y1,x2y1,0.016204627,1,1.4,5,2,0,0,0,0,1,0,1,0,0,0,133
25621,D18CL_323001,ITIC_120057,CF,2,10,1000,1.780800143,0.082976503,1.956236983,0.071772619,0.352765381,0.440956727,2.138363653,2.308657842,0.140327066,0.221295783,0.665843798,0.334156202,0.2,0.365884591,0.66225251,55.83756031,14.87779525,8.533369041,1.027201194,03.11.2023 16:42,A-3,2.06E-06,1.4,1.4,5.45,5.34,3.81,3.31,1.53,D18CL_323001,ITIC_120057,CF,Jonas_DonorAcceptor-NoWidthOrderedDonor-No2bandHeight-NoInt_D18CL:ITIC,Jonas_DonorAcceptor-NoWidthOrderedDonor-No2bandHeight-NoInt,0.312083549,03.11.2023 11:52,25621_192796_OD_x3y1,x3y1,0.015719443,1.4,1.4,5,2,0,0,0,0,1,0,1,0,0,0,133
25622,D18CL_323001,ITIC_120057,CF,0,10,3000,1.766475851,0.091609086,1.958363395,0.084988018,0.242640803,0.303301004,2.16504889,2.31995605,0.063545967,0.100211991,0.751651144,0.248348856,0.2,0.365884591,0.403512994,51.84770295,15.31020402,7.868835236,0.991288239,03.11.2023 16:44,A-1,3.71E-06,0.6,1.4,5.45,5.34,3.81,3.31,1.53,D18CL_323001,ITIC_120057,CF,Jonas_DonorAcceptor-NoWidthOrderedDonor-No2bandHeight-NoInt_D18CL:ITIC,Jonas_DonorAcceptor-NoWidthOrderedDonor-No2bandHeight-NoInt,0.172671421,03.11.2023 11:58,25622_192810_OD_x1y1,x1y1,0.008073072,0.6,1.4,5,2,0,0,0,0,1,0,1,0,0,0,134
25622,D18CL_323001,ITIC_120057,CF,0,10,3000,1.767905614,0.091132379,1.958771535,0.0840225,0.240456463,0.300570578,2.162751992,2.318326548,0.064030881,0.100976699,0.748530983,0.251469017,0.2,0.365884591,0.401547278,52.09402504,15.10800249,7.785009919,0.989154675,03.11.2023 16:44,B-3,3.19E-06,1.4,0.6,5.45,5.34,3.81,3.31,1.53,D18CL_323001,ITIC_120057,CF,Jonas_DonorAcceptor-NoWidthOrderedDonor-No2bandHeight-NoInt_D18CL:ITIC,Jonas_DonorAcceptor-NoWidthOrderedDonor-No2bandHeight-NoInt,0.148742754,03.11.2023 11:58,25622_192810_OD_x3y2,x3y2,0.007511803,1.4,0.6,5,2,0,0,0,0,1,0,1,0,0,0,134
25622,D18CL_323001,ITIC_120057,CF,0,10,3000,1.766550709,0.091015801,1.957707328,0.084123534,0.238276815,0.297846018,2.162537988,2.318369251,0.063112044,0.099527693,0.749536292,0.250463708,0.2,0.365884591,0.397373712,51.39974557,15.2699956,7.752693565,0.987762961,03.11.2023 16:44,B-1,4.33E-06,0.6,0.6,5.45,5.34,3.81,3.31,1.53,D18CL_323001,ITIC_120057,CF,Jonas_DonorAcceptor-NoWidthOrderedDonor-No2bandHeight-NoInt_D18CL:ITIC,Jonas_DonorAcceptor-NoWidthOrderedDonor-No2bandHeight-NoInt,0.154609138,03.11.2023 11:58,25622_192810_OD_x1y2,x1y2,0.007636639,0.6,0.6,5,2,0,0,0,0,1,0,1,0,0,0,134
25622,D18CL_323001,ITIC_120057,CF,0,10,3000,1.767322576,0.091565313,1.958904685,0.08479081,0.241879005,0.302348756,2.164687774,2.319535722,0.063790081,0.100596958,0.750346128,0.249653872,0.2,0.365884591,0.402945713,51.04421438,15.22149773,7.654172601,0.985131804,03.11.2023 16:44,A-2,2.08E-06,1,1.4,5.45,5.34,3.81,3.31,1.53,D18CL_323001,ITIC_120057,CF,Jonas_DonorAcceptor-NoWidthOrderedDonor-No2bandHeight-NoInt_D18CL:ITIC,Jonas_DonorAcceptor-NoWidthOrderedDonor-No2bandHeight-NoInt,0.167354434,03.11.2023 11:58,25622_192810_OD_x2y1,x2y1,0.007922181,1,1.4,5,2,0,0,0,0,1,0,1,0,0,0,134
25623,D18CL_323001,ITIC_120057,CF,2,10,3000,1.766687434,0.092275171,1.958447159,0.084815403,0.23809087,0.297613587,2.16025104,2.316089743,0.064902908,0.102351886,0.744098196,0.255901804,0.2,0.365884591,0.399965474,58.09212577,15.42562345,9.1898343,1.025528387,03.11.2023 16:47,B-3,2.55E-06,1.4,0.6,5.45,5.34,3.81,3.31,1.53,D18CL_323001,ITIC_120057,CF,Jonas_DonorAcceptor-NoWidthOrderedDonor-No2bandHeight-NoInt_D18CL:ITIC,Jonas_DonorAcceptor-NoWidthOrderedDonor-No2bandHeight-NoInt,0.183750495,03.11.2023 12:04,25623_192819_OD_x3y2,x3y2,0.008223849,1.4,0.6,5,2,0,0,0,0,1,0,1,0,0,0,135
25623,D18CL_323001,ITIC_120057,CF,2,10,3000,1.767285257,0.092694107,1.959039684,0.085,0.242707702,0.303384627,2.160072138,2.31639738,0.067197071,0.105969781,0.741129498,0.258870502,0.2,0.365884591,0.409354408,57.6011178,15.40620985,9.082173015,1.023441564,03.11.2023 16:47,A-3,2.58E-06,1.4,1.4,5.45,5.34,3.81,3.31,1.53,D18CL_323001,ITIC_120057,CF,Jonas_DonorAcceptor-NoWidthOrderedDonor-No2bandHeight-NoInt_D18CL:ITIC,Jonas_DonorAcceptor-NoWidthOrderedDonor-No2bandHeight-NoInt,0.199441976,03.11.2023 12:04,25623_192819_OD_x3y1,x3y1,0.008629703,1.4,1.4,5,2,0,0,0,0,1,0,1,0,0,0,135
25623,D18CL_323001,ITIC_120057,CF,2,10,3000,1.76592245,0.091786596,1.957053973,0.083526227,0.231014221,0.288767776,2.155713201,2.313149218,0.063173497,0.099624605,0.743494955,0.256505045,0.2,0.365884591,0.388392381,57.46531755,15.45137679,9.080378062,1.022659216,03.11.2023 16:47,A-2,4.24E-06,1,1.4,5.45,5.34,3.81,3.31,1.53,D18CL_323001,ITIC_120057,CF,Jonas_DonorAcceptor-NoWidthOrderedDonor-No2bandHeight-NoInt_D18CL:ITIC,Jonas_DonorAcceptor-NoWidthOrderedDonor-No2bandHeight-NoInt,0.157265077,03.11.2023 12:04,25623_192819_OD_x2y1,x2y1,0.007489001,1,1.4,5,2,0,0,0,0,1,0,1,0,0,0,135
25623,D18CL_323001,ITIC_120057,CF,2,10,3000,1.768344606,0.091865944,1.959808281,0.084348319,0.230994809,0.288743511,2.159911763,2.315416539,0.063774117,0.100571783,0.741670094,0.258329906,0.2,0.365884591,0.389315294,57.45159306,15.33258223,9.050185751,1.02740131,03.11.2023 16:47,B-2,2.62E-06,1,0.6,5.45,5.34,3.81,3.31,1.53,D18CL_323001,ITIC_120057,CF,Jonas_DonorAcceptor-NoWidthOrderedDonor-No2bandHeight-NoInt_D18CL:ITIC,Jonas_DonorAcceptor-NoWidthOrderedDonor-No2bandHeight-NoInt,0.173585976,03.11.2023 12:04,25623_192819_OD_x2y2,x2y2,0.007832466,1,0.6,5,2,0,0,0,0,1,0,1,0,0,0,135
25624,D18CL_323001,ITIC_120057,CF,1,10,2000,1.77272269,0.093248638,1.963246641,0.085,0.285765781,0.357207226,2.161600907,2.318307238,0.086543763,0.136479514,0.723550375,0.276449625,0.2,0.365884591,0.49368674,58.20421622,15.87270725,9.482492683,1.026400995,03.11.2023 16:49,B-1,4.82E-06,0.6,0.6,5.45,5.34,3.81,3.31,1.53,D18CL_323001,ITIC_120057,CF,Jonas_DonorAcceptor-NoWidthOrderedDonor-No2bandHeight-NoInt_D18CL:ITIC,Jonas_DonorAcceptor-NoWidthOrderedDonor-No2bandHeight-NoInt,0.356426991,03.11.2023 12:10,25624_192824_OD_x1y2,x1y2,0.01258749,0.6,0.6,5,2,0,0,0,0,1,0,1,0,0,0,136
25624,D18CL_323001,ITIC_120057,CF,1,10,2000,1.771284342,0.093089238,1.962302226,0.085,0.263666991,0.329583739,2.161590089,2.317223226,0.076342649,0.120392358,0.732447215,0.267552785,0.2,0.365884591,0.449976097,58.0399886,15.67310745,9.341181598,1.026879268,03.11.2023 16:49,A-1,3.83E-06,0.6,1.4,5.45,5.34,3.81,3.31,1.53,D18CL_323001,ITIC_120057,CF,Jonas_DonorAcceptor-NoWidthOrderedDonor-No2bandHeight-NoInt_D18CL:ITIC,Jonas_DonorAcceptor-NoWidthOrderedDonor-No2bandHeight-NoInt,0.275679932,03.11.2023 12:10,25624_192824_OD_x1y1,x1y1,0.010538558,0.6,1.4,5,2,0,0,0,0,1,0,1,0,0,0,136
25624,D18CL_323001,ITIC_120057,CF,1,10,2000,1.772712128,0.093257048,1.963139209,0.085,0.281522162,0.351902703,2.161130316,2.318239689,0.084805035,0.13373754,0.724616026,0.275383974,0.2,0.365884591,0.485640243,58.07099769,15.66232561,9.338479438,1.026740353,03.11.2023 16:49,A-2,3.36E-06,1,1.4,5.45,5.34,3.81,3.31,1.53,D18CL_323001,ITIC_120057,CF,Jonas_DonorAcceptor-NoWidthOrderedDonor-No2bandHeight-NoInt_D18CL:ITIC,Jonas_DonorAcceptor-NoWidthOrderedDonor-No2bandHeight-NoInt,0.333249668,03.11.2023 12:10,25624_192824_OD_x2y1,x2y1,0.012070371,1,1.4,5,2,0,0,0,0,1,0,1,0,0,0,136
25624,D18CL_323001,ITIC_120057,CF,1,10,2000,1.772282802,0.09325475,1.962893068,0.085,0.282447023,0.353058779,2.161588012,2.318554582,0.085030073,0.134092424,0.724741675,0.275258325,0.2,0.365884591,0.487151204,58.48036847,15.41476924,9.251610767,1.026290302,03.11.2023 16:49,A-3,3.67E-06,1.4,1.4,5.45,5.34,3.81,3.31,1.53,D18CL_323001,ITIC_120057,CF,Jonas_DonorAcceptor-NoWidthOrderedDonor-No2bandHeight-NoInt_D18CL:ITIC,Jonas_DonorAcceptor-NoWidthOrderedDonor-No2bandHeight-NoInt,0.340887883,03.11.2023 12:10,25624_192824_OD_x3y1,x3y1,0.012299626,1.4,1.4,5,2,0,0,0,0,1,0,1,0,0,0,136
25633,D18CL_323001,L8-BO_321144,CF,0,15,2000,1.568279404,0.06734685,1.736486869,0.09546407,0.322568851,0.49998172,2.115640564,2.311458522,0.217911272,0.343646076,0.592656764,0.407343236,0.35483871,0.365884591,0.843627796,61.3921868,23.82701566,13.68902083,0.9358142,08.11.2023 12:00,B-3,1.47E-06,1.4,0.6,5.45,5.34,3.77,3.31,1.57,D18CL_323001,L8-BO_321144,CF,Jonas_DonorAcceptor-NoWidthOrderedDonor-No2bandHeight-NoInt_D18CL:L8-BO,Jonas_DonorAcceptor-NoWidthOrderedDonor-No2bandHeight-NoInt,0.111186045,03.11.2023 16:04,25633_193228_OD_x3y2,x3y2,0.014650317,1.4,0.6,5,4,0,0,0,0,1,0,0,0,1,0,137
25633,D18CL_323001,L8-BO_321144,CF,0,15,2000,1.568954196,0.0671956,1.736926962,0.095335788,0.32550848,0.504538143,2.115622063,2.311503695,0.220555737,0.347816397,0.591934599,0.408065401,0.35483871,0.365884591,0.85235454,61.14815769,23.83492303,13.66969448,0.937911104,08.11.2023 12:00,A-3,1.18E-06,1.4,1.4,5.45,5.34,3.77,3.31,1.57,D18CL_323001,L8-BO_321144,CF,Jonas_DonorAcceptor-NoWidthOrderedDonor-No2bandHeight-NoInt_D18CL:L8-BO,Jonas_DonorAcceptor-NoWidthOrderedDonor-No2bandHeight-NoInt,0.112116651,03.11.2023 16:04,25633_193228_OD_x3y1,x3y1,0.014815849,1.4,1.4,5,4,0,0,0,0,1,0,0,0,1,0,137
25633,D18CL_323001,L8-BO_321144,CF,0,15,2000,1.567927345,0.06732152,1.736104564,0.095352072,0.325602185,0.504683387,2.115889522,2.311804235,0.22079023,0.348186193,0.591747436,0.408252564,0.35483871,0.365884591,0.85286958,61.08823957,23.60165988,13.51193579,0.937167923,08.11.2023 12:00,B-1,2.08E-06,0.6,0.6,5.45,5.34,3.77,3.31,1.57,D18CL_323001,L8-BO_321144,CF,Jonas_DonorAcceptor-NoWidthOrderedDonor-No2bandHeight-NoInt_D18CL:L8-BO,Jonas_DonorAcceptor-NoWidthOrderedDonor-No2bandHeight-NoInt,0.114922404,03.11.2023 16:04,25633_193228_OD_x1y2,x1y2,0.015044362,0.6,0.6,5,4,0,0,0,0,1,0,0,0,1,0,137
25633,D18CL_323001,L8-BO_321144,CF,0,15,2000,1.569848516,0.066664126,1.737708697,0.094951138,0.338168958,0.524161884,2.115358749,2.311161721,0.232368936,0.366445812,0.588544077,0.411455923,0.35483871,0.365884591,0.890607696,59.5972434,24.08513538,13.47315459,0.938629131,08.11.2023 12:00,A-1,2.19E-06,0.6,1.4,5.45,5.34,3.77,3.31,1.57,D18CL_323001,L8-BO_321144,CF,Jonas_DonorAcceptor-NoWidthOrderedDonor-No2bandHeight-NoInt_D18CL:L8-BO,Jonas_DonorAcceptor-NoWidthOrderedDonor-No2bandHeight-NoInt,0.122352525,03.11.2023 16:04,25633_193228_OD_x1y1,x1y1,0.016004558,0.6,1.4,5,4,0,0,0,0,1,0,0,0,1,0,137
25634,D18CL_323001,L8-BO_321144,CF,0,12.5,2000,1.561650539,0.074607604,1.730570601,0.102575847,0.246013623,0.381321116,2.114606182,2.307326359,0.149377868,0.235568897,0.618134688,0.381865312,0.35483871,0.365884591,0.616890013,66.16772134,24.78623069,15.38492278,0.93807736,08.11.2023 12:03,A-1,2.16E-06,0.6,1.4,5.45,5.34,3.77,3.31,1.57,D18CL_323001,L8-BO_321144,CF,Jonas_DonorAcceptor-NoWidthOrderedDonor-No2bandHeight-NoInt_D18CL:L8-BO,Jonas_DonorAcceptor-NoWidthOrderedDonor-No2bandHeight-NoInt,0.171317787,03.11.2023 16:09,25634_193236_OD_x1y1,x1y1,0.013649659,0.6,1.4,5,4,0,0,0,0,1,0,0,0,1,0,138
25634,D18CL_323001,L8-BO_321144,CF,0,12.5,2000,1.560571743,0.075014709,1.729659068,0.102736655,0.24370346,0.377740364,2.114759036,2.307049109,0.148447724,0.234102061,0.617381777,0.382618223,0.35483871,0.365884591,0.611842425,66.68010391,24.48945558,15.29195942,0.936456781,08.11.2023 12:03,B-1,1.25E-06,0.6,0.6,5.45,5.34,3.77,3.31,1.57,D18CL_323001,L8-BO_321144,CF,Jonas_DonorAcceptor-NoWidthOrderedDonor-No2bandHeight-NoInt_D18CL:L8-BO,Jonas_DonorAcceptor-NoWidthOrderedDonor-No2bandHeight-NoInt,0.160124531,03.11.2023 16:09,25634_193236_OD_x1y2,x1y2,0.013120671,0.6,0.6,5,4,0,0,0,0,1,0,0,0,1,0,138
25634,D18CL_323001,L8-BO_321144,CF,0,12.5,2000,1.563645329,0.070804439,1.733409888,0.099697814,0.264538236,0.410034266,2.118526267,2.314658556,0.170091212,0.268233841,0.604531249,0.395468751,0.35483871,0.365884591,0.678268108,66.24095656,24.42408114,15.15521862,0.936736357,08.11.2023 12:03,A-3,1.64E-06,1.4,1.4,5.45,5.34,3.77,3.31,1.57,D18CL_323001,L8-BO_321144,CF,Jonas_DonorAcceptor-NoWidthOrderedDonor-No2bandHeight-NoInt_D18CL:L8-BO,Jonas_DonorAcceptor-NoWidthOrderedDonor-No2bandHeight-NoInt,0.136684643,03.11.2023 16:09,25634_193236_OD_x3y1,x3y1,0.013102092,1.4,1.4,5,4,0,0,0,0,1,0,0,0,1,0,138
25634,D18CL_323001,L8-BO_321144,CF,0,12.5,2000,1.56138718,0.074478746,1.730457213,0.102307462,0.246928683,0.382739459,2.115267975,2.308314523,0.151113835,0.238306518,0.616282003,0.383717997,0.35483871,0.365884591,0.621045977,66.39305413,24.33972129,15.12036032,0.935672559,08.11.2023 12:03,B-3,1.76E-06,1.4,0.6,5.45,5.34,3.77,3.31,1.57,D18CL_323001,L8-BO_321144,CF,Jonas_DonorAcceptor-NoWidthOrderedDonor-No2bandHeight-NoInt_D18CL:L8-BO,Jonas_DonorAcceptor-NoWidthOrderedDonor-No2bandHeight-NoInt,0.159558488,03.11.2023 16:09,25634_193236_OD_x3y2,x3y2,0.013201446,1.4,0.6,5,4,0,0,0,0,1,0,0,0,1,0,138
25635,D18CL_323001,L8-BO_321144,CF,0,10,2000,1.554587383,0.077922955,1.724282748,0.106445092,0.203994842,0.316192005,2.111611912,2.298316913,0.115511952,0.182162349,0.634472244,0.365527756,0.35483871,0.365884591,0.498354354,66.60662368,23.84643747,14.90395326,0.938340698,08.11.2023 12:05,A-2,2.13E-06,1,1.4,5.45,5.34,3.77,3.31,1.57,D18CL_323001,L8-BO_321144,CF,Jonas_DonorAcceptor-NoWidthOrderedDonor-No2bandHeight-NoInt_D18CL:L8-BO,Jonas_DonorAcceptor-NoWidthOrderedDonor-No2bandHeight-NoInt,0.153261637,03.11.2023 16:15,25635_193258_OD_x2y1,x2y1,0.011119678,1,1.4,5,4,0,0,0,0,1,0,0,0,1,0,139
25635,D18CL_323001,L8-BO_321144,CF,0,10,2000,1.550479857,0.078078544,1.721652138,0.106774067,0.191940442,0.297507684,2.110034535,2.294938109,0.104768515,0.165219948,0.642943416,0.357056584,0.35483871,0.365884591,0.462727632,66.98161337,23.58913577,14.81110281,0.937388805,08.11.2023 12:05,A-1,2.07E-06,0.6,1.4,5.45,5.34,3.77,3.31,1.57,D18CL_323001,L8-BO_321144,CF,Jonas_DonorAcceptor-NoWidthOrderedDonor-No2bandHeight-NoInt_D18CL:L8-BO,Jonas_DonorAcceptor-NoWidthOrderedDonor-No2bandHeight-NoInt,0.119704918,03.11.2023 16:15,25635_193258_OD_x1y1,x1y1,0.009322943,0.6,1.4,5,4,0,0,0,0,1,0,0,0,1,0,139
25635,D18CL_323001,L8-BO_321144,CF,0,10,2000,1.554079027,0.077922547,1.724142396,0.106422384,0.201477238,0.312289719,2.111647078,2.297903624,0.114074722,0.179895837,0.634495903,0.365504097,0.35483871,0.365884591,0.492185557,66.86356446,23.57205236,14.78368046,0.937984464,08.11.2023 12:05,A-3,7.19E-06,1.4,1.4,5.45,5.34,3.77,3.31,1.57,D18CL_323001,L8-BO_321144,CF,Jonas_DonorAcceptor-NoWidthOrderedDonor-No2bandHeight-NoInt_D18CL:L8-BO,Jonas_DonorAcceptor-NoWidthOrderedDonor-No2bandHeight-NoInt,0.14735801,03.11.2023 16:15,25635_193258_OD_x3y1,x3y1,0.010831832,1.4,1.4,5,4,0,0,0,0,1,0,0,0,1,0,139
25635,D18CL_323001,L8-BO_321144,CF,0,10,2000,1.552296832,0.07778733,1.722608531,0.106959122,0.190135427,0.294709912,2.109762846,2.294100171,0.103693779,0.16352509,0.643141425,0.356858575,0.35483871,0.365884591,0.458235001,67.19872236,23.32742435,14.70983516,0.938382717,08.11.2023 12:05,B-1,1.45E-06,0.6,0.6,5.45,5.34,3.77,3.31,1.57,D18CL_323001,L8-BO_321144,CF,Jonas_DonorAcceptor-NoWidthOrderedDonor-No2bandHeight-NoInt_D18CL:L8-BO,Jonas_DonorAcceptor-NoWidthOrderedDonor-No2bandHeight-NoInt,0.132080194,03.11.2023 16:15,25635_193258_OD_x1y2,x1y2,0.009752901,0.6,0.6,5,4,0,0,0,0,1,0,0,0,1,0,139
25636,D18CL_323001,L8-BO_321144,CF,0,10,1000,1.566006195,0.072039752,1.734046535,0.100523096,0.259622548,0.40241495,2.114596519,2.308301478,0.163080811,0.257178438,0.610095488,0.389904512,0.35483871,0.365884591,0.659593388,65.90376093,24.30765637,14.99208752,0.935855552,08.11.2023 12:08,A-1,1.67E-06,0.6,1.4,5.45,5.34,3.77,3.31,1.57,D18CL_323001,L8-BO_321144,CF,Jonas_DonorAcceptor-NoWidthOrderedDonor-No2bandHeight-NoInt_D18CL:L8-BO,Jonas_DonorAcceptor-NoWidthOrderedDonor-No2bandHeight-NoInt,0.166844298,03.11.2023 16:21,25636_193276_OD_x1y1,x1y1,0.014225326,0.6,1.4,5,4,0,0,0,0,1,0,0,0,1,0,140
25636,D18CL_323001,L8-BO_321144,CF,0,10,1000,1.562317834,0.074621142,1.73068773,0.10295356,0.240610417,0.372946146,2.114011874,2.305880886,0.145467344,0.229402002,0.619153802,0.380846198,0.35483871,0.365884591,0.602348148,65.04993506,24.22374251,14.74316536,0.935626746,08.11.2023 12:08,A-2,1.60E-06,1,1.4,5.45,5.34,3.77,3.31,1.57,D18CL_323001,L8-BO_321144,CF,Jonas_DonorAcceptor-NoWidthOrderedDonor-No2bandHeight-NoInt_D18CL:L8-BO,Jonas_DonorAcceptor-NoWidthOrderedDonor-No2bandHeight-NoInt,0.185790609,03.11.2023 16:21,25636_193276_OD_x2y1,x2y1,0.013987778,1,1.4,5,4,0,0,0,0,1,0,0,0,1,0,140
25636,D18CL_323001,L8-BO_321144,CF,0,10,1000,1.562352749,0.073041322,1.731330868,0.100810904,0.257513969,0.399146652,2.115267299,2.308432048,0.160203176,0.252640409,0.612388119,0.387611881,0.35483871,0.365884591,0.651787061,66.49911419,23.66760636,14.68899607,0.933301399,08.11.2023 12:08,B-1,1.67E-06,0.6,0.6,5.45,5.34,3.77,3.31,1.57,D18CL_323001,L8-BO_321144,CF,Jonas_DonorAcceptor-NoWidthOrderedDonor-No2bandHeight-NoInt_D18CL:L8-BO,Jonas_DonorAcceptor-NoWidthOrderedDonor-No2bandHeight-NoInt,0.13830917,03.11.2023 16:21,25636_193276_OD_x1y2,x1y2,0.012667136,0.6,0.6,5,4,0,0,0,0,1,0,0,0,1,0,140
25636,D18CL_323001,L8-BO_321144,CF,0,10,1000,1.563321502,0.07343048,1.731984098,0.101521184,0.252504813,0.39138246,2.11489349,2.307816849,0.15654619,0.246873342,0.613206271,0.386793729,0.35483871,0.365884591,0.638255802,66.16674205,23.58299156,14.60097466,0.935714158,08.11.2023 12:08,A-3,9.81E-07,1.4,1.4,5.45,5.34,3.77,3.31,1.57,D18CL_323001,L8-BO_321144,CF,Jonas_DonorAcceptor-NoWidthOrderedDonor-No2bandHeight-NoInt_D18CL:L8-BO,Jonas_DonorAcceptor-NoWidthOrderedDonor-No2bandHeight-NoInt,0.160137986,03.11.2023 16:21,25636_193276_OD_x3y1,x3y1,0.013503799,1.4,1.4,5,4,0,0,0,0,1,0,0,0,1,0,140
25637,D18CL_323001,L8-BO_321144,CF,2,10,1000,1.550862196,0.071731881,1.725905294,0.101660077,0.257609169,0.399294212,2.113376016,2.305705668,0.163027568,0.257094474,0.608319766,0.391680234,0.35483871,0.365884591,0.656388686,65.52557748,25.11421686,15.24278904,0.926262202,08.11.2023 12:10,B-3,4.99E-06,1.4,0.6,5.45,5.34,3.77,3.31,1.57,D18CL_323001,L8-BO_321144,CF,Jonas_DonorAcceptor-NoWidthOrderedDonor-No2bandHeight-NoInt_D18CL:L8-BO,Jonas_DonorAcceptor-NoWidthOrderedDonor-No2bandHeight-NoInt,0.093463832,03.11.2023 16:27,25637_193290_OD_x3y2,x3y2,0.01052744,1.4,0.6,5,4,0,0,0,0,1,0,0,0,1,0,141
25637,D18CL_323001,L8-BO_321144,CF,2,10,1000,1.555257247,0.07122213,1.729485169,0.101481562,0.264075013,0.40931627,2.112444882,2.30461972,0.172476248,0.271995043,0.600777152,0.399222848,0.35483871,0.365884591,0.681311313,64.40261031,25.11977639,15.01463538,0.928101663,08.11.2023 12:10,A-2,1.17E-05,1,1.4,5.45,5.34,3.77,3.31,1.57,D18CL_323001,L8-BO_321144,CF,Jonas_DonorAcceptor-NoWidthOrderedDonor-No2bandHeight-NoInt_D18CL:L8-BO,Jonas_DonorAcceptor-NoWidthOrderedDonor-No2bandHeight-NoInt,0.112064214,03.11.2023 16:27,25637_193290_OD_x2y1,x2y1,0.012323098,1,1.4,5,4,0,0,0,0,1,0,0,0,1,0,141
25637,D18CL_323001,L8-BO_321144,CF,2,10,1000,1.552321768,0.072557142,1.727458924,0.102470687,0.257688207,0.399416721,2.112640541,2.305281168,0.160786756,0.253560714,0.611685335,0.388314665,0.35483871,0.365884591,0.652977435,64.4209014,24.69469289,14.75872676,0.927723303,08.11.2023 12:10,A-1,1.04E-05,0.6,1.4,5.45,5.34,3.77,3.31,1.57,D18CL_323001,L8-BO_321144,CF,Jonas_DonorAcceptor-NoWidthOrderedDonor-No2bandHeight-NoInt_D18CL:L8-BO,Jonas_DonorAcceptor-NoWidthOrderedDonor-No2bandHeight-NoInt,0.101968752,03.11.2023 16:27,25637_193290_OD_x1y1,x1y1,0.010933709,0.6,1.4,5,4,0,0,0,0,1,0,0,0,1,0,141
25637,D18CL_323001,L8-BO_321144,CF,2,10,1000,1.552230618,0.073049236,1.727233879,0.103123516,0.252384037,0.391195257,2.112217003,2.304115699,0.157001745,0.247591752,0.612403276,0.387596724,0.35483871,0.365884591,0.638787009,63.58089199,25.07620992,14.75327742,0.925337144,08.11.2023 12:10,A-3,1.56E-05,1.4,1.4,5.45,5.34,3.77,3.31,1.57,D18CL_323001,L8-BO_321144,CF,Jonas_DonorAcceptor-NoWidthOrderedDonor-No2bandHeight-NoInt_D18CL:L8-BO,Jonas_DonorAcceptor-NoWidthOrderedDonor-No2bandHeight-NoInt,0.11123628,03.11.2023 16:27,25637_193290_OD_x3y1,x3y1,0.011323227,1.4,1.4,5,4,0,0,0,0,1,0,0,0,1,0,141
25638,D18CL_323001,L8-BO_321144,CF,0,10,3000,1.548406141,0.076330028,1.71930321,0.106835645,0.165785312,0.256967233,2.107367441,2.288470495,0.08740523,0.137838048,0.650870809,0.349129191,0.35483871,0.365884591,0.394805281,66.9217389,23.01023996,14.43355493,0.937313656,08.11.2023 12:13,A-3,4.60E-06,1.4,1.4,5.45,5.34,3.77,3.31,1.57,D18CL_323001,L8-BO_321144,CF,Jonas_DonorAcceptor-NoWidthOrderedDonor-No2bandHeight-NoInt_D18CL:L8-BO,Jonas_DonorAcceptor-NoWidthOrderedDonor-No2bandHeight-NoInt,0.084239127,03.11.2023 16:32,25638_193303_OD_x3y1,x3y1,0.007069294,1.4,1.4,5,4,0,0,0,0,1,0,0,0,1,0,142
25638,D18CL_323001,L8-BO_321144,CF,0,10,3000,1.548651966,0.076113965,1.719336804,0.10671209,0.163120998,0.252837547,2.107033846,2.287785128,0.086270277,0.136048226,0.650158901,0.349841099,0.35483871,0.365884591,0.388885774,66.06660967,22.96360236,14.21813457,0.937174756,08.11.2023 12:13,A-2,7.22E-06,1,1.4,5.45,5.34,3.77,3.31,1.57,D18CL_323001,L8-BO_321144,CF,Jonas_DonorAcceptor-NoWidthOrderedDonor-No2bandHeight-NoInt_D18CL:L8-BO,Jonas_DonorAcceptor-NoWidthOrderedDonor-No2bandHeight-NoInt,0.082853018,03.11.2023 16:32,25638_193303_OD_x2y1,x2y1,0.006948972,1,1.4,5,4,0,0,0,0,1,0,0,0,1,0,142
25638,D18CL_323001,L8-BO_321144,CF,0,10,3000,1.548566064,0.076435488,1.719383667,0.106823373,0.166936186,0.258751088,2.107470187,2.288972948,0.088514966,0.139588102,0.649574772,0.350425228,0.35483871,0.365884591,0.39833919,66.01797106,22.95497017,14.20020202,0.937034578,08.11.2023 12:13,B-2,6.65E-06,1,0.6,5.45,5.34,3.77,3.31,1.57,D18CL_323001,L8-BO_321144,CF,Jonas_DonorAcceptor-NoWidthOrderedDonor-No2bandHeight-NoInt_D18CL:L8-BO,Jonas_DonorAcceptor-NoWidthOrderedDonor-No2bandHeight-NoInt,0.086983806,03.11.2023 16:32,25638_193303_OD_x2y2,x2y2,0.007237495,1,0.6,5,4,0,0,0,0,1,0,0,0,1,0,142
25638,D18CL_323001,L8-BO_321144,CF,0,10,3000,1.548253263,0.076073468,1.719177196,0.106652945,0.163515439,0.25344893,2.107171497,2.288251271,0.086350074,0.136174066,0.650497872,0.349502128,0.35483871,0.365884591,0.389622996,65.84755938,22.64991202,13.94919016,0.935282466,08.11.2023 12:13,B-3,1.89E-05,1.4,0.6,5.45,5.34,3.77,3.31,1.57,D18CL_323001,L8-BO_321144,CF,Jonas_DonorAcceptor-NoWidthOrderedDonor-No2bandHeight-NoInt_D18CL:L8-BO,Jonas_DonorAcceptor-NoWidthOrderedDonor-No2bandHeight-NoInt,0.079995542,03.11.2023 16:32,25638_193303_OD_x3y2,x3y2,0.006843362,1.4,0.6,5,4,0,0,0,0,1,0,0,0,1,0,142
25639,D18CL_323001,L8-BO_321144,CF,2,10,3000,1.538297815,0.075983668,1.715938152,0.109032114,0.163954723,0.254129821,2.104476048,2.285276276,0.088078327,0.138899522,0.646592488,0.353407512,0.35483871,0.365884591,0.393029343,61.53757181,23.07174911,13.05480818,0.919495523,08.11.2023 12:15,A-2,1.34E-05,1,1.4,5.45,5.34,3.77,3.31,1.57,D18CL_323001,L8-BO_321144,CF,Jonas_DonorAcceptor-NoWidthOrderedDonor-No2bandHeight-NoInt_D18CL:L8-BO,Jonas_DonorAcceptor-NoWidthOrderedDonor-No2bandHeight-NoInt,0.047323244,03.11.2023 16:38,25639_193306_OD_x2y1,x2y1,0.0051053,1,1.4,5,4,0,0,0,0,1,0,0,0,1,0,143
25639,D18CL_323001,L8-BO_321144,CF,2,10,3000,1.538675424,0.076133563,1.716190812,0.10908173,0.167804003,0.260096204,2.105458574,2.287195609,0.091030137,0.143554526,0.644359552,0.355640448,0.35483871,0.365884591,0.40365073,61.6799688,22.92499156,12.99250403,0.918839233,08.11.2023 12:15,B-1,2.81E-05,0.6,0.6,5.45,5.34,3.77,3.31,1.57,D18CL_323001,L8-BO_321144,CF,Jonas_DonorAcceptor-NoWidthOrderedDonor-No2bandHeight-NoInt_D18CL:L8-BO,Jonas_DonorAcceptor-NoWidthOrderedDonor-No2bandHeight-NoInt,0.051876622,03.11.2023 16:38,25639_193306_OD_x1y2,x1y2,0.005518135,0.6,0.6,5,4,0,0,0,0,1,0,0,0,1,0,143
25639,D18CL_323001,L8-BO_321144,CF,2,10,3000,1.538014011,0.075748437,1.715843467,0.108808044,0.16244901,0.251795965,2.104494987,2.285182116,0.087091685,0.137343587,0.647058269,0.352941731,0.35483871,0.365884591,0.389139552,58.55463022,22.55827984,12.05263854,0.912462258,08.11.2023 12:15,A-3,5.84E-05,1.4,1.4,5.45,5.34,3.77,3.31,1.57,D18CL_323001,L8-BO_321144,CF,Jonas_DonorAcceptor-NoWidthOrderedDonor-No2bandHeight-NoInt_D18CL:L8-BO,Jonas_DonorAcceptor-NoWidthOrderedDonor-No2bandHeight-NoInt,0.044559072,03.11.2023 16:38,25639_193306_OD_x3y1,x3y1,0.004953596,1.4,1.4,5,4,0,0,0,0,1,0,0,0,1,0,143
25639,D18CL_323001,L8-BO_321144,CF,2,10,3000,1.53794756,0.075696547,1.715766477,0.108796111,0.161259264,0.249951859,2.104620398,2.285281249,0.08675521,0.136812966,0.646263162,0.353736838,0.35483871,0.365884591,0.386764825,58.28338658,22.41401208,11.90731995,0.911485246,08.11.2023 12:15,B-2,1.76E-05,1,0.6,5.45,5.34,3.77,3.31,1.57,D18CL_323001,L8-BO_321144,CF,Jonas_DonorAcceptor-NoWidthOrderedDonor-No2bandHeight-NoInt_D18CL:L8-BO,Jonas_DonorAcceptor-NoWidthOrderedDonor-No2bandHeight-NoInt,0.0445883,03.11.2023 16:38,25639_193306_OD_x2y2,x2y2,0.004947664,1,0.6,5,4,0,0,0,0,1,0,0,0,1,0,143
25640,D18CL_323001,L8-BO_321144,CF,1,10,2000,1.544030772,0.077170121,1.72068522,0.107819759,0.203729446,0.315780641,2.109052974,2.295348877,0.115131916,0.181563031,0.63493447,0.36506553,0.35483871,0.365884591,0.497343672,65.8688558,24.3334042,14.838864,0.925801041,08.11.2023 12:18,B-3,7.24E-06,1.4,0.6,5.45,5.34,3.77,3.31,1.57,D18CL_323001,L8-BO_321144,CF,Jonas_DonorAcceptor-NoWidthOrderedDonor-No2bandHeight-NoInt_D18CL:L8-BO,Jonas_DonorAcceptor-NoWidthOrderedDonor-No2bandHeight-NoInt,0.093070581,03.11.2023 16:44,25640_193319_OD_x3y2,x3y2,0.008595428,1.4,0.6,5,4,0,0,0,0,1,0,0,0,1,0,144
25640,D18CL_323001,L8-BO_321144,CF,1,10,2000,1.545179634,0.077026735,1.721466259,0.107883371,0.206975123,0.320811441,2.109094384,2.296247719,0.117509569,0.185312591,0.633859332,0.366140668,0.35483871,0.365884591,0.506124031,65.05092252,24.5548684,14.78522484,0.925628807,08.11.2023 12:18,B-2,8.85E-06,1,0.6,5.45,5.34,3.77,3.31,1.57,D18CL_323001,L8-BO_321144,CF,Jonas_DonorAcceptor-NoWidthOrderedDonor-No2bandHeight-NoInt_D18CL:L8-BO,Jonas_DonorAcceptor-NoWidthOrderedDonor-No2bandHeight-NoInt,0.102941229,03.11.2023 16:44,25640_193319_OD_x2y2,x2y2,0.009197254,1,0.6,5,4,0,0,0,0,1,0,0,0,1,0,144
25640,D18CL_323001,L8-BO_321144,CF,1,10,2000,1.542586575,0.077194132,1.719449677,0.108645495,0.192562145,0.298471325,2.107661279,2.291958191,0.106578152,0.168073746,0.639748105,0.360251895,0.35483871,0.365884591,0.466545071,65.02860398,24.40591115,14.70261475,0.926392693,08.11.2023 12:18,A-2,7.10E-06,1,1.4,5.45,5.34,3.77,3.31,1.57,D18CL_323001,L8-BO_321144,CF,Jonas_DonorAcceptor-NoWidthOrderedDonor-No2bandHeight-NoInt_D18CL:L8-BO,Jonas_DonorAcceptor-NoWidthOrderedDonor-No2bandHeight-NoInt,0.083199458,03.11.2023 16:44,25640_193319_OD_x2y1,x2y1,0.007724901,1,1.4,5,4,0,0,0,0,1,0,0,0,1,0,144
25640,D18CL_323001,L8-BO_321144,CF,1,10,2000,1.542400745,0.077138065,1.719384844,0.108412026,0.192044292,0.297668653,2.107280024,2.291648661,0.106106524,0.167329989,0.640149511,0.359850489,0.35483871,0.365884591,0.464998642,65.79773901,24.09220759,14.68743185,0.926527465,08.11.2023 12:18,A-3,5.10E-06,1.4,1.4,5.45,5.34,3.77,3.31,1.57,D18CL_323001,L8-BO_321144,CF,Jonas_DonorAcceptor-NoWidthOrderedDonor-No2bandHeight-NoInt_D18CL:L8-BO,Jonas_DonorAcceptor-NoWidthOrderedDonor-No2bandHeight-NoInt,0.07968735,03.11.2023 16:44,25640_193319_OD_x3y1,x3y1,0.007559201,1.4,1.4,5,4,0,0,0,0,1,0,0,0,1,0,144
26141,D18CL_323001,ITIC-4F_120033,CF,0,15,2000,1.710626696,0.084621935,1.891700763,0.079520832,0.505949986,0.666842082,2.132695725,2.307337821,0.235130774,0.370801231,0.642650585,0.357349415,0.241274659,0.365884591,1.037643313,55.59765464,18.1258854,8.930803819,0.886206331,29.11.2023 12:52,B-3,5.12E-06,1.4,0.6,5.47,5.34,3.97,3.31,1.37,D18CL_323001,ITIC-4F_120033,CF,Jonas_DonorAcceptor-NoWidthOrderedDonor-No2bandHeight-NoInt_D18CL:ITIC-4F,Jonas_DonorAcceptor-NoWidthOrderedDonor-No2bandHeight-NoInt,0.264859065,29.11.2023 10:45,26141_208095_OD_x3y2,x3y2,0.01786961,1.4,0.6,5,3,0,0,0,0,1,0,0,1,0,0,145
26141,D18CL_323001,ITIC-4F_120033,CF,0,15,2000,1.692841179,0.085988241,1.884742727,0.081259967,0.286709372,0.377882952,2.123582237,2.312567098,0.124776841,0.196773078,0.657581114,0.342418886,0.241274659,0.365884591,0.57465603,57.3728686,17.15895754,8.737244276,0.88751768,29.11.2023 12:52,A-1,6.90E-06,0.6,1.4,5.47,5.34,3.97,3.31,1.37,D18CL_323001,ITIC-4F_120033,CF,Jonas_DonorAcceptor-NoWidthOrderedDonor-No2bandHeight-NoInt_D18CL:ITIC-4F,Jonas_DonorAcceptor-NoWidthOrderedDonor-No2bandHeight-NoInt,0.875078744,29.11.2023 10:45,26141_208095_OD_x1y1,x1y1,0.022592317,0.6,1.4,5,3,0,0,0,0,1,0,0,1,0,0,145
26141,D18CL_323001,ITIC-4F_120033,CF,0,15,2000,1.694855787,0.088276695,1.883355985,0.085263023,0.265264653,0.349618812,2.134055523,2.307201659,0.098163502,0.154803843,0.693106879,0.306893121,0.241274659,0.365884591,0.504422656,56.59417047,16.82808986,8.462632061,0.888584918,29.11.2023 12:52,A-2,7.37E-06,1,1.4,5.47,5.34,3.97,3.31,1.37,D18CL_323001,ITIC-4F_120033,CF,Jonas_DonorAcceptor-NoWidthOrderedDonor-No2bandHeight-NoInt_D18CL:ITIC-4F,Jonas_DonorAcceptor-NoWidthOrderedDonor-No2bandHeight-NoInt,0.085052178,29.11.2023 10:45,26141_208095_OD_x2y1,x2y1,0.006512192,1,1.4,5,3,0,0,0,0,1,0,0,1,0,0,145
26141,D18CL_323001,ITIC-4F_120033,CF,0,15,2000,1.705104084,0.087629383,1.889940442,0.082450066,0.388794018,0.512430516,2.138210548,2.30709835,0.172652852,0.272273547,0.653023911,0.346976089,0.241274659,0.365884591,0.784704063,53.14028026,17.64560685,8.313358218,0.886576173,29.11.2023 12:52,B-1,5.93E-07,0.6,0.6,5.47,5.34,3.97,3.31,1.37,D18CL_323001,ITIC-4F_120033,CF,Jonas_DonorAcceptor-NoWidthOrderedDonor-No2bandHeight-NoInt_D18CL:ITIC-4F,Jonas_DonorAcceptor-NoWidthOrderedDonor-No2bandHeight-NoInt,0.448430081,29.11.2023 10:45,26141_208095_OD_x1y2,x1y2,0.019299889,0.6,0.6,5,3,0,0,0,0,1,0,0,1,0,0,145
26142,D18CL_323001,ITIC-4F_120033,CF,0,15,2000,1.716882084,0.08087597,1.889004078,0.078231029,0.49538397,0.652916072,2.132614591,2.304220573,0.280826331,0.442863124,0.595846384,0.404153616,0.241274659,0.365884591,1.095779197,52.07618126,20.89696919,9.799073989,0.900456225,29.11.2023 12:55,A-1,5.43E-07,0.6,1.4,5.47,5.34,3.97,3.31,1.37,D18CL_323001,ITIC-4F_120033,CF,Jonas_DonorAcceptor-NoWidthOrderedDonor-No2bandHeight-NoInt_D18CL:ITIC-4F,Jonas_DonorAcceptor-NoWidthOrderedDonor-No2bandHeight-NoInt,0.186097945,29.11.2023 10:50,26142_208096_OD_x1y1,x1y1,0.015245894,0.6,1.4,5,3,0,0,0,0,1,0,0,1,0,0,146
26142,D18CL_323001,ITIC-4F_120033,CF,0,15,2000,1.718337664,0.081272948,1.890357473,0.07878733,0.516286807,0.680466011,2.133765699,2.304632666,0.292934466,0.461957653,0.59563368,0.40436632,0.241274659,0.365884591,1.142423664,49.32727196,21.27129708,9.454025056,0.901022588,29.11.2023 12:55,B-2,4.24E-07,1,0.6,5.47,5.34,3.97,3.31,1.37,D18CL_323001,ITIC-4F_120033,CF,Jonas_DonorAcceptor-NoWidthOrderedDonor-No2bandHeight-NoInt_D18CL:ITIC-4F,Jonas_DonorAcceptor-NoWidthOrderedDonor-No2bandHeight-NoInt,0.152111275,29.11.2023 10:50,26142_208096_OD_x2y2,x2y2,0.013890936,1,0.6,5,3,0,0,0,0,1,0,0,1,0,0,146
26142,D18CL_323001,ITIC-4F_120033,CF,0,15,2000,1.719170851,0.082258381,1.89194568,0.07985187,0.607543526,0.800742367,2.136200685,2.307552438,0.371120228,0.5852566,0.577736626,0.422263374,0.241274659,0.365884591,1.385998966,49.32290301,20.6329817,9.13131456,0.897269036,29.11.2023 12:55,A-3,3.98E-07,1.4,1.4,5.47,5.34,3.97,3.31,1.37,D18CL_323001,ITIC-4F_120033,CF,Jonas_DonorAcceptor-NoWidthOrderedDonor-No2bandHeight-NoInt_D18CL:ITIC-4F,Jonas_DonorAcceptor-NoWidthOrderedDonor-No2bandHeight-NoInt,0.135288026,29.11.2023 10:50,26142_208096_OD_x3y1,x3y1,0.014243372,1.4,1.4,5,3,0,0,0,0,1,0,0,1,0,0,146
26142,D18CL_323001,ITIC-4F_120033,CF,0,15,2000,1.719827866,0.082175297,1.89150906,0.079821678,0.559844918,0.737875602,2.134739014,2.304970006,0.318191883,0.5017886,0.595222158,0.404777842,0.241274659,0.365884591,1.239664202,48.12134441,21.04937572,9.107711204,0.89915027,29.11.2023 12:55,A-2,3.84E-07,1,1.4,5.47,5.34,3.97,3.31,1.37,D18CL_323001,ITIC-4F_120033,CF,Jonas_DonorAcceptor-NoWidthOrderedDonor-No2bandHeight-NoInt_D18CL:ITIC-4F,Jonas_DonorAcceptor-NoWidthOrderedDonor-No2bandHeight-NoInt,0.090736244,29.11.2023 10:50,26142_208096_OD_x2y1,x2y1,0.01091532,1,1.4,5,3,0,0,0,0,1,0,0,1,0,0,146
26143,D18CL_323001,ITIC-4F_120033,CF,0,12.3,2000,1.703532122,0.09,1.879428821,0.089086461,0.241875645,0.3187921,2.135604854,2.29860761,0.11079855,0.174729313,0.645953938,0.354046062,0.241274659,0.365884591,0.493521413,62.83065128,19.62627312,11.10262913,0.900360499,29.11.2023 12:57,B-1,1.67E-06,0.6,0.6,5.47,5.34,3.97,3.31,1.37,D18CL_323001,ITIC-4F_120033,CF,Jonas_DonorAcceptor-NoWidthOrderedDonor-No2bandHeight-NoInt_D18CL:ITIC-4F,Jonas_DonorAcceptor-NoWidthOrderedDonor-No2bandHeight-NoInt,0.4625498,29.11.2023 10:56,26143_208107_OD_x1y2,x1y2,0.013749925,0.6,0.6,5,3,0,0,0,0,1,0,0,1,0,0,147
26143,D18CL_323001,ITIC-4F_120033,CF,0,12.3,2000,1.717689462,0.07978164,1.888746184,0.077710099,0.391273711,0.515698752,2.132753355,2.304865727,0.22262665,0.351082227,0.594958547,0.405041453,0.241274659,0.365884591,0.866780978,62.6790969,19.19629626,10.86988059,0.903409387,29.11.2023 12:57,A-3,3.72E-07,1.4,1.4,5.47,5.34,3.97,3.31,1.37,D18CL_323001,ITIC-4F_120033,CF,Jonas_DonorAcceptor-NoWidthOrderedDonor-No2bandHeight-NoInt_D18CL:ITIC-4F,Jonas_DonorAcceptor-NoWidthOrderedDonor-No2bandHeight-NoInt,0.118058892,29.11.2023 10:56,26143_208107_OD_x3y1,x3y1,0.010830263,1.4,1.4,5,3,0,0,0,0,1,0,0,1,0,0,147
26143,D18CL_323001,ITIC-4F_120033,CF,0,12.3,2000,1.720586293,0.079277531,1.890425801,0.077485301,0.386588423,0.509523542,2.132315357,2.304503938,0.223412966,0.352322248,0.591200361,0.408799639,0.241274659,0.365884591,0.86184579,61.68711564,19.32443129,10.79448964,0.905526007,29.11.2023 12:57,A-1,2.03E-07,0.6,1.4,5.47,5.34,3.97,3.31,1.37,D18CL_323001,ITIC-4F_120033,CF,Jonas_DonorAcceptor-NoWidthOrderedDonor-No2bandHeight-NoInt_D18CL:ITIC-4F,Jonas_DonorAcceptor-NoWidthOrderedDonor-No2bandHeight-NoInt,0.107231441,29.11.2023 10:56,26143_208107_OD_x1y1,x1y1,0.010253153,0.6,1.4,5,3,0,0,0,0,1,0,0,1,0,0,147
26143,D18CL_323001,ITIC-4F_120033,CF,0,12.3,2000,1.721446199,0.078908978,1.891023529,0.077206953,0.391677825,0.516231373,2.132268897,2.304388365,0.22686107,0.357759908,0.590659637,0.409340363,0.241274659,0.365884591,0.873991281,61.1701072,19.27979603,10.68526503,0.906032178,29.11.2023 12:57,A-2,2.48E-07,1,1.4,5.47,5.34,3.97,3.31,1.37,D18CL_323001,ITIC-4F_120033,CF,Jonas_DonorAcceptor-NoWidthOrderedDonor-No2bandHeight-NoInt_D18CL:ITIC-4F,Jonas_DonorAcceptor-NoWidthOrderedDonor-No2bandHeight-NoInt,0.114727037,29.11.2023 10:56,26143_208107_OD_x2y1,x2y1,0.010696777,1,1.4,5,3,0,0,0,0,1,0,0,1,0,0,147
26144,D18CL_323001,ITIC-4F_120033,CF,0,10.1,1000,1.715556735,0.08057044,1.887696608,0.077882626,0.477846069,0.629801119,2.131540294,2.303598773,0.272703789,0.430053875,0.594233289,0.405766711,0.241274659,0.365884591,1.059854994,54.48976805,20.44232041,9.974146907,0.895427876,29.11.2023 13:00,B-2,5.38E-07,1,0.6,5.47,5.34,3.97,3.31,1.37,D18CL_323001,ITIC-4F_120033,CF,Jonas_DonorAcceptor-NoWidthOrderedDonor-No2bandHeight-NoInt_D18CL:ITIC-4F,Jonas_DonorAcceptor-NoWidthOrderedDonor-No2bandHeight-NoInt,0.20687322,29.11.2023 11:02,26144_208110_OD_x2y2,x2y2,0.016165181,1,0.6,5,3,0,0,0,0,1,0,0,1,0,0,148
26145,D18CL_323001,ITIC-4F_120033,CF,2,10.1,1000,1.717217478,0.079926263,1.888710384,0.076989646,0.468085201,0.616936294,2.129003128,2.3015687,0.28033801,0.442093041,0.582548824,0.417451176,0.241274659,0.365884591,1.059029336,54.67052477,20.96968237,10.31981139,0.900174415,29.11.2023 13:02,B-3,5.69E-07,1.4,0.6,5.47,5.34,3.97,3.31,1.37,D18CL_323001,ITIC-4F_120033,CF,Jonas_DonorAcceptor-NoWidthOrderedDonor-No2bandHeight-NoInt_D18CL:ITIC-4F,Jonas_DonorAcceptor-NoWidthOrderedDonor-No2bandHeight-NoInt,0.1654713,29.11.2023 11:08,26145_208114_OD_x3y2,x3y2,0.014385143,1.4,0.6,5,3,0,0,0,0,1,0,0,1,0,0,149
26145,D18CL_323001,ITIC-4F_120033,CF,2,10.1,1000,1.715052029,0.080243839,1.887034874,0.077088242,0.464341518,0.612002121,2.128469081,2.301283995,0.27767796,0.437898143,0.582914532,0.417085468,0.241274659,0.365884591,1.049900264,55.71070908,20.15007135,10.10050053,0.899761946,29.11.2023 13:02,A-3,7.42E-07,1.4,1.4,5.47,5.34,3.97,3.31,1.37,D18CL_323001,ITIC-4F_120033,CF,Jonas_DonorAcceptor-NoWidthOrderedDonor-No2bandHeight-NoInt_D18CL:ITIC-4F,Jonas_DonorAcceptor-NoWidthOrderedDonor-No2bandHeight-NoInt,0.181316815,29.11.2023 11:08,26145_208114_OD_x3y1,x3y1,0.015154355,1.4,1.4,5,3,0,0,0,0,1,0,0,1,0,0,149
26145,D18CL_323001,ITIC-4F_120033,CF,2,10.1,1000,1.715473512,0.079961559,1.887458826,0.077019067,0.454629275,0.599201385,2.128753353,2.301608372,0.271098064,0.427521647,0.583605672,0.416394328,0.241274659,0.365884591,1.026723032,55.22630841,20.13061985,10.00505152,0.899945413,29.11.2023 13:02,A-1,7.15E-07,0.6,1.4,5.47,5.34,3.97,3.31,1.37,D18CL_323001,ITIC-4F_120033,CF,Jonas_DonorAcceptor-NoWidthOrderedDonor-No2bandHeight-NoInt_D18CL:ITIC-4F,Jonas_DonorAcceptor-NoWidthOrderedDonor-No2bandHeight-NoInt,0.182519611,29.11.2023 11:08,26145_208114_OD_x1y1,x1y1,0.015048204,0.6,1.4,5,3,0,0,0,0,1,0,0,1,0,0,149
26145,D18CL_323001,ITIC-4F_120033,CF,2,10.1,1000,1.71882996,0.079368404,1.88986167,0.076842536,0.467744948,0.616487842,2.129539836,2.301976845,0.2818698,0.444508675,0.581046056,0.418953944,0.241274659,0.365884591,1.060996517,53.39957624,20.67106404,9.980800121,0.904200443,29.11.2023 13:02,B-2,5.48E-07,1,0.6,5.47,5.34,3.97,3.31,1.37,D18CL_323001,ITIC-4F_120033,CF,Jonas_DonorAcceptor-NoWidthOrderedDonor-No2bandHeight-NoInt_D18CL:ITIC-4F,Jonas_DonorAcceptor-NoWidthOrderedDonor-No2bandHeight-NoInt,0.150421353,29.11.2023 11:08,26145_208114_OD_x2y2,x2y2,0.013684431,1,0.6,5,3,0,0,0,0,1,0,0,1,0,0,149
26146,D18CL_323001,ITIC-4F_120033,CF,0,10.1,3000,1.70692396,0.09,1.883553552,0.089145699,0.239473958,0.315626677,2.136233645,2.299974022,0.107684269,0.169818092,0.650180407,0.349819593,0.241274659,0.365884591,0.485444769,67.65194389,20.14806876,12.45774189,0.913956707,29.11.2023 13:05,B-1,1.26E-06,0.6,0.6,5.47,5.34,3.97,3.31,1.37,D18CL_323001,ITIC-4F_120033,CF,Jonas_DonorAcceptor-NoWidthOrderedDonor-No2bandHeight-NoInt_D18CL:ITIC-4F,Jonas_DonorAcceptor-NoWidthOrderedDonor-No2bandHeight-NoInt,0.115401994,29.11.2023 11:13,26146_208143_OD_x1y2,x1y2,0.006789238,0.6,0.6,5,3,0,0,0,0,1,0,0,1,0,0,150
26146,D18CL_323001,ITIC-4F_120033,CF,0,10.1,3000,1.706280591,0.09,1.882873262,0.089040677,0.241857013,0.318767544,2.136037875,2.300077663,0.109457841,0.172615015,0.648715625,0.351284375,0.241274659,0.365884591,0.491382559,66.04902553,20.14013615,12.14502374,0.912997422,29.11.2023 13:05,B-3,1.76E-06,1.4,0.6,5.47,5.34,3.97,3.31,1.37,D18CL_323001,ITIC-4F_120033,CF,Jonas_DonorAcceptor-NoWidthOrderedDonor-No2bandHeight-NoInt_D18CL:ITIC-4F,Jonas_DonorAcceptor-NoWidthOrderedDonor-No2bandHeight-NoInt,0.111501524,29.11.2023 11:13,26146_208143_OD_x3y2,x3y2,0.006781146,1.4,0.6,5,3,0,0,0,0,1,0,0,1,0,0,150
26146,D18CL_323001,ITIC-4F_120033,CF,0,10.1,3000,1.707210229,0.09,1.883304108,0.088677351,0.250993723,0.330809727,2.136650241,2.301440624,0.115285257,0.18180485,0.645338119,0.354661881,0.241274659,0.365884591,0.512614578,65.89151726,20.04177211,12.0592465,0.913176118,29.11.2023 13:05,B-2,1.67E-06,1,0.6,5.47,5.34,3.97,3.31,1.37,D18CL_323001,ITIC-4F_120033,CF,Jonas_DonorAcceptor-NoWidthOrderedDonor-No2bandHeight-NoInt_D18CL:ITIC-4F,Jonas_DonorAcceptor-NoWidthOrderedDonor-No2bandHeight-NoInt,0.126809002,29.11.2023 11:13,26146_208143_OD_x2y2,x2y2,0.007360618,1,0.6,5,3,0,0,0,0,1,0,0,1,0,0,150
26146,D18CL_323001,ITIC-4F_120033,CF,0,10.1,3000,1.707555463,0.09,1.883703413,0.089075317,0.245042682,0.322966255,2.136697483,2.300782815,0.111997657,0.176620305,0.646467061,0.353532939,0.241274659,0.365884591,0.49958656,67.00174451,19.64311026,12.04631653,0.915288289,29.11.2023 13:05,A-1,1.51E-06,0.6,1.4,5.47,5.34,3.97,3.31,1.37,D18CL_323001,ITIC-4F_120033,CF,Jonas_DonorAcceptor-NoWidthOrderedDonor-No2bandHeight-NoInt_D18CL:ITIC-4F,Jonas_DonorAcceptor-NoWidthOrderedDonor-No2bandHeight-NoInt,0.131472494,29.11.2023 11:13,26146_208143_OD_x1y1,x1y1,0.007380663,0.6,1.4,5,3,0,0,0,0,1,0,0,1,0,0,150
26147,D18CL_323001,ITIC-4F_120033,CF,2,10.1,3000,1.704129462,0.09,1.881848633,0.088538925,0.23918443,0.315245079,2.135104321,2.300924263,0.11305144,0.17828212,0.638759281,0.361240719,0.241274659,0.365884591,0.493527199,68.53608127,20.45238491,12.76318075,0.910533006,29.11.2023 13:07,B-3,1.97E-06,1.4,0.6,5.47,5.34,3.97,3.31,1.37,D18CL_323001,ITIC-4F_120033,CF,Jonas_DonorAcceptor-NoWidthOrderedDonor-No2bandHeight-NoInt_D18CL:ITIC-4F,Jonas_DonorAcceptor-NoWidthOrderedDonor-No2bandHeight-NoInt,0.108145646,29.11.2023 11:19,26147_208180_OD_x3y2,x3y2,0.006831808,1.4,0.6,5,3,0,0,0,0,1,0,0,1,0,0,151
26147,D18CL_323001,ITIC-4F_120033,CF,2,10.1,3000,1.702392924,0.09,1.881266552,0.088441128,0.233516392,0.307774605,2.134526459,2.299663628,0.107150134,0.168975762,0.645567632,0.354432368,0.241274659,0.365884591,0.476750367,67.93932855,20.49731949,12.70288689,0.912187487,29.11.2023 13:07,B-1,1.18E-05,0.6,0.6,5.47,5.34,3.97,3.31,1.37,D18CL_323001,ITIC-4F_120033,CF,Jonas_DonorAcceptor-NoWidthOrderedDonor-No2bandHeight-NoInt_D18CL:ITIC-4F,Jonas_DonorAcceptor-NoWidthOrderedDonor-No2bandHeight-NoInt,0.094847864,29.11.2023 11:19,26147_208180_OD_x1y2,x1y2,0.006249003,0.6,0.6,5,3,0,0,0,0,1,0,0,1,0,0,151
26147,D18CL_323001,ITIC-4F_120033,CF,2,10.1,3000,1.702127932,0.09,1.88086191,0.088391936,0.234030795,0.308452587,2.134288048,2.299672065,0.107640993,0.169749846,0.645025131,0.354974869,0.241274659,0.365884591,0.478202433,68.63569792,20.07134115,12.55819184,0.911592338,29.11.2023 13:07,A-1,2.26E-06,0.6,1.4,5.47,5.34,3.97,3.31,1.37,D18CL_323001,ITIC-4F_120033,CF,Jonas_DonorAcceptor-NoWidthOrderedDonor-No2bandHeight-NoInt_D18CL:ITIC-4F,Jonas_DonorAcceptor-NoWidthOrderedDonor-No2bandHeight-NoInt,0.097493703,29.11.2023 11:19,26147_208180_OD_x1y1,x1y1,0.006343729,0.6,1.4,5,3,0,0,0,0,1,0,0,1,0,0,151
26147,D18CL_323001,ITIC-4F_120033,CF,2,10.1,3000,1.702883879,0.09,1.88124985,0.088221983,0.237395056,0.312886684,2.134409274,2.300004693,0.11049392,0.174248912,0.642298955,0.357701045,0.241274659,0.365884591,0.487135596,68.75424092,19.74944518,12.38008559,0.911736321,29.11.2023 13:07,A-3,1.09E-06,1.4,1.4,5.47,5.34,3.97,3.31,1.37,D18CL_323001,ITIC-4F_120033,CF,Jonas_DonorAcceptor-NoWidthOrderedDonor-No2bandHeight-NoInt_D18CL:ITIC-4F,Jonas_DonorAcceptor-NoWidthOrderedDonor-No2bandHeight-NoInt,0.099877878,29.11.2023 11:19,26147_208180_OD_x3y1,x3y1,0.006533349,1.4,1.4,5,3,0,0,0,0,1,0,0,1,0,0,151
26148,D18CL_323001,ITIC-4F_120033,CF,1,10.1,2000,1.710910824,0.085703939,1.885006363,0.083671095,0.298725628,0.393720377,2.134425713,2.304504406,0.160009161,0.252334446,0.609422549,0.390577451,0.241274659,0.365884591,0.646054824,67.70308753,19.84127394,12.13604904,0.903439957,29.11.2023 13:10,B-1,3.85E-07,0.6,0.6,5.47,5.34,3.97,3.31,1.37,D18CL_323001,ITIC-4F_120033,CF,Jonas_DonorAcceptor-NoWidthOrderedDonor-No2bandHeight-NoInt_D18CL:ITIC-4F,Jonas_DonorAcceptor-NoWidthOrderedDonor-No2bandHeight-NoInt,0.105685873,29.11.2023 11:25,26148_208209_OD_x1y2,x1y2,0.007993836,0.6,0.6,5,3,0,0,0,0,1,0,0,1,0,0,152
26148,D18CL_323001,ITIC-4F_120033,CF,1,10.1,2000,1.713586994,0.084804173,1.886769076,0.083056011,0.301139037,0.396901251,2.134368902,2.30454891,0.164353034,0.259184734,0.6049531,0.3950469,0.241274659,0.365884591,0.656085985,67.473716,19.32060384,11.80574431,0.905603408,29.11.2023 13:10,A-1,3.83E-07,0.6,1.4,5.47,5.34,3.97,3.31,1.37,D18CL_323001,ITIC-4F_120033,CF,Jonas_DonorAcceptor-NoWidthOrderedDonor-No2bandHeight-NoInt_D18CL:ITIC-4F,Jonas_DonorAcceptor-NoWidthOrderedDonor-No2bandHeight-NoInt,0.111379752,29.11.2023 11:25,26148_208209_OD_x1y1,x1y1,0.008306694,0.6,1.4,5,3,0,0,0,0,1,0,0,1,0,0,152
26148,D18CL_323001,ITIC-4F_120033,CF,1,10.1,2000,1.713618,0.083606434,1.886477286,0.081507493,0.31390434,0.41372592,2.133055635,2.304219987,0.174253716,0.274798111,0.600888134,0.399111866,0.241274659,0.365884591,0.68852403,65.76624651,19.46194292,11.5332752,0.901080113,29.11.2023 13:10,B-2,5.71E-07,1,0.6,5.47,5.34,3.97,3.31,1.37,D18CL_323001,ITIC-4F_120033,CF,Jonas_DonorAcceptor-NoWidthOrderedDonor-No2bandHeight-NoInt_D18CL:ITIC-4F,Jonas_DonorAcceptor-NoWidthOrderedDonor-No2bandHeight-NoInt,0.087991828,29.11.2023 11:25,26148_208209_OD_x2y2,x2y2,0.007529655,1,0.6,5,3,0,0,0,0,1,0,0,1,0,0,152
26148,D18CL_323001,ITIC-4F_120033,CF,1,10.1,2000,1.717814085,0.080636197,1.887906792,0.078959236,0.322548981,0.425119557,2.130750239,2.304814055,0.203365241,0.320706985,0.569997892,0.430002108,0.241274659,0.365884591,0.745826542,65.48278067,19.44535181,11.52083492,0.904775924,29.11.2023 13:10,B-3,3.24E-07,1.4,0.6,5.47,5.34,3.97,3.31,1.37,D18CL_323001,ITIC-4F_120033,CF,Jonas_DonorAcceptor-NoWidthOrderedDonor-No2bandHeight-NoInt_D18CL:ITIC-4F,Jonas_DonorAcceptor-NoWidthOrderedDonor-No2bandHeight-NoInt,0.085910872,29.11.2023 11:25,26148_208209_OD_x3y2,x3y2,0.008382719,1.4,0.6,5,3,0,0,0,0,1,0,0,1,0,0,152
26149,PM6_321136,PY-IT_321127,CF,0,15,2000,1.546027965,0.061301122,1.704977348,0.072036684,0.234025417,0.308913551,2.012318618,2.165124734,0.194297181,0.26813011,0.535338263,0.464661737,0.242424242,0.275362319,0.57704366,52.43700944,21.61922784,10.74093289,0.9474666,29.11.2023 14:37,B-1,2.19E-06,0.6,0.6,5.48,5.33,3.64,3.38,1.69,PM6_321136,PY-IT_321127,CF,Jonas_DonorAcceptor-NoWidthOrderedDonor-No2bandHeight-NoInt_PM6:PY-IT,Jonas_DonorAcceptor-NoWidthOrderedDonor-No2bandHeight-NoInt,0.216218775,29.11.2023 11:40,26149_208243_OD_x1y2,x1y2,0.015483939,0.6,0.6,1,5,1,0,0,0,0,0,0,0,0,1,153
26149,PM6_321136,PY-IT_321127,CF,0,15,2000,1.546438053,0.060701682,1.705179364,0.071490984,0.238436699,0.314736443,2.012504929,2.165593058,0.200523439,0.276722346,0.532135879,0.467864121,0.242424242,0.275362319,0.59145879,51.81125377,21.77311301,10.66790575,0.94565896,29.11.2023 14:37,B-3,1.37E-06,1.4,0.6,5.48,5.33,3.64,3.38,1.69,PM6_321136,PY-IT_321127,CF,Jonas_DonorAcceptor-NoWidthOrderedDonor-No2bandHeight-NoInt_PM6:PY-IT,Jonas_DonorAcceptor-NoWidthOrderedDonor-No2bandHeight-NoInt,0.210479231,29.11.2023 11:40,26149_208243_OD_x3y2,x3y2,0.015839377,1.4,0.6,1,5,1,0,0,0,0,0,0,0,0,1,153
26150,PM6_321136,PY-IT_321127,CF,0,12.5,2000,1.537652626,0.067368122,1.701934723,0.078722715,0.187419396,0.247393603,2.010325331,2.1599576,0.131793616,0.181875189,0.576313973,0.423686027,0.242424242,0.275362319,0.429268793,57.67488921,23.58222409,12.85591487,0.945216855,29.11.2023 14:39,A-2,3.54E-06,1,1.4,5.48,5.33,3.64,3.38,1.69,PM6_321136,PY-IT_321127,CF,Jonas_DonorAcceptor-NoWidthOrderedDonor-No2bandHeight-NoInt_PM6:PY-IT,Jonas_DonorAcceptor-NoWidthOrderedDonor-No2bandHeight-NoInt,0.204947159,29.11.2023 11:46,26150_208248_OD_x2y1,x2y1,0.011108549,1,1.4,1,5,1,0,0,0,0,0,0,0,0,1,154
26150,PM6_321136,PY-IT_321127,CF,0,12.5,2000,1.539210251,0.066941788,1.703086008,0.078096581,0.19426232,0.256426263,2.010760103,2.161039911,0.139401767,0.192374439,0.571358872,0.428641128,0.242424242,0.275362319,0.448800702,57.66009591,23.52215951,12.84723592,0.947233716,29.11.2023 14:39,A-1,3.33E-06,0.6,1.4,5.48,5.33,3.64,3.38,1.69,PM6_321136,PY-IT_321127,CF,Jonas_DonorAcceptor-NoWidthOrderedDonor-No2bandHeight-NoInt_PM6:PY-IT,Jonas_DonorAcceptor-NoWidthOrderedDonor-No2bandHeight-NoInt,0.202903922,29.11.2023 11:46,26150_208248_OD_x1y1,x1y1,0.011517813,0.6,1.4,1,5,1,0,0,0,0,0,0,0,0,1,154
26150,PM6_321136,PY-IT_321127,CF,0,12.5,2000,1.541701015,0.064960469,1.703666267,0.075903079,0.205643981,0.271450055,2.01207752,2.163248912,0.154543966,0.213270674,0.5600133,0.4399867,0.242424242,0.275362319,0.484720728,56.41900992,23.54324425,12.54896224,0.944748136,29.11.2023 14:39,B-2,1.38E-06,1,0.6,5.48,5.33,3.64,3.38,1.69,PM6_321136,PY-IT_321127,CF,Jonas_DonorAcceptor-NoWidthOrderedDonor-No2bandHeight-NoInt_PM6:PY-IT,Jonas_DonorAcceptor-NoWidthOrderedDonor-No2bandHeight-NoInt,0.207521548,29.11.2023 11:46,26150_208248_OD_x2y2,x2y2,0.012518859,1,0.6,1,5,1,0,0,0,0,0,0,0,0,1,154
26150,PM6_321136,PY-IT_321127,CF,0,12.5,2000,1.538806416,0.06639195,1.703652981,0.076930572,0.193025462,0.25479361,2.009600827,2.161236938,0.140193109,0.19346649,0.568405732,0.431594268,0.242424242,0.275362319,0.4482601,55.74806712,23.44248059,12.33433132,0.943804907,29.11.2023 14:39,B-1,2.21E-06,0.6,0.6,5.48,5.33,3.64,3.38,1.69,PM6_321136,PY-IT_321127,CF,Jonas_DonorAcceptor-NoWidthOrderedDonor-No2bandHeight-NoInt_PM6:PY-IT,Jonas_DonorAcceptor-NoWidthOrderedDonor-No2bandHeight-NoInt,0.188196228,29.11.2023 11:46,26150_208248_OD_x1y2,x1y2,0.011306805,0.6,0.6,1,5,1,0,0,0,0,0,0,0,0,1,154
26151,PM6_321136,PY-IT_321127,CF,0,10,2000,1.533365908,0.068937533,1.699361718,0.08116424,0.164032366,0.216522723,2.008264756,2.156360893,0.109158296,0.150638448,0.58972119,0.41027881,0.242424242,0.275362319,0.367161171,58.80021668,23.5015615,13.02710736,0.942697482,29.11.2023 14:42,A-2,1.48E-06,1,1.4,5.48,5.33,3.64,3.38,1.69,PM6_321136,PY-IT_321127,CF,Jonas_DonorAcceptor-NoWidthOrderedDonor-No2bandHeight-NoInt_PM6:PY-IT,Jonas_DonorAcceptor-NoWidthOrderedDonor-No2bandHeight-NoInt,0.222300422,29.11.2023 11:51,26151_208253_OD_x2y1,x2y1,0.010506498,1,1.4,1,5,1,0,0,0,0,0,0,0,0,1,155
26151,PM6_321136,PY-IT_321127,CF,0,10,2000,1.533594257,0.069058136,1.702101096,0.080827826,0.159997384,0.211196547,2.007343368,2.155418303,0.101019027,0.139406258,0.602381225,0.397618775,0.242424242,0.275362319,0.350602805,57.01661802,22.65277779,12.07501515,0.934899153,29.11.2023 14:42,A-3,3.32E-06,1.4,1.4,5.48,5.33,3.64,3.38,1.69,PM6_321136,PY-IT_321127,CF,Jonas_DonorAcceptor-NoWidthOrderedDonor-No2bandHeight-NoInt_PM6:PY-IT,Jonas_DonorAcceptor-NoWidthOrderedDonor-No2bandHeight-NoInt,0.159273361,29.11.2023 11:51,26151_208253_OD_x3y1,x3y1,0.008600294,1.4,1.4,1,5,1,0,0,0,0,0,0,0,0,1,155
26151,PM6_321136,PY-IT_321127,CF,0,10,2000,1.531573195,0.068897929,1.699152082,0.081383236,0.150977714,0.199290582,2.005300765,2.153968974,0.098673199,0.136169014,0.594082222,0.405917778,0.242424242,0.275362319,0.335459596,55.73869638,22.64571588,11.73310774,0.929544525,29.11.2023 14:42,B-1,9.70E-06,0.6,0.6,5.48,5.33,3.64,3.38,1.69,PM6_321136,PY-IT_321127,CF,Jonas_DonorAcceptor-NoWidthOrderedDonor-No2bandHeight-NoInt_PM6:PY-IT,Jonas_DonorAcceptor-NoWidthOrderedDonor-No2bandHeight-NoInt,0.183949509,29.11.2023 11:51,26151_208253_OD_x1y2,x1y2,0.009094448,0.6,0.6,1,5,1,0,0,0,0,0,0,0,0,1,155
26152,PM6_321136,PY-IT_321127,CF,0,10,1000,1.536197967,0.068666603,1.702806894,0.081024269,0.176118819,0.232476842,2.007059561,2.156147396,0.120244013,0.165936737,0.583506321,0.416493679,0.242424242,0.275362319,0.398413579,58.10008468,22.83973664,12.52043761,0.943521175,29.11.2023 14:45,A-2,2.67E-06,1,1.4,5.48,5.33,3.64,3.38,1.69,PM6_321136,PY-IT_321127,CF,Jonas_DonorAcceptor-NoWidthOrderedDonor-No2bandHeight-NoInt_PM6:PY-IT,Jonas_DonorAcceptor-NoWidthOrderedDonor-No2bandHeight-NoInt,0.25681874,29.11.2023 11:57,26152_208260_OD_x2y1,x2y1,0.01230056,1,1.4,1,5,1,0,0,0,0,0,0,0,0,1,156
26152,PM6_321136,PY-IT_321127,CF,0,10,1000,1.540145359,0.065927301,1.703354702,0.076970813,0.199285513,0.263056877,2.01050398,2.160902435,0.144892259,0.199951317,0.568147347,0.431852653,0.242424242,0.275362319,0.463008194,57.10039312,22.95470628,12.34944136,0.942185625,29.11.2023 14:45,B-1,2.83E-06,0.6,0.6,5.48,5.33,3.64,3.38,1.69,PM6_321136,PY-IT_321127,CF,Jonas_DonorAcceptor-NoWidthOrderedDonor-No2bandHeight-NoInt_PM6:PY-IT,Jonas_DonorAcceptor-NoWidthOrderedDonor-No2bandHeight-NoInt,0.236937441,29.11.2023 11:57,26152_208260_OD_x1y2,x1y2,0.01270761,0.6,0.6,1,5,1,0,0,0,0,0,0,0,0,1,156
26152,PM6_321136,PY-IT_321127,CF,0,10,1000,1.541000624,0.065287246,1.703740445,0.076172512,0.203425023,0.26852103,2.010373954,2.161596198,0.148777209,0.205312548,0.566699032,0.433300968,0.242424242,0.275362319,0.473833578,56.73901041,22.70173263,12.13791823,0.942330929,29.11.2023 14:45,A-1,2.25E-06,0.6,1.4,5.48,5.33,3.64,3.38,1.69,PM6_321136,PY-IT_321127,CF,Jonas_DonorAcceptor-NoWidthOrderedDonor-No2bandHeight-NoInt_PM6:PY-IT,Jonas_DonorAcceptor-NoWidthOrderedDonor-No2bandHeight-NoInt,0.220583012,29.11.2023 11:57,26152_208260_OD_x1y1,x1y1,0.012561163,0.6,1.4,1,5,1,0,0,0,0,0,0,0,0,1,156
26152,PM6_321136,PY-IT_321127,CF,0,10,1000,1.538754469,0.066832007,1.702926375,0.078110831,0.190962906,0.252071036,2.008790709,2.159413494,0.136180352,0.187928886,0.572888819,0.427111181,0.242424242,0.275362319,0.439999922,56.5781642,22.70283441,12.09300745,0.941467619,29.11.2023 14:45,B-2,1.60E-06,1,0.6,5.48,5.33,3.64,3.38,1.69,PM6_321136,PY-IT_321127,CF,Jonas_DonorAcceptor-NoWidthOrderedDonor-No2bandHeight-NoInt_PM6:PY-IT,Jonas_DonorAcceptor-NoWidthOrderedDonor-No2bandHeight-NoInt,0.232910769,29.11.2023 11:57,26152_208260_OD_x2y2,x2y2,0.012192258,1,0.6,1,5,1,0,0,0,0,0,0,0,0,1,156
26153,PM6_321136,PY-IT_321127,CF,2,10,1000,1.537029704,0.066665258,1.701641078,0.077583689,0.201229543,0.265622997,2.008264461,2.161886537,0.147333708,0.203320517,0.566428556,0.433571444,0.242424242,0.275362319,0.468943514,60.11502253,24.0015035,13.49922064,0.935593582,29.11.2023 14:47,B-1,2.04E-06,0.6,0.6,5.48,5.33,3.64,3.38,1.69,PM6_321136,PY-IT_321127,CF,Jonas_DonorAcceptor-NoWidthOrderedDonor-No2bandHeight-NoInt_PM6:PY-IT,Jonas_DonorAcceptor-NoWidthOrderedDonor-No2bandHeight-NoInt,0.195831817,29.11.2023 12:03,26153_208268_OD_x1y2,x1y2,0.011464838,0.6,0.6,1,5,1,0,0,0,0,0,0,0,0,1,157
26153,PM6_321136,PY-IT_321127,CF,2,10,1000,1.536527106,0.066839728,1.701234466,0.077722828,0.199938482,0.263918796,2.008304404,2.161933504,0.143340161,0.197809422,0.571589055,0.428410945,0.242424242,0.275362319,0.461728218,60.06944561,23.72563866,13.34836447,0.936605105,29.11.2023 14:47,A-3,1.68E-06,1.4,1.4,5.48,5.33,3.64,3.38,1.69,PM6_321136,PY-IT_321127,CF,Jonas_DonorAcceptor-NoWidthOrderedDonor-No2bandHeight-NoInt_PM6:PY-IT,Jonas_DonorAcceptor-NoWidthOrderedDonor-No2bandHeight-NoInt,0.19238171,29.11.2023 12:03,26153_208268_OD_x3y1,x3y1,0.011343393,1.4,1.4,1,5,1,0,0,0,0,0,0,0,0,1,157
26153,PM6_321136,PY-IT_321127,CF,2,10,1000,1.537145117,0.066403072,1.701380649,0.077362473,0.203228719,0.268261909,2.008230086,2.162143683,0.147847763,0.204029913,0.568000326,0.431999674,0.242424242,0.275362319,0.472291821,59.34130336,23.58099188,13.1162102,0.93732288,29.11.2023 14:47,A-1,2.26E-06,0.6,1.4,5.48,5.33,3.64,3.38,1.69,PM6_321136,PY-IT_321127,CF,Jonas_DonorAcceptor-NoWidthOrderedDonor-No2bandHeight-NoInt_PM6:PY-IT,Jonas_DonorAcceptor-NoWidthOrderedDonor-No2bandHeight-NoInt,0.201553587,29.11.2023 12:03,26153_208268_OD_x1y1,x1y1,0.011722935,0.6,1.4,1,5,1,0,0,0,0,0,0,0,0,1,157
26153,PM6_321136,PY-IT_321127,CF,2,10,1000,1.53835727,0.065358653,1.701596164,0.076299706,0.209195682,0.276138301,2.007788137,2.16319126,0.154626969,0.213385217,0.564096086,0.435903914,0.242424242,0.275362319,0.489523518,58.70821602,23.68988626,13.02616137,0.936600951,29.11.2023 14:47,A-2,1.52E-06,1,1.4,5.48,5.33,3.64,3.38,1.69,PM6_321136,PY-IT_321127,CF,Jonas_DonorAcceptor-NoWidthOrderedDonor-No2bandHeight-NoInt_PM6:PY-IT,Jonas_DonorAcceptor-NoWidthOrderedDonor-No2bandHeight-NoInt,0.200403426,29.11.2023 12:03,26153_208268_OD_x2y1,x2y1,0.012311568,1,1.4,1,5,1,0,0,0,0,0,0,0,0,1,157
26154,PM6_321136,PY-IT_321127,CF,0,10,3000,1.529826746,0.067807676,1.697162631,0.081390987,0.132617025,0.175054473,2.002555264,2.150363582,0.08437687,0.11644008,0.600541145,0.399458855,0.242424242,0.275362319,0.291494553,59.71892355,21.77966158,12.23787776,0.940899013,29.11.2023 14:50,A-2,6.86E-06,1,1.4,5.48,5.33,3.64,3.38,1.69,PM6_321136,PY-IT_321127,CF,Jonas_DonorAcceptor-NoWidthOrderedDonor-No2bandHeight-NoInt_PM6:PY-IT,Jonas_DonorAcceptor-NoWidthOrderedDonor-No2bandHeight-NoInt,0.166306313,29.11.2023 12:09,26154_208272_OD_x2y1,x2y1,0.008104045,1,1.4,1,5,1,0,0,0,0,0,0,0,0,1,158
26154,PM6_321136,PY-IT_321127,CF,0,10,3000,1.529986262,0.066900943,1.697109062,0.080879019,0.122386668,0.161550402,2.001048544,2.149495163,0.078938497,0.108935126,0.597260796,0.402739204,0.242424242,0.275362319,0.270485528,59.26282509,21.17425894,11.74487707,0.935961328,29.11.2023 14:50,B-3,3.82E-06,1.4,0.6,5.48,5.33,3.64,3.38,1.69,PM6_321136,PY-IT_321127,CF,Jonas_DonorAcceptor-NoWidthOrderedDonor-No2bandHeight-NoInt_PM6:PY-IT,Jonas_DonorAcceptor-NoWidthOrderedDonor-No2bandHeight-NoInt,0.152805085,29.11.2023 12:09,26154_208272_OD_x3y2,x3y2,0.007620175,1.4,0.6,1,5,1,0,0,0,0,0,0,0,0,1,158
26154,PM6_321136,PY-IT_321127,CF,0,10,3000,1.530003249,0.067182293,1.697339237,0.080777291,0.127329055,0.168074353,2.001156116,2.149296005,0.081857309,0.112963087,0.598049688,0.401950312,0.242424242,0.275362319,0.28103744,58.25068166,21.12430908,11.49650952,0.934291673,29.11.2023 14:50,A-3,2.74E-06,1.4,1.4,5.48,5.33,3.64,3.38,1.69,PM6_321136,PY-IT_321127,CF,Jonas_DonorAcceptor-NoWidthOrderedDonor-No2bandHeight-NoInt_PM6:PY-IT,Jonas_DonorAcceptor-NoWidthOrderedDonor-No2bandHeight-NoInt,0.155503578,29.11.2023 12:09,26154_208272_OD_x3y1,x3y1,0.007831457,1.4,1.4,1,5,1,0,0,0,0,0,0,0,0,1,158
26155,PM6_321136,PY-IT_321127,CF,2,10,3000,1.526212708,0.068837116,1.69542843,0.082298024,0.134453942,0.177479204,1.999852047,2.15067241,0.085125042,0.117472558,0.601722812,0.398277188,0.242424242,0.275362319,0.294951762,61.69164759,22.16862636,12.72093261,0.930151732,29.11.2023 14:52,B-3,2.13E-06,1.4,0.6,5.48,5.33,3.64,3.38,1.69,PM6_321136,PY-IT_321127,CF,Jonas_DonorAcceptor-NoWidthOrderedDonor-No2bandHeight-NoInt_PM6:PY-IT,Jonas_DonorAcceptor-NoWidthOrderedDonor-No2bandHeight-NoInt,0.150593227,29.11.2023 12:14,26155_208275_OD_x3y2,x3y2,0.00773154,1.4,0.6,1,5,1,0,0,0,0,0,0,0,0,1,159
26155,PM6_321136,PY-IT_321127,CF,2,10,3000,1.526146939,0.068997505,1.695421685,0.082331831,0.135075635,0.178299839,1.99955891,2.150394757,0.087364871,0.120563522,0.596593167,0.403406833,0.242424242,0.275362319,0.298863361,61.7704206,22.01570477,12.66274712,0.93113957,29.11.2023 14:52,A-1,4.18E-06,0.6,1.4,5.48,5.33,3.64,3.38,1.69,PM6_321136,PY-IT_321127,CF,Jonas_DonorAcceptor-NoWidthOrderedDonor-No2bandHeight-NoInt_PM6:PY-IT,Jonas_DonorAcceptor-NoWidthOrderedDonor-No2bandHeight-NoInt,0.154604573,29.11.2023 12:14,26155_208275_OD_x1y1,x1y1,0.007887736,0.6,1.4,1,5,1,0,0,0,0,0,0,0,0,1,159
26155,PM6_321136,PY-IT_321127,CF,2,10,3000,1.526268435,0.068539093,1.695749303,0.081993896,0.131662088,0.173793956,1.99892452,2.14999826,0.083777466,0.115612903,0.600517751,0.399482249,0.242424242,0.275362319,0.28940686,59.6292018,22.26129421,12.28806878,0.925708451,29.11.2023 14:52,B-1,3.64E-06,0.6,0.6,5.48,5.33,3.64,3.38,1.69,PM6_321136,PY-IT_321127,CF,Jonas_DonorAcceptor-NoWidthOrderedDonor-No2bandHeight-NoInt_PM6:PY-IT,Jonas_DonorAcceptor-NoWidthOrderedDonor-No2bandHeight-NoInt,0.141563701,29.11.2023 12:14,26155_208275_OD_x1y2,x1y2,0.007466519,0.6,0.6,1,5,1,0,0,0,0,0,0,0,0,1,159
26155,PM6_321136,PY-IT_321127,CF,2,10,3000,1.52645327,0.068772829,1.696616384,0.081907377,0.134262283,0.177226213,1.999650787,2.151014959,0.085674762,0.118231171,0.599836804,0.400163196,0.242424242,0.275362319,0.295457384,59.52951241,21.53852796,11.86804854,0.925616249,29.11.2023 14:52,A-3,2.64E-06,1.4,1.4,5.48,5.33,3.64,3.38,1.69,PM6_321136,PY-IT_321127,CF,Jonas_DonorAcceptor-NoWidthOrderedDonor-No2bandHeight-NoInt_PM6:PY-IT,Jonas_DonorAcceptor-NoWidthOrderedDonor-No2bandHeight-NoInt,0.133139922,29.11.2023 12:14,26155_208275_OD_x3y1,x3y1,0.007247436,1.4,1.4,1,5,1,0,0,0,0,0,0,0,0,1,159
26156,PM6_321136,PY-IT_321127,CF,1,10,2000,1.52916313,0.068814737,1.697569665,0.081243523,0.154684669,0.204183763,2.00255732,2.15356714,0.100713741,0.138984963,0.594995253,0.405004747,0.242424242,0.275362319,0.343168727,62.59934942,24.46346077,14.33075607,0.93579644,29.11.2023 14:55,B-3,3.18E-06,1.4,0.6,5.48,5.33,3.64,3.38,1.69,PM6_321136,PY-IT_321127,CF,Jonas_DonorAcceptor-NoWidthOrderedDonor-No2bandHeight-NoInt_PM6:PY-IT,Jonas_DonorAcceptor-NoWidthOrderedDonor-No2bandHeight-NoInt,0.141730715,29.11.2023 12:20,26156_208286_OD_x3y2,x3y2,0.008182665,1.4,0.6,1,5,1,0,0,0,0,0,0,0,0,1,160
26156,PM6_321136,PY-IT_321127,CF,1,10,2000,1.52988181,0.06919015,1.697826148,0.081394174,0.162816707,0.214918054,2.004721933,2.155455937,0.105880248,0.146114742,0.59528679,0.40471321,0.242424242,0.275362319,0.361032795,62.30553036,24.50813127,14.28624476,0.93558078,29.11.2023 14:55,B-1,5.73E-06,0.6,0.6,5.48,5.33,3.64,3.38,1.69,PM6_321136,PY-IT_321127,CF,Jonas_DonorAcceptor-NoWidthOrderedDonor-No2bandHeight-NoInt_PM6:PY-IT,Jonas_DonorAcceptor-NoWidthOrderedDonor-No2bandHeight-NoInt,0.154763938,29.11.2023 12:20,26156_208286_OD_x1y2,x1y2,0.008698989,0.6,0.6,1,5,1,0,0,0,0,0,0,0,0,1,160
26156,PM6_321136,PY-IT_321127,CF,1,10,2000,1.529827735,0.069193191,1.698069465,0.081317835,0.16224632,0.214165143,2.00427884,2.155426303,0.105921811,0.146172099,0.594346401,0.405653599,0.242424242,0.275362319,0.360337241,62.50184737,24.20456467,14.15959499,0.935967354,29.11.2023 14:55,A-1,5.46E-06,0.6,1.4,5.48,5.33,3.64,3.38,1.69,PM6_321136,PY-IT_321127,CF,Jonas_DonorAcceptor-NoWidthOrderedDonor-No2bandHeight-NoInt_PM6:PY-IT,Jonas_DonorAcceptor-NoWidthOrderedDonor-No2bandHeight-NoInt,0.152848229,29.11.2023 12:20,26156_208286_OD_x1y1,x1y1,0.008647587,0.6,1.4,1,5,1,0,0,0,0,0,0,0,0,1,160
26156,PM6_321136,PY-IT_321127,CF,1,10,2000,1.529967065,0.069254932,1.697941099,0.081386155,0.163901339,0.216349768,2.004798758,2.155591764,0.107024118,0.147693283,0.594297206,0.405702794,0.242424242,0.275362319,0.364043051,61.69058174,24.46073895,14.11739744,0.935548276,29.11.2023 14:55,B-2,4.08E-06,1,0.6,5.48,5.33,3.64,3.38,1.69,PM6_321136,PY-IT_321127,CF,Jonas_DonorAcceptor-NoWidthOrderedDonor-No2bandHeight-NoInt_PM6:PY-IT,Jonas_DonorAcceptor-NoWidthOrderedDonor-No2bandHeight-NoInt,0.158028015,29.11.2023 12:20,26156_208286_OD_x2y2,x2y2,0.008818469,1,0.6,1,5,1,0,0,0,0,0,0,0,0,1,160
31171,PTQ10_321145,BTP-4F-12 (Y12)_321125,xylene,0,28,2000,1.527956554,0.078981875,1.705071652,0.104675703,0.198645791,0.305517227,2.046198364,2.206192657,0.129065635,0.230511223,0.569964573,0.430035427,0.349804941,0.440089586,0.53602845,55.82833454,22.88863093,11.22646408,0.878554086,28.03.2024 14:33,B-1,9.42E-05,0.6,0.6,5.53,5.34,3.77,3.64,1.57,PTQ10_321145,BTP-4F-12 (Y12)_321125,xylene,Jonas_DonorAcceptor-NoWidthOrderedDonor-No2bandHeight-NoInt_PTQ10:BTP-4F-12 (Y12),Jonas_DonorAcceptor-NoWidthOrderedDonor-No2bandHeight-NoInt,0.072309506,28.03.2024 10:18,31171_251582_OD_x1y2,x1y2,0.00799535,0.6,0.6,3,1,0,0,1,0,0,1,0,0,0,0,31171
31171,PTQ10_321145,BTP-4F-12 (Y12)_321125,xylene,0,28,2000,1.527909636,0.078794227,1.704931086,0.104611243,0.198269731,0.304938847,2.046131845,2.206034377,0.128467067,0.229442182,0.570639357,0.429360643,0.349804941,0.440089586,0.534381029,55.2427952,23.03587298,11.14069355,0.87545113,28.03.2024 14:33,B-3,1.04E-06,1.4,0.6,5.53,5.34,3.77,3.64,1.57,PTQ10_321145,BTP-4F-12 (Y12)_321125,xylene,Jonas_DonorAcceptor-NoWidthOrderedDonor-No2bandHeight-NoInt_PTQ10:BTP-4F-12 (Y12),Jonas_DonorAcceptor-NoWidthOrderedDonor-No2bandHeight-NoInt,0.071115191,28.03.2024 10:18,31171_251582_OD_x3y2,x3y2,0.007931464,1.4,0.6,3,1,0,0,1,0,0,1,0,0,0,0,31171
31171,PTQ10_321145,BTP-4F-12 (Y12)_321125,xylene,0,28,2000,1.527702791,0.078885213,1.70480617,0.104652309,0.198576444,0.30541057,2.046207164,2.206289532,0.128913279,0.230239117,0.570168484,0.429831516,0.349804941,0.440089586,0.535649687,55.41593807,22.82462131,11.13167135,0.880079907,28.03.2024 14:33,A-1,1.99E-06,0.6,1.4,5.53,5.34,3.77,3.64,1.57,PTQ10_321145,BTP-4F-12 (Y12)_321125,xylene,Jonas_DonorAcceptor-NoWidthOrderedDonor-No2bandHeight-NoInt_PTQ10:BTP-4F-12 (Y12),Jonas_DonorAcceptor-NoWidthOrderedDonor-No2bandHeight-NoInt,0.07219708,28.03.2024 10:18,31171_251582_OD_x1y1,x1y1,0.007986862,0.6,1.4,3,1,0,0,1,0,0,1,0,0,0,0,31171
31171,PTQ10_321145,BTP-4F-12 (Y12)_321125,xylene,0,28,2000,1.527751026,0.079100694,1.704960835,0.104811726,0.196972923,0.302944356,2.046011242,2.205901501,0.127463919,0.227650559,0.570952241,0.429047759,0.349804941,0.440089586,0.530594914,54.88143667,22.74224979,10.97253859,0.879120121,28.03.2024 14:33,A-2,2.10E-06,1,1.4,5.53,5.34,3.77,3.64,1.57,PTQ10_321145,BTP-4F-12 (Y12)_321125,xylene,Jonas_DonorAcceptor-NoWidthOrderedDonor-No2bandHeight-NoInt_PTQ10:BTP-4F-12 (Y12),Jonas_DonorAcceptor-NoWidthOrderedDonor-No2bandHeight-NoInt,0.070320023,28.03.2024 10:18,31171_251582_OD_x2y1,x2y1,0.00782612,1,1.4,3,1,0,0,1,0,0,1,0,0,0,0,31171
31172,PTQ10_321145,BTP-4F-12 (Y12)_321125,xylene,0,25,2000,1.520128039,0.082935374,1.699692221,0.109191022,0.16507358,0.253883166,2.043394868,2.199987181,0.099207019,0.177183736,0.588964648,0.411035352,0.349804941,0.440089586,0.431066901,56.09213551,22.42825019,10.92219899,0.86818588,28.03.2024 14:35,B-3,1.13E-06,1.4,0.6,5.53,5.34,3.77,3.64,1.57,PTQ10_321145,BTP-4F-12 (Y12)_321125,xylene,Jonas_DonorAcceptor-NoWidthOrderedDonor-No2bandHeight-NoInt_PTQ10:BTP-4F-12 (Y12),Jonas_DonorAcceptor-NoWidthOrderedDonor-No2bandHeight-NoInt,0.071053087,28.03.2024 10:24,31172_251631_OD_x3y2,x3y2,0.006807394,1.4,0.6,3,1,0,0,1,0,0,1,0,0,0,0,31172
31172,PTQ10_321145,BTP-4F-12 (Y12)_321125,xylene,0,25,2000,1.519578232,0.083243149,1.699401101,0.109487091,0.165145832,0.253994289,2.04336902,2.199959013,0.098823891,0.176499469,0.590006904,0.409993096,0.349804941,0.440089586,0.430493758,56.12417215,22.26062181,10.85198347,0.868604118,28.03.2024 14:35,B-1,1.49E-05,0.6,0.6,5.53,5.34,3.77,3.64,1.57,PTQ10_321145,BTP-4F-12 (Y12)_321125,xylene,Jonas_DonorAcceptor-NoWidthOrderedDonor-No2bandHeight-NoInt_PTQ10:BTP-4F-12 (Y12),Jonas_DonorAcceptor-NoWidthOrderedDonor-No2bandHeight-NoInt,0.072533586,28.03.2024 10:24,31172_251631_OD_x1y2,x1y2,0.006844583,0.6,0.6,3,1,0,0,1,0,0,1,0,0,0,0,31172
31172,PTQ10_321145,BTP-4F-12 (Y12)_321125,xylene,0,25,2000,1.519464685,0.083198734,1.699305911,0.109450484,0.165291768,0.25421874,2.043314964,2.199908226,0.098925672,0.17668125,0.589971562,0.410028438,0.349804941,0.440089586,0.430899989,56.45676403,21.9806304,10.81181552,0.871249419,28.03.2024 14:35,A-1,1.46E-06,0.6,1.4,5.53,5.34,3.77,3.64,1.57,PTQ10_321145,BTP-4F-12 (Y12)_321125,xylene,Jonas_DonorAcceptor-NoWidthOrderedDonor-No2bandHeight-NoInt_PTQ10:BTP-4F-12 (Y12),Jonas_DonorAcceptor-NoWidthOrderedDonor-No2bandHeight-NoInt,0.072955577,28.03.2024 10:24,31172_251631_OD_x1y1,x1y1,0.006881024,0.6,1.4,3,1,0,0,1,0,0,1,0,0,0,0,31172
31172,PTQ10_321145,BTP-4F-12 (Y12)_321125,xylene,0,25,2000,1.520048382,0.083013598,1.699593105,0.109321951,0.165286623,0.254210826,2.04342466,2.199957056,0.09907902,0.176955129,0.589589282,0.410410718,0.349804941,0.440089586,0.431165956,55.67005094,22.2762506,10.77201088,0.86862649,28.03.2024 14:35,B-2,0.000100063,1,0.6,5.53,5.34,3.77,3.64,1.57,PTQ10_321145,BTP-4F-12 (Y12)_321125,xylene,Jonas_DonorAcceptor-NoWidthOrderedDonor-No2bandHeight-NoInt_PTQ10:BTP-4F-12 (Y12),Jonas_DonorAcceptor-NoWidthOrderedDonor-No2bandHeight-NoInt,0.073133042,28.03.2024 10:24,31172_251631_OD_x2y2,x2y2,0.006892,1,0.6,3,1,0,0,1,0,0,1,0,0,0,0,31172
31174,PTQ10_321145,BTP-4F-12 (Y12)_321125,xylene,0,22,1000,1.527794628,0.078986959,1.704420904,0.104849271,0.196421733,0.302096625,2.046690356,2.207162229,0.129012152,0.230415704,0.567304471,0.432695529,0.349804941,0.440089586,0.532512329,56.48274783,23.50325603,11.60430657,0.874128632,28.03.2024 14:41,B-1,3.21E-06,0.6,0.6,5.53,5.34,3.77,3.64,1.57,PTQ10_321145,BTP-4F-12 (Y12)_321125,xylene,Jonas_DonorAcceptor-NoWidthOrderedDonor-No2bandHeight-NoInt_PTQ10:BTP-4F-12 (Y12),Jonas_DonorAcceptor-NoWidthOrderedDonor-No2bandHeight-NoInt,0.082792617,28.03.2024 10:35,31174_251637_OD_x1y2,x1y2,0.00849301,0.6,0.6,3,1,0,0,1,0,0,1,0,0,0,0,31174
31174,PTQ10_321145,BTP-4F-12 (Y12)_321125,xylene,0,22,1000,1.526146893,0.079793046,1.703218542,0.105661144,0.19182236,0.29502279,2.046444058,2.206694033,0.12411766,0.22167414,0.570978407,0.429021593,0.349804941,0.440089586,0.51669693,56.25681201,23.575625,11.58408446,0.873420503,28.03.2024 14:41,A-1,5.19E-06,0.6,1.4,5.53,5.34,3.77,3.64,1.57,PTQ10_321145,BTP-4F-12 (Y12)_321125,xylene,Jonas_DonorAcceptor-NoWidthOrderedDonor-No2bandHeight-NoInt_PTQ10:BTP-4F-12 (Y12),Jonas_DonorAcceptor-NoWidthOrderedDonor-No2bandHeight-NoInt,0.084718652,28.03.2024 10:35,31174_251637_OD_x1y1,x1y1,0.008451677,0.6,1.4,3,1,0,0,1,0,0,1,0,0,0,0,31174
31174,PTQ10_321145,BTP-4F-12 (Y12)_321125,xylene,0,22,1000,1.524840545,0.080759403,1.702753409,0.106569425,0.186235129,0.286429629,2.046036501,2.205583711,0.118757931,0.212101664,0.57454694,0.42545306,0.349804941,0.440089586,0.498531293,56.41410039,23.29725039,11.45870733,0.871853053,28.03.2024 14:41,B-2,3.66E-06,1,0.6,5.53,5.34,3.77,3.64,1.57,PTQ10_321145,BTP-4F-12 (Y12)_321125,xylene,Jonas_DonorAcceptor-NoWidthOrderedDonor-No2bandHeight-NoInt_PTQ10:BTP-4F-12 (Y12),Jonas_DonorAcceptor-NoWidthOrderedDonor-No2bandHeight-NoInt,0.081040832,28.03.2024 10:35,31174_251637_OD_x2y2,x2y2,0.008063126,1,0.6,3,1,0,0,1,0,0,1,0,0,0,0,31174
31174,PTQ10_321145,BTP-4F-12 (Y12)_321125,xylene,0,22,1000,1.522415057,0.08186227,1.701231969,0.107570667,0.180235502,0.277202201,2.045409475,2.204423892,0.112587473,0.201081226,0.579577266,0.420422734,0.349804941,0.440089586,0.478283428,56.47376064,23.18737357,11.40474816,0.870938385,28.03.2024 14:41,A-2,3.31E-06,1,1.4,5.53,5.34,3.77,3.64,1.57,PTQ10_321145,BTP-4F-12 (Y12)_321125,xylene,Jonas_DonorAcceptor-NoWidthOrderedDonor-No2bandHeight-NoInt_PTQ10:BTP-4F-12 (Y12),Jonas_DonorAcceptor-NoWidthOrderedDonor-No2bandHeight-NoInt,0.079302236,28.03.2024 10:35,31174_251637_OD_x2y1,x2y1,0.007779552,1,1.4,3,1,0,0,1,0,0,1,0,0,0,0,31174
31175,PTQ10_321145,BTP-4F-12 (Y12)_321125,xylene,2,22,1000,1.507472745,0.076711268,1.695241536,0.104333461,0.2041049,0.313913336,2.046891125,2.209623164,0.132344763,0.236367747,0.570459981,0.429540019,0.349804941,0.440089586,0.550281083,56.25734899,24.10936908,11.48205,0.846553336,28.03.2024 14:43,B-1,6.83E-06,0.6,0.6,5.53,5.34,3.77,3.64,1.57,PTQ10_321145,BTP-4F-12 (Y12)_321125,xylene,Jonas_DonorAcceptor-NoWidthOrderedDonor-No2bandHeight-NoInt_PTQ10:BTP-4F-12 (Y12),Jonas_DonorAcceptor-NoWidthOrderedDonor-No2bandHeight-NoInt,0.070244728,28.03.2024 10:41,31175_251656_OD_x1y2,x1y2,0.00886082,0.6,0.6,3,1,0,0,1,0,0,1,0,0,0,0,31175
31175,PTQ10_321145,BTP-4F-12 (Y12)_321125,xylene,2,22,1000,1.505774357,0.077525374,1.694299532,0.105384009,0.195962445,0.301390241,2.046313041,2.208463149,0.124186631,0.221797323,0.576065376,0.423934624,0.349804941,0.440089586,0.523187564,55.25019743,24.40600124,11.29764383,0.837832911,28.03.2024 14:43,B-3,8.65E-06,1.4,0.6,5.53,5.34,3.77,3.64,1.57,PTQ10_321145,BTP-4F-12 (Y12)_321125,xylene,Jonas_DonorAcceptor-NoWidthOrderedDonor-No2bandHeight-NoInt_PTQ10:BTP-4F-12 (Y12),Jonas_DonorAcceptor-NoWidthOrderedDonor-No2bandHeight-NoInt,0.063426346,28.03.2024 10:41,31175_251656_OD_x3y2,x3y2,0.008014628,1.4,0.6,3,1,0,0,1,0,0,1,0,0,0,0,31175
31175,PTQ10_321145,BTP-4F-12 (Y12)_321125,xylene,2,22,1000,1.504060797,0.078266542,1.693339431,0.106136655,0.189757174,0.291846533,2.045831705,2.207262864,0.118383122,0.211432256,0.57989039,0.42010961,0.349804941,0.440089586,0.503278789,55.20308714,24.15275081,11.2044,0.84034697,28.03.2024 14:43,B-2,1.01E-05,1,0.6,5.53,5.34,3.77,3.64,1.57,PTQ10_321145,BTP-4F-12 (Y12)_321125,xylene,Jonas_DonorAcceptor-NoWidthOrderedDonor-No2bandHeight-NoInt_PTQ10:BTP-4F-12 (Y12),Jonas_DonorAcceptor-NoWidthOrderedDonor-No2bandHeight-NoInt,0.060125973,28.03.2024 10:41,31175_251656_OD_x2y2,x2y2,0.007533463,1,0.6,3,1,0,0,1,0,0,1,0,0,0,0,31175
31175,PTQ10_321145,BTP-4F-12 (Y12)_321125,xylene,2,22,1000,1.504677898,0.077881819,1.693550984,0.105830838,0.193198449,0.297139214,2.046112619,2.20791281,0.121125639,0.21633039,0.578689004,0.421310996,0.349804941,0.440089586,0.513469605,55.54005535,23.71337349,11.0712,0.840610957,28.03.2024 14:43,A-3,1.21E-05,1.4,1.4,5.53,5.34,3.77,3.64,1.57,PTQ10_321145,BTP-4F-12 (Y12)_321125,xylene,Jonas_DonorAcceptor-NoWidthOrderedDonor-No2bandHeight-NoInt_PTQ10:BTP-4F-12 (Y12),Jonas_DonorAcceptor-NoWidthOrderedDonor-No2bandHeight-NoInt,0.061918707,28.03.2024 10:41,31175_251656_OD_x3y1,x3y1,0.007778209,1.4,1.4,3,1,0,0,1,0,0,1,0,0,0,0,31175
31178,PTQ10_321145,BTP-4F-12 (Y12)_321125,xylene,1,22,2000,1.509136916,0.075944512,1.695840629,0.103676062,0.209631593,0.32241339,2.047163243,2.210952078,0.138783862,0.247867977,0.56535845,0.43464155,0.349804941,0.440089586,0.570281367,58.62814783,24.20137136,12.04295161,0.848763688,28.03.2024 14:51,B-1,3.58E-06,0.6,0.6,5.53,5.34,3.77,3.64,1.57,PTQ10_321145,BTP-4F-12 (Y12)_321125,xylene,Jonas_DonorAcceptor-NoWidthOrderedDonor-No2bandHeight-NoInt_PTQ10:BTP-4F-12 (Y12),Jonas_DonorAcceptor-NoWidthOrderedDonor-No2bandHeight-NoInt,0.074371262,28.03.2024 10:58,31178_251669_OD_x1y2,x1y2,0.009310921,0.6,0.6,3,1,0,0,1,0,0,1,0,0,0,0,31178
31178,PTQ10_321145,BTP-4F-12 (Y12)_321125,xylene,1,22,2000,1.508056387,0.076380442,1.69531587,0.104076103,0.205623972,0.316249669,2.046865814,2.210273059,0.134359619,0.23996628,0.568573537,0.431426463,0.349804941,0.440089586,0.556215949,58.34114459,24.29562767,12.0149518,0.84765468,28.03.2024 14:51,B-3,5.06E-06,1.4,0.6,5.53,5.34,3.77,3.64,1.57,PTQ10_321145,BTP-4F-12 (Y12)_321125,xylene,Jonas_DonorAcceptor-NoWidthOrderedDonor-No2bandHeight-NoInt_PTQ10:BTP-4F-12 (Y12),Jonas_DonorAcceptor-NoWidthOrderedDonor-No2bandHeight-NoInt,0.074819439,28.03.2024 10:58,31178_251669_OD_x3y2,x3y2,0.009109679,1.4,0.6,3,1,0,0,1,0,0,1,0,0,0,0,31178
31178,PTQ10_321145,BTP-4F-12 (Y12)_321125,xylene,1,22,2000,1.507064956,0.077169857,1.694742206,0.104875834,0.201322357,0.309633785,2.046703504,2.209581602,0.12983772,0.231890167,0.571782252,0.428217748,0.349804941,0.440089586,0.541523952,58.48100476,24.05323672,11.93283714,0.848311515,28.03.2024 14:51,A-1,4.49E-06,0.6,1.4,5.53,5.34,3.77,3.64,1.57,PTQ10_321145,BTP-4F-12 (Y12)_321125,xylene,Jonas_DonorAcceptor-NoWidthOrderedDonor-No2bandHeight-NoInt_PTQ10:BTP-4F-12 (Y12),Jonas_DonorAcceptor-NoWidthOrderedDonor-No2bandHeight-NoInt,0.073339998,28.03.2024 10:58,31178_251669_OD_x1y1,x1y1,0.008754906,0.6,1.4,3,1,0,0,1,0,0,1,0,0,0,0,31178
31178,PTQ10_321145,BTP-4F-12 (Y12)_321125,xylene,1,22,2000,1.505889403,0.077603972,1.69419209,0.105304125,0.195242434,0.300282863,2.046320914,2.208842502,0.124611823,0.222556716,0.57433078,0.42566922,0.349804941,0.440089586,0.522839579,58.78585202,23.68887757,11.8142467,0.848376705,28.03.2024 14:51,A-3,3.73E-06,1.4,1.4,5.53,5.34,3.77,3.64,1.57,PTQ10_321145,BTP-4F-12 (Y12)_321125,xylene,Jonas_DonorAcceptor-NoWidthOrderedDonor-No2bandHeight-NoInt_PTQ10:BTP-4F-12 (Y12),Jonas_DonorAcceptor-NoWidthOrderedDonor-No2bandHeight-NoInt,0.069616361,28.03.2024 10:58,31178_251669_OD_x3y1,x3y1,0.008261054,1.4,1.4,3,1,0,0,1,0,0,1,0,0,0,0,31178
32260,PTQ10_321145,L8-BO_321144,xylene,0,28,2000,1.552562204,0.084868377,1.730611399,0.104308982,0.188848531,0.292715223,2.054219602,2.213174846,0.106461229,0.190139756,0.606217676,0.393782324,0.35483871,0.440089586,0.482854979,62.39056703,22.146,12.48837014,0.903839951,12.04.2024 16:46,B-3,1.59E-05,1.4,0.6,5.45,5.34,3.77,3.64,1.57,PTQ10_321145,L8-BO_321144,xylene,Jonas_DonorAcceptor-NoWidthOrderedDonor-No2bandHeight-NoInt_PTQ10:L8-BO,Jonas_DonorAcceptor-NoWidthOrderedDonor-No2bandHeight-NoInt,0.104811494,12.04.2024 10:48,32260_258269_OD_x3y2,x3y2,0.009766427,1.4,0.6,3,4,0,0,1,0,0,0,0,0,1,0,177
32260,PTQ10_321145,L8-BO_321144,xylene,0,28,2000,1.553652047,0.084497985,1.731008777,0.104257048,0.1893719,0.293526445,2.053853419,2.212925134,0.10721068,0.191478275,0.605203275,0.394796725,0.35483871,0.440089586,0.485004721,62.42663767,21.96649798,12.43575617,0.90686247,12.04.2024 16:46,B-1,0.000292618,0.6,0.6,5.45,5.34,3.77,3.64,1.57,PTQ10_321145,L8-BO_321144,xylene,Jonas_DonorAcceptor-NoWidthOrderedDonor-No2bandHeight-NoInt_PTQ10:L8-BO,Jonas_DonorAcceptor-NoWidthOrderedDonor-No2bandHeight-NoInt,0.107473537,12.04.2024 10:48,32260_258269_OD_x1y2,x1y2,0.009875603,0.6,0.6,3,4,0,0,1,0,0,0,0,0,1,0,177
32260,PTQ10_321145,L8-BO_321144,xylene,0,28,2000,1.556036852,0.082561168,1.730991167,0.104268436,0.1911806,0.29632993,2.053233397,2.212263369,0.110237206,0.196883649,0.600814622,0.399185378,0.35483871,0.440089586,0.49321358,61.48691826,22.08037568,12.29167281,0.90536105,12.04.2024 16:46,B-2,2.62E-06,1,0.6,5.45,5.34,3.77,3.64,1.57,PTQ10_321145,L8-BO_321144,xylene,Jonas_DonorAcceptor-NoWidthOrderedDonor-No2bandHeight-NoInt_PTQ10:L8-BO,Jonas_DonorAcceptor-NoWidthOrderedDonor-No2bandHeight-NoInt,0.123239647,12.04.2024 10:48,32260_258269_OD_x2y2,x2y2,0.010641918,1,0.6,3,4,0,0,1,0,0,0,0,0,1,0,177
32260,PTQ10_321145,L8-BO_321144,xylene,0,28,2000,1.552969354,0.084767422,1.730574119,0.104348282,0.190126757,0.294696473,2.054298976,2.213490584,0.107640451,0.192245846,0.605197908,0.394802092,0.35483871,0.440089586,0.486942319,61.46083161,21.94300078,12.18091251,0.903203003,12.04.2024 16:46,A-2,4.99E-06,1,1.4,5.45,5.34,3.77,3.64,1.57,PTQ10_321145,L8-BO_321144,xylene,Jonas_DonorAcceptor-NoWidthOrderedDonor-No2bandHeight-NoInt_PTQ10:L8-BO,Jonas_DonorAcceptor-NoWidthOrderedDonor-No2bandHeight-NoInt,0.110422103,12.04.2024 10:48,32260_258269_OD_x2y1,x2y1,0.010043811,1,1.4,3,4,0,0,1,0,0,0,0,0,1,0,177
32261,PTQ10_321145,L8-BO_321144,xylene,0,26,2000,1.554068816,0.081424434,1.72906608,0.105310044,0.174264878,0.270110561,2.050211208,2.206774042,0.097219107,0.173633325,0.608708242,0.391291758,0.35483871,0.440089586,0.443743887,61.19760375,22.37224846,12.48105069,0.911605834,12.04.2024 16:49,B-1,4.66E-05,0.6,0.6,5.45,5.34,3.77,3.64,1.57,PTQ10_321145,L8-BO_321144,xylene,Jonas_DonorAcceptor-NoWidthOrderedDonor-No2bandHeight-NoInt_PTQ10:L8-BO,Jonas_DonorAcceptor-NoWidthOrderedDonor-No2bandHeight-NoInt,0.094672948,12.04.2024 10:54,32261_258286_OD_x1y2,x1y2,0.008738946,0.6,0.6,3,4,0,0,1,0,0,0,0,0,1,0,178
32261,PTQ10_321145,L8-BO_321144,xylene,0,26,2000,1.550730084,0.084141525,1.729255607,0.105213012,0.170031972,0.263549557,2.050669192,2.207051636,0.093265554,0.16657228,0.612732333,0.387267667,0.35483871,0.440089586,0.430121837,62.29042246,21.54475016,12.06074167,0.898692831,12.04.2024 16:49,A-3,0.000260338,1.4,1.4,5.45,5.34,3.77,3.64,1.57,PTQ10_321145,L8-BO_321144,xylene,Jonas_DonorAcceptor-NoWidthOrderedDonor-No2bandHeight-NoInt_PTQ10:L8-BO,Jonas_DonorAcceptor-NoWidthOrderedDonor-No2bandHeight-NoInt,0.073523327,12.04.2024 10:54,32261_258286_OD_x3y1,x3y1,0.007641746,1.4,1.4,3,4,0,0,1,0,0,0,0,0,1,0,178
32261,PTQ10_321145,L8-BO_321144,xylene,0,26,2000,1.549619527,0.084944041,1.728849591,0.10546791,0.173451745,0.268850205,2.051549698,2.208331674,0.094332136,0.168477194,0.614757286,0.385242714,0.35483871,0.440089586,0.437327399,61.53655734,21.73087272,12.02524483,0.899256453,12.04.2024 16:49,A-2,2.38E-06,1,1.4,5.45,5.34,3.77,3.64,1.57,PTQ10_321145,L8-BO_321144,xylene,Jonas_DonorAcceptor-NoWidthOrderedDonor-No2bandHeight-NoInt_PTQ10:L8-BO,Jonas_DonorAcceptor-NoWidthOrderedDonor-No2bandHeight-NoInt,0.078254309,12.04.2024 10:54,32261_258286_OD_x2y1,x2y1,0.007945926,1,1.4,3,4,0,0,1,0,0,0,0,0,1,0,178
32261,PTQ10_321145,L8-BO_321144,xylene,0,26,2000,1.551493688,0.082741764,1.72826757,0.105549524,0.17066668,0.264533355,2.050255082,2.20666171,0.093645789,0.167251378,0.612651014,0.387348986,0.35483871,0.440089586,0.431784733,59.74430605,22.22449096,11.97685729,0.902016602,12.04.2024 16:49,B-2,6.84E-05,1,0.6,5.45,5.34,3.77,3.64,1.57,PTQ10_321145,L8-BO_321144,xylene,Jonas_DonorAcceptor-NoWidthOrderedDonor-No2bandHeight-NoInt_PTQ10:L8-BO,Jonas_DonorAcceptor-NoWidthOrderedDonor-No2bandHeight-NoInt,0.084088898,12.04.2024 10:54,32261_258286_OD_x2y2,x2y2,0.00818246,1,0.6,3,4,0,0,1,0,0,0,0,0,1,0,178
32262,PTQ10_321145,L8-BO_321144,xylene,0,24,2000,1.553007145,0.080265825,1.728407395,0.105408598,0.157423377,0.244006234,2.047252321,2.202123258,0.085486652,0.152679161,0.615112724,0.384887276,0.35483871,0.440089586,0.396685394,62.05795983,21.31187612,12.0349083,0.909962738,12.04.2024 16:52,A-1,0.000314889,0.6,1.4,5.45,5.34,3.77,3.64,1.57,PTQ10_321145,L8-BO_321144,xylene,Jonas_DonorAcceptor-NoWidthOrderedDonor-No2bandHeight-NoInt_PTQ10:L8-BO,Jonas_DonorAcceptor-NoWidthOrderedDonor-No2bandHeight-NoInt,0.061442069,12.04.2024 11:00,32262_258291_OD_x1y1,x1y1,0.006644856,0.6,1.4,3,4,0,0,1,0,0,0,0,0,1,0,179
32262,PTQ10_321145,L8-BO_321144,xylene,0,24,2000,1.55287284,0.080041392,1.72839477,0.105386297,0.155706929,0.24134574,2.046899081,2.201668686,0.085027499,0.151859113,0.613791356,0.386208644,0.35483871,0.440089586,0.393204853,61.49969835,21.46212737,12.00225471,0.909320717,12.04.2024 16:52,B-2,0.00012577,1,0.6,5.45,5.34,3.77,3.64,1.57,PTQ10_321145,L8-BO_321144,xylene,Jonas_DonorAcceptor-NoWidthOrderedDonor-No2bandHeight-NoInt_PTQ10:L8-BO,Jonas_DonorAcceptor-NoWidthOrderedDonor-No2bandHeight-NoInt,0.057206711,12.04.2024 11:00,32262_258291_OD_x2y2,x2y2,0.00634466,1,0.6,3,4,0,0,1,0,0,0,0,0,1,0,179
32262,PTQ10_321145,L8-BO_321144,xylene,0,24,2000,1.550602169,0.081652237,1.727880542,0.105433677,0.15643266,0.242470624,2.047935891,2.202975349,0.083994861,0.150014822,0.617782458,0.382217542,0.35483871,0.440089586,0.392485446,61.94427475,21.22174677,11.89446085,0.904820561,12.04.2024 16:52,B-1,2.25E-05,0.6,0.6,5.45,5.34,3.77,3.64,1.57,PTQ10_321145,L8-BO_321144,xylene,Jonas_DonorAcceptor-NoWidthOrderedDonor-No2bandHeight-NoInt_PTQ10:L8-BO,Jonas_DonorAcceptor-NoWidthOrderedDonor-No2bandHeight-NoInt,0.056705453,12.04.2024 11:00,32262_258291_OD_x1y2,x1y2,0.006347232,0.6,0.6,3,4,0,0,1,0,0,0,0,0,1,0,179
32262,PTQ10_321145,L8-BO_321144,xylene,0,24,2000,1.550547595,0.08205574,1.728476023,0.1052337,0.154142322,0.238920599,2.047457884,2.202204993,0.082769107,0.147825625,0.617770993,0.382229007,0.35483871,0.440089586,0.386746225,62.49675107,20.93737373,11.84830522,0.905475257,12.04.2024 16:52,A-2,6.73E-05,1,1.4,5.45,5.34,3.77,3.64,1.57,PTQ10_321145,L8-BO_321144,xylene,Jonas_DonorAcceptor-NoWidthOrderedDonor-No2bandHeight-NoInt_PTQ10:L8-BO,Jonas_DonorAcceptor-NoWidthOrderedDonor-No2bandHeight-NoInt,0.050930944,12.04.2024 11:00,32262_258291_OD_x2y1,x2y1,0.005955752,1,1.4,3,4,0,0,1,0,0,0,0,0,1,0,179
32263,PTQ10_321145,L8-BO_321144,xylene,0,24,1000,1.564356719,0.076008815,1.736538751,0.09901027,0.223403567,0.346275529,2.052697431,2.212758965,0.139669667,0.249450025,0.581266872,0.418733128,0.35483871,0.440089586,0.595725553,60.01617596,22.01762815,11.94397639,0.903878556,12.04.2024 16:54,A-1,1.08E-06,0.6,1.4,5.45,5.34,3.77,3.64,1.57,PTQ10_321145,L8-BO_321144,xylene,Jonas_DonorAcceptor-NoWidthOrderedDonor-No2bandHeight-NoInt_PTQ10:L8-BO,Jonas_DonorAcceptor-NoWidthOrderedDonor-No2bandHeight-NoInt,0.093992137,12.04.2024 11:05,32263_258300_OD_x1y1,x1y1,0.010517297,0.6,1.4,3,4,0,0,1,0,0,0,0,0,1,0,180
32263,PTQ10_321145,L8-BO_321144,xylene,0,24,1000,1.558844799,0.080973284,1.734879363,0.101223869,0.206829339,0.320585476,2.053407535,2.212782369,0.122770575,0.219268247,0.593837668,0.406162332,0.35483871,0.440089586,0.539853723,61.37806792,21.61650294,11.90169047,0.897036266,12.04.2024 16:54,A-2,1.65E-06,1,1.4,5.45,5.34,3.77,3.64,1.57,PTQ10_321145,L8-BO_321144,xylene,Jonas_DonorAcceptor-NoWidthOrderedDonor-No2bandHeight-NoInt_PTQ10:L8-BO,Jonas_DonorAcceptor-NoWidthOrderedDonor-No2bandHeight-NoInt,0.088343178,12.04.2024 11:05,32263_258300_OD_x2y1,x2y1,0.009618241,1,1.4,3,4,0,0,1,0,0,0,0,0,1,0,180
32263,PTQ10_321145,L8-BO_321144,xylene,0,24,1000,1.564138254,0.075840498,1.73593211,0.099244858,0.221180856,0.342830327,2.052641592,2.212785863,0.138007183,0.246480828,0.581747561,0.418252439,0.35483871,0.440089586,0.589311155,60.269919,21.80862678,11.82039243,0.899296633,12.04.2024 16:54,B-2,4.84E-07,1,0.6,5.45,5.34,3.77,3.64,1.57,PTQ10_321145,L8-BO_321144,xylene,Jonas_DonorAcceptor-NoWidthOrderedDonor-No2bandHeight-NoInt_PTQ10:L8-BO,Jonas_DonorAcceptor-NoWidthOrderedDonor-No2bandHeight-NoInt,0.097235147,12.04.2024 11:05,32263_258300_OD_x2y2,x2y2,0.010622545,1,0.6,3,4,0,0,1,0,0,0,0,0,1,0,180
32263,PTQ10_321145,L8-BO_321144,xylene,0,24,1000,1.566451032,0.073523796,1.737406296,0.09701223,0.23980458,0.371697099,2.05284935,2.21413878,0.154481209,0.275903439,0.573960454,0.426039546,0.35483871,0.440089586,0.647600538,59.15844539,21.96587709,11.75129113,0.904316143,12.04.2024 16:54,B-1,6.71E-07,0.6,0.6,5.45,5.34,3.77,3.64,1.57,PTQ10_321145,L8-BO_321144,xylene,Jonas_DonorAcceptor-NoWidthOrderedDonor-No2bandHeight-NoInt_PTQ10:L8-BO,Jonas_DonorAcceptor-NoWidthOrderedDonor-No2bandHeight-NoInt,0.084965384,12.04.2024 11:05,32263_258300_OD_x1y2,x1y2,0.010466668,0.6,0.6,3,4,0,0,1,0,0,0,0,0,1,0,180
32264,PTQ10_321145,L8-BO_321144,xylene,2,24,1000,1.553653855,0.073976154,1.731829571,0.098908069,0.229956044,0.356431868,2.049872046,2.21269004,0.148541362,0.265294873,0.57329345,0.42670655,0.35483871,0.440089586,0.621726741,63.35759373,22.769502,12.90169247,0.894323162,12.04.2024 16:57,B-3,1.51E-06,1.4,0.6,5.45,5.34,3.77,3.64,1.57,PTQ10_321145,L8-BO_321144,xylene,Jonas_DonorAcceptor-NoWidthOrderedDonor-No2bandHeight-NoInt_PTQ10:L8-BO,Jonas_DonorAcceptor-NoWidthOrderedDonor-No2bandHeight-NoInt,0.06680857,12.04.2024 11:11,32264_258312_OD_x3y2,x3y2,0.009222979,1.4,0.6,3,4,0,0,1,0,0,0,0,0,1,0,181
32264,PTQ10_321145,L8-BO_321144,xylene,2,24,1000,1.549001815,0.079458981,1.731742951,0.100048784,0.213794819,0.331381969,2.051249712,2.213239292,0.12985689,0.231924406,0.588280168,0.411719832,0.35483871,0.440089586,0.563306375,64.59130525,22.29124895,12.80737816,0.889511916,12.04.2024 16:57,B-2,5.79E-06,1,0.6,5.45,5.34,3.77,3.64,1.57,PTQ10_321145,L8-BO_321144,xylene,Jonas_DonorAcceptor-NoWidthOrderedDonor-No2bandHeight-NoInt_PTQ10:L8-BO,Jonas_DonorAcceptor-NoWidthOrderedDonor-No2bandHeight-NoInt,0.064263486,12.04.2024 11:11,32264_258312_OD_x2y2,x2y2,0.008613049,1,0.6,3,4,0,0,1,0,0,0,0,0,1,0,181
32264,PTQ10_321145,L8-BO_321144,xylene,2,24,1000,1.553662162,0.073413912,1.731296545,0.099171627,0.23060724,0.357441223,2.049533702,2.212355846,0.149144504,0.266372085,0.572993904,0.427006096,0.35483871,0.440089586,0.623813307,62.88567267,22.39475116,12.64274884,0.897725494,12.04.2024 16:57,B-1,1.60E-06,0.6,0.6,5.45,5.34,3.77,3.64,1.57,PTQ10_321145,L8-BO_321144,xylene,Jonas_DonorAcceptor-NoWidthOrderedDonor-No2bandHeight-NoInt_PTQ10:L8-BO,Jonas_DonorAcceptor-NoWidthOrderedDonor-No2bandHeight-NoInt,0.06770593,12.04.2024 11:11,32264_258312_OD_x1y2,x1y2,0.009332654,0.6,0.6,3,4,0,0,1,0,0,0,0,0,1,0,181
32264,PTQ10_321145,L8-BO_321144,xylene,2,24,1000,1.548900787,0.0798348,1.731759949,0.100863019,0.207171421,0.321115702,2.051040023,2.211891244,0.125149389,0.223516809,0.589600685,0.410399315,0.35483871,0.440089586,0.544632511,64.49778882,21.88362445,12.58516514,0.891650873,12.04.2024 16:57,A-2,1.75E-06,1,1.4,5.45,5.34,3.77,3.64,1.57,PTQ10_321145,L8-BO_321144,xylene,Jonas_DonorAcceptor-NoWidthOrderedDonor-No2bandHeight-NoInt_PTQ10:L8-BO,Jonas_DonorAcceptor-NoWidthOrderedDonor-No2bandHeight-NoInt,0.059562803,12.04.2024 11:11,32264_258312_OD_x2y1,x2y1,0.008161026,1,1.4,3,4,0,0,1,0,0,0,0,0,1,0,181
32265,PTQ10_321145,L8-BO_321144,xylene,0,24,3000,1.549579275,0.079195322,1.725780242,0.105635132,0.134570132,0.208583704,2.044190843,2.19681752,0.071811621,0.128255554,0.619238105,0.380761895,0.35483871,0.440089586,0.336839258,52.06677636,20.07500277,9.054248882,0.866235792,12.04.2024 16:59,A-2,0.000135405,1,1.4,5.45,5.34,3.77,3.64,1.57,PTQ10_321145,L8-BO_321144,xylene,Jonas_DonorAcceptor-NoWidthOrderedDonor-No2bandHeight-NoInt_PTQ10:L8-BO,Jonas_DonorAcceptor-NoWidthOrderedDonor-No2bandHeight-NoInt,0.041811046,12.04.2024 11:17,32265_258317_OD_x2y1,x2y1,0.004868901,1,1.4,3,4,0,0,1,0,0,0,0,0,1,0,182
32265,PTQ10_321145,L8-BO_321144,xylene,0,24,3000,1.549523671,0.079252739,1.725965478,0.10543392,0.133437523,0.206828161,2.044243398,2.196679615,0.071170459,0.12711044,0.619359847,0.380640153,0.35483871,0.440089586,0.3339386,51.62585203,19.88625139,8.85705,0.862718158,12.04.2024 16:59,B-2,4.88E-05,1,0.6,5.45,5.34,3.77,3.64,1.57,PTQ10_321145,L8-BO_321144,xylene,Jonas_DonorAcceptor-NoWidthOrderedDonor-No2bandHeight-NoInt_PTQ10:L8-BO,Jonas_DonorAcceptor-NoWidthOrderedDonor-No2bandHeight-NoInt,0.040342891,12.04.2024 11:17,32265_258317_OD_x2y2,x2y2,0.004782448,1,0.6,3,4,0,0,1,0,0,0,0,0,1,0,182
32265,PTQ10_321145,L8-BO_321144,xylene,0,24,3000,1.549956084,0.079109106,1.726183052,0.105460103,0.131488366,0.203806968,2.043761804,2.195962841,0.0702052,0.125386488,0.619110023,0.380889977,0.35483871,0.440089586,0.329193456,51.31484444,19.59437883,8.617785637,0.857079623,12.04.2024 16:59,A-1,2.51E-05,0.6,1.4,5.45,5.34,3.77,3.64,1.57,PTQ10_321145,L8-BO_321144,xylene,Jonas_DonorAcceptor-NoWidthOrderedDonor-No2bandHeight-NoInt_PTQ10:L8-BO,Jonas_DonorAcceptor-NoWidthOrderedDonor-No2bandHeight-NoInt,0.040025394,12.04.2024 11:17,32265_258317_OD_x1y1,x1y1,0.004703545,0.6,1.4,3,4,0,0,1,0,0,0,0,0,1,0,182
32265,PTQ10_321145,L8-BO_321144,xylene,0,24,3000,1.54946448,0.078842559,1.725771911,0.105417721,0.131722813,0.204170361,2.043873581,2.196281172,0.070173833,0.125330466,0.619635352,0.380364648,0.35483871,0.440089586,0.329500826,50.82806935,19.77400381,8.586721378,0.854336859,12.04.2024 16:59,A-3,1.67E-05,1.4,1.4,5.45,5.34,3.77,3.64,1.57,PTQ10_321145,L8-BO_321144,xylene,Jonas_DonorAcceptor-NoWidthOrderedDonor-No2bandHeight-NoInt_PTQ10:L8-BO,Jonas_DonorAcceptor-NoWidthOrderedDonor-No2bandHeight-NoInt,0.038269559,12.04.2024 11:17,32265_258317_OD_x3y1,x3y1,0.004612637,1.4,1.4,3,4,0,0,1,0,0,0,0,0,1,0,182
32266,PTQ10_321145,L8-BO_321144,xylene,2,24,3000,1.539937487,0.07635976,1.722553155,0.105803938,0.130487294,0.202255305,2.039751899,2.194279577,0.071929663,0.128466379,0.611557436,0.388442564,0.35483871,0.440089586,0.330721684,52.20384598,19.49362155,8.704364507,0.855346415,12.04.2024 17:02,B-2,9.65E-05,1,0.6,5.45,5.34,3.77,3.64,1.57,PTQ10_321145,L8-BO_321144,xylene,Jonas_DonorAcceptor-NoWidthOrderedDonor-No2bandHeight-NoInt_PTQ10:L8-BO,Jonas_DonorAcceptor-NoWidthOrderedDonor-No2bandHeight-NoInt,0.015423601,12.04.2024 11:23,32266_258332_OD_x2y2,x2y2,0.002914269,1,0.6,3,4,0,0,1,0,0,0,0,0,1,0,183
32266,PTQ10_321145,L8-BO_321144,xylene,2,24,3000,1.540476945,0.076409706,1.722669081,0.105919333,0.13187381,0.204404405,2.039759609,2.194247911,0.072873635,0.130152312,0.610970861,0.389029139,0.35483871,0.440089586,0.334556717,52.4491197,19.03475057,8.54494726,0.855901905,12.04.2024 17:02,A-3,2.93E-05,1.4,1.4,5.45,5.34,3.77,3.64,1.57,PTQ10_321145,L8-BO_321144,xylene,Jonas_DonorAcceptor-NoWidthOrderedDonor-No2bandHeight-NoInt_PTQ10:L8-BO,Jonas_DonorAcceptor-NoWidthOrderedDonor-No2bandHeight-NoInt,0.016285901,12.04.2024 11:23,32266_258332_OD_x3y1,x3y1,0.003025902,1.4,1.4,3,4,0,0,1,0,0,0,0,0,1,0,183
32266,PTQ10_321145,L8-BO_321144,xylene,2,24,3000,1.541108926,0.076543887,1.72356568,0.105421764,0.129809557,0.201204813,2.039462618,2.19347828,0.072009923,0.128609722,0.610054415,0.389945585,0.35483871,0.440089586,0.329814535,50.05973659,19.14974852,8.036355929,0.838315562,12.04.2024 17:02,A-1,0.000147105,0.6,1.4,5.45,5.34,3.77,3.64,1.57,PTQ10_321145,L8-BO_321144,xylene,Jonas_DonorAcceptor-NoWidthOrderedDonor-No2bandHeight-NoInt_PTQ10:L8-BO,Jonas_DonorAcceptor-NoWidthOrderedDonor-No2bandHeight-NoInt,0.015357066,12.04.2024 11:23,32266_258332_OD_x1y1,x1y1,0.002916105,0.6,1.4,3,4,0,0,1,0,0,0,0,0,1,0,183
32266,PTQ10_321145,L8-BO_321144,xylene,2,24,3000,1.540440891,0.076337635,1.722970821,0.105621997,0.130500808,0.202276252,2.039705514,2.194248257,0.071755601,0.128155503,0.612157425,0.387842575,0.35483871,0.440089586,0.330431755,48.39867615,19.29699369,7.735409105,0.828247531,12.04.2024 17:02,B-3,5.91E-05,1.4,0.6,5.45,5.34,3.77,3.64,1.57,PTQ10_321145,L8-BO_321144,xylene,Jonas_DonorAcceptor-NoWidthOrderedDonor-No2bandHeight-NoInt_PTQ10:L8-BO,Jonas_DonorAcceptor-NoWidthOrderedDonor-No2bandHeight-NoInt,0.015238359,12.04.2024 11:23,32266_258332_OD_x3y2,x3y2,0.002912186,1.4,0.6,3,4,0,0,1,0,0,0,0,0,1,0,183
32267,PTQ10_321145,L8-BO_321144,xylene,1,24,2000,1.544968505,0.080165589,1.725422718,0.105657881,0.157810485,0.244606252,2.046120431,2.202246545,0.085854082,0.153335391,0.614678701,0.385321299,0.35483871,0.440089586,0.397941643,64.24238045,21.885,12.70473083,0.90364384,12.04.2024 17:05,B-1,6.02E-05,0.6,0.6,5.45,5.34,3.77,3.64,1.57,PTQ10_321145,L8-BO_321144,xylene,Jonas_DonorAcceptor-NoWidthOrderedDonor-No2bandHeight-NoInt_PTQ10:L8-BO,Jonas_DonorAcceptor-NoWidthOrderedDonor-No2bandHeight-NoInt,0.046347567,12.04.2024 11:28,32267_258335_OD_x1y2,x1y2,0.005775989,0.6,0.6,3,4,0,0,1,0,0,0,0,0,1,0,184
32267,PTQ10_321145,L8-BO_321144,xylene,1,24,2000,1.542130806,0.080395249,1.724356905,0.105952384,0.157917238,0.24477172,2.045915273,2.20260138,0.085728821,0.153111674,0.615184557,0.384815443,0.35483871,0.440089586,0.397883394,65.25596586,21.5184977,12.63356249,0.899691594,12.04.2024 17:05,B-3,1.33E-05,1.4,0.6,5.45,5.34,3.77,3.64,1.57,PTQ10_321145,L8-BO_321144,xylene,Jonas_DonorAcceptor-NoWidthOrderedDonor-No2bandHeight-NoInt_PTQ10:L8-BO,Jonas_DonorAcceptor-NoWidthOrderedDonor-No2bandHeight-NoInt,0.042319905,12.04.2024 11:28,32267_258335_OD_x3y2,x3y2,0.005501666,1.4,0.6,3,4,0,0,1,0,0,0,0,0,1,0,184
32267,PTQ10_321145,L8-BO_321144,xylene,1,24,2000,1.544851507,0.080703996,1.725720174,0.105621614,0.157576663,0.244243828,2.046234617,2.20223638,0.085531541,0.152759333,0.61521885,0.38478115,0.35483871,0.440089586,0.397003161,64.13488549,21.66075326,12.53650633,0.902419862,12.04.2024 17:05,A-1,8.26E-05,0.6,1.4,5.45,5.34,3.77,3.64,1.57,PTQ10_321145,L8-BO_321144,xylene,Jonas_DonorAcceptor-NoWidthOrderedDonor-No2bandHeight-NoInt_PTQ10:L8-BO,Jonas_DonorAcceptor-NoWidthOrderedDonor-No2bandHeight-NoInt,0.046700194,12.04.2024 11:28,32267_258335_OD_x1y1,x1y1,0.005791423,0.6,1.4,3,4,0,0,1,0,0,0,0,0,1,0,184
32267,PTQ10_321145,L8-BO_321144,xylene,1,24,2000,1.544078786,0.080214001,1.725070567,0.105856132,0.156456286,0.242507243,2.045756695,2.201774449,0.084930022,0.15168502,0.615200413,0.384799587,0.35483871,0.440089586,0.394192263,63.98571842,21.44387365,12.36387122,0.901090027,12.04.2024 17:05,A-2,0.000237839,1,1.4,5.45,5.34,3.77,3.64,1.57,PTQ10_321145,L8-BO_321144,xylene,Jonas_DonorAcceptor-NoWidthOrderedDonor-No2bandHeight-NoInt_PTQ10:L8-BO,Jonas_DonorAcceptor-NoWidthOrderedDonor-No2bandHeight-NoInt,0.044942921,12.04.2024 11:28,32267_258335_OD_x2y1,x2y1,0.005635412,1,1.4,3,4,0,0,1,0,0,0,0,0,1,0,184
32619,D18CL_323001,PY-IT_321127,CF,0,14,2000,1.544138496,0.057404118,1.702526361,0.072816536,0.240107145,0.316941432,2.132455839,2.315353648,0.245660691,0.38740691,0.449978246,0.550021754,0.242424242,0.365884591,0.704348342,53.22365021,18.116869,9.393445706,0.974175334,19.04.2024 22:56,B-1,8.51E-07,0.6,0.6,5.48,5.34,3.64,3.31,1.7,D18CL_323001,PY-IT_321127,CF,Jonas_DonorAcceptor-NoWidthOrderedDonor-No2bandHeight-NoInt_D18CL:PY-IT,Jonas_DonorAcceptor-NoWidthOrderedDonor-No2bandHeight-NoInt,0.08553586,17.04.2024 10:45,32619_261023_OD_x1y2,x1y2,0.016814552,0.6,0.6,5,5,0,0,0,0,1,0,0,0,0,1,185
32619,D18CL_323001,PY-IT_321127,CF,0,14,2000,1.544195963,0.057055818,1.702619195,0.072651555,0.249628522,0.329509649,2.131808131,2.315336331,0.257922697,0.406744093,0.447549031,0.552450969,0.242424242,0.365884591,0.736253742,52.58983982,18.09337526,9.265212605,0.973719686,19.04.2024 22:56,B-2,4.52E-07,1,0.6,5.48,5.34,3.64,3.31,1.7,D18CL_323001,PY-IT_321127,CF,Jonas_DonorAcceptor-NoWidthOrderedDonor-No2bandHeight-NoInt_D18CL:PY-IT,Jonas_DonorAcceptor-NoWidthOrderedDonor-No2bandHeight-NoInt,0.09192606,17.04.2024 10:45,32619_261023_OD_x2y2,x2y2,0.017863942,1,0.6,5,5,0,0,0,0,1,0,0,0,0,1,185
32619,D18CL_323001,PY-IT_321127,CF,0,14,2000,1.544484338,0.056965066,1.702609723,0.07259439,0.252414918,0.333187692,2.132100697,2.315628487,0.262072059,0.413287637,0.446347896,0.553652104,0.242424242,0.365884591,0.746475329,51.92521422,17.98761838,9.10335012,0.97465134,19.04.2024 22:56,A-1,4.42E-07,0.6,1.4,5.48,5.34,3.64,3.31,1.7,D18CL_323001,PY-IT_321127,CF,Jonas_DonorAcceptor-NoWidthOrderedDonor-No2bandHeight-NoInt_D18CL:PY-IT,Jonas_DonorAcceptor-NoWidthOrderedDonor-No2bandHeight-NoInt,0.091037482,17.04.2024 10:45,32619_261023_OD_x1y1,x1y1,0.017803302,0.6,1.4,5,5,0,0,0,0,1,0,0,0,0,1,185
32619,D18CL_323001,PY-IT_321127,CF,0,14,2000,1.544526619,0.056917157,1.702791235,0.072560465,0.258912884,0.341765007,2.13202535,2.315900477,0.26735355,0.421616548,0.447698802,0.552301198,0.242424242,0.365884591,0.763381555,50.69552728,17.96848775,8.864119853,0.973093221,19.04.2024 22:56,A-2,5.28E-07,1,1.4,5.48,5.34,3.64,3.31,1.7,D18CL_323001,PY-IT_321127,CF,Jonas_DonorAcceptor-NoWidthOrderedDonor-No2bandHeight-NoInt_D18CL:PY-IT,Jonas_DonorAcceptor-NoWidthOrderedDonor-No2bandHeight-NoInt,0.095219006,17.04.2024 10:45,32619_261023_OD_x2y1,x2y1,0.018314366,1,1.4,5,5,0,0,0,0,1,0,0,0,0,1,185
32620,D18CL_323001,PY-IT_321127,CF,0,12,2000,1.543615065,0.058521175,1.70323034,0.073952444,0.232436137,0.306815701,2.132381605,2.315514691,0.220993842,0.348507289,0.468190047,0.531809953,0.242424242,0.365884591,0.65532299,55.40090861,18.15475729,9.751601781,0.969546456,19.04.2024 22:58,A-1,1.51E-06,0.6,1.4,5.48,5.34,3.64,3.31,1.7,D18CL_323001,PY-IT_321127,CF,Jonas_DonorAcceptor-NoWidthOrderedDonor-No2bandHeight-NoInt_D18CL:PY-IT,Jonas_DonorAcceptor-NoWidthOrderedDonor-No2bandHeight-NoInt,0.085026239,17.04.2024 10:50,32620_261040_OD_x1y1,x1y1,0.015827257,0.6,1.4,5,5,0,0,0,0,1,0,0,0,0,1,186
32620,D18CL_323001,PY-IT_321127,CF,0,12,2000,1.542680337,0.059842468,1.704402151,0.074909713,0.227632619,0.300475057,2.130807194,2.311804399,0.206736237,0.326023046,0.479610482,0.520389518,0.242424242,0.365884591,0.626498103,54.80455855,18.01837888,9.564860493,0.968603963,19.04.2024 22:58,B-2,6.10E-07,1,0.6,5.48,5.34,3.64,3.31,1.7,D18CL_323001,PY-IT_321127,CF,Jonas_DonorAcceptor-NoWidthOrderedDonor-No2bandHeight-NoInt_D18CL:PY-IT,Jonas_DonorAcceptor-NoWidthOrderedDonor-No2bandHeight-NoInt,0.089618336,17.04.2024 10:50,32620_261040_OD_x2y2,x2y2,0.015476794,1,0.6,5,5,0,0,0,0,1,0,0,0,0,1,186
32620,D18CL_323001,PY-IT_321127,CF,0,12,2000,1.541490216,0.060392035,1.703849333,0.075150979,0.215381445,0.284303508,2.128930175,2.30906798,0.190684349,0.300709219,0.485978329,0.514021671,0.242424242,0.365884591,0.585012727,55.39998058,17.60625455,9.452898699,0.969144231,19.04.2024 22:58,B-1,5.15E-07,0.6,0.6,5.48,5.34,3.64,3.31,1.7,D18CL_323001,PY-IT_321127,CF,Jonas_DonorAcceptor-NoWidthOrderedDonor-No2bandHeight-NoInt_D18CL:PY-IT,Jonas_DonorAcceptor-NoWidthOrderedDonor-No2bandHeight-NoInt,0.084621422,17.04.2024 10:50,32620_261040_OD_x1y2,x1y2,0.01432954,0.6,0.6,5,5,0,0,0,0,1,0,0,0,0,1,186
32620,D18CL_323001,PY-IT_321127,CF,0,12,2000,1.54359312,0.058589346,1.703623226,0.073865811,0.235784982,0.311236176,2.131289577,2.314932161,0.222277919,0.350532278,0.47030978,0.52969022,0.242424242,0.365884591,0.661768453,54.50794071,17.63637447,9.309572362,0.968413077,19.04.2024 22:58,A-3,5.64E-07,1.4,1.4,5.48,5.34,3.64,3.31,1.7,D18CL_323001,PY-IT_321127,CF,Jonas_DonorAcceptor-NoWidthOrderedDonor-No2bandHeight-NoInt_D18CL:PY-IT,Jonas_DonorAcceptor-NoWidthOrderedDonor-No2bandHeight-NoInt,0.084946389,17.04.2024 10:50,32620_261040_OD_x3y1,x3y1,0.015925403,1.4,1.4,5,5,0,0,0,0,1,0,0,0,0,1,186
32621,D18CL_323001,PY-IT_321127,CF,0,10,2000,1.53845521,0.063141783,1.701135683,0.078640356,0.191626976,0.252947609,2.130232986,2.309799395,0.159128236,0.250945228,0.501986912,0.498013088,0.242424242,0.365884591,0.503892837,58.23190818,19.73212189,11.162062,0.971425768,19.04.2024 23:01,B-1,6.36E-06,0.6,0.6,5.48,5.34,3.64,3.31,1.7,D18CL_323001,PY-IT_321127,CF,Jonas_DonorAcceptor-NoWidthOrderedDonor-No2bandHeight-NoInt_D18CL:PY-IT,Jonas_DonorAcceptor-NoWidthOrderedDonor-No2bandHeight-NoInt,0.079576394,17.04.2024 10:56,32621_261063_OD_x1y2,x1y2,0.011377722,0.6,0.6,5,5,0,0,0,0,1,0,0,0,0,1,187
32621,D18CL_323001,PY-IT_321127,CF,0,10,2000,1.539432005,0.062456142,1.701247626,0.077942563,0.197122746,0.260202025,2.132749041,2.314179475,0.168577111,0.265846105,0.494635396,0.505364604,0.242424242,0.365884591,0.52604813,58.62544488,19.55287278,11.14548561,0.972304441,19.04.2024 23:01,A-3,1.78E-06,1.4,1.4,5.48,5.34,3.64,3.31,1.7,D18CL_323001,PY-IT_321127,CF,Jonas_DonorAcceptor-NoWidthOrderedDonor-No2bandHeight-NoInt_D18CL:PY-IT,Jonas_DonorAcceptor-NoWidthOrderedDonor-No2bandHeight-NoInt,0.080831002,17.04.2024 10:56,32621_261063_OD_x3y1,x3y1,0.011949416,1.4,1.4,5,5,0,0,0,0,1,0,0,0,0,1,187
32621,D18CL_323001,PY-IT_321127,CF,0,10,2000,1.54155317,0.060723623,1.70220255,0.076134316,0.208040718,0.274613748,2.133108271,2.315652614,0.190670994,0.300688158,0.477338498,0.522661502,0.242424242,0.365884591,0.575301906,57.70718532,19.62137753,10.98594004,0.970237014,19.04.2024 23:01,B-2,2.95E-06,1,0.6,5.48,5.34,3.64,3.31,1.7,D18CL_323001,PY-IT_321127,CF,Jonas_DonorAcceptor-NoWidthOrderedDonor-No2bandHeight-NoInt_D18CL:PY-IT,Jonas_DonorAcceptor-NoWidthOrderedDonor-No2bandHeight-NoInt,0.080167488,17.04.2024 10:56,32621_261063_OD_x2y2,x2y2,0.013289768,1,0.6,5,5,0,0,0,0,1,0,0,0,0,1,187
32621,D18CL_323001,PY-IT_321127,CF,0,10,2000,1.540354899,0.061718546,1.701812849,0.077065497,0.203158254,0.268168896,2.132820715,2.314728687,0.178043579,0.280774723,0.488518104,0.511481896,0.242424242,0.365884591,0.548943619,57.52831029,19.3537507,10.80728228,0.970665814,19.04.2024 23:01,A-2,2.24E-06,1,1.4,5.48,5.34,3.64,3.31,1.7,D18CL_323001,PY-IT_321127,CF,Jonas_DonorAcceptor-NoWidthOrderedDonor-No2bandHeight-NoInt_D18CL:PY-IT,Jonas_DonorAcceptor-NoWidthOrderedDonor-No2bandHeight-NoInt,0.083171851,17.04.2024 10:56,32621_261063_OD_x2y1,x2y1,0.012754861,1,1.4,5,5,0,0,0,0,1,0,0,0,0,1,187
32622,D18CL_323001,PY-IT_321127,CF,0,10,1000,1.54423148,0.057538374,1.703708353,0.073022639,0.27195542,0.358981154,2.130700569,2.314636865,0.258530559,0.407702692,0.468225796,0.531774204,0.242424242,0.365884591,0.766683846,52.72618123,18.42036833,9.344593498,0.962134496,19.04.2024 23:04,B-1,4.53E-07,0.6,0.6,5.48,5.34,3.64,3.31,1.7,D18CL_323001,PY-IT_321127,CF,Jonas_DonorAcceptor-NoWidthOrderedDonor-No2bandHeight-NoInt_D18CL:PY-IT,Jonas_DonorAcceptor-NoWidthOrderedDonor-No2bandHeight-NoInt,0.097485081,17.04.2024 11:02,32622_261073_OD_x1y2,x1y2,0.018575979,0.6,0.6,5,5,0,0,0,0,1,0,0,0,0,1,188
32622,D18CL_323001,PY-IT_321127,CF,0,10,1000,1.544226113,0.057178188,1.703059249,0.072996229,0.279795422,0.369329956,2.13061364,2.314762479,0.269593796,0.425149416,0.464870416,0.535129584,0.242424242,0.365884591,0.794479373,51.90291306,18.12762165,9.075622257,0.964592431,19.04.2024 23:04,A-2,7.50E-07,1,1.4,5.48,5.34,3.64,3.31,1.7,D18CL_323001,PY-IT_321127,CF,Jonas_DonorAcceptor-NoWidthOrderedDonor-No2bandHeight-NoInt_D18CL:PY-IT,Jonas_DonorAcceptor-NoWidthOrderedDonor-No2bandHeight-NoInt,0.102477873,17.04.2024 11:02,32622_261073_OD_x2y1,x2y1,0.019246099,1,1.4,5,5,0,0,0,0,1,0,0,0,0,1,188
32622,D18CL_323001,PY-IT_321127,CF,0,10,1000,1.543235712,0.058690799,1.703367726,0.07392785,0.242325999,0.319870319,2.130072341,2.312256056,0.22295655,0.351602479,0.476371224,0.523628776,0.242424242,0.365884591,0.671472798,52.08047911,18.06724846,9.065951462,0.963488204,19.04.2024 23:04,B-2,6.04E-07,1,0.6,5.48,5.34,3.64,3.31,1.7,D18CL_323001,PY-IT_321127,CF,Jonas_DonorAcceptor-NoWidthOrderedDonor-No2bandHeight-NoInt_D18CL:PY-IT,Jonas_DonorAcceptor-NoWidthOrderedDonor-No2bandHeight-NoInt,0.088389032,17.04.2024 11:02,32622_261073_OD_x2y2,x2y2,0.016293003,1,0.6,5,5,0,0,0,0,1,0,0,0,0,1,188
32622,D18CL_323001,PY-IT_321127,CF,0,10,1000,1.543984828,0.057671833,1.703618708,0.073356388,0.315629559,0.416631018,2.130350774,2.314911054,0.298048613,0.470022662,0.469891489,0.530108511,0.242424242,0.365884591,0.88665368,49.37806358,17.82461849,8.451516903,0.960241268,19.04.2024 23:04,A-3,9.74E-06,1.4,1.4,5.48,5.34,3.64,3.31,1.7,D18CL_323001,PY-IT_321127,CF,Jonas_DonorAcceptor-NoWidthOrderedDonor-No2bandHeight-NoInt_D18CL:PY-IT,Jonas_DonorAcceptor-NoWidthOrderedDonor-No2bandHeight-NoInt,0.109287988,17.04.2024 11:02,32622_261073_OD_x3y1,x3y1,0.021162766,1.4,1.4,5,5,0,0,0,0,1,0,0,0,0,1,188
32623,D18CL_323001,PY-IT_321127,CF,2,10,1000,1.540477658,0.059940333,1.703162959,0.074611971,0.254492217,0.335929726,2.130318964,2.309841666,0.231244661,0.364672831,0.479486869,0.520513131,0.242424242,0.365884591,0.700602557,53.14799505,18.108748,9.273406624,0.963527229,19.04.2024 23:06,A-2,1.03E-06,1,1.4,5.48,5.34,3.64,3.31,1.7,D18CL_323001,PY-IT_321127,CF,Jonas_DonorAcceptor-NoWidthOrderedDonor-No2bandHeight-NoInt_D18CL:PY-IT,Jonas_DonorAcceptor-NoWidthOrderedDonor-No2bandHeight-NoInt,0.078624389,17.04.2024 11:07,32623_261090_OD_x2y1,x2y1,0.01610744,1,1.4,5,5,0,0,0,0,1,0,0,0,0,1,189
32623,D18CL_323001,PY-IT_321127,CF,2,10,1000,1.541150696,0.060547363,1.705741521,0.074992895,0.266316083,0.351537229,2.129853867,2.31064986,0.244064012,0.384888946,0.477355696,0.522644304,0.242424242,0.365884591,0.736426176,52.48578321,18.08824645,9.141066902,0.96285023,19.04.2024 23:06,A-1,1.15E-06,0.6,1.4,5.48,5.34,3.64,3.31,1.7,D18CL_323001,PY-IT_321127,CF,Jonas_DonorAcceptor-NoWidthOrderedDonor-No2bandHeight-NoInt_D18CL:PY-IT,Jonas_DonorAcceptor-NoWidthOrderedDonor-No2bandHeight-NoInt,0.083490716,17.04.2024 11:07,32623_261090_OD_x1y1,x1y1,0.016824715,0.6,1.4,5,5,0,0,0,0,1,0,0,0,0,1,189
32623,D18CL_323001,PY-IT_321127,CF,2,10,1000,1.541036131,0.058139575,1.702026697,0.073481998,0.29609759,0.390848819,2.132242441,2.312238929,0.279776067,0.441206857,0.469738781,0.530261219,0.242424242,0.365884591,0.832055676,50.54991213,18.4096227,8.927794639,0.959354019,19.04.2024 23:06,B-2,1.17E-06,1,0.6,5.48,5.34,3.64,3.31,1.7,D18CL_323001,PY-IT_321127,CF,Jonas_DonorAcceptor-NoWidthOrderedDonor-No2bandHeight-NoInt_D18CL:PY-IT,Jonas_DonorAcceptor-NoWidthOrderedDonor-No2bandHeight-NoInt,0.109617144,17.04.2024 11:07,32623_261090_OD_x2y2,x2y2,0.020031148,1,0.6,5,5,0,0,0,0,1,0,0,0,0,1,189
32623,D18CL_323001,PY-IT_321127,CF,2,10,1000,1.540372921,0.059672562,1.702035094,0.074535354,0.240023767,0.316831372,2.13258001,2.312000526,0.220278083,0.347378537,0.477004886,0.522995114,0.242424242,0.365884591,0.664209909,50.41324796,17.79811837,8.635408373,0.962418829,19.04.2024 23:06,A-3,8.14E-07,1.4,1.4,5.48,5.34,3.64,3.31,1.7,D18CL_323001,PY-IT_321127,CF,Jonas_DonorAcceptor-NoWidthOrderedDonor-No2bandHeight-NoInt_D18CL:PY-IT,Jonas_DonorAcceptor-NoWidthOrderedDonor-No2bandHeight-NoInt,0.084828559,17.04.2024 11:07,32623_261090_OD_x3y1,x3y1,0.016080602,1.4,1.4,5,5,0,0,0,0,1,0,0,0,0,1,189
32624,D18CL_323001,PY-IT_321127,CF,0,10,3000,1.531777461,0.066200331,1.69642212,0.082729262,0.161021261,0.212548065,2.12576437,2.300093672,0.121124356,0.191013109,0.526681154,0.473318846,0.242424242,0.365884591,0.403561173,59.6095736,19.38162394,11.24720149,0.973505248,19.04.2024 23:09,B-1,9.04E-07,0.6,0.6,5.48,5.34,3.64,3.31,1.7,D18CL_323001,PY-IT_321127,CF,Jonas_DonorAcceptor-NoWidthOrderedDonor-No2bandHeight-NoInt_D18CL:PY-IT,Jonas_DonorAcceptor-NoWidthOrderedDonor-No2bandHeight-NoInt,0.07207394,17.04.2024 11:13,32624_261125_OD_x1y2,x1y2,0.008950997,0.6,0.6,5,5,0,0,0,0,1,0,0,0,0,1,190
32624,D18CL_323001,PY-IT_321127,CF,0,10,3000,1.530647142,0.06645871,1.695600827,0.083490727,0.155872084,0.205751151,2.12293521,2.294437895,0.112746127,0.177800642,0.536436421,0.463563579,0.242424242,0.365884591,0.383551792,59.80024401,19.13337698,11.14225318,0.973819436,19.04.2024 23:09,A-1,1.06E-06,0.6,1.4,5.48,5.34,3.64,3.31,1.7,D18CL_323001,PY-IT_321127,CF,Jonas_DonorAcceptor-NoWidthOrderedDonor-No2bandHeight-NoInt_D18CL:PY-IT,Jonas_DonorAcceptor-NoWidthOrderedDonor-No2bandHeight-NoInt,0.066410277,17.04.2024 11:13,32624_261125_OD_x1y1,x1y1,0.00819183,0.6,1.4,5,5,0,0,0,0,1,0,0,0,0,1,190
32624,D18CL_323001,PY-IT_321127,CF,0,10,3000,1.531288453,0.066499733,1.696112973,0.083190611,0.160270704,0.211557329,2.124742276,2.297973003,0.118114797,0.186267035,0.531785753,0.468214247,0.242424242,0.365884591,0.397824364,59.40676636,19.10912818,11.05409687,0.973747777,19.04.2024 23:09,A-2,8.81E-07,1,1.4,5.48,5.34,3.64,3.31,1.7,D18CL_323001,PY-IT_321127,CF,Jonas_DonorAcceptor-NoWidthOrderedDonor-No2bandHeight-NoInt_D18CL:PY-IT,Jonas_DonorAcceptor-NoWidthOrderedDonor-No2bandHeight-NoInt,0.071918683,17.04.2024 11:13,32624_261125_OD_x2y1,x2y1,0.008765359,1,1.4,5,5,0,0,0,0,1,0,0,0,0,1,190
32624,D18CL_323001,PY-IT_321127,CF,0,10,3000,1.530909342,0.066363669,1.695954508,0.083150675,0.156544006,0.206638089,2.123624137,2.295887537,0.114221478,0.180127271,0.534272482,0.465727518,0.242424242,0.365884591,0.386765359,59.91544143,18.8910048,11.03315563,0.974778457,19.04.2024 23:09,A-3,8.49E-07,1.4,1.4,5.48,5.34,3.64,3.31,1.7,D18CL_323001,PY-IT_321127,CF,Jonas_DonorAcceptor-NoWidthOrderedDonor-No2bandHeight-NoInt_D18CL:PY-IT,Jonas_DonorAcceptor-NoWidthOrderedDonor-No2bandHeight-NoInt,0.066047519,17.04.2024 11:13,32624_261125_OD_x3y1,x3y1,0.008251922,1.4,1.4,5,5,0,0,0,0,1,0,0,0,0,1,190
32625,D18CL_323001,PY-IT_321127,CF,2,10,3000,1.525948243,0.067971362,1.693537388,0.084768585,0.154402663,0.203811515,2.122767581,2.288958111,0.109969941,0.173422597,0.540278593,0.459721407,0.242424242,0.365884591,0.377234112,60.08922998,18.94774757,11.0336843,0.969094937,19.04.2024 23:12,B-1,1.61E-06,0.6,0.6,5.48,5.34,3.64,3.31,1.7,D18CL_323001,PY-IT_321127,CF,Jonas_DonorAcceptor-NoWidthOrderedDonor-No2bandHeight-NoInt_D18CL:PY-IT,Jonas_DonorAcceptor-NoWidthOrderedDonor-No2bandHeight-NoInt,0.074140753,17.04.2024 11:19,32625_261139_OD_x1y2,x1y2,0.008647854,0.6,0.6,5,5,0,0,0,0,1,0,0,0,0,1,191
32625,D18CL_323001,PY-IT_321127,CF,2,10,3000,1.526848621,0.067401636,1.693923537,0.083474154,0.158572391,0.209315556,2.12544284,2.29454628,0.116642518,0.18394525,0.532256337,0.467743663,0.242424242,0.365884591,0.393260806,59.47428473,19.02462577,10.96429443,0.969025797,19.04.2024 23:12,B-2,2.10E-06,1,0.6,5.48,5.34,3.64,3.31,1.7,D18CL_323001,PY-IT_321127,CF,Jonas_DonorAcceptor-NoWidthOrderedDonor-No2bandHeight-NoInt_D18CL:PY-IT,Jonas_DonorAcceptor-NoWidthOrderedDonor-No2bandHeight-NoInt,0.075784583,17.04.2024 11:19,32625_261139_OD_x2y2,x2y2,0.009048063,1,0.6,5,5,0,0,0,0,1,0,0,0,0,1,191
32625,D18CL_323001,PY-IT_321127,CF,2,10,3000,1.526374766,0.067914441,1.693577428,0.084627272,0.156201206,0.206185592,2.123905176,2.290816362,0.112784049,0.177860446,0.536877279,0.463122721,0.242424242,0.365884591,0.384046038,60.08556278,18.56012202,10.81950314,0.970189024,19.04.2024 23:12,A-3,0.000201849,1.4,1.4,5.48,5.34,3.64,3.31,1.7,D18CL_323001,PY-IT_321127,CF,Jonas_DonorAcceptor-NoWidthOrderedDonor-No2bandHeight-NoInt_D18CL:PY-IT,Jonas_DonorAcceptor-NoWidthOrderedDonor-No2bandHeight-NoInt,0.074223406,17.04.2024 11:19,32625_261139_OD_x3y1,x3y1,0.00876978,1.4,1.4,5,5,0,0,0,0,1,0,0,0,0,1,191
32625,D18CL_323001,PY-IT_321127,CF,2,10,3000,1.526881061,0.067948359,1.693484276,0.084585881,0.159124319,0.210044101,2.125332753,2.293384084,0.115597836,0.182297787,0.535359867,0.464640133,0.242424242,0.365884591,0.392341888,59.73584799,18.67011707,10.81581277,0.969788626,19.04.2024 23:12,A-2,1.65E-06,1,1.4,5.48,5.34,3.64,3.31,1.7,D18CL_323001,PY-IT_321127,CF,Jonas_DonorAcceptor-NoWidthOrderedDonor-No2bandHeight-NoInt_D18CL:PY-IT,Jonas_DonorAcceptor-NoWidthOrderedDonor-No2bandHeight-NoInt,0.081079024,17.04.2024 11:19,32625_261139_OD_x2y1,x2y1,0.009337949,1,1.4,5,5,0,0,0,0,1,0,0,0,0,1,191
32626,D18CL_323001,PY-IT_321127,CF,1,10,2000,1.53152188,0.066310491,1.697015243,0.081769252,0.181756405,0.239918454,2.130212844,2.304208587,0.142114788,0.224115021,0.517028332,0.482971668,0.242424242,0.365884591,0.464033475,59.9779658,19.19187337,11.13931553,0.967719303,19.04.2024 23:14,B-1,9.60E-07,0.6,0.6,5.48,5.34,3.64,3.31,1.7,D18CL_323001,PY-IT_321127,CF,Jonas_DonorAcceptor-NoWidthOrderedDonor-No2bandHeight-NoInt_D18CL:PY-IT,Jonas_DonorAcceptor-NoWidthOrderedDonor-No2bandHeight-NoInt,0.079611863,17.04.2024 11:25,32626_261151_OD_x1y2,x1y2,0.010434436,0.6,0.6,5,5,0,0,0,0,1,0,0,0,0,1,192
32626,D18CL_323001,PY-IT_321127,CF,1,10,2000,1.533026634,0.065406588,1.697602873,0.080964011,0.186302346,0.245919097,2.131912666,2.307688236,0.150805875,0.237820865,0.508370439,0.491629561,0.242424242,0.365884591,0.483739962,59.87943636,19.01862161,11.03249823,0.968762066,19.04.2024 23:14,A-1,1.22E-06,0.6,1.4,5.48,5.34,3.64,3.31,1.7,D18CL_323001,PY-IT_321127,CF,Jonas_DonorAcceptor-NoWidthOrderedDonor-No2bandHeight-NoInt_D18CL:PY-IT,Jonas_DonorAcceptor-NoWidthOrderedDonor-No2bandHeight-NoInt,0.085003287,17.04.2024 11:25,32626_261151_OD_x1y1,x1y1,0.011197795,0.6,1.4,5,5,0,0,0,0,1,0,0,0,0,1,192
32626,D18CL_323001,PY-IT_321127,CF,1,10,2000,1.533057304,0.065265387,1.697385647,0.080676554,0.185992998,0.245510757,2.132324836,2.308035852,0.151896108,0.239540162,0.506154607,0.493845393,0.242424242,0.365884591,0.485050919,59.29517678,18.8257538,10.80288814,0.967761044,19.04.2024 23:14,A-2,1.20E-06,1,1.4,5.48,5.34,3.64,3.31,1.7,D18CL_323001,PY-IT_321127,CF,Jonas_DonorAcceptor-NoWidthOrderedDonor-No2bandHeight-NoInt_D18CL:PY-IT,Jonas_DonorAcceptor-NoWidthOrderedDonor-No2bandHeight-NoInt,0.084568201,17.04.2024 11:25,32626_261151_OD_x2y1,x2y1,0.011264793,1,1.4,5,5,0,0,0,0,1,0,0,0,0,1,192
32626,D18CL_323001,PY-IT_321127,CF,1,10,2000,1.533293713,0.065050471,1.69755719,0.080097394,0.187123424,0.247002919,2.132162474,2.308299757,0.154031208,0.242907215,0.504180056,0.495819944,0.242424242,0.365884591,0.489910134,59.31127982,18.77899675,10.76830706,0.966802465,19.04.2024 23:14,B-2,9.66E-07,1,0.6,5.48,5.34,3.64,3.31,1.7,D18CL_323001,PY-IT_321127,CF,Jonas_DonorAcceptor-NoWidthOrderedDonor-No2bandHeight-NoInt_D18CL:PY-IT,Jonas_DonorAcceptor-NoWidthOrderedDonor-No2bandHeight-NoInt,0.082338607,17.04.2024 11:25,32626_261151_OD_x2y2,x2y2,0.011304326,1,0.6,5,5,0,0,0,0,1,0,0,0,0,1,192
32627,PTQ10_321145,PY-IT_321127,CF,0,14,2000,1.533666658,0.067923759,1.70055193,0.08277138,0.158948632,0.209812194,2.054973564,2.205425704,0.081636073,0.145802027,0.589999448,0.410000552,0.242424242,0.440089586,0.355614222,52.5240779,17.78612995,9.13226524,0.977549187,19.04.2024 23:51,B-1,5.95E-06,0.6,0.6,5.48,5.34,3.64,3.64,1.7,PTQ10_321145,PY-IT_321127,CF,Jonas_DonorAcceptor-NoWidthOrderedDonor-No2bandHeight-NoInt_PTQ10:PY-IT,Jonas_DonorAcceptor-NoWidthOrderedDonor-No2bandHeight-NoInt,0.139987908,17.04.2024 11:36,32627_261184_OD_x1y2,x1y2,0.007952106,0.6,0.6,3,5,0,0,1,0,0,0,0,0,0,1,193
32627,PTQ10_321145,PY-IT_321127,CF,0,14,2000,1.534763875,0.067763719,1.701342336,0.082389729,0.163592161,0.215941652,2.055968804,2.207389166,0.085750186,0.153149832,0.585062678,0.414937322,0.242424242,0.440089586,0.369091484,52.45748433,17.76675199,9.11400457,0.977898416,19.04.2024 23:51,A-3,8.63E-06,1.4,1.4,5.48,5.34,3.64,3.64,1.7,PTQ10_321145,PY-IT_321127,CF,Jonas_DonorAcceptor-NoWidthOrderedDonor-No2bandHeight-NoInt_PTQ10:PY-IT,Jonas_DonorAcceptor-NoWidthOrderedDonor-No2bandHeight-NoInt,0.145444729,17.04.2024 11:36,32627_261184_OD_x3y1,x3y1,0.00834206,1.4,1.4,3,5,0,0,1,0,0,0,0,0,0,1,193
32627,PTQ10_321145,PY-IT_321127,CF,0,14,2000,1.53340947,0.068068604,1.700482666,0.082944733,0.158749739,0.209549656,2.054478352,2.204684295,0.081183845,0.144994348,0.59103991,0.40896009,0.242424242,0.440089586,0.354544003,52.2967382,17.75661653,9.092684117,0.979168166,19.04.2024 23:51,A-1,9.51E-06,0.6,1.4,5.48,5.34,3.64,3.64,1.7,PTQ10_321145,PY-IT_321127,CF,Jonas_DonorAcceptor-NoWidthOrderedDonor-No2bandHeight-NoInt_PTQ10:PY-IT,Jonas_DonorAcceptor-NoWidthOrderedDonor-No2bandHeight-NoInt,0.139888226,17.04.2024 11:36,32627_261184_OD_x1y1,x1y1,0.007909452,0.6,1.4,3,5,0,0,1,0,0,0,0,0,0,1,193
32627,PTQ10_321145,PY-IT_321127,CF,0,14,2000,1.533196656,0.067990744,1.700630193,0.082654101,0.157394982,0.207761376,2.054436826,2.204778254,0.080780507,0.144273985,0.590171895,0.409828105,0.242424242,0.440089586,0.352035361,52.17227804,17.68799533,9.015719246,0.976971656,19.04.2024 23:51,B-2,8.32E-07,1,0.6,5.48,5.34,3.64,3.64,1.7,PTQ10_321145,PY-IT_321127,CF,Jonas_DonorAcceptor-NoWidthOrderedDonor-No2bandHeight-NoInt_PTQ10:PY-IT,Jonas_DonorAcceptor-NoWidthOrderedDonor-No2bandHeight-NoInt,0.134884482,17.04.2024 11:36,32627_261184_OD_x2y2,x2y2,0.007740115,1,0.6,3,5,0,0,1,0,0,0,0,0,0,1,193
32628,PTQ10_321145,PY-IT_321127,CF,0,12,2000,1.530867432,0.067904949,1.699312414,0.083858043,0.136793092,0.180566882,2.049293172,2.195436967,0.069183071,0.123560965,0.593720317,0.406279683,0.242424242,0.440089586,0.304127847,53.52289872,17.07374941,8.864672328,0.970050084,19.04.2024 23:53,B-1,7.64E-07,0.6,0.6,5.48,5.34,3.64,3.64,1.7,PTQ10_321145,PY-IT_321127,CF,Jonas_DonorAcceptor-NoWidthOrderedDonor-No2bandHeight-NoInt_PTQ10:PY-IT,Jonas_DonorAcceptor-NoWidthOrderedDonor-No2bandHeight-NoInt,0.123532355,17.04.2024 11:42,32628_261219_OD_x1y2,x1y2,0.006917509,0.6,0.6,3,5,0,0,1,0,0,0,0,0,0,1,194
32628,PTQ10_321145,PY-IT_321127,CF,0,12,2000,1.531198948,0.068008746,1.699309336,0.083677291,0.141979665,0.187413158,2.050098033,2.19660925,0.070234603,0.125439,0.599047035,0.400952965,0.242424242,0.440089586,0.312852158,53.46928822,16.88311977,8.764038222,0.970838876,19.04.2024 23:53,A-3,1.17E-05,1.4,1.4,5.48,5.34,3.64,3.64,1.7,PTQ10_321145,PY-IT_321127,CF,Jonas_DonorAcceptor-NoWidthOrderedDonor-No2bandHeight-NoInt_PTQ10:PY-IT,Jonas_DonorAcceptor-NoWidthOrderedDonor-No2bandHeight-NoInt,0.122366661,17.04.2024 11:42,32628_261219_OD_x3y1,x3y1,0.006923988,1.4,1.4,3,5,0,0,1,0,0,0,0,0,0,1,194
32628,PTQ10_321145,PY-IT_321127,CF,0,12,2000,1.530743763,0.067922092,1.698948832,0.083805836,0.137980201,0.182133865,2.049180834,2.194900948,0.067519241,0.120589364,0.601651434,0.398348566,0.242424242,0.440089586,0.302723229,53.10910568,16.89650214,8.69217642,0.968640752,19.04.2024 23:53,B-2,0.000274018,1,0.6,5.48,5.34,3.64,3.64,1.7,PTQ10_321145,PY-IT_321127,CF,Jonas_DonorAcceptor-NoWidthOrderedDonor-No2bandHeight-NoInt_PTQ10:PY-IT,Jonas_DonorAcceptor-NoWidthOrderedDonor-No2bandHeight-NoInt,0.124743432,17.04.2024 11:42,32628_261219_OD_x2y2,x2y2,0.006919035,1,0.6,3,5,0,0,1,0,0,0,0,0,0,1,194
32628,PTQ10_321145,PY-IT_321127,CF,0,12,2000,1.529970733,0.067801809,1.698283595,0.083819525,0.135712389,0.179140354,2.048344353,2.193700214,0.06600121,0.117878162,0.603128574,0.396871426,0.242424242,0.440089586,0.297018516,52.88168112,16.94575247,8.677650924,0.968358267,19.04.2024 23:53,A-1,0.000717524,0.6,1.4,5.48,5.34,3.64,3.64,1.7,PTQ10_321145,PY-IT_321127,CF,Jonas_DonorAcceptor-NoWidthOrderedDonor-No2bandHeight-NoInt_PTQ10:PY-IT,Jonas_DonorAcceptor-NoWidthOrderedDonor-No2bandHeight-NoInt,0.124987908,17.04.2024 11:42,32628_261219_OD_x1y1,x1y1,0.006930954,0.6,1.4,3,5,0,0,1,0,0,0,0,0,0,1,194
32629,PTQ10_321145,PY-IT_321127,CF,0,10,2000,1.529630222,0.066031163,1.698446532,0.08299227,0.118089316,0.155877897,2.044490255,2.187894489,0.057750399,0.103142212,0.601798438,0.398201562,0.242424242,0.440089586,0.259020109,52.43231638,15.41812711,7.736954809,0.957060503,19.04.2024 23:56,A-3,0.00098748,1.4,1.4,5.48,5.34,3.64,3.64,1.7,PTQ10_321145,PY-IT_321127,CF,Jonas_DonorAcceptor-NoWidthOrderedDonor-No2bandHeight-NoInt_PTQ10:PY-IT,Jonas_DonorAcceptor-NoWidthOrderedDonor-No2bandHeight-NoInt,0.111907483,17.04.2024 11:47,32629_261233_OD_x3y1,x3y1,0.006585294,1.4,1.4,3,5,0,0,1,0,0,0,0,0,0,1,195
32629,PTQ10_321145,PY-IT_321127,CF,0,10,2000,1.530081578,0.066424345,1.698798856,0.08344624,0.116945406,0.154367936,2.045004652,2.189325106,0.060677647,0.108370278,0.58753515,0.41246485,0.242424242,0.440089586,0.262738214,51.63553968,15.64512088,7.711004104,0.954516172,19.04.2024 23:56,B-2,0.00055254,1,0.6,5.48,5.34,3.64,3.64,1.7,PTQ10_321145,PY-IT_321127,CF,Jonas_DonorAcceptor-NoWidthOrderedDonor-No2bandHeight-NoInt_PTQ10:PY-IT,Jonas_DonorAcceptor-NoWidthOrderedDonor-No2bandHeight-NoInt,0.114923698,17.04.2024 11:47,32629_261233_OD_x2y2,x2y2,0.0066119,1,0.6,3,5,0,0,1,0,0,0,0,0,0,1,195
32629,PTQ10_321145,PY-IT_321127,CF,0,10,2000,1.529817443,0.066218489,1.698472482,0.083156788,0.11616751,0.153341113,2.044595068,2.18792457,0.057822012,0.103270113,0.597561983,0.402438017,0.242424242,0.440089586,0.256611225,51.71925245,15.54887436,7.660198466,0.952552297,19.04.2024 23:56,B-1,0.000342658,0.6,0.6,5.48,5.34,3.64,3.64,1.7,PTQ10_321145,PY-IT_321127,CF,Jonas_DonorAcceptor-NoWidthOrderedDonor-No2bandHeight-NoInt_PTQ10:PY-IT,Jonas_DonorAcceptor-NoWidthOrderedDonor-No2bandHeight-NoInt,0.116489798,17.04.2024 11:47,32629_261233_OD_x1y2,x1y2,0.006641523,0.6,0.6,3,5,0,0,1,0,0,0,0,0,0,1,195
32629,PTQ10_321145,PY-IT_321127,CF,0,10,2000,1.529271589,0.065282836,1.697366445,0.082639516,0.108492167,0.143209661,2.04279957,2.1848775,0.053457062,0.095474313,0.59999697,0.40000303,0.242424242,0.440089586,0.238683974,51.11416775,14.7050049,7.109258689,0.945840378,19.04.2024 23:56,A-1,0.000129738,0.6,1.4,5.48,5.34,3.64,3.64,1.7,PTQ10_321145,PY-IT_321127,CF,Jonas_DonorAcceptor-NoWidthOrderedDonor-No2bandHeight-NoInt_PTQ10:PY-IT,Jonas_DonorAcceptor-NoWidthOrderedDonor-No2bandHeight-NoInt,0.116369899,17.04.2024 11:47,32629_261233_OD_x1y1,x1y1,0.006596363,0.6,1.4,3,5,0,0,1,0,0,0,0,0,0,1,195
32630,PTQ10_321145,PY-IT_321127,CF,0,10,1000,1.533371559,0.067599602,1.70088668,0.082829841,0.155359986,0.205075182,2.052825626,2.202180988,0.080148168,0.143144629,0.588924512,0.411075488,0.242424242,0.440089586,0.348219811,53.41010454,17.74824941,9.152620792,0.965531658,19.04.2024 23:58,A-1,2.99E-05,0.6,1.4,5.48,5.34,3.64,3.64,1.7,PTQ10_321145,PY-IT_321127,CF,Jonas_DonorAcceptor-NoWidthOrderedDonor-No2bandHeight-NoInt_PTQ10:PY-IT,Jonas_DonorAcceptor-NoWidthOrderedDonor-No2bandHeight-NoInt,0.13042858,17.04.2024 11:53,32630_261254_OD_x1y1,x1y1,0.007557487,0.6,1.4,3,5,0,0,1,0,0,0,0,0,0,1,196
32630,PTQ10_321145,PY-IT_321127,CF,0,10,1000,1.533181212,0.06778711,1.700821873,0.08299701,0.15279516,0.201689611,2.052677823,2.201478469,0.07788508,0.139102754,0.591825498,0.408174502,0.242424242,0.440089586,0.340792364,53.59560814,17.67288897,9.149687459,0.965983053,19.04.2024 23:58,B-1,1.23E-06,0.6,0.6,5.48,5.34,3.64,3.64,1.7,PTQ10_321145,PY-IT_321127,CF,Jonas_DonorAcceptor-NoWidthOrderedDonor-No2bandHeight-NoInt_PTQ10:PY-IT,Jonas_DonorAcceptor-NoWidthOrderedDonor-No2bandHeight-NoInt,0.125553313,17.04.2024 11:53,32630_261254_OD_x1y2,x1y2,0.007266974,0.6,0.6,3,5,0,0,1,0,0,0,0,0,0,1,196
32630,PTQ10_321145,PY-IT_321127,CF,0,10,1000,1.533830185,0.067789302,1.701366451,0.082703216,0.156114125,0.206070645,2.053341189,2.202614804,0.079915385,0.142728878,0.590799675,0.409200325,0.242424242,0.440089586,0.348799522,53.27367627,17.64375767,9.069941384,0.964940931,19.04.2024 23:58,A-2,1.16E-06,1,1.4,5.48,5.34,3.64,3.64,1.7,PTQ10_321145,PY-IT_321127,CF,Jonas_DonorAcceptor-NoWidthOrderedDonor-No2bandHeight-NoInt_PTQ10:PY-IT,Jonas_DonorAcceptor-NoWidthOrderedDonor-No2bandHeight-NoInt,0.129307044,17.04.2024 11:53,32630_261254_OD_x2y1,x2y1,0.007547294,1,1.4,3,5,0,0,1,0,0,0,0,0,0,1,196
32630,PTQ10_321145,PY-IT_321127,CF,0,10,1000,1.532149665,0.067747479,1.700200554,0.083277001,0.1480818,0.195467977,2.051198857,2.198906275,0.074192827,0.132508389,0.595981897,0.404018103,0.242424242,0.440089586,0.327976366,53.67019241,17.3669991,8.992608171,0.964778767,19.04.2024 23:58,B-2,2.15E-05,1,0.6,5.48,5.34,3.64,3.64,1.7,PTQ10_321145,PY-IT_321127,CF,Jonas_DonorAcceptor-NoWidthOrderedDonor-No2bandHeight-NoInt_PTQ10:PY-IT,Jonas_DonorAcceptor-NoWidthOrderedDonor-No2bandHeight-NoInt,0.12328762,17.04.2024 11:53,32630_261254_OD_x2y2,x2y2,0.007099633,1,0.6,3,5,0,0,1,0,0,0,0,0,0,1,196
32631,PTQ10_321145,PY-IT_321127,CF,2,10,1000,1.527895569,0.068356152,1.696878224,0.083934337,0.145109296,0.191544271,2.050040863,2.198369571,0.072123493,0.128812558,0.597909124,0.402090876,0.242424242,0.440089586,0.320356829,54.36082698,17.58612808,9.219820782,0.964419965,20.04.2024 00:01,B-1,1.17E-06,0.6,0.6,5.48,5.34,3.64,3.64,1.7,PTQ10_321145,PY-IT_321127,CF,Jonas_DonorAcceptor-NoWidthOrderedDonor-No2bandHeight-NoInt_PTQ10:PY-IT,Jonas_DonorAcceptor-NoWidthOrderedDonor-No2bandHeight-NoInt,0.116638695,17.04.2024 11:59,32631_261264_OD_x1y2,x1y2,0.006874604,0.6,0.6,3,5,0,0,1,0,0,0,0,0,0,1,197
32631,PTQ10_321145,PY-IT_321127,CF,2,10,1000,1.527828426,0.06837673,1.69678069,0.083890122,0.146621906,0.193540916,2.050136467,2.198635887,0.073037426,0.130444843,0.597374764,0.402625236,0.242424242,0.440089586,0.323985759,54.34709269,17.59300527,9.207172666,0.962963749,20.04.2024 00:01,B-2,1.52E-06,1,0.6,5.48,5.34,3.64,3.64,1.7,PTQ10_321145,PY-IT_321127,CF,Jonas_DonorAcceptor-NoWidthOrderedDonor-No2bandHeight-NoInt_PTQ10:PY-IT,Jonas_DonorAcceptor-NoWidthOrderedDonor-No2bandHeight-NoInt,0.117988914,17.04.2024 11:59,32631_261264_OD_x2y2,x2y2,0.006966346,1,0.6,3,5,0,0,1,0,0,0,0,0,0,1,197
32631,PTQ10_321145,PY-IT_321127,CF,2,10,1000,1.529389222,0.068583007,1.697731695,0.083602182,0.154847891,0.204399216,2.052106896,2.20223662,0.078153681,0.139582474,0.594215396,0.405784604,0.242424242,0.440089586,0.34398169,53.54867002,17.56162768,9.052341411,0.962603576,20.04.2024 00:01,A-1,3.32E-05,0.6,1.4,5.48,5.34,3.64,3.64,1.7,PTQ10_321145,PY-IT_321127,CF,Jonas_DonorAcceptor-NoWidthOrderedDonor-No2bandHeight-NoInt_PTQ10:PY-IT,Jonas_DonorAcceptor-NoWidthOrderedDonor-No2bandHeight-NoInt,0.125492274,17.04.2024 11:59,32631_261264_OD_x1y1,x1y1,0.007355492,0.6,1.4,3,5,0,0,1,0,0,0,0,0,0,1,197
32631,PTQ10_321145,PY-IT_321127,CF,2,10,1000,1.527400755,0.068561597,1.696530016,0.084126606,0.145029673,0.191439168,2.049523952,2.197341927,0.071648906,0.127964947,0.5993635,0.4006365,0.242424242,0.440089586,0.319404115,53.8744666,17.41912645,9.039706497,0.963263213,20.04.2024 00:01,A-2,1.27E-06,1,1.4,5.48,5.34,3.64,3.64,1.7,PTQ10_321145,PY-IT_321127,CF,Jonas_DonorAcceptor-NoWidthOrderedDonor-No2bandHeight-NoInt_PTQ10:PY-IT,Jonas_DonorAcceptor-NoWidthOrderedDonor-No2bandHeight-NoInt,0.121295971,17.04.2024 11:59,32631_261264_OD_x2y1,x2y1,0.007036882,1,1.4,3,5,0,0,1,0,0,0,0,0,0,1,197
32632,PTQ10_321145,PY-IT_321127,CF,0,10,3000,1.529720228,0.066130376,1.698007235,0.082672543,0.11199563,0.147834232,2.045967436,2.189624582,0.054958035,0.098155051,0.600978344,0.399021656,0.242424242,0.440089586,0.245989282,47.22727628,12.87174533,5.386787385,0.886134196,20.04.2024 00:04,A-2,0.000183404,1,1.4,5.48,5.34,3.64,3.64,1.7,PTQ10_321145,PY-IT_321127,CF,Jonas_DonorAcceptor-NoWidthOrderedDonor-No2bandHeight-NoInt_PTQ10:PY-IT,Jonas_DonorAcceptor-NoWidthOrderedDonor-No2bandHeight-NoInt,0.111522785,17.04.2024 12:05,32632_261274_OD_x2y1,x2y1,0.006384371,1,1.4,3,5,0,0,1,0,0,0,0,0,0,1,198
32632,PTQ10_321145,PY-IT_321127,CF,0,10,3000,1.529248874,0.064271231,1.697221049,0.082206862,0.09801982,0.129386162,2.042425577,2.184058342,0.047705698,0.085202377,0.602950011,0.397049989,0.242424242,0.440089586,0.214588539,45.72538922,13.0582532,5.286885367,0.885436452,20.04.2024 00:04,B-1,0.000761673,0.6,0.6,5.48,5.34,3.64,3.64,1.7,PTQ10_321145,PY-IT_321127,CF,Jonas_DonorAcceptor-NoWidthOrderedDonor-No2bandHeight-NoInt_PTQ10:PY-IT,Jonas_DonorAcceptor-NoWidthOrderedDonor-No2bandHeight-NoInt,0.110524699,17.04.2024 12:05,32632_261274_OD_x1y2,x1y2,0.00621908,0.6,0.6,3,5,0,0,1,0,0,0,0,0,0,1,198
32632,PTQ10_321145,PY-IT_321127,CF,0,10,3000,1.529189072,0.064156703,1.697097441,0.082144258,0.097117164,0.128194657,2.042252102,2.183712184,0.047275502,0.084434046,0.602903819,0.397096181,0.242424242,0.440089586,0.212628703,46.26590569,12.86237764,5.200895671,0.873968576,20.04.2024 00:04,B-2,1.28E-05,1,0.6,5.48,5.34,3.64,3.64,1.7,PTQ10_321145,PY-IT_321127,CF,Jonas_DonorAcceptor-NoWidthOrderedDonor-No2bandHeight-NoInt_PTQ10:PY-IT,Jonas_DonorAcceptor-NoWidthOrderedDonor-No2bandHeight-NoInt,0.111291897,17.04.2024 12:05,32632_261274_OD_x2y2,x2y2,0.006238972,1,0.6,3,5,0,0,1,0,0,0,0,0,0,1,198
32632,PTQ10_321145,PY-IT_321127,CF,0,10,3000,1.529385273,0.064238755,1.697399546,0.082244939,0.098273139,0.129720543,2.04230198,2.183891992,0.048083316,0.085876802,0.601679686,0.398320314,0.242424242,0.440089586,0.215597346,45.55890418,12.7621351,5.164235232,0.888197219,20.04.2024 00:04,A-3,0.001237638,1.4,1.4,5.48,5.34,3.64,3.64,1.7,PTQ10_321145,PY-IT_321127,CF,Jonas_DonorAcceptor-NoWidthOrderedDonor-No2bandHeight-NoInt_PTQ10:PY-IT,Jonas_DonorAcceptor-NoWidthOrderedDonor-No2bandHeight-NoInt,0.110455779,17.04.2024 12:05,32632_261274_OD_x3y1,x3y1,0.00627115,1.4,1.4,3,5,0,0,1,0,0,0,0,0,0,1,198
32633,PTQ10_321145,PY-IT_321127,CF,2,10,3000,1.525202977,0.065397984,1.694381661,0.083109081,0.103779429,0.136988847,2.041760374,2.18422012,0.05063701,0.0904377,0.602343256,0.397656744,0.242424242,0.440089586,0.227426547,50.16433877,13.45412709,6.349022221,0.940711015,20.04.2024 00:07,A-1,2.70E-05,0.6,1.4,5.48,5.34,3.64,3.64,1.7,PTQ10_321145,PY-IT_321127,CF,Jonas_DonorAcceptor-NoWidthOrderedDonor-No2bandHeight-NoInt_PTQ10:PY-IT,Jonas_DonorAcceptor-NoWidthOrderedDonor-No2bandHeight-NoInt,0.115007785,17.04.2024 12:10,32633_261307_OD_x1y1,x1y1,0.006417237,0.6,1.4,3,5,0,0,1,0,0,0,0,0,0,1,199
32633,PTQ10_321145,PY-IT_321127,CF,2,10,3000,1.525142111,0.064793805,1.694293693,0.082783361,0.09821322,0.129641451,2.041009518,2.183120043,0.047976986,0.085686897,0.60206402,0.39793598,0.242424242,0.440089586,0.215328348,50.52987965,13.33212287,6.336831578,0.940642491,20.04.2024 00:07,B-1,0.000188176,0.6,0.6,5.48,5.34,3.64,3.64,1.7,PTQ10_321145,PY-IT_321127,CF,Jonas_DonorAcceptor-NoWidthOrderedDonor-No2bandHeight-NoInt_PTQ10:PY-IT,Jonas_DonorAcceptor-NoWidthOrderedDonor-No2bandHeight-NoInt,0.114115081,17.04.2024 12:10,32633_261307_OD_x1y2,x1y2,0.006313698,0.6,0.6,3,5,0,0,1,0,0,0,0,0,0,1,199
32633,PTQ10_321145,PY-IT_321127,CF,2,10,3000,1.525013129,0.064568085,1.694001246,0.082697464,0.095963766,0.126672171,2.040482367,2.182480617,0.047083867,0.084091786,0.60101439,0.39898561,0.242424242,0.440089586,0.210763958,51.05835512,12.72950113,6.085128759,0.936249435,20.04.2024 00:07,A-2,0.000136317,1,1.4,5.48,5.34,3.64,3.64,1.7,PTQ10_321145,PY-IT_321127,CF,Jonas_DonorAcceptor-NoWidthOrderedDonor-No2bandHeight-NoInt_PTQ10:PY-IT,Jonas_DonorAcceptor-NoWidthOrderedDonor-No2bandHeight-NoInt,0.115926235,17.04.2024 12:10,32633_261307_OD_x2y1,x2y1,0.006336827,1,1.4,3,5,0,0,1,0,0,0,0,0,0,1,199
32633,PTQ10_321145,PY-IT_321127,CF,2,10,3000,1.524889782,0.064910066,1.694144972,0.082959652,0.100035884,0.132047367,2.040954916,2.183294984,0.048872041,0.087285465,0.602041044,0.397958956,0.242424242,0.440089586,0.219332832,48.73903099,13.14900385,6.016604391,0.938818661,20.04.2024 00:07,B-2,0.000163066,1,0.6,5.48,5.34,3.64,3.64,1.7,PTQ10_321145,PY-IT_321127,CF,Jonas_DonorAcceptor-NoWidthOrderedDonor-No2bandHeight-NoInt_PTQ10:PY-IT,Jonas_DonorAcceptor-NoWidthOrderedDonor-No2bandHeight-NoInt,0.11440505,17.04.2024 12:10,32633_261307_OD_x2y2,x2y2,0.00635072,1,0.6,3,5,0,0,1,0,0,0,0,0,0,1,199
32634,PTQ10_321145,PY-IT_321127,CF,1,10,2000,1.525345236,0.066818699,1.695042233,0.083805902,0.118464289,0.156372861,2.044057046,2.188418972,0.05798295,0.10355755,0.601595099,0.398404901,0.242424242,0.440089586,0.259930411,53.83373137,15.52962167,7.982120861,0.954779181,20.04.2024 00:09,A-1,0.000244597,0.6,1.4,5.48,5.34,3.64,3.64,1.7,PTQ10_321145,PY-IT_321127,CF,Jonas_DonorAcceptor-NoWidthOrderedDonor-No2bandHeight-NoInt_PTQ10:PY-IT,Jonas_DonorAcceptor-NoWidthOrderedDonor-No2bandHeight-NoInt,0.113990999,17.04.2024 12:16,32634_261348_OD_x1y1,x1y1,0.006605464,0.6,1.4,3,5,0,0,1,0,0,0,0,0,0,1,200
32634,PTQ10_321145,PY-IT_321127,CF,1,10,2000,1.524935326,0.066674175,1.694722543,0.083732971,0.11739925,0.15496701,2.043798369,2.187610993,0.056262709,0.100485198,0.606637975,0.393362025,0.242424242,0.440089586,0.255452209,53.68287674,15.417127,7.894309878,0.9538387,20.04.2024 00:09,A-2,0.002117954,1,1.4,5.48,5.34,3.64,3.64,1.7,PTQ10_321145,PY-IT_321127,CF,Jonas_DonorAcceptor-NoWidthOrderedDonor-No2bandHeight-NoInt_PTQ10:PY-IT,Jonas_DonorAcceptor-NoWidthOrderedDonor-No2bandHeight-NoInt,0.115188219,17.04.2024 12:16,32634_261348_OD_x2y1,x2y1,0.006587558,1,1.4,3,5,0,0,1,0,0,0,0,0,0,1,200
32634,PTQ10_321145,PY-IT_321127,CF,1,10,2000,1.52504537,0.066541481,1.694813234,0.083679823,0.11699079,0.154427842,2.043496925,2.187289793,0.056111056,0.100214346,0.606450341,0.393549659,0.242424242,0.440089586,0.254642189,53.64345201,15.29062127,7.806932113,0.951784338,20.04.2024 00:09,B-2,0.000867145,1,0.6,5.48,5.34,3.64,3.64,1.7,PTQ10_321145,PY-IT_321127,CF,Jonas_DonorAcceptor-NoWidthOrderedDonor-No2bandHeight-NoInt_PTQ10:PY-IT,Jonas_DonorAcceptor-NoWidthOrderedDonor-No2bandHeight-NoInt,0.113478916,17.04.2024 12:16,32634_261348_OD_x2y2,x2y2,0.006569276,1,0.6,3,5,0,0,1,0,0,0,0,0,0,1,200
32634,PTQ10_321145,PY-IT_321127,CF,1,10,2000,1.525387319,0.066382331,1.694835279,0.083730631,0.115568571,0.152550513,2.043544801,2.186798102,0.056252038,0.10046614,0.602926768,0.397073232,0.242424242,0.440089586,0.253016654,53.22886405,14.95836873,7.545854876,0.947713388,20.04.2024 00:09,B-1,0.000660759,0.6,0.6,5.48,5.34,3.64,3.64,1.7,PTQ10_321145,PY-IT_321127,CF,Jonas_DonorAcceptor-NoWidthOrderedDonor-No2bandHeight-NoInt_PTQ10:PY-IT,Jonas_DonorAcceptor-NoWidthOrderedDonor-No2bandHeight-NoInt,0.115212442,17.04.2024 12:16,32634_261348_OD_x1y2,x1y2,0.006601011,0.6,0.6,3,5,0,0,1,0,0,0,0,0,0,1,200
