plan_Info_PID,plan_Solutions_1_M1,plan_Solutions_1_M2,plan_Solutions_1_S1,plan_Solutions_1_ann. time,plan_Solutions_1_conc.,plan_Solutions_1_speed,features_A.1.c_UV,features_A.1a.a_UV,features_A.1a.c_UV,features_A.1a.w_UV,features_A_UV,features_Atot_UV,features_D.1.w_UV,features_D.1a.a_UV,features_D.1a.c_UV,features_D.1a.w_UV,features_D.2.a_UV,features_D_UV,features_Dtot_UV,features_XA_UV,features_XD_UV,features_XamA_UV,features_XamD_UV,features_atot_UV,FF_IV,JSC_IV,PCE_IV,VOC_IV,date_IV,pos_IV,sigp_IV,xpos_IV,ypos_IV,EnergyLevel_HOMO_Acceptor,EnergyLevel_HOMO_Donor,EnergyLevel_LUMO_Acceptor,EnergyLevel_LUMO_Donor,EnergyLevel_Offset,plan2_Solutions_1_M1,plan2_Solutions_1_M2,plan2_Solutions_1_S1,FitSessionName,Overall_FitSessionName,date_UV,name_UV,pos_UV,res_UV,xpos_UV,ypos_UV,PseudoFeature_M1,PseudoFeature_M2,HotOneEncoded_plan_Solutions_1_M1_PM6_321136,HotOneEncoded_plan_Solutions_1_M1_PTVT-T_321032,HotOneEncoded_plan_Solutions_1_M1_PTQ10_321145,HotOneEncoded_plan_Solutions_1_M1_PCE10_120058,HotOneEncoded_plan_Solutions_1_M1_D18CL_323001,HotOneEncoded_plan_Solutions_1_M2_BTP-4F-12 (Y12)_321125,HotOneEncoded_plan_Solutions_1_M2_ITIC_120057,HotOneEncoded_plan_Solutions_1_M2_ITIC-4F_120033,HotOneEncoded_plan_Solutions_1_M2_L8-BO_321144,HotOneEncoded_plan_Solutions_1_M2_PY-IT_321127,Paper_PID
25288,PM6_321136,BTP-4F-12 (Y12)_321125,xylene,0,27,2000,1.527810743,0.7,1.696544451,0.105753653,0.34030145,0.578512466,0.071857929,0.61,2.147231026,0.086948611,0.822590813,0.307733262,0.495450552,0.538670752,0.461329248,0.411764706,0.378881988,1.073963018,47.9164555,24.64660334,9.778906442,0.828034688,13.11.2023 14:10,B-3,5.19E-07,1.4,0.6,5.53,5.33,3.77,3.38,1.56,PM6_321136,BTP-4F-12 (Y12)_321125,xylene,Jonas_DonorAcceptor-2bands-NoBG-ZnOCorr-NoInt_PM6:BTP-4F-12 (Y12),Jonas_DonorAcceptor-2bands-NoBG-ZnOCorr-NoInt,24.10.2023 13:30,25288_187767_OD_x3y2,x3y2,0.005317352,1.4,0.6,1,1,1,0,0,0,0,1,0,0,0,0,1
25288,PM6_321136,BTP-4F-12 (Y12)_321125,xylene,0,27,2000,1.52799127,0.7,1.69663684,0.105854857,0.341728623,0.580938659,0.071761201,0.61,2.147098771,0.086830205,0.825783168,0.308406281,0.496534113,0.539167832,0.460832168,0.411764706,0.378881988,1.077472772,47.80576817,24.20833204,9.596256312,0.829194992,13.11.2023 14:10,A-3,1.75E-06,1.4,1.4,5.53,5.33,3.77,3.38,1.56,PM6_321136,BTP-4F-12 (Y12)_321125,xylene,Jonas_DonorAcceptor-2bands-NoBG-ZnOCorr-NoInt_PM6:BTP-4F-12 (Y12),Jonas_DonorAcceptor-2bands-NoBG-ZnOCorr-NoInt,24.10.2023 13:30,25288_187767_OD_x3y1,x3y1,0.00530163,1.4,1.4,1,1,1,0,0,0,0,1,0,0,0,0,1
25288,PM6_321136,BTP-4F-12 (Y12)_321125,xylene,0,27,2000,1.527505154,0.7,1.696344806,0.105867142,0.341531544,0.580603626,0.071858769,0.61,2.147272677,0.086993979,0.822378647,0.309149194,0.497730203,0.538426608,0.461573392,0.411764706,0.378881988,1.078333829,47.56083048,24.32561568,9.581414878,0.828164052,13.11.2023 14:10,B-1,5.13E-07,0.6,0.6,5.53,5.33,3.77,3.38,1.56,PM6_321136,BTP-4F-12 (Y12)_321125,xylene,Jonas_DonorAcceptor-2bands-NoBG-ZnOCorr-NoInt_PM6:BTP-4F-12 (Y12),Jonas_DonorAcceptor-2bands-NoBG-ZnOCorr-NoInt,24.10.2023 13:30,25288_187767_OD_x1y2,x1y2,0.005311567,0.6,0.6,1,1,1,0,0,0,0,1,0,0,0,0,1
25288,PM6_321136,BTP-4F-12 (Y12)_321125,xylene,0,27,2000,1.527785171,0.7,1.696546437,0.105876596,0.341730075,0.580941127,0.071826021,0.61,2.14735387,0.086915012,0.822228857,0.309019956,0.49752213,0.538674937,0.461325063,0.411764706,0.378881988,1.078463257,47.62976296,24.21433651,9.573079611,0.830043163,13.11.2023 14:10,A-1,5.55E-07,0.6,1.4,5.53,5.33,3.77,3.38,1.56,PM6_321136,BTP-4F-12 (Y12)_321125,xylene,Jonas_DonorAcceptor-2bands-NoBG-ZnOCorr-NoInt_PM6:BTP-4F-12 (Y12),Jonas_DonorAcceptor-2bands-NoBG-ZnOCorr-NoInt,24.10.2023 13:30,25288_187767_OD_x1y1,x1y1,0.005302612,0.6,1.4,1,1,1,0,0,0,0,1,0,0,0,0,1
25289,PM6_321136,BTP-4F-12 (Y12)_321125,xylene,0,25,2000,1.529213556,0.7,1.696407879,0.1037541,0.297735265,0.506149951,0.072545208,0.61,2.147293171,0.087956171,0.804550276,0.276013049,0.444381009,0.53249181,0.46750819,0.411764706,0.378881988,0.95053096,51.8182822,27.23962347,11.67990146,0.827475353,13.11.2023 14:13,B-3,2.56E-06,1.4,0.6,5.53,5.33,3.77,3.38,1.56,PM6_321136,BTP-4F-12 (Y12)_321125,xylene,Jonas_DonorAcceptor-2bands-NoBG-ZnOCorr-NoInt_PM6:BTP-4F-12 (Y12),Jonas_DonorAcceptor-2bands-NoBG-ZnOCorr-NoInt,24.10.2023 13:35,25289_187768_OD_x3y2,x3y2,0.00633591,1.4,0.6,1,1,1,0,0,0,0,1,0,0,0,0,2
25289,PM6_321136,BTP-4F-12 (Y12)_321125,xylene,0,25,2000,1.528635065,0.7,1.69617122,0.104029075,0.299683777,0.509462421,0.072403235,0.61,2.147117519,0.087737988,0.809700752,0.276999725,0.445969557,0.533227308,0.466772692,0.411764706,0.378881988,0.955431978,51.38096039,27.30688007,11.61874816,0.828104296,13.11.2023 14:13,B-1,4.33E-06,0.6,0.6,5.53,5.33,3.77,3.38,1.56,PM6_321136,BTP-4F-12 (Y12)_321125,xylene,Jonas_DonorAcceptor-2bands-NoBG-ZnOCorr-NoInt_PM6:BTP-4F-12 (Y12),Jonas_DonorAcceptor-2bands-NoBG-ZnOCorr-NoInt,24.10.2023 13:35,25289_187768_OD_x1y2,x1y2,0.006198761,0.6,0.6,1,1,1,0,0,0,0,1,0,0,0,0,2
25289,PM6_321136,BTP-4F-12 (Y12)_321125,xylene,0,25,2000,1.529084322,0.7,1.696445975,0.103821319,0.30001906,0.510032402,0.072557949,0.61,2.147250814,0.087982825,0.805271849,0.27779751,0.44725399,0.532789776,0.467210224,0.411764706,0.378881988,0.957286393,51.84126249,26.98428297,11.58858356,0.828407276,13.11.2023 14:13,A-3,2.46E-06,1.4,1.4,5.53,5.33,3.77,3.38,1.56,PM6_321136,BTP-4F-12 (Y12)_321125,xylene,Jonas_DonorAcceptor-2bands-NoBG-ZnOCorr-NoInt_PM6:BTP-4F-12 (Y12),Jonas_DonorAcceptor-2bands-NoBG-ZnOCorr-NoInt,24.10.2023 13:35,25289_187768_OD_x3y1,x3y1,0.006238695,1.4,1.4,1,1,1,0,0,0,0,1,0,0,0,0,2
25289,PM6_321136,BTP-4F-12 (Y12)_321125,xylene,0,25,2000,1.529022509,0.7,1.696419741,0.104111645,0.304147322,0.517050447,0.072362457,0.61,2.147123417,0.087686449,0.810013739,0.280955692,0.452338664,0.53337761,0.46662239,0.411764706,0.378881988,0.969389111,50.93764906,27.17650194,11.4837477,0.82956647,13.11.2023 14:13,A-1,3.81E-06,0.6,1.4,5.53,5.33,3.77,3.38,1.56,PM6_321136,BTP-4F-12 (Y12)_321125,xylene,Jonas_DonorAcceptor-2bands-NoBG-ZnOCorr-NoInt_PM6:BTP-4F-12 (Y12),Jonas_DonorAcceptor-2bands-NoBG-ZnOCorr-NoInt,24.10.2023 13:35,25289_187768_OD_x1y1,x1y1,0.006146545,0.6,1.4,1,1,1,0,0,0,0,1,0,0,0,0,2
25290,PM6_321136,BTP-4F-12 (Y12)_321125,xylene,0,23,2000,1.529036798,0.7,1.696618825,0.104508334,0.248649642,0.422704392,0.071536881,0.61,2.145990866,0.087186521,0.818806077,0.226765117,0.365091838,0.536565644,0.463434356,0.411764706,0.378881988,0.787796231,58.52467295,26.37225273,12.81880177,0.83054125,13.11.2023 14:15,A-1,8.11E-07,0.6,1.4,5.53,5.33,3.77,3.38,1.56,PM6_321136,BTP-4F-12 (Y12)_321125,xylene,Jonas_DonorAcceptor-2bands-NoBG-ZnOCorr-NoInt_PM6:BTP-4F-12 (Y12),Jonas_DonorAcceptor-2bands-NoBG-ZnOCorr-NoInt,24.10.2023 13:41,25290_187773_OD_x1y1,x1y1,0.006355631,0.6,1.4,1,1,1,0,0,0,0,1,0,0,0,0,3
25290,PM6_321136,BTP-4F-12 (Y12)_321125,xylene,0,23,2000,1.52959904,0.7,1.69675346,0.104305849,0.250095185,0.425161815,0.071582019,0.61,2.146177143,0.087272617,0.816173475,0.228579649,0.368013235,0.5360252,0.4639748,0.411764706,0.378881988,0.79317505,58.39748995,26.383395,12.78568531,0.829849145,13.11.2023 14:15,B-1,1.12E-06,0.6,0.6,5.53,5.33,3.77,3.38,1.56,PM6_321136,BTP-4F-12 (Y12)_321125,xylene,Jonas_DonorAcceptor-2bands-NoBG-ZnOCorr-NoInt_PM6:BTP-4F-12 (Y12),Jonas_DonorAcceptor-2bands-NoBG-ZnOCorr-NoInt,24.10.2023 13:41,25290_187773_OD_x1y2,x1y2,0.00647864,0.6,0.6,1,1,1,0,0,0,0,1,0,0,0,0,3
25290,PM6_321136,BTP-4F-12 (Y12)_321125,xylene,0,23,2000,1.530292232,0.7,1.697059162,0.104291287,0.248823913,0.423000651,0.071535041,0.61,2.146248039,0.087284342,0.814978496,0.227554157,0.366362193,0.53587606,0.46412394,0.411764706,0.378881988,0.789362845,58.20494287,26.23225512,12.66127715,0.829243394,13.11.2023 14:15,B-3,1.35E-06,1.4,0.6,5.53,5.33,3.77,3.38,1.56,PM6_321136,BTP-4F-12 (Y12)_321125,xylene,Jonas_DonorAcceptor-2bands-NoBG-ZnOCorr-NoInt_PM6:BTP-4F-12 (Y12),Jonas_DonorAcceptor-2bands-NoBG-ZnOCorr-NoInt,24.10.2023 13:41,25290_187773_OD_x3y2,x3y2,0.006472004,1.4,0.6,1,1,1,0,0,0,0,1,0,0,0,0,3
25290,PM6_321136,BTP-4F-12 (Y12)_321125,xylene,0,23,2000,1.528752774,0.7,1.696885722,0.105401545,0.241751976,0.410978359,0.070871385,0.61,2.145548726,0.086702921,0.822623421,0.218760762,0.352204828,0.53850552,0.46149448,0.411764706,0.378881988,0.763183186,57.76419676,25.99830155,12.44292373,0.828550004,13.11.2023 14:15,A-3,1.30E-06,1.4,1.4,5.53,5.33,3.77,3.38,1.56,PM6_321136,BTP-4F-12 (Y12)_321125,xylene,Jonas_DonorAcceptor-2bands-NoBG-ZnOCorr-NoInt_PM6:BTP-4F-12 (Y12),Jonas_DonorAcceptor-2bands-NoBG-ZnOCorr-NoInt,24.10.2023 13:41,25290_187773_OD_x3y1,x3y1,0.006466973,1.4,1.4,1,1,1,0,0,0,0,1,0,0,0,0,3
25291,PM6_321136,BTP-4F-12 (Y12)_321125,xylene,0,23,1000,1.526923763,0.7,1.69687994,0.107430954,0.373676197,0.635249536,0.07120162,0.61,2.147429851,0.086126598,0.837633768,0.33413357,0.537955047,0.54146527,0.45853473,0.411764706,0.378881988,1.173204582,46.56550351,25.63623761,9.789595369,0.820060984,13.11.2023 14:18,A-1,2.80E-06,0.6,1.4,5.53,5.33,3.77,3.38,1.56,PM6_321136,BTP-4F-12 (Y12)_321125,xylene,Jonas_DonorAcceptor-2bands-NoBG-ZnOCorr-NoInt_PM6:BTP-4F-12 (Y12),Jonas_DonorAcceptor-2bands-NoBG-ZnOCorr-NoInt,24.10.2023 13:47,25291_187774_OD_x1y1,x1y1,0.00645646,0.6,1.4,1,1,1,0,0,0,0,1,0,0,0,0,4
25291,PM6_321136,BTP-4F-12 (Y12)_321125,xylene,0,23,1000,1.527481793,0.7,1.696945601,0.10739353,0.374471429,0.636601429,0.07119056,0.61,2.14745211,0.086159849,0.836015767,0.335495673,0.540148033,0.540982979,0.459017021,0.411764706,0.378881988,1.176749463,46.55947455,25.64821416,9.768586131,0.818024872,13.11.2023 14:18,B-1,3.33E-06,0.6,0.6,5.53,5.33,3.77,3.38,1.56,PM6_321136,BTP-4F-12 (Y12)_321125,xylene,Jonas_DonorAcceptor-2bands-NoBG-ZnOCorr-NoInt_PM6:BTP-4F-12 (Y12),Jonas_DonorAcceptor-2bands-NoBG-ZnOCorr-NoInt,24.10.2023 13:47,25291_187774_OD_x1y2,x1y2,0.00628363,0.6,0.6,1,1,1,0,0,0,0,1,0,0,0,0,4
25291,PM6_321136,BTP-4F-12 (Y12)_321125,xylene,0,23,1000,1.527799857,0.7,1.697035466,0.10716641,0.370828405,0.630408289,0.071104603,0.61,2.147223657,0.086109047,0.837668783,0.332005196,0.534528365,0.54115242,0.45884758,0.411764706,0.378881988,1.164936654,46.59625217,24.99811604,9.555223511,0.820318647,13.11.2023 14:18,A-3,2.99E-06,1.4,1.4,5.53,5.33,3.77,3.38,1.56,PM6_321136,BTP-4F-12 (Y12)_321125,xylene,Jonas_DonorAcceptor-2bands-NoBG-ZnOCorr-NoInt_PM6:BTP-4F-12 (Y12),Jonas_DonorAcceptor-2bands-NoBG-ZnOCorr-NoInt,24.10.2023 13:47,25291_187774_OD_x3y1,x3y1,0.006197032,1.4,1.4,1,1,1,0,0,0,0,1,0,0,0,0,4
25291,PM6_321136,BTP-4F-12 (Y12)_321125,xylene,0,23,1000,1.527705035,0.7,1.697045286,0.107321302,0.37527985,0.637975745,0.071157961,0.61,2.147305388,0.086091107,0.837730705,0.335185423,0.539648532,0.541748126,0.458251874,0.411764706,0.378881988,1.177624277,46.00570179,25.11270772,9.44318185,0.817359568,13.11.2023 14:18,B-2,2.71E-06,1,0.6,5.53,5.33,3.77,3.38,1.56,PM6_321136,BTP-4F-12 (Y12)_321125,xylene,Jonas_DonorAcceptor-2bands-NoBG-ZnOCorr-NoInt_PM6:BTP-4F-12 (Y12),Jonas_DonorAcceptor-2bands-NoBG-ZnOCorr-NoInt,24.10.2023 13:47,25291_187774_OD_x2y2,x2y2,0.006327935,1,0.6,1,1,1,0,0,0,0,1,0,0,0,0,4
25292,PM6_321136,BTP-4F-12 (Y12)_321125,xylene,2,23,1000,1.508249556,0.7,1.683779585,0.107815146,0.377312346,0.641430989,0.072332269,0.61,2.146181657,0.087096792,0.837346366,0.332848388,0.535885904,0.544824416,0.455175584,0.411764706,0.378881988,1.177316893,47.46906613,25.77554762,9.775360003,0.798940012,13.11.2023 14:20,B-3,8.88E-07,1.4,0.6,5.53,5.33,3.77,3.38,1.56,PM6_321136,BTP-4F-12 (Y12)_321125,xylene,Jonas_DonorAcceptor-2bands-NoBG-ZnOCorr-NoInt_PM6:BTP-4F-12 (Y12),Jonas_DonorAcceptor-2bands-NoBG-ZnOCorr-NoInt,24.10.2023 13:52,25292_187775_OD_x3y2,x3y2,0.007741841,1.4,0.6,1,1,1,0,0,0,0,1,0,0,0,0,5
25292,PM6_321136,BTP-4F-12 (Y12)_321125,xylene,2,23,1000,1.508261781,0.7,1.683753467,0.107767769,0.375420619,0.638215053,0.072455701,0.61,2.146239534,0.087201167,0.835305169,0.330922641,0.532785453,0.545016889,0.454983111,0.411764706,0.378881988,1.171000505,47.66726647,24.93986821,9.541904495,0.802639749,13.11.2023 14:20,A-3,1.21E-06,1.4,1.4,5.53,5.33,3.77,3.38,1.56,PM6_321136,BTP-4F-12 (Y12)_321125,xylene,Jonas_DonorAcceptor-2bands-NoBG-ZnOCorr-NoInt_PM6:BTP-4F-12 (Y12),Jonas_DonorAcceptor-2bands-NoBG-ZnOCorr-NoInt,24.10.2023 13:52,25292_187775_OD_x3y1,x3y1,0.007503097,1.4,1.4,1,1,1,0,0,0,0,1,0,0,0,0,5
25292,PM6_321136,BTP-4F-12 (Y12)_321125,xylene,2,23,1000,1.508181066,0.7,1.683886446,0.10802435,0.383954904,0.652723337,0.072170662,0.61,2.1463265,0.086794649,0.838585246,0.336927085,0.542452607,0.546131588,0.453868412,0.411764706,0.378881988,1.195175944,47.26142822,25.09869849,9.524835579,0.80297023,13.11.2023 14:20,A-2,1.53E-06,1,1.4,5.53,5.33,3.77,3.38,1.56,PM6_321136,BTP-4F-12 (Y12)_321125,xylene,Jonas_DonorAcceptor-2bands-NoBG-ZnOCorr-NoInt_PM6:BTP-4F-12 (Y12),Jonas_DonorAcceptor-2bands-NoBG-ZnOCorr-NoInt,24.10.2023 13:52,25292_187775_OD_x2y1,x2y1,0.008363862,1,1.4,1,1,1,0,0,0,0,1,0,0,0,0,5
25292,PM6_321136,BTP-4F-12 (Y12)_321125,xylene,2,23,1000,1.508095144,0.7,1.683678744,0.108045378,0.381302177,0.6482137,0.072248303,0.61,2.146203212,0.086980843,0.839519405,0.335278774,0.539798827,0.545628674,0.454371326,0.411764706,0.378881988,1.188012527,47.18185744,25.07071573,9.473427112,0.800876133,13.11.2023 14:20,B-1,8.61E-07,0.6,0.6,5.53,5.33,3.77,3.38,1.56,PM6_321136,BTP-4F-12 (Y12)_321125,xylene,Jonas_DonorAcceptor-2bands-NoBG-ZnOCorr-NoInt_PM6:BTP-4F-12 (Y12),Jonas_DonorAcceptor-2bands-NoBG-ZnOCorr-NoInt,24.10.2023 13:52,25292_187775_OD_x1y2,x1y2,0.007985071,0.6,0.6,1,1,1,0,0,0,0,1,0,0,0,0,5
25293,PM6_321136,BTP-4F-12 (Y12)_321125,xylene,0,23,3000,1.544425131,0.311278329,1.723708946,0.08,0.286117705,0.375179946,0.071009171,0.61,2.14873557,0.083975122,0.856041701,0.162657837,0.261879118,0.588924901,0.411075099,0.237385399,0.378881988,0.637059063,64.20366582,26.51396567,14.26294872,0.837866459,13.11.2023 14:23,A-1,2.61E-06,0.6,1.4,5.53,5.33,3.77,3.38,1.56,PM6_321136,BTP-4F-12 (Y12)_321125,xylene,Jonas_DonorAcceptor-2bands-NoBG-ZnOCorr-NoInt_PM6:BTP-4F-12 (Y12),Jonas_DonorAcceptor-2bands-NoBG-ZnOCorr-NoInt,24.10.2023 13:58,25293_187776_OD_x1y1,x1y1,0.007493047,0.6,1.4,1,1,1,0,0,0,0,1,0,0,0,0,6
25293,PM6_321136,BTP-4F-12 (Y12)_321125,xylene,0,23,3000,1.544250169,0.308482612,1.72378475,0.08,0.285303591,0.373314788,0.070847898,0.61,2.148601465,0.083706409,0.862357446,0.160858478,0.25898215,0.590410558,0.409589442,0.235755989,0.378881988,0.632296937,63.87961404,26.60688785,14.23015368,0.837246282,13.11.2023 14:23,B-1,2.77E-06,0.6,0.6,5.53,5.33,3.77,3.38,1.56,PM6_321136,BTP-4F-12 (Y12)_321125,xylene,Jonas_DonorAcceptor-2bands-NoBG-ZnOCorr-NoInt_PM6:BTP-4F-12 (Y12),Jonas_DonorAcceptor-2bands-NoBG-ZnOCorr-NoInt,24.10.2023 13:58,25293_187776_OD_x1y2,x1y2,0.007564093,0.6,0.6,1,1,1,0,0,0,0,1,0,0,0,0,6
25293,PM6_321136,BTP-4F-12 (Y12)_321125,xylene,0,23,3000,1.544833849,0.313064621,1.723676467,0.08,0.284516533,0.373588594,0.070850808,0.61,2.148531937,0.083764605,0.862230614,0.162386197,0.261441777,0.588300357,0.411699643,0.238422859,0.378881988,0.635030371,63.55065007,26.48936404,14.08774223,0.836854329,13.11.2023 14:23,B-3,9.36E-07,1.4,0.6,5.53,5.33,3.77,3.38,1.56,PM6_321136,BTP-4F-12 (Y12)_321125,xylene,Jonas_DonorAcceptor-2bands-NoBG-ZnOCorr-NoInt_PM6:BTP-4F-12 (Y12),Jonas_DonorAcceptor-2bands-NoBG-ZnOCorr-NoInt,24.10.2023 13:58,25293_187776_OD_x3y2,x3y2,0.007579821,1.4,0.6,1,1,1,0,0,0,0,1,0,0,0,0,6
25293,PM6_321136,BTP-4F-12 (Y12)_321125,xylene,0,23,3000,1.5437013,0.307482713,1.723681582,0.08,0.280919533,0.367297434,0.070642465,0.61,2.148593621,0.083657815,0.86097192,0.157204808,0.253099741,0.592035955,0.407964045,0.235171532,0.378881988,0.620397175,62.91671533,26.49582722,13.94124628,0.836292255,13.11.2023 14:23,B-2,1.07E-06,1,0.6,5.53,5.33,3.77,3.38,1.56,PM6_321136,BTP-4F-12 (Y12)_321125,xylene,Jonas_DonorAcceptor-2bands-NoBG-ZnOCorr-NoInt_PM6:BTP-4F-12 (Y12),Jonas_DonorAcceptor-2bands-NoBG-ZnOCorr-NoInt,24.10.2023 13:58,25293_187776_OD_x2y2,x2y2,0.007579163,1,0.6,1,1,1,0,0,0,0,1,0,0,0,0,6
25294,PM6_321136,BTP-4F-12 (Y12)_321125,xylene,2,23,3000,1.511582601,0.533600739,1.693300748,0.099627016,0.23170713,0.355346225,0.071249752,0.61,2.145161692,0.085696778,0.841932238,0.165538495,0.266516978,0.571421856,0.428578144,0.347939803,0.378881988,0.621863203,65.45359496,27.31544094,14.51729362,0.811977398,13.11.2023 14:26,B-3,1.28E-06,1.4,0.6,5.53,5.33,3.77,3.38,1.56,PM6_321136,BTP-4F-12 (Y12)_321125,xylene,Jonas_DonorAcceptor-2bands-NoBG-ZnOCorr-NoInt_PM6:BTP-4F-12 (Y12),Jonas_DonorAcceptor-2bands-NoBG-ZnOCorr-NoInt,24.10.2023 14:04,25294_187777_OD_x3y2,x3y2,0.007520013,1.4,0.6,1,1,1,0,0,0,0,1,0,0,0,0,7
25294,PM6_321136,BTP-4F-12 (Y12)_321125,xylene,2,23,3000,1.511657083,0.529981992,1.69352028,0.099316592,0.232437283,0.355624858,0.071296863,0.61,2.145112889,0.085693105,0.840829747,0.165599169,0.266614663,0.571524061,0.428475939,0.346397536,0.378881988,0.622239521,65.61853726,27.12892196,14.47151232,0.812933157,13.11.2023 14:26,A-3,1.76E-06,1.4,1.4,5.53,5.33,3.77,3.38,1.56,PM6_321136,BTP-4F-12 (Y12)_321125,xylene,Jonas_DonorAcceptor-2bands-NoBG-ZnOCorr-NoInt_PM6:BTP-4F-12 (Y12),Jonas_DonorAcceptor-2bands-NoBG-ZnOCorr-NoInt,24.10.2023 14:04,25294_187777_OD_x3y1,x3y1,0.007571505,1.4,1.4,1,1,1,0,0,0,0,1,0,0,0,0,7
25294,PM6_321136,BTP-4F-12 (Y12)_321125,xylene,2,23,3000,1.511110733,0.548039808,1.692388686,0.100603643,0.230701904,0.357135731,0.071166684,0.61,2.144932847,0.08574546,0.839856802,0.167390083,0.269498034,0.569927366,0.430072634,0.35402178,0.378881988,0.626633766,64.61506258,27.5619867,14.44125402,0.810887525,13.11.2023 14:26,B-1,1.30E-06,0.6,0.6,5.53,5.33,3.77,3.38,1.56,PM6_321136,BTP-4F-12 (Y12)_321125,xylene,Jonas_DonorAcceptor-2bands-NoBG-ZnOCorr-NoInt_PM6:BTP-4F-12 (Y12),Jonas_DonorAcceptor-2bands-NoBG-ZnOCorr-NoInt,24.10.2023 14:04,25294_187777_OD_x1y2,x1y2,0.007601454,0.6,0.6,1,1,1,0,0,0,0,1,0,0,0,0,7
25294,PM6_321136,BTP-4F-12 (Y12)_321125,xylene,2,23,3000,1.511041221,0.546922371,1.692304037,0.100454798,0.23159088,0.358253113,0.071375813,0.61,2.144950466,0.085960434,0.835070685,0.16817827,0.270767014,0.569541573,0.430458427,0.35355515,0.378881988,0.629020127,64.52362597,27.4401703,14.3706936,0.811656297,13.11.2023 14:26,A-1,1.89E-06,0.6,1.4,5.53,5.33,3.77,3.38,1.56,PM6_321136,BTP-4F-12 (Y12)_321125,xylene,Jonas_DonorAcceptor-2bands-NoBG-ZnOCorr-NoInt_PM6:BTP-4F-12 (Y12),Jonas_DonorAcceptor-2bands-NoBG-ZnOCorr-NoInt,24.10.2023 14:04,25294_187777_OD_x1y1,x1y1,0.007629583,0.6,1.4,1,1,1,0,0,0,0,1,0,0,0,0,7
25295,PM6_321136,BTP-4F-12 (Y12)_321125,xylene,1,23,2000,1.510598963,0.7,1.683858425,0.105219267,0.253956513,0.431726073,0.072781158,0.61,2.145142393,0.088260434,0.815686061,0.228396469,0.367718314,0.540032652,0.459967348,0.411764706,0.378881988,0.799444387,60.74434452,26.3726948,13.04221766,0.814124988,13.11.2023 14:29,A-1,1.13E-06,0.6,1.4,5.53,5.33,3.77,3.38,1.56,PM6_321136,BTP-4F-12 (Y12)_321125,xylene,Jonas_DonorAcceptor-2bands-NoBG-ZnOCorr-NoInt_PM6:BTP-4F-12 (Y12),Jonas_DonorAcceptor-2bands-NoBG-ZnOCorr-NoInt,24.10.2023 14:10,25295_187786_OD_x1y1,x1y1,0.0060861,0.6,1.4,1,1,1,0,0,0,0,1,0,0,0,0,8
25295,PM6_321136,BTP-4F-12 (Y12)_321125,xylene,1,23,2000,1.510632518,0.7,1.68387337,0.1051445,0.253817002,0.431488903,0.072864805,0.61,2.145308778,0.088286047,0.81282319,0.228966984,0.368636844,0.539276363,0.460723637,0.411764706,0.378881988,0.800125747,60.58565021,26.35799178,12.97418221,0.812452355,13.11.2023 14:29,B-1,9.37E-07,0.6,0.6,5.53,5.33,3.77,3.38,1.56,PM6_321136,BTP-4F-12 (Y12)_321125,xylene,Jonas_DonorAcceptor-2bands-NoBG-ZnOCorr-NoInt_PM6:BTP-4F-12 (Y12),Jonas_DonorAcceptor-2bands-NoBG-ZnOCorr-NoInt,24.10.2023 14:10,25295_187786_OD_x1y2,x1y2,0.006008042,0.6,0.6,1,1,1,0,0,0,0,1,0,0,0,0,8
25295,PM6_321136,BTP-4F-12 (Y12)_321125,xylene,1,23,2000,1.510911011,0.7,1.684017973,0.105110068,0.253187017,0.43041793,0.072869832,0.61,2.145326675,0.088320492,0.81255385,0.228374161,0.3676824,0.539303035,0.460696965,0.411764706,0.378881988,0.79810033,60.08036113,26.1427952,12.73600647,0.8108653,13.11.2023 14:29,B-3,1.01E-06,1.4,0.6,5.53,5.33,3.77,3.38,1.56,PM6_321136,BTP-4F-12 (Y12)_321125,xylene,Jonas_DonorAcceptor-2bands-NoBG-ZnOCorr-NoInt_PM6:BTP-4F-12 (Y12),Jonas_DonorAcceptor-2bands-NoBG-ZnOCorr-NoInt,24.10.2023 14:10,25295_187786_OD_x3y2,x3y2,0.006033264,1.4,0.6,1,1,1,0,0,0,0,1,0,0,0,0,8
25295,PM6_321136,BTP-4F-12 (Y12)_321125,xylene,1,23,2000,1.510611001,0.7,1.683774169,0.104964798,0.259841452,0.441730468,0.073035991,0.61,2.145365521,0.088484103,0.811791813,0.234574242,0.37766453,0.53909344,0.46090656,0.411764706,0.378881988,0.819394998,59.28235588,26.14449109,12.59516936,0.812640317,13.11.2023 14:29,A-2,1.26E-06,1,1.4,5.53,5.33,3.77,3.38,1.56,PM6_321136,BTP-4F-12 (Y12)_321125,xylene,Jonas_DonorAcceptor-2bands-NoBG-ZnOCorr-NoInt_PM6:BTP-4F-12 (Y12),Jonas_DonorAcceptor-2bands-NoBG-ZnOCorr-NoInt,24.10.2023 14:10,25295_187786_OD_x2y1,x2y1,0.005945364,1,1.4,1,1,1,0,0,0,0,1,0,0,0,0,8
25313,PM6_321136,L8-BO_321144,xylene,0,24,2000,1.57599863,0.335610927,1.748441237,0.077608415,0.463030153,0.618428132,0.076387683,0.61,2.15870175,0.084823921,0.864071836,0.346979171,0.558636465,0.525398634,0.474601366,0.251278962,0.378881988,1.177064597,59.62208046,26.81804215,13.52718851,0.846005812,30.10.2023 10:54,B-1,8.31E-07,0.6,0.6,5.45,5.33,3.77,3.38,1.56,PM6_321136,L8-BO_321144,xylene,Jonas_DonorAcceptor-2bands-NoBG-ZnOCorr-NoInt_PM6:L8-BO,Jonas_DonorAcceptor-2bands-NoBG-ZnOCorr-NoInt,25.10.2023 10:36,25313_188424_OD_x1y2,x1y2,0.004948537,0.6,0.6,1,4,1,0,0,0,0,0,0,0,1,0,26
25313,PM6_321136,L8-BO_321144,xylene,0,24,2000,1.577085372,0.32535438,1.749393652,0.076803305,0.472921644,0.626788773,0.076522836,0.61,2.158691736,0.084752868,0.866542422,0.350058595,0.563594338,0.526543738,0.473456262,0.245484819,0.378881988,1.190383111,59.28553266,26.84998246,13.4865583,0.847243804,30.10.2023 10:54,A-1,8.53E-07,0.6,1.4,5.45,5.33,3.77,3.38,1.56,PM6_321136,L8-BO_321144,xylene,Jonas_DonorAcceptor-2bands-NoBG-ZnOCorr-NoInt_PM6:L8-BO,Jonas_DonorAcceptor-2bands-NoBG-ZnOCorr-NoInt,25.10.2023 10:36,25313_188424_OD_x1y1,x1y1,0.00496136,0.6,1.4,1,4,1,0,0,0,0,0,0,0,1,0,26
25313,PM6_321136,L8-BO_321144,xylene,0,24,2000,1.573898751,0.36117507,1.746185139,0.079310048,0.443498637,0.603679289,0.076129749,0.61,2.1580651,0.084891498,0.863621108,0.342748888,0.55182571,0.522437626,0.477562374,0.265340644,0.378881988,1.155504998,59.75069771,26.65536832,13.48430766,0.84664429,30.10.2023 10:54,A-3,9.50E-07,1.4,1.4,5.45,5.33,3.77,3.38,1.56,PM6_321136,L8-BO_321144,xylene,Jonas_DonorAcceptor-2bands-NoBG-ZnOCorr-NoInt_PM6:L8-BO,Jonas_DonorAcceptor-2bands-NoBG-ZnOCorr-NoInt,25.10.2023 10:36,25313_188424_OD_x3y1,x3y1,0.004808953,1.4,1.4,1,4,1,0,0,0,0,0,0,0,1,0,26
25313,PM6_321136,L8-BO_321144,xylene,0,24,2000,1.575639962,0.346158139,1.74781111,0.078263236,0.454905691,0.612374998,0.076208636,0.61,2.158440693,0.084773176,0.86486189,0.346051191,0.557142417,0.523613407,0.476386593,0.257145226,0.378881988,1.169517415,59.53143779,26.57777991,13.36827774,0.844909878,30.10.2023 10:54,B-3,9.98E-07,1.4,0.6,5.45,5.33,3.77,3.38,1.56,PM6_321136,L8-BO_321144,xylene,Jonas_DonorAcceptor-2bands-NoBG-ZnOCorr-NoInt_PM6:L8-BO,Jonas_DonorAcceptor-2bands-NoBG-ZnOCorr-NoInt,25.10.2023 10:36,25313_188424_OD_x3y2,x3y2,0.004830421,1.4,0.6,1,4,1,0,0,0,0,0,0,0,1,0,26
25314,PM6_321136,L8-BO_321144,xylene,0,21,2000,1.578950927,0.325,1.749657102,0.075286881,0.297485754,0.394168624,0.075710759,0.61,2.156050623,0.084711712,0.858795978,0.214376338,0.345145905,0.53315417,0.46684583,0.245283019,0.378881988,0.739314529,70.4701406,24.39512857,14.74056167,0.857444033,30.10.2023 10:56,A-1,7.58E-07,0.6,1.4,5.45,5.33,3.77,3.38,1.56,PM6_321136,L8-BO_321144,xylene,Jonas_DonorAcceptor-2bands-NoBG-ZnOCorr-NoInt_PM6:L8-BO,Jonas_DonorAcceptor-2bands-NoBG-ZnOCorr-NoInt,25.10.2023 10:41,25314_188484_OD_x1y1,x1y1,0.004684002,0.6,1.4,1,4,1,0,0,0,0,0,0,0,1,0,27
25314,PM6_321136,L8-BO_321144,xylene,0,21,2000,1.577467392,0.353862669,1.747155783,0.076932913,0.295445224,0.39999226,0.075548696,0.61,2.155682117,0.085035227,0.849688338,0.225723827,0.363415362,0.523956335,0.476043665,0.261372647,0.378881988,0.763407622,69.90786349,24.28944379,14.52002533,0.855113523,30.10.2023 10:56,B-1,1.23E-06,0.6,0.6,5.45,5.33,3.77,3.38,1.56,PM6_321136,L8-BO_321144,xylene,Jonas_DonorAcceptor-2bands-NoBG-ZnOCorr-NoInt_PM6:L8-BO,Jonas_DonorAcceptor-2bands-NoBG-ZnOCorr-NoInt,25.10.2023 10:41,25314_188484_OD_x1y2,x1y2,0.004181448,0.6,0.6,1,4,1,0,0,0,0,0,0,0,1,0,27
25314,PM6_321136,L8-BO_321144,xylene,0,21,2000,1.576312063,0.396172545,1.743801155,0.079780514,0.284391736,0.397059935,0.074845719,0.61,2.154676016,0.08504507,0.84074543,0.233063965,0.375232983,0.514131265,0.485868735,0.283756149,0.378881988,0.772292917,69.2311512,24.3218633,14.45333808,0.858360581,30.10.2023 10:56,B-3,1.06E-06,1.4,0.6,5.45,5.33,3.77,3.38,1.56,PM6_321136,L8-BO_321144,xylene,Jonas_DonorAcceptor-2bands-NoBG-ZnOCorr-NoInt_PM6:L8-BO,Jonas_DonorAcceptor-2bands-NoBG-ZnOCorr-NoInt,25.10.2023 10:41,25314_188484_OD_x3y2,x3y2,0.004316026,1.4,0.6,1,4,1,0,0,0,0,0,0,0,1,0,27
25314,PM6_321136,L8-BO_321144,xylene,0,21,2000,1.575159874,0.407295033,1.742519766,0.080480642,0.28061828,0.394912712,0.074762647,0.61,2.154432165,0.085112371,0.84161866,0.234278867,0.377188976,0.511477592,0.488522408,0.289416948,0.378881988,0.772101688,69.33418341,24.07070641,14.31896606,0.857976552,30.10.2023 10:56,A-3,1.28E-06,1.4,1.4,5.45,5.33,3.77,3.38,1.56,PM6_321136,L8-BO_321144,xylene,Jonas_DonorAcceptor-2bands-NoBG-ZnOCorr-NoInt_PM6:L8-BO,Jonas_DonorAcceptor-2bands-NoBG-ZnOCorr-NoInt,25.10.2023 10:41,25314_188484_OD_x3y1,x3y1,0.00412782,1.4,1.4,1,4,1,0,0,0,0,0,0,0,1,0,27
25315,PM6_321136,L8-BO_321144,xylene,0,21,1000,1.566724862,0.425403719,1.740150384,0.083618659,0.411210461,0.58614092,0.075880438,0.61,2.157623757,0.085078087,0.863373178,0.328690437,0.529191604,0.525530196,0.474469804,0.298444373,0.378881988,1.115332525,61.30789363,26.19915749,13.5126818,0.841274702,30.10.2023 10:58,B-1,7.70E-07,0.6,0.6,5.45,5.33,3.77,3.38,1.56,PM6_321136,L8-BO_321144,xylene,Jonas_DonorAcceptor-2bands-NoBG-ZnOCorr-NoInt_PM6:L8-BO,Jonas_DonorAcceptor-2bands-NoBG-ZnOCorr-NoInt,25.10.2023 10:47,25315_188491_OD_x1y2,x1y2,0.005064363,0.6,0.6,1,4,1,0,0,0,0,0,0,0,1,0,28
25315,PM6_321136,L8-BO_321144,xylene,0,21,1000,1.568437537,0.433744611,1.740210282,0.083881595,0.395862912,0.567566316,0.075753108,0.61,2.156986897,0.085394229,0.850613409,0.324373478,0.5222413,0.520794962,0.479205038,0.302525713,0.378881988,1.089807617,62.31198374,25.67840613,13.45000632,0.840587345,30.10.2023 10:58,B-3,9.88E-07,1.4,0.6,5.45,5.33,3.77,3.38,1.56,PM6_321136,L8-BO_321144,xylene,Jonas_DonorAcceptor-2bands-NoBG-ZnOCorr-NoInt_PM6:L8-BO,Jonas_DonorAcceptor-2bands-NoBG-ZnOCorr-NoInt,25.10.2023 10:47,25315_188491_OD_x3y2,x3y2,0.004698152,1.4,0.6,1,4,1,0,0,0,0,0,0,0,1,0,28
25315,PM6_321136,L8-BO_321144,xylene,0,21,1000,1.565767221,0.426106723,1.73934284,0.083353038,0.407284012,0.580830467,0.076198355,0.61,2.15751224,0.084940481,0.858445912,0.327804743,0.527765636,0.523933347,0.476066653,0.298790207,0.378881988,1.108596104,60.53085597,26.07785472,13.24419481,0.839028829,30.10.2023 10:58,B-2,8.96E-07,1,0.6,5.45,5.33,3.77,3.38,1.56,PM6_321136,L8-BO_321144,xylene,Jonas_DonorAcceptor-2bands-NoBG-ZnOCorr-NoInt_PM6:L8-BO,Jonas_DonorAcceptor-2bands-NoBG-ZnOCorr-NoInt,25.10.2023 10:47,25315_188491_OD_x2y2,x2y2,0.005980922,1,0.6,1,4,1,0,0,0,0,0,0,0,1,0,28
25316,PM6_321136,L8-BO_321144,xylene,2,21,1000,1.558105432,0.478925642,1.731966486,0.0868009,0.372979813,0.551609409,0.074475507,0.61,2.152748773,0.085298793,0.848489948,0.329795185,0.530970248,0.509532398,0.490467602,0.323833483,0.378881988,1.082579657,63.82305806,26.61439471,14.31947813,0.843010507,30.10.2023 11:01,B-3,1.26E-06,1.4,0.6,5.45,5.33,3.77,3.38,1.56,PM6_321136,L8-BO_321144,xylene,Jonas_DonorAcceptor-2bands-NoBG-ZnOCorr-NoInt_PM6:L8-BO,Jonas_DonorAcceptor-2bands-NoBG-ZnOCorr-NoInt,25.10.2023 10:53,25316_188501_OD_x3y2,x3y2,0.004353854,1.4,0.6,1,4,1,0,0,0,0,0,0,0,1,0,29
25316,PM6_321136,L8-BO_321144,xylene,2,21,1000,1.555623458,0.518466501,1.729243686,0.088935918,0.351105837,0.533142451,0.074452593,0.61,2.152528197,0.085593527,0.845445342,0.320094292,0.51535181,0.5084839,0.4915161,0.341440855,0.378881988,1.048494261,64.21511491,26.1155099,14.14107065,0.84323091,30.10.2023 11:01,A-3,1.66E-06,1.4,1.4,5.45,5.33,3.77,3.38,1.56,PM6_321136,L8-BO_321144,xylene,Jonas_DonorAcceptor-2bands-NoBG-ZnOCorr-NoInt_PM6:L8-BO,Jonas_DonorAcceptor-2bands-NoBG-ZnOCorr-NoInt,25.10.2023 10:53,25316_188501_OD_x3y1,x3y1,0.004325812,1.4,1.4,1,4,1,0,0,0,0,0,0,0,1,0,29
25316,PM6_321136,L8-BO_321144,xylene,2,21,1000,1.55493157,0.545182334,1.727716203,0.090432175,0.333393364,0.515153537,0.074198295,0.61,2.151948469,0.085620047,0.844570899,0.311966711,0.502266404,0.506333242,0.493666758,0.352827186,0.378881988,1.017419941,64.16492912,26.03300055,14.12734766,0.845743534,30.10.2023 11:01,A-2,1.77E-06,1,1.4,5.45,5.33,3.77,3.38,1.56,PM6_321136,L8-BO_321144,xylene,Jonas_DonorAcceptor-2bands-NoBG-ZnOCorr-NoInt_PM6:L8-BO,Jonas_DonorAcceptor-2bands-NoBG-ZnOCorr-NoInt,25.10.2023 10:53,25316_188501_OD_x2y1,x2y1,0.004236053,1,1.4,1,4,1,0,0,0,0,0,0,0,1,0,29
25316,PM6_321136,L8-BO_321144,xylene,2,21,1000,1.557822774,0.477467494,1.731969081,0.086714206,0.373878133,0.552392788,0.074557564,0.61,2.153156146,0.085326514,0.846074166,0.329960109,0.531235776,0.509762115,0.490237885,0.323166158,0.378881988,1.083628563,64.25235429,26.02828775,14.12639758,0.844688887,30.10.2023 11:01,B-1,9.12E-07,0.6,0.6,5.45,5.33,3.77,3.38,1.56,PM6_321136,L8-BO_321144,xylene,Jonas_DonorAcceptor-2bands-NoBG-ZnOCorr-NoInt_PM6:L8-BO,Jonas_DonorAcceptor-2bands-NoBG-ZnOCorr-NoInt,25.10.2023 10:53,25316_188501_OD_x1y2,x1y2,0.00425927,0.6,0.6,1,4,1,0,0,0,0,0,0,0,1,0,29
25317,PM6_321136,L8-BO_321144,xylene,0,21,3000,1.577566088,0.325,1.75,0.079888718,0.253051118,0.335292731,0.073259777,0.61,2.155062771,0.08276838,0.874895677,0.176021292,0.28339428,0.541942412,0.458057588,0.245283019,0.378881988,0.618687011,71.74403568,25.37820529,15.78553348,0.866986939,30.10.2023 11:03,A-1,1.34E-06,0.6,1.4,5.45,5.33,3.77,3.38,1.56,PM6_321136,L8-BO_321144,xylene,Jonas_DonorAcceptor-2bands-NoBG-ZnOCorr-NoInt_PM6:L8-BO,Jonas_DonorAcceptor-2bands-NoBG-ZnOCorr-NoInt,25.10.2023 10:58,25317_188510_OD_x1y1,x1y1,0.007069931,0.6,1.4,1,4,1,0,0,0,0,0,0,0,1,0,30
25317,PM6_321136,L8-BO_321144,xylene,0,21,3000,1.577667782,0.325,1.75,0.079810663,0.250905561,0.332449868,0.073229444,0.61,2.154857283,0.082788307,0.873518214,0.175763495,0.282979226,0.540191992,0.459808008,0.245283019,0.378881988,0.615429095,71.12742628,25.19930605,15.51807236,0.865789067,30.10.2023 11:03,B-3,1.23E-06,1.4,0.6,5.45,5.33,3.77,3.38,1.56,PM6_321136,L8-BO_321144,xylene,Jonas_DonorAcceptor-2bands-NoBG-ZnOCorr-NoInt_PM6:L8-BO,Jonas_DonorAcceptor-2bands-NoBG-ZnOCorr-NoInt,25.10.2023 10:58,25317_188510_OD_x3y2,x3y2,0.007008543,1.4,0.6,1,4,1,0,0,0,0,0,0,0,1,0,30
25317,PM6_321136,L8-BO_321144,xylene,0,21,3000,1.578436052,0.325,1.75,0.079163313,0.252490217,0.334549537,0.073510235,0.61,2.154873832,0.083092535,0.867658298,0.17869326,0.287696149,0.537648624,0.462351376,0.245283019,0.378881988,0.622245686,70.93226812,25.14397839,15.46243606,0.866962026,30.10.2023 11:03,A-3,1.50E-06,1.4,1.4,5.45,5.33,3.77,3.38,1.56,PM6_321136,L8-BO_321144,xylene,Jonas_DonorAcceptor-2bands-NoBG-ZnOCorr-NoInt_PM6:L8-BO,Jonas_DonorAcceptor-2bands-NoBG-ZnOCorr-NoInt,25.10.2023 10:58,25317_188510_OD_x3y1,x3y1,0.006989663,1.4,1.4,1,4,1,0,0,0,0,0,0,0,1,0,30
25317,PM6_321136,L8-BO_321144,xylene,0,21,3000,1.578072531,0.325,1.75,0.07926747,0.254214296,0.336833942,0.073371733,0.61,2.15497232,0.082913165,0.874595923,0.180199178,0.290120676,0.537254104,0.462745896,0.245283019,0.378881988,0.626954618,70.6805818,25.18413708,15.42891915,0.866778865,30.10.2023 11:03,B-1,1.08E-06,0.6,0.6,5.45,5.33,3.77,3.38,1.56,PM6_321136,L8-BO_321144,xylene,Jonas_DonorAcceptor-2bands-NoBG-ZnOCorr-NoInt_PM6:L8-BO,Jonas_DonorAcceptor-2bands-NoBG-ZnOCorr-NoInt,25.10.2023 10:58,25317_188510_OD_x1y2,x1y2,0.012216796,0.6,0.6,1,4,1,0,0,0,0,0,0,0,1,0,30
25318,PM6_321136,L8-BO_321144,xylene,2,21,3000,1.564253542,0.325,1.743887742,0.082147694,0.232848531,0.308524304,0.072245156,0.61,2.150548565,0.082144618,0.873579722,0.153123852,0.246529402,0.555845859,0.444154141,0.245283019,0.378881988,0.555053705,71.35714653,26.22336475,16.14168799,0.862627021,30.10.2023 11:05,A-1,2.33E-06,0.6,1.4,5.45,5.33,3.77,3.38,1.56,PM6_321136,L8-BO_321144,xylene,Jonas_DonorAcceptor-2bands-NoBG-ZnOCorr-NoInt_PM6:L8-BO,Jonas_DonorAcceptor-2bands-NoBG-ZnOCorr-NoInt,25.10.2023 11:04,25318_188517_OD_x1y1,x1y1,0.006217033,0.6,1.4,1,4,1,0,0,0,0,0,0,0,1,0,31
25318,PM6_321136,L8-BO_321144,xylene,2,21,3000,1.563768941,0.325,1.743879941,0.082667788,0.230562985,0.305495955,0.072225486,0.61,2.150456758,0.082054795,0.872047143,0.150180317,0.24179031,0.558201392,0.441798608,0.245283019,0.378881988,0.547286265,71.39634908,26.07257012,16.02580926,0.860914695,30.10.2023 11:05,B-1,2.10E-06,0.6,0.6,5.45,5.33,3.77,3.38,1.56,PM6_321136,L8-BO_321144,xylene,Jonas_DonorAcceptor-2bands-NoBG-ZnOCorr-NoInt_PM6:L8-BO,Jonas_DonorAcceptor-2bands-NoBG-ZnOCorr-NoInt,25.10.2023 11:04,25318_188517_OD_x1y2,x1y2,0.006238637,0.6,0.6,1,4,1,0,0,0,0,0,0,0,1,0,31
25318,PM6_321136,L8-BO_321144,xylene,2,21,3000,1.56440858,0.325,1.744100646,0.082068846,0.231904042,0.307272855,0.072353422,0.61,2.150650576,0.082224723,0.86953784,0.152291411,0.245189171,0.556188192,0.443811808,0.245283019,0.378881988,0.552462026,71.04289088,26.01747864,15.90674037,0.860588147,30.10.2023 11:05,B-3,2.25E-06,1.4,0.6,5.45,5.33,3.77,3.38,1.56,PM6_321136,L8-BO_321144,xylene,Jonas_DonorAcceptor-2bands-NoBG-ZnOCorr-NoInt_PM6:L8-BO,Jonas_DonorAcceptor-2bands-NoBG-ZnOCorr-NoInt,25.10.2023 11:04,25318_188517_OD_x3y2,x3y2,0.006112,1.4,0.6,1,4,1,0,0,0,0,0,0,0,1,0,31
25318,PM6_321136,L8-BO_321144,xylene,2,21,3000,1.564121326,0.325,1.743844213,0.082051293,0.233710252,0.309666083,0.072450801,0.61,2.150432048,0.082297579,0.871699697,0.152076469,0.244843115,0.55845076,0.44154924,0.245283019,0.378881988,0.554509198,69.88138989,26.17998904,15.74813641,0.860791904,30.10.2023 11:05,A-2,3.03E-06,1,1.4,5.45,5.33,3.77,3.38,1.56,PM6_321136,L8-BO_321144,xylene,Jonas_DonorAcceptor-2bands-NoBG-ZnOCorr-NoInt_PM6:L8-BO,Jonas_DonorAcceptor-2bands-NoBG-ZnOCorr-NoInt,25.10.2023 11:04,25318_188517_OD_x2y1,x2y1,0.006131288,1,1.4,1,4,1,0,0,0,0,0,0,0,1,0,31
25319,PM6_321136,L8-BO_321144,xylene,1,21,2000,1.559591714,0.536097051,1.728439848,0.089085534,0.25803065,0.39636012,0.073447393,0.61,2.150249144,0.085637221,0.833787884,0.254321065,0.409456915,0.491873593,0.508126407,0.348999467,0.378881988,0.805817036,70.20882183,24.84811222,14.82362308,0.849707161,30.10.2023 11:07,A-1,1.34E-06,0.6,1.4,5.45,5.33,3.77,3.38,1.56,PM6_321136,L8-BO_321144,xylene,Jonas_DonorAcceptor-2bands-NoBG-ZnOCorr-NoInt_PM6:L8-BO,Jonas_DonorAcceptor-2bands-NoBG-ZnOCorr-NoInt,25.10.2023 11:10,25319_188542_OD_x1y1,x1y1,0.003192865,0.6,1.4,1,4,1,0,0,0,0,0,0,0,1,0,32
25319,PM6_321136,L8-BO_321144,xylene,1,21,2000,1.558487502,0.567830049,1.726504397,0.091082223,0.25669142,0.402448521,0.073259405,0.61,2.149856118,0.085804766,0.835616298,0.262735883,0.423004772,0.487548507,0.512451493,0.362175766,0.378881988,0.825453293,68.90963006,25.03529791,14.66475478,0.850045403,30.10.2023 11:07,B-1,1.50E-06,0.6,0.6,5.45,5.33,3.77,3.38,1.56,PM6_321136,L8-BO_321144,xylene,Jonas_DonorAcceptor-2bands-NoBG-ZnOCorr-NoInt_PM6:L8-BO,Jonas_DonorAcceptor-2bands-NoBG-ZnOCorr-NoInt,25.10.2023 11:10,25319_188542_OD_x1y2,x1y2,0.003294699,0.6,0.6,1,4,1,0,0,0,0,0,0,0,1,0,32
25319,PM6_321136,L8-BO_321144,xylene,1,21,2000,1.559288477,0.559353973,1.727000515,0.090681993,0.252004769,0.392964638,0.073066717,0.61,2.150058474,0.085541384,0.832024997,0.256912939,0.413629832,0.487189849,0.512810151,0.358708788,0.378881988,0.80659447,69.89276754,24.41190833,14.48476668,0.848941054,30.10.2023 11:07,B-3,9.83E-07,1.4,0.6,5.45,5.33,3.77,3.38,1.56,PM6_321136,L8-BO_321144,xylene,Jonas_DonorAcceptor-2bands-NoBG-ZnOCorr-NoInt_PM6:L8-BO,Jonas_DonorAcceptor-2bands-NoBG-ZnOCorr-NoInt,25.10.2023 11:10,25319_188542_OD_x3y2,x3y2,0.003207331,1.4,0.6,1,4,1,0,0,0,0,0,0,0,1,0,32
25319,PM6_321136,L8-BO_321144,xylene,1,21,2000,1.556496178,0.619474668,1.723877693,0.094142559,0.260155814,0.421315751,0.07311477,0.61,2.150481057,0.085761256,0.825888159,0.280891377,0.452235118,0.482302481,0.517697519,0.382515812,0.378881988,0.873550869,67.92479159,24.98412471,14.40012922,0.848543157,30.10.2023 11:07,A-2,1.71E-06,1,1.4,5.45,5.33,3.77,3.38,1.56,PM6_321136,L8-BO_321144,xylene,Jonas_DonorAcceptor-2bands-NoBG-ZnOCorr-NoInt_PM6:L8-BO,Jonas_DonorAcceptor-2bands-NoBG-ZnOCorr-NoInt,25.10.2023 11:10,25319_188542_OD_x2y1,x2y1,0.003323676,1,1.4,1,4,1,0,0,0,0,0,0,0,1,0,32
25340,PTVT-T_321032,BTP-4F-12 (Y12)_321125,CF,0,18,2000,1.518093835,0.7,1.678813499,0.097981708,0.263470548,0.447899932,0.063855271,1.2,2.068250455,0.108921882,0.830689736,0.194642225,0.428212895,0.511235446,0.488764554,0.411764706,0.545454545,0.876112827,62.40136615,21.87926243,10.98652441,0.804699163,31.10.2023 09:49,B-3,5.06E-07,1.4,0.6,5.53,5.21,3.77,3.2,1.44,PTVT-T_321032,BTP-4F-12 (Y12)_321125,CF,Jonas_DonorAcceptor-2bands-NoBG-ZnOCorr-NoInt_PTVT-T:BTP-4F-12 (Y12),Jonas_DonorAcceptor-2bands-NoBG-ZnOCorr-NoInt,25.10.2023 11:22,25340_188570_OD_x3y2,x3y2,0.007220793,1.4,0.6,2,1,0,1,0,0,0,1,0,0,0,0,33
25340,PTVT-T_321032,BTP-4F-12 (Y12)_321125,CF,0,18,2000,1.518137363,0.7,1.67887069,0.098082333,0.257203338,0.437245675,0.063650009,1.2,2.06799464,0.108665361,0.837882965,0.189485659,0.41686845,0.511928866,0.488071134,0.411764706,0.545454545,0.854114125,62.19101289,21.56925279,10.84376508,0.808383369,31.10.2023 09:49,A-1,6.38E-07,0.6,1.4,5.53,5.21,3.77,3.2,1.44,PTVT-T_321032,BTP-4F-12 (Y12)_321125,CF,Jonas_DonorAcceptor-2bands-NoBG-ZnOCorr-NoInt_PTVT-T:BTP-4F-12 (Y12),Jonas_DonorAcceptor-2bands-NoBG-ZnOCorr-NoInt,25.10.2023 11:22,25340_188570_OD_x1y1,x1y1,0.007180854,0.6,1.4,2,1,0,1,0,0,0,1,0,0,0,0,33
25340,PTVT-T_321032,BTP-4F-12 (Y12)_321125,CF,0,18,2000,1.518218758,0.7,1.679121204,0.098249679,0.268799068,0.456958415,0.064164432,1.139568065,2.068799906,0.106843249,0.827428868,0.205342391,0.439344022,0.509826144,0.490173856,0.411764706,0.532615944,0.896302437,61.49381111,21.79576803,10.78855196,0.8049327,31.10.2023 09:49,B-1,4.14E-07,0.6,0.6,5.53,5.21,3.77,3.2,1.44,PTVT-T_321032,BTP-4F-12 (Y12)_321125,CF,Jonas_DonorAcceptor-2bands-NoBG-ZnOCorr-NoInt_PTVT-T:BTP-4F-12 (Y12),Jonas_DonorAcceptor-2bands-NoBG-ZnOCorr-NoInt,25.10.2023 11:22,25340_188570_OD_x1y2,x1y2,0.007037179,0.6,0.6,2,1,0,1,0,0,0,1,0,0,0,0,33
25340,PTVT-T_321032,BTP-4F-12 (Y12)_321125,CF,0,18,2000,1.518673859,0.7,1.679152897,0.098025433,0.265771814,0.451812084,0.063884873,1.2,2.06827311,0.108846111,0.830386057,0.196675926,0.432687038,0.51081123,0.48918877,0.411764706,0.545454545,0.884499121,62.0115654,21.30810308,10.65762846,0.806571909,31.10.2023 09:49,A-3,7.41E-07,1.4,1.4,5.53,5.21,3.77,3.2,1.44,PTVT-T_321032,BTP-4F-12 (Y12)_321125,CF,Jonas_DonorAcceptor-2bands-NoBG-ZnOCorr-NoInt_PTVT-T:BTP-4F-12 (Y12),Jonas_DonorAcceptor-2bands-NoBG-ZnOCorr-NoInt,25.10.2023 11:22,25340_188570_OD_x3y1,x3y1,0.007121495,1.4,1.4,2,1,0,1,0,0,0,1,0,0,0,0,33
25341,PTVT-T_321032,BTP-4F-12 (Y12)_321125,CF,0,15.5,2000,1.519574842,0.7,1.682233751,0.101330643,0.21070013,0.35819022,0.061941268,1.2,2.06800863,0.105999044,0.88697138,0.147386782,0.324250921,0.5248661,0.4751339,0.411764706,0.545454545,0.682441142,67.47256553,22.20820379,12.08850896,0.806737191,31.10.2023 09:51,A-3,7.33E-07,1.4,1.4,5.53,5.21,3.77,3.2,1.44,PTVT-T_321032,BTP-4F-12 (Y12)_321125,CF,Jonas_DonorAcceptor-2bands-NoBG-ZnOCorr-NoInt_PTVT-T:BTP-4F-12 (Y12),Jonas_DonorAcceptor-2bands-NoBG-ZnOCorr-NoInt,25.10.2023 11:28,25341_188578_OD_x3y1,x3y1,0.007181996,1.4,1.4,2,1,0,1,0,0,0,1,0,0,0,0,34
25341,PTVT-T_321032,BTP-4F-12 (Y12)_321125,CF,0,15.5,2000,1.519789586,0.7,1.681357394,0.099873802,0.21948422,0.373123174,0.062563337,1.2,2.06829749,0.106994856,0.86696259,0.156804019,0.344968841,0.519603569,0.480396431,0.411764706,0.545454545,0.718092015,66.76225918,22.35916163,12.03166159,0.806007473,31.10.2023 09:51,A-1,3.10E-06,0.6,1.4,5.53,5.21,3.77,3.2,1.44,PTVT-T_321032,BTP-4F-12 (Y12)_321125,CF,Jonas_DonorAcceptor-2bands-NoBG-ZnOCorr-NoInt_PTVT-T:BTP-4F-12 (Y12),Jonas_DonorAcceptor-2bands-NoBG-ZnOCorr-NoInt,25.10.2023 11:28,25341_188578_OD_x1y1,x1y1,0.007233885,0.6,1.4,2,1,0,1,0,0,0,1,0,0,0,0,34
25341,PTVT-T_321032,BTP-4F-12 (Y12)_321125,CF,0,15.5,2000,1.519671169,0.7,1.681995355,0.100701278,0.214618618,0.364851651,0.062153369,1.2,2.068172149,0.106383779,0.879179164,0.150870004,0.331914008,0.523636098,0.476363902,0.411764706,0.545454545,0.696765659,67.51077983,21.96895273,11.92509642,0.804043268,31.10.2023 09:51,B-3,5.67E-07,1.4,0.6,5.53,5.21,3.77,3.2,1.44,PTVT-T_321032,BTP-4F-12 (Y12)_321125,CF,Jonas_DonorAcceptor-2bands-NoBG-ZnOCorr-NoInt_PTVT-T:BTP-4F-12 (Y12),Jonas_DonorAcceptor-2bands-NoBG-ZnOCorr-NoInt,25.10.2023 11:28,25341_188578_OD_x3y2,x3y2,0.007168427,1.4,0.6,2,1,0,1,0,0,0,1,0,0,0,0,34
25341,PTVT-T_321032,BTP-4F-12 (Y12)_321125,CF,0,15.5,2000,1.518646699,0.7,1.682455328,0.10229612,0.206892532,0.351717304,0.061641433,1.2,2.068035405,0.105562066,0.896339315,0.142446831,0.313383028,0.528818416,0.471181584,0.411764706,0.545454545,0.665100333,66.96835002,22.09313692,11.8809059,0.803012995,31.10.2023 09:51,B-2,7.30E-07,1,0.6,5.53,5.21,3.77,3.2,1.44,PTVT-T_321032,BTP-4F-12 (Y12)_321125,CF,Jonas_DonorAcceptor-2bands-NoBG-ZnOCorr-NoInt_PTVT-T:BTP-4F-12 (Y12),Jonas_DonorAcceptor-2bands-NoBG-ZnOCorr-NoInt,25.10.2023 11:28,25341_188578_OD_x2y2,x2y2,0.007072959,1,0.6,2,1,0,1,0,0,0,1,0,0,0,0,34
25342,PTVT-T_321032,BTP-4F-12 (Y12)_321125,CF,0,13,2000,1.530090349,0.352525704,1.705567325,0.08,0.245104143,0.331509653,0.062769686,1.2,2.07174846,0.104091711,0.887247952,0.113964991,0.250722981,0.569376627,0.430623373,0.260642517,0.545454545,0.582232634,68.6259443,23.03983958,12.82796506,0.811315894,31.10.2023 09:54,A-1,1.03E-06,0.6,1.4,5.53,5.21,3.77,3.2,1.44,PTVT-T_321032,BTP-4F-12 (Y12)_321125,CF,Jonas_DonorAcceptor-2bands-NoBG-ZnOCorr-NoInt_PTVT-T:BTP-4F-12 (Y12),Jonas_DonorAcceptor-2bands-NoBG-ZnOCorr-NoInt,25.10.2023 11:33,25342_188585_OD_x1y1,x1y1,0.00718616,0.6,1.4,2,1,0,1,0,0,0,1,0,0,0,0,35
25342,PTVT-T_321032,BTP-4F-12 (Y12)_321125,CF,0,13,2000,1.530020476,0.351134001,1.705660747,0.08,0.24443431,0.330263507,0.062808676,1.2,2.071515097,0.104044123,0.891913565,0.112938557,0.248464825,0.570671054,0.429328946,0.25988096,0.545454545,0.578728332,68.68197221,22.67175128,12.62582963,0.810834275,31.10.2023 09:54,A-3,2.31E-06,1.4,1.4,5.53,5.21,3.77,3.2,1.44,PTVT-T_321032,BTP-4F-12 (Y12)_321125,CF,Jonas_DonorAcceptor-2bands-NoBG-ZnOCorr-NoInt_PTVT-T:BTP-4F-12 (Y12),Jonas_DonorAcceptor-2bands-NoBG-ZnOCorr-NoInt,25.10.2023 11:33,25342_188585_OD_x3y1,x3y1,0.007059102,1.4,1.4,2,1,0,1,0,0,0,1,0,0,0,0,35
25342,PTVT-T_321032,BTP-4F-12 (Y12)_321125,CF,0,13,2000,1.530576424,0.357666027,1.704969536,0.08,0.246563424,0.334750785,0.063024234,1.199999998,2.071654914,0.104359385,0.88590224,0.11658666,0.256490653,0.566182888,0.433817112,0.263441833,0.545454545,0.591241437,67.8227303,22.95277239,12.62038342,0.810703654,31.10.2023 09:54,A-2,1.22E-06,1,1.4,5.53,5.21,3.77,3.2,1.44,PTVT-T_321032,BTP-4F-12 (Y12)_321125,CF,Jonas_DonorAcceptor-2bands-NoBG-ZnOCorr-NoInt_PTVT-T:BTP-4F-12 (Y12),Jonas_DonorAcceptor-2bands-NoBG-ZnOCorr-NoInt,25.10.2023 11:33,25342_188585_OD_x2y1,x2y1,0.007237718,1,1.4,2,1,0,1,0,0,0,1,0,0,0,0,35
25342,PTVT-T_321032,BTP-4F-12 (Y12)_321125,CF,0,13,2000,1.530381328,0.359333359,1.704767147,0.08,0.246450105,0.335007849,0.063074254,1.199999998,2.071608578,0.104548871,0.883456347,0.117150407,0.257730895,0.565186353,0.434813647,0.264345281,0.545454545,0.592738744,68.75193115,22.63046856,12.60738147,0.810301133,31.10.2023 09:54,B-1,9.19E-07,0.6,0.6,5.53,5.21,3.77,3.2,1.44,PTVT-T_321032,BTP-4F-12 (Y12)_321125,CF,Jonas_DonorAcceptor-2bands-NoBG-ZnOCorr-NoInt_PTVT-T:BTP-4F-12 (Y12),Jonas_DonorAcceptor-2bands-NoBG-ZnOCorr-NoInt,25.10.2023 11:33,25342_188585_OD_x1y2,x1y2,0.011529714,0.6,0.6,2,1,0,1,0,0,0,1,0,0,0,0,35
25343,PTVT-T_321032,BTP-4F-12 (Y12)_321125,CF,0,13,1000,1.516727777,0.7,1.678238303,0.098578641,0.236100874,0.401371485,0.063087639,1.2,2.067167017,0.108567798,0.850890276,0.171425054,0.377135118,0.515565935,0.484434065,0.411764706,0.545454545,0.778506604,65.10870379,21.01118513,10.93646333,0.799442629,31.10.2023 09:56,B-3,8.20E-07,1.4,0.6,5.53,5.21,3.77,3.2,1.44,PTVT-T_321032,BTP-4F-12 (Y12)_321125,CF,Jonas_DonorAcceptor-2bands-NoBG-ZnOCorr-NoInt_PTVT-T:BTP-4F-12 (Y12),Jonas_DonorAcceptor-2bands-NoBG-ZnOCorr-NoInt,25.10.2023 11:39,25343_188590_OD_x3y2,x3y2,0.006998746,1.4,0.6,2,1,0,1,0,0,0,1,0,0,0,0,36
25343,PTVT-T_321032,BTP-4F-12 (Y12)_321125,CF,0,13,1000,1.517251803,0.7,1.678208525,0.098096978,0.245285459,0.416985281,0.063604795,1.2,2.067607134,0.109084273,0.833523618,0.180273782,0.396602319,0.512526593,0.487473407,0.411764706,0.545454545,0.8135876,63.2350461,21.35578688,10.79191122,0.799143822,31.10.2023 09:56,A-2,1.27E-06,1,1.4,5.53,5.21,3.77,3.2,1.44,PTVT-T_321032,BTP-4F-12 (Y12)_321125,CF,Jonas_DonorAcceptor-2bands-NoBG-ZnOCorr-NoInt_PTVT-T:BTP-4F-12 (Y12),Jonas_DonorAcceptor-2bands-NoBG-ZnOCorr-NoInt,25.10.2023 11:39,25343_188590_OD_x2y1,x2y1,0.007221622,1,1.4,2,1,0,1,0,0,0,1,0,0,0,0,36
25343,PTVT-T_321032,BTP-4F-12 (Y12)_321125,CF,0,13,1000,1.517793262,0.7,1.678467049,0.098159899,0.255593893,0.434509618,0.063764196,1.2,2.068157929,0.10888986,0.838122497,0.187928505,0.413442711,0.512422224,0.487577776,0.411764706,0.545454545,0.847952328,63.28191475,21.0462315,10.64313689,0.799126796,31.10.2023 09:56,A-3,8.97E-07,1.4,1.4,5.53,5.21,3.77,3.2,1.44,PTVT-T_321032,BTP-4F-12 (Y12)_321125,CF,Jonas_DonorAcceptor-2bands-NoBG-ZnOCorr-NoInt_PTVT-T:BTP-4F-12 (Y12),Jonas_DonorAcceptor-2bands-NoBG-ZnOCorr-NoInt,25.10.2023 11:39,25343_188590_OD_x3y1,x3y1,0.007174271,1.4,1.4,2,1,0,1,0,0,0,1,0,0,0,0,36
25343,PTVT-T_321032,BTP-4F-12 (Y12)_321125,CF,0,13,1000,1.517624718,0.7,1.678333311,0.098084961,0.252355263,0.429003947,0.063645609,1.2,2.067695543,0.108975198,0.835737573,0.186409642,0.410101212,0.511263627,0.488736373,0.411764706,0.545454545,0.839105159,63.08607001,21.10831905,10.60913984,0.796696759,31.10.2023 09:56,B-1,9.00E-07,0.6,0.6,5.53,5.21,3.77,3.2,1.44,PTVT-T_321032,BTP-4F-12 (Y12)_321125,CF,Jonas_DonorAcceptor-2bands-NoBG-ZnOCorr-NoInt_PTVT-T:BTP-4F-12 (Y12),Jonas_DonorAcceptor-2bands-NoBG-ZnOCorr-NoInt,25.10.2023 11:39,25343_188590_OD_x1y2,x1y2,0.007290853,0.6,0.6,2,1,0,1,0,0,0,1,0,0,0,0,36
25344,PTVT-T_321032,BTP-4F-12 (Y12)_321125,CF,2,13,1000,1.495935243,0.7,1.66395527,0.101790672,0.252539591,0.429317305,0.061852662,1.113602041,2.06479799,0.107825667,0.835326001,0.18773785,0.396803102,0.519678852,0.480321148,0.411764706,0.526874037,0.826120407,63.661527,22.26042205,11.1142159,0.784275021,31.10.2023 09:59,A-2,1.52E-06,1,1.4,5.53,5.21,3.77,3.2,1.44,PTVT-T_321032,BTP-4F-12 (Y12)_321125,CF,Jonas_DonorAcceptor-2bands-NoBG-ZnOCorr-NoInt_PTVT-T:BTP-4F-12 (Y12),Jonas_DonorAcceptor-2bands-NoBG-ZnOCorr-NoInt,25.10.2023 11:45,25344_188595_OD_x2y1,x2y1,0.006720317,1,1.4,2,1,0,1,0,0,0,1,0,0,0,0,37
25344,PTVT-T_321032,BTP-4F-12 (Y12)_321125,CF,2,13,1000,1.495444564,0.7,1.663648553,0.101656264,0.254417058,0.432508998,0.062052582,1.078931646,2.065045994,0.106827073,0.823416222,0.193027872,0.401291752,0.518719848,0.481280152,0.411764706,0.518983704,0.83380075,64.64231812,21.84811274,11.08741557,0.7850539,31.10.2023 09:59,A-1,1.86E-06,0.6,1.4,5.53,5.21,3.77,3.2,1.44,PTVT-T_321032,BTP-4F-12 (Y12)_321125,CF,Jonas_DonorAcceptor-2bands-NoBG-ZnOCorr-NoInt_PTVT-T:BTP-4F-12 (Y12),Jonas_DonorAcceptor-2bands-NoBG-ZnOCorr-NoInt,25.10.2023 11:45,25344_188595_OD_x1y1,x1y1,0.006607629,0.6,1.4,2,1,0,1,0,0,0,1,0,0,0,0,37
25344,PTVT-T_321032,BTP-4F-12 (Y12)_321125,CF,2,13,1000,1.495766247,0.7,1.663867769,0.101670583,0.25375647,0.431385999,0.061916693,1.094330485,2.064727545,0.107355798,0.827133805,0.191957922,0.402023329,0.517615996,0.482384004,0.411764706,0.522520439,0.833409328,63.21275914,22.27252385,11.00436477,0.781611243,31.10.2023 09:59,B-3,1.11E-06,1.4,0.6,5.53,5.21,3.77,3.2,1.44,PTVT-T_321032,BTP-4F-12 (Y12)_321125,CF,Jonas_DonorAcceptor-2bands-NoBG-ZnOCorr-NoInt_PTVT-T:BTP-4F-12 (Y12),Jonas_DonorAcceptor-2bands-NoBG-ZnOCorr-NoInt,25.10.2023 11:45,25344_188595_OD_x3y2,x3y2,0.00661988,1.4,0.6,2,1,0,1,0,0,0,1,0,0,0,0,37
25344,PTVT-T_321032,BTP-4F-12 (Y12)_321125,CF,2,13,1000,1.495610468,0.7,1.663768126,0.101718385,0.254407166,0.432492182,0.06144573,1.137482628,2.063979222,0.108603295,0.839253438,0.187352148,0.400461963,0.519226881,0.480773119,0.411764706,0.53215994,0.832954145,63.06094062,21.73860416,10.73716254,0.783244635,31.10.2023 09:59,A-3,1.62E-06,1.4,1.4,5.53,5.21,3.77,3.2,1.44,PTVT-T_321032,BTP-4F-12 (Y12)_321125,CF,Jonas_DonorAcceptor-2bands-NoBG-ZnOCorr-NoInt_PTVT-T:BTP-4F-12 (Y12),Jonas_DonorAcceptor-2bands-NoBG-ZnOCorr-NoInt,25.10.2023 11:45,25344_188595_OD_x3y1,x3y1,0.006686705,1.4,1.4,2,1,0,1,0,0,0,1,0,0,0,0,37
25345,PTVT-T_321032,BTP-4F-12 (Y12)_321125,CF,0,13,3000,1.52846584,0.3,1.712906012,0.082008404,0.2200527,0.28606851,0.061582717,1.2,2.073794364,0.099383176,0.974124813,0.082260214,0.18097247,0.612512654,0.387487346,0.230769231,0.545454545,0.46704098,68.43442646,23.28185088,12.9843212,0.814942778,31.10.2023 10:01,A-1,2.29E-06,0.6,1.4,5.53,5.21,3.77,3.2,1.44,PTVT-T_321032,BTP-4F-12 (Y12)_321125,CF,Jonas_DonorAcceptor-2bands-NoBG-ZnOCorr-NoInt_PTVT-T:BTP-4F-12 (Y12),Jonas_DonorAcceptor-2bands-NoBG-ZnOCorr-NoInt,25.10.2023 11:51,25345_188604_OD_x1y1,x1y1,0.006510404,0.6,1.4,2,1,0,1,0,0,0,1,0,0,0,0,38
25345,PTVT-T_321032,BTP-4F-12 (Y12)_321125,CF,0,13,3000,1.526015459,0.3,1.711326814,0.081814042,0.215966161,0.28075601,0.061862383,1.2,2.07331706,0.100254457,0.95829337,0.08071592,0.177575025,0.612561639,0.387438361,0.230769231,0.545454545,0.458331035,67.87136023,23.10879752,12.77456517,0.814483379,31.10.2023 10:01,B-1,2.38E-06,0.6,0.6,5.53,5.21,3.77,3.2,1.44,PTVT-T_321032,BTP-4F-12 (Y12)_321125,CF,Jonas_DonorAcceptor-2bands-NoBG-ZnOCorr-NoInt_PTVT-T:BTP-4F-12 (Y12),Jonas_DonorAcceptor-2bands-NoBG-ZnOCorr-NoInt,25.10.2023 11:51,25345_188604_OD_x1y2,x1y2,0.006226453,0.6,0.6,2,1,0,1,0,0,0,1,0,0,0,0,38
25345,PTVT-T_321032,BTP-4F-12 (Y12)_321125,CF,0,13,3000,1.528194426,0.3,1.712509473,0.081710511,0.217541812,0.282804355,0.061851031,1.2,2.073557791,0.099971512,0.962207663,0.082313667,0.181090067,0.60963086,0.39036914,0.230769231,0.545454545,0.463894422,67.43258747,23.05909238,12.66179881,0.814298013,31.10.2023 10:01,B-3,1.92E-06,1.4,0.6,5.53,5.21,3.77,3.2,1.44,PTVT-T_321032,BTP-4F-12 (Y12)_321125,CF,Jonas_DonorAcceptor-2bands-NoBG-ZnOCorr-NoInt_PTVT-T:BTP-4F-12 (Y12),Jonas_DonorAcceptor-2bands-NoBG-ZnOCorr-NoInt,25.10.2023 11:51,25345_188604_OD_x3y2,x3y2,0.006248765,1.4,0.6,2,1,0,1,0,0,0,1,0,0,0,0,38
25345,PTVT-T_321032,BTP-4F-12 (Y12)_321125,CF,0,13,3000,1.527252752,0.3,1.712396558,0.082200903,0.215990908,0.28078818,0.061606511,1.2,2.073349789,0.099515154,0.97214691,0.080089145,0.17619612,0.614437257,0.385562743,0.230769231,0.545454545,0.4569843,67.23442991,23.02453486,12.60462894,0.8142307,31.10.2023 10:01,B-2,1.62E-05,1,0.6,5.53,5.21,3.77,3.2,1.44,PTVT-T_321032,BTP-4F-12 (Y12)_321125,CF,Jonas_DonorAcceptor-2bands-NoBG-ZnOCorr-NoInt_PTVT-T:BTP-4F-12 (Y12),Jonas_DonorAcceptor-2bands-NoBG-ZnOCorr-NoInt,25.10.2023 11:51,25345_188604_OD_x2y2,x2y2,0.006256874,1,0.6,2,1,0,1,0,0,0,1,0,0,0,0,38
25346,PTVT-T_321032,BTP-4F-12 (Y12)_321125,CF,2,13,3000,1.503932094,0.311320115,1.693480988,0.08,0.217253523,0.284888915,0.063821823,0.988741647,2.0724212,0.099414928,0.840242532,0.096806067,0.192522258,0.596737008,0.403262992,0.2374097,0.497169478,0.477411173,56.37505923,23.56960062,10.20693419,0.768167767,31.10.2023 10:04,B-2,4.13E-06,1,0.6,5.53,5.21,3.77,3.2,1.44,PTVT-T_321032,BTP-4F-12 (Y12)_321125,CF,Jonas_DonorAcceptor-2bands-NoBG-ZnOCorr-NoInt_PTVT-T:BTP-4F-12 (Y12),Jonas_DonorAcceptor-2bands-NoBG-ZnOCorr-NoInt,25.10.2023 11:56,25346_188613_OD_x2y2,x2y2,0.006266509,1,0.6,2,1,0,1,0,0,0,1,0,0,0,0,39
25346,PTVT-T_321032,BTP-4F-12 (Y12)_321125,CF,2,13,3000,1.504902785,0.316430712,1.693245183,0.08,0.219119199,0.288455244,0.06280054,1.083785278,2.072579227,0.102688883,0.853967904,0.094653085,0.197236706,0.593905754,0.406094246,0.240370199,0.520104106,0.48569195,56.37349444,23.43527084,10.11743131,0.765817579,31.10.2023 10:04,A-3,3.10E-05,1.4,1.4,5.53,5.21,3.77,3.2,1.44,PTVT-T_321032,BTP-4F-12 (Y12)_321125,CF,Jonas_DonorAcceptor-2bands-NoBG-ZnOCorr-NoInt_PTVT-T:BTP-4F-12 (Y12),Jonas_DonorAcceptor-2bands-NoBG-ZnOCorr-NoInt,25.10.2023 11:56,25346_188613_OD_x3y1,x3y1,0.006990613,1.4,1.4,2,1,0,1,0,0,0,1,0,0,0,0,39
25346,PTVT-T_321032,BTP-4F-12 (Y12)_321125,CF,2,13,3000,1.503370479,0.303702978,1.694585304,0.08,0.210588234,0.274544508,0.062420224,1.084657417,2.07154865,0.102682685,0.848618687,0.0870748,0.181521127,0.601984642,0.398015358,0.232954118,0.520304875,0.456065635,55.69258764,23.48450086,9.985322208,0.763454839,31.10.2023 10:04,B-1,9.04E-06,0.6,0.6,5.53,5.21,3.77,3.2,1.44,PTVT-T_321032,BTP-4F-12 (Y12)_321125,CF,Jonas_DonorAcceptor-2bands-NoBG-ZnOCorr-NoInt_PTVT-T:BTP-4F-12 (Y12),Jonas_DonorAcceptor-2bands-NoBG-ZnOCorr-NoInt,25.10.2023 11:56,25346_188613_OD_x1y2,x1y2,0.011300862,0.6,0.6,2,1,0,1,0,0,0,1,0,0,0,0,39
25346,PTVT-T_321032,BTP-4F-12 (Y12)_321125,CF,2,13,3000,1.503188554,0.303041526,1.694257637,0.08,0.210157905,0.273844477,0.063517235,1.012721172,2.072138899,0.100091341,0.840818525,0.089772549,0.18068711,0.60247623,0.39752377,0.232564749,0.503160192,0.454531587,54.05775539,23.65953085,9.716169575,0.759680447,31.10.2023 10:04,A-1,5.18E-05,0.6,1.4,5.53,5.21,3.77,3.2,1.44,PTVT-T_321032,BTP-4F-12 (Y12)_321125,CF,Jonas_DonorAcceptor-2bands-NoBG-ZnOCorr-NoInt_PTVT-T:BTP-4F-12 (Y12),Jonas_DonorAcceptor-2bands-NoBG-ZnOCorr-NoInt,25.10.2023 11:56,25346_188613_OD_x1y1,x1y1,0.011104854,0.6,1.4,2,1,0,1,0,0,0,1,0,0,0,0,39
25347,PTVT-T_321032,BTP-4F-12 (Y12)_321125,CF,1,13,2000,1.503700255,0.420001184,1.682965626,0.085150253,0.233311853,0.331303107,0.063896339,0.949524582,2.071153588,0.100136724,0.817088811,0.136604168,0.266313183,0.55437429,0.44562571,0.295775235,0.487054429,0.59761629,68.02968305,23.32462614,12.55461306,0.791207131,31.10.2023 10:06,A-1,3.29E-06,0.6,1.4,5.53,5.21,3.77,3.2,1.44,PTVT-T_321032,BTP-4F-12 (Y12)_321125,CF,Jonas_DonorAcceptor-2bands-NoBG-ZnOCorr-NoInt_PTVT-T:BTP-4F-12 (Y12),Jonas_DonorAcceptor-2bands-NoBG-ZnOCorr-NoInt,25.10.2023 12:02,25347_188618_OD_x1y1,x1y1,0.00738681,0.6,1.4,2,1,0,1,0,0,0,1,0,0,0,0,40
25347,PTVT-T_321032,BTP-4F-12 (Y12)_321125,CF,1,13,2000,1.50434363,0.405556094,1.684189907,0.084028149,0.233379841,0.328028458,0.064025046,0.944378779,2.071277214,0.099744033,0.82000935,0.134151811,0.260841934,0.557046954,0.442953046,0.288537822,0.485696917,0.588870392,67.71104017,22.85983246,12.217798,0.789333276,31.10.2023 10:06,B-3,2.39E-06,1.4,0.6,5.53,5.21,3.77,3.2,1.44,PTVT-T_321032,BTP-4F-12 (Y12)_321125,CF,Jonas_DonorAcceptor-2bands-NoBG-ZnOCorr-NoInt_PTVT-T:BTP-4F-12 (Y12),Jonas_DonorAcceptor-2bands-NoBG-ZnOCorr-NoInt,25.10.2023 12:02,25347_188618_OD_x3y2,x3y2,0.007392999,1.4,0.6,2,1,0,1,0,0,0,1,0,0,0,0,40
25347,PTVT-T_321032,BTP-4F-12 (Y12)_321125,CF,1,13,2000,1.503934561,0.413701752,1.683493436,0.084676149,0.233487675,0.330081935,0.064054447,0.94637735,2.071352533,0.100057259,0.816237543,0.135554825,0.263840841,0.555765747,0.444234253,0.292637221,0.486225012,0.593922775,66.63196807,23.00199745,12.11451279,0.790419709,31.10.2023 10:06,B-1,9.44E-05,0.6,0.6,5.53,5.21,3.77,3.2,1.44,PTVT-T_321032,BTP-4F-12 (Y12)_321125,CF,Jonas_DonorAcceptor-2bands-NoBG-ZnOCorr-NoInt_PTVT-T:BTP-4F-12 (Y12),Jonas_DonorAcceptor-2bands-NoBG-ZnOCorr-NoInt,25.10.2023 12:02,25347_188618_OD_x1y2,x1y2,0.00741939,0.6,0.6,2,1,0,1,0,0,0,1,0,0,0,0,40
25347,PTVT-T_321032,BTP-4F-12 (Y12)_321125,CF,1,13,2000,1.503730994,0.418682299,1.683226053,0.085118103,0.233796299,0.331682671,0.06377814,0.959393034,2.070979274,0.100421484,0.820807907,0.134935091,0.264390878,0.556445881,0.443554119,0.295120549,0.489637871,0.596073548,66.24480529,23.05260392,12.05080311,0.789122042,31.10.2023 10:06,A-2,8.75E-06,1,1.4,5.53,5.21,3.77,3.2,1.44,PTVT-T_321032,BTP-4F-12 (Y12)_321125,CF,Jonas_DonorAcceptor-2bands-NoBG-ZnOCorr-NoInt_PTVT-T:BTP-4F-12 (Y12),Jonas_DonorAcceptor-2bands-NoBG-ZnOCorr-NoInt,25.10.2023 12:02,25347_188618_OD_x2y1,x2y1,0.007456998,1,1.4,2,1,0,1,0,0,0,1,0,0,0,0,40
25364,PTVT-T_321032,PY-IT_321127,CF,0,18,2000,1.52956935,0.52,1.679946372,0.096026337,0.173387465,0.263548947,0.057274662,1.2,2.065612068,0.107483541,0.873003842,0.106593991,0.23450678,0.52915554,0.47084446,0.342105263,0.545454545,0.498055727,56.37384929,16.03516975,7.92884396,0.877119203,16.11.2023 18:06,A-1,1.26E-06,0.6,1.4,5.48,5.21,3.64,3.2,1.57,PTVT-T_321032,PY-IT_321127,CF,Jonas_DonorAcceptor-2bands-NoBG-ZnOCorr-NoInt_PTVT-T:PY-IT,Jonas_DonorAcceptor-2bands-NoBG-ZnOCorr-NoInt,25.10.2023 15:20,25364_188902_OD_x1y1,x1y1,0.012218945,0.6,1.4,2,5,0,1,0,0,0,0,0,0,0,1,57
25364,PTVT-T_321032,PY-IT_321127,CF,0,18,2000,1.530600346,0.52,1.67695924,0.091570556,0.185780057,0.282385687,0.058749571,1.2,2.067214627,0.110168814,0.827543444,0.122394544,0.269267998,0.511889424,0.488110576,0.342105263,0.545454545,0.551653684,55.96893525,15.63363731,7.66150008,0.875601976,16.11.2023 18:06,B-3,1.20E-06,1.4,0.6,5.48,5.21,3.64,3.2,1.57,PTVT-T_321032,PY-IT_321127,CF,Jonas_DonorAcceptor-2bands-NoBG-ZnOCorr-NoInt_PTVT-T:PY-IT,Jonas_DonorAcceptor-2bands-NoBG-ZnOCorr-NoInt,25.10.2023 15:20,25364_188902_OD_x3y2,x3y2,0.011661297,1.4,0.6,2,5,0,1,0,0,0,0,0,0,0,1,57
25364,PTVT-T_321032,PY-IT_321127,CF,0,18,2000,1.530896351,0.52,1.676901576,0.090764598,0.192245347,0.292212928,0.059389136,1.2,2.068294916,0.10985925,0.837375495,0.126808336,0.27897834,0.511585076,0.488414924,0.342105263,0.545454545,0.571191268,55.17077213,15.63901227,7.532592567,0.873023823,16.11.2023 18:06,B-1,1.29E-05,0.6,0.6,5.48,5.21,3.64,3.2,1.57,PTVT-T_321032,PY-IT_321127,CF,Jonas_DonorAcceptor-2bands-NoBG-ZnOCorr-NoInt_PTVT-T:PY-IT,Jonas_DonorAcceptor-2bands-NoBG-ZnOCorr-NoInt,25.10.2023 15:20,25364_188902_OD_x1y2,x1y2,0.011520809,0.6,0.6,2,5,0,1,0,0,0,0,0,0,0,1,57
25364,PTVT-T_321032,PY-IT_321127,CF,0,18,2000,1.530779459,0.52,1.677435917,0.091223807,0.188487619,0.28650118,0.059047882,1.2,2.068968451,0.110143016,0.833050356,0.123017059,0.27063753,0.514236715,0.485763285,0.342105263,0.545454545,0.557138711,55.417195,15.44173883,7.504832209,0.877001314,16.11.2023 18:06,A-2,1.41E-06,1,1.4,5.48,5.21,3.64,3.2,1.57,PTVT-T_321032,PY-IT_321127,CF,Jonas_DonorAcceptor-2bands-NoBG-ZnOCorr-NoInt_PTVT-T:PY-IT,Jonas_DonorAcceptor-2bands-NoBG-ZnOCorr-NoInt,25.10.2023 15:20,25364_188902_OD_x2y1,x2y1,0.011696694,1,1.4,2,5,0,1,0,0,0,0,0,0,0,1,57
25365,PTVT-T_321032,PY-IT_321127,CF,0,15.5,2000,1.53668467,0.269308752,1.70152407,0.06962929,0.212512638,0.269744151,0.063357385,1.010690567,2.08177544,0.100181138,0.817672301,0.097528637,0.196099911,0.579043875,0.420956125,0.212169617,0.502658432,0.465844062,54.85430391,18.79161591,8.858274607,0.859358356,16.11.2023 18:08,B-3,2.71E-06,1.4,0.6,5.48,5.21,3.64,3.2,1.57,PTVT-T_321032,PY-IT_321127,CF,Jonas_DonorAcceptor-2bands-NoBG-ZnOCorr-NoInt_PTVT-T:PY-IT,Jonas_DonorAcceptor-2bands-NoBG-ZnOCorr-NoInt,25.10.2023 15:26,25365_188905_OD_x3y2,x3y2,0.012592151,1.4,0.6,2,5,0,1,0,0,0,0,0,0,0,1,58
25365,PTVT-T_321032,PY-IT_321127,CF,0,15.5,2000,1.525354294,0.52,1.686493321,0.10311334,0.157738536,0.239762575,0.058458527,1.2,2.073126516,0.10195824,0.967401602,0.080769215,0.177692274,0.57434373,0.42565627,0.342105263,0.545454545,0.417454849,55.01328109,18.54209378,8.758984083,0.858672227,16.11.2023 18:08,B-1,9.15E-06,0.6,0.6,5.48,5.21,3.64,3.2,1.57,PTVT-T_321032,PY-IT_321127,CF,Jonas_DonorAcceptor-2bands-NoBG-ZnOCorr-NoInt_PTVT-T:PY-IT,Jonas_DonorAcceptor-2bands-NoBG-ZnOCorr-NoInt,25.10.2023 15:26,25365_188905_OD_x1y2,x1y2,0.011805566,0.6,0.6,2,5,0,1,0,0,0,0,0,0,0,1,58
25365,PTVT-T_321032,PY-IT_321127,CF,0,15.5,2000,1.528678454,0.52,1.683084863,0.100413762,0.169114088,0.257053413,0.057051636,1.2,2.069262397,0.10323889,0.937964397,0.09499671,0.208992761,0.551562114,0.448437886,0.342105263,0.545454545,0.466046174,55.72082649,17.86573136,8.611506519,0.865049154,16.11.2023 18:08,A-3,2.23E-06,1.4,1.4,5.48,5.21,3.64,3.2,1.57,PTVT-T_321032,PY-IT_321127,CF,Jonas_DonorAcceptor-2bands-NoBG-ZnOCorr-NoInt_PTVT-T:PY-IT,Jonas_DonorAcceptor-2bands-NoBG-ZnOCorr-NoInt,25.10.2023 15:26,25365_188905_OD_x3y1,x3y1,0.012818346,1.4,1.4,2,5,0,1,0,0,0,0,0,0,0,1,58
25365,PTVT-T_321032,PY-IT_321127,CF,0,15.5,2000,1.528834414,0.52,1.682285676,0.099674171,0.168871689,0.256684968,0.056827435,1.2,2.069042009,0.104387142,0.917019588,0.094582366,0.208081206,0.552288403,0.447711597,0.342105263,0.545454545,0.464766173,55.53109647,17.78036874,8.542989733,0.865232596,16.11.2023 18:08,A-1,5.53E-06,0.6,1.4,5.48,5.21,3.64,3.2,1.57,PTVT-T_321032,PY-IT_321127,CF,Jonas_DonorAcceptor-2bands-NoBG-ZnOCorr-NoInt_PTVT-T:PY-IT,Jonas_DonorAcceptor-2bands-NoBG-ZnOCorr-NoInt,25.10.2023 15:26,25365_188905_OD_x1y1,x1y1,0.013131845,0.6,1.4,2,5,0,1,0,0,0,0,0,0,0,1,58
25366,PTVT-T_321032,PY-IT_321127,CF,0,13,2000,1.526359283,0.52,1.68450053,0.107376182,0.1487734,0.226135568,0.056812094,1.2,2.073578782,0.100254731,0.944549976,0.073802871,0.162366316,0.582070711,0.417929289,0.342105263,0.545454545,0.388501884,55.80286379,19.0629177,9.099213182,0.85537781,16.11.2023 18:11,B-3,3.42E-06,1.4,0.6,5.48,5.21,3.64,3.2,1.57,PTVT-T_321032,PY-IT_321127,CF,Jonas_DonorAcceptor-2bands-NoBG-ZnOCorr-NoInt_PTVT-T:PY-IT,Jonas_DonorAcceptor-2bands-NoBG-ZnOCorr-NoInt,25.10.2023 15:32,25366_188910_OD_x3y2,x3y2,0.011740511,1.4,0.6,2,5,0,1,0,0,0,0,0,0,0,1,59
25366,PTVT-T_321032,PY-IT_321127,CF,0,13,2000,1.523143576,0.52,1.685354525,0.110194734,0.136161591,0.206965618,0.057066015,1.2,2.073432648,0.099604557,0.964864163,0.063582799,0.139882157,0.596704471,0.403295529,0.342105263,0.545454545,0.346847775,55.45374777,18.95602133,8.986435608,0.854888304,16.11.2023 18:11,B-2,4.32E-06,1,0.6,5.48,5.21,3.64,3.2,1.57,PTVT-T_321032,PY-IT_321127,CF,Jonas_DonorAcceptor-2bands-NoBG-ZnOCorr-NoInt_PTVT-T:PY-IT,Jonas_DonorAcceptor-2bands-NoBG-ZnOCorr-NoInt,25.10.2023 15:32,25366_188910_OD_x2y2,x2y2,0.010270621,1,0.6,2,5,0,1,0,0,0,0,0,0,0,1,59
25366,PTVT-T_321032,PY-IT_321127,CF,0,13,2000,1.523525144,0.52,1.684739575,0.108574311,0.136121901,0.20690529,0.057551283,1.2,2.073589861,0.09997031,0.971542359,0.064121251,0.141066753,0.5946032,0.4053968,0.342105263,0.545454545,0.347972043,55.33825981,18.56660067,8.741513886,0.850802499,16.11.2023 18:11,A-2,3.13E-06,1,1.4,5.48,5.21,3.64,3.2,1.57,PTVT-T_321032,PY-IT_321127,CF,Jonas_DonorAcceptor-2bands-NoBG-ZnOCorr-NoInt_PTVT-T:PY-IT,Jonas_DonorAcceptor-2bands-NoBG-ZnOCorr-NoInt,25.10.2023 15:32,25366_188910_OD_x2y1,x2y1,0.010665797,1,1.4,2,5,0,1,0,0,0,0,0,0,0,1,59
25367,PTVT-T_321032,PY-IT_321127,CF,0,13,1000,1.525951211,0.52,1.683970983,0.101574215,0.15975749,0.242831385,0.058458899,1.2,2.072856829,0.102607782,0.929146394,0.082932705,0.18245195,0.570987304,0.429012696,0.342105263,0.545454545,0.425283335,54.33472655,17.85654004,8.376811534,0.863383902,16.11.2023 18:14,A-2,2.65E-06,1,1.4,5.48,5.21,3.64,3.2,1.57,PTVT-T_321032,PY-IT_321127,CF,Jonas_DonorAcceptor-2bands-NoBG-ZnOCorr-NoInt_PTVT-T:PY-IT,Jonas_DonorAcceptor-2bands-NoBG-ZnOCorr-NoInt,25.10.2023 15:37,25367_188916_OD_x2y1,x2y1,0.012161794,1,1.4,2,5,0,1,0,0,0,0,0,0,0,1,60
25367,PTVT-T_321032,PY-IT_321127,CF,0,13,1000,1.528971879,0.52,1.681879709,0.097421899,0.174179203,0.264752388,0.058043447,1.2,2.070718493,0.105086894,0.906431015,0.098784118,0.217325059,0.54919057,0.45080943,0.342105263,0.545454545,0.482077447,55.16270359,17.46282979,8.340194172,0.865796842,16.11.2023 18:14,B-2,2.72E-06,1,0.6,5.48,5.21,3.64,3.2,1.57,PTVT-T_321032,PY-IT_321127,CF,Jonas_DonorAcceptor-2bands-NoBG-ZnOCorr-NoInt_PTVT-T:PY-IT,Jonas_DonorAcceptor-2bands-NoBG-ZnOCorr-NoInt,25.10.2023 15:37,25367_188916_OD_x2y2,x2y2,0.012545015,1,0.6,2,5,0,1,0,0,0,0,0,0,0,1,60
25367,PTVT-T_321032,PY-IT_321127,CF,0,13,1000,1.529349411,0.52,1.682114712,0.096937977,0.181639055,0.276091364,0.057900401,1.2,2.070251644,0.105233546,0.91461302,0.103141934,0.226912254,0.548885444,0.451114556,0.342105263,0.545454545,0.503003618,55.24373189,16.86442248,8.105640189,0.870027217,16.11.2023 18:14,A-1,1.47E-06,0.6,1.4,5.48,5.21,3.64,3.2,1.57,PTVT-T_321032,PY-IT_321127,CF,Jonas_DonorAcceptor-2bands-NoBG-ZnOCorr-NoInt_PTVT-T:PY-IT,Jonas_DonorAcceptor-2bands-NoBG-ZnOCorr-NoInt,25.10.2023 15:37,25367_188916_OD_x1y1,x1y1,0.012390483,0.6,1.4,2,5,0,1,0,0,0,0,0,0,0,1,60
25367,PTVT-T_321032,PY-IT_321127,CF,0,13,1000,1.529734284,0.52,1.679629494,0.094937438,0.181951794,0.276566726,0.058111794,1.2,2.067689189,0.107707522,0.880455868,0.109391202,0.240660644,0.534710153,0.465289847,0.342105263,0.545454545,0.51722737,54.46274293,16.26706864,7.698013754,0.868900153,16.11.2023 18:14,B-3,1.15E-05,1.4,0.6,5.48,5.21,3.64,3.2,1.57,PTVT-T_321032,PY-IT_321127,CF,Jonas_DonorAcceptor-2bands-NoBG-ZnOCorr-NoInt_PTVT-T:PY-IT,Jonas_DonorAcceptor-2bands-NoBG-ZnOCorr-NoInt,25.10.2023 15:37,25367_188916_OD_x3y2,x3y2,0.011706727,1.4,0.6,2,5,0,1,0,0,0,0,0,0,0,1,60
25368,PTVT-T_321032,PY-IT_321127,CF,2,13,1000,1.526121024,0.52,1.679681705,0.097595242,0.18277575,0.27781914,0.057303353,1.2,2.067321144,0.106198531,0.92017506,0.103930344,0.228646758,0.548544613,0.451455387,0.342105263,0.545454545,0.506465897,54.33520864,16.88105699,7.93870645,0.86550338,16.11.2023 18:16,B-3,2.62E-06,1.4,0.6,5.48,5.21,3.64,3.2,1.57,PTVT-T_321032,PY-IT_321127,CF,Jonas_DonorAcceptor-2bands-NoBG-ZnOCorr-NoInt_PTVT-T:PY-IT,Jonas_DonorAcceptor-2bands-NoBG-ZnOCorr-NoInt,25.10.2023 15:43,25368_188922_OD_x3y2,x3y2,0.011540736,1.4,0.6,2,5,0,1,0,0,0,0,0,0,0,1,61
25368,PTVT-T_321032,PY-IT_321127,CF,2,13,1000,1.525889398,0.52,1.679764871,0.097091143,0.183322174,0.278649704,0.057664556,1.2,2.067352133,0.106429855,0.9248931,0.104545342,0.229999752,0.547822671,0.452177329,0.342105263,0.545454545,0.508649456,53.87166398,16.97656965,7.89657884,0.863433005,16.11.2023 18:16,A-2,2.97E-06,1,1.4,5.48,5.21,3.64,3.2,1.57,PTVT-T_321032,PY-IT_321127,CF,Jonas_DonorAcceptor-2bands-NoBG-ZnOCorr-NoInt_PTVT-T:PY-IT,Jonas_DonorAcceptor-2bands-NoBG-ZnOCorr-NoInt,25.10.2023 15:43,25368_188922_OD_x2y1,x2y1,0.011794628,1,1.4,2,5,0,1,0,0,0,0,0,0,0,1,61
25368,PTVT-T_321032,PY-IT_321127,CF,2,13,1000,1.526149318,0.52,1.678140771,0.096942723,0.18002049,0.273631145,0.05704918,1.2,2.06521296,0.107828486,0.897579999,0.105712635,0.232567796,0.540560484,0.459439516,0.342105263,0.545454545,0.506198941,55.09498964,16.43554871,7.855373879,0.867502124,16.11.2023 18:16,B-1,2.37E-06,0.6,0.6,5.48,5.21,3.64,3.2,1.57,PTVT-T_321032,PY-IT_321127,CF,Jonas_DonorAcceptor-2bands-NoBG-ZnOCorr-NoInt_PTVT-T:PY-IT,Jonas_DonorAcceptor-2bands-NoBG-ZnOCorr-NoInt,25.10.2023 15:43,25368_188922_OD_x1y2,x1y2,0.012058187,0.6,0.6,2,5,0,1,0,0,0,0,0,0,0,1,61
25368,PTVT-T_321032,PY-IT_321127,CF,2,13,1000,1.527042968,0.52,1.67604416,0.093316211,0.190024484,0.288837216,0.058087567,1.2,2.065425677,0.109785946,0.869823354,0.118655036,0.261041079,0.525274808,0.474725192,0.342105263,0.545454545,0.549878295,54.16970059,16.57866709,7.769183994,0.865106074,16.11.2023 18:16,B-2,2.35E-06,1,0.6,5.48,5.21,3.64,3.2,1.57,PTVT-T_321032,PY-IT_321127,CF,Jonas_DonorAcceptor-2bands-NoBG-ZnOCorr-NoInt_PTVT-T:PY-IT,Jonas_DonorAcceptor-2bands-NoBG-ZnOCorr-NoInt,25.10.2023 15:43,25368_188922_OD_x2y2,x2y2,0.011456141,1,0.6,2,5,0,1,0,0,0,0,0,0,0,1,61
25369,PTVT-T_321032,PY-IT_321127,CF,0,13,3000,1.521795833,0.52,1.683232439,0.11012635,0.120087902,0.182533612,0.057160947,1.2,2.072165909,0.101690943,0.882801707,0.056557325,0.124426115,0.594650032,0.405349968,0.342105263,0.545454545,0.306959727,56.48848353,18.6240766,8.9692023,0.852548617,16.11.2023 18:19,B-1,6.28E-06,0.6,0.6,5.48,5.21,3.64,3.2,1.57,PTVT-T_321032,PY-IT_321127,CF,Jonas_DonorAcceptor-2bands-NoBG-ZnOCorr-NoInt_PTVT-T:PY-IT,Jonas_DonorAcceptor-2bands-NoBG-ZnOCorr-NoInt,25.10.2023 15:49,25369_188924_OD_x1y2,x1y2,0.00839308,0.6,0.6,2,5,0,1,0,0,0,0,0,0,0,1,62
25369,PTVT-T_321032,PY-IT_321127,CF,0,13,3000,1.521698,0.52,1.682668432,0.10946256,0.116951176,0.177765788,0.057617305,1.2,2.073333911,0.101950475,0.873634423,0.05482702,0.120619443,0.595759338,0.404240662,0.342105263,0.545454545,0.298385231,56.5137758,18.60814775,8.95143832,0.851207327,16.11.2023 18:19,B-3,2.53E-06,1.4,0.6,5.48,5.21,3.64,3.2,1.57,PTVT-T_321032,PY-IT_321127,CF,Jonas_DonorAcceptor-2bands-NoBG-ZnOCorr-NoInt_PTVT-T:PY-IT,Jonas_DonorAcceptor-2bands-NoBG-ZnOCorr-NoInt,25.10.2023 15:49,25369_188924_OD_x3y2,x3y2,0.00809374,1.4,0.6,2,5,0,1,0,0,0,0,0,0,0,1,62
25369,PTVT-T_321032,PY-IT_321127,CF,0,13,3000,1.52182816,0.52,1.683377642,0.11134241,0.120989403,0.183903892,0.056702081,1.2,2.07210244,0.101023098,0.892597359,0.056035415,0.123277913,0.598680941,0.401319059,0.342105263,0.545454545,0.307181805,56.49190664,18.39642373,8.875332262,0.854013987,16.11.2023 18:19,A-2,3.73E-06,1,1.4,5.48,5.21,3.64,3.2,1.57,PTVT-T_321032,PY-IT_321127,CF,Jonas_DonorAcceptor-2bands-NoBG-ZnOCorr-NoInt_PTVT-T:PY-IT,Jonas_DonorAcceptor-2bands-NoBG-ZnOCorr-NoInt,25.10.2023 15:49,25369_188924_OD_x2y1,x2y1,0.00857194,1,1.4,2,5,0,1,0,0,0,0,0,0,0,1,62
25369,PTVT-T_321032,PY-IT_321127,CF,0,13,3000,1.521317943,0.52,1.682852606,0.109960596,0.116699567,0.177383341,0.057370367,1.2,2.073201953,0.101178381,0.891437659,0.054035143,0.118877316,0.598740795,0.401259205,0.342105263,0.545454545,0.296260657,56.70394266,18.33138781,8.86750781,0.85308632,16.11.2023 18:19,A-3,2.00E-06,1.4,1.4,5.48,5.21,3.64,3.2,1.57,PTVT-T_321032,PY-IT_321127,CF,Jonas_DonorAcceptor-2bands-NoBG-ZnOCorr-NoInt_PTVT-T:PY-IT,Jonas_DonorAcceptor-2bands-NoBG-ZnOCorr-NoInt,25.10.2023 15:49,25369_188924_OD_x3y1,x3y1,0.008061055,1.4,1.4,2,5,0,1,0,0,0,0,0,0,0,1,62
25370,PTVT-T_321032,PY-IT_321127,CF,2,13,3000,1.518102253,0.52,1.682208186,0.111640716,0.124946283,0.189918351,0.056892742,1.2,2.069990319,0.101648646,0.918503641,0.057129847,0.125685663,0.601761519,0.398238481,0.342105263,0.545454545,0.315604014,55.24956791,18.83991189,8.753581197,0.840965174,16.11.2023 18:21,B-2,6.73E-06,1,0.6,5.48,5.21,3.64,3.2,1.57,PTVT-T_321032,PY-IT_321127,CF,Jonas_DonorAcceptor-2bands-NoBG-ZnOCorr-NoInt_PTVT-T:PY-IT,Jonas_DonorAcceptor-2bands-NoBG-ZnOCorr-NoInt,25.10.2023 15:55,25370_188941_OD_x2y2,x2y2,0.008573076,1,0.6,2,5,0,1,0,0,0,0,0,0,0,1,63
25370,PTVT-T_321032,PY-IT_321127,CF,2,13,3000,1.522150197,0.52,1.67,0.132418772,0.11955622,0.181725455,0.16,0.999029861,2.010910372,0.1215,0.941240535,0.066686799,0.133308903,0.576843288,0.423156712,0.342105263,0.499757348,0.315034358,55.32768449,18.71531407,8.719059524,0.842034775,16.11.2023 18:21,B-1,9.25E-06,0.6,0.6,5.48,5.21,3.64,3.2,1.57,PTVT-T_321032,PY-IT_321127,CF,Jonas_DonorAcceptor-2bands-NoBG-ZnOCorr-NoInt_PTVT-T:PY-IT,Jonas_DonorAcceptor-2bands-NoBG-ZnOCorr-NoInt,25.10.2023 15:55,25370_188941_OD_x1y2,x1y2,0.008450668,0.6,0.6,2,5,0,1,0,0,0,0,0,0,0,1,63
25370,PTVT-T_321032,PY-IT_321127,CF,2,13,3000,1.51820931,0.52,1.682509206,0.112919654,0.126438179,0.192186033,0.056243359,1.2,2.06903817,0.101823421,0.908763646,0.057586143,0.126689514,0.602699186,0.397300814,0.342105263,0.545454545,0.318875547,55.228876,18.52760284,8.594099461,0.83987555,16.11.2023 18:21,A-2,4.91E-06,1,1.4,5.48,5.21,3.64,3.2,1.57,PTVT-T_321032,PY-IT_321127,CF,Jonas_DonorAcceptor-2bands-NoBG-ZnOCorr-NoInt_PTVT-T:PY-IT,Jonas_DonorAcceptor-2bands-NoBG-ZnOCorr-NoInt,25.10.2023 15:55,25370_188941_OD_x2y1,x2y1,0.008709455,1,1.4,2,5,0,1,0,0,0,0,0,0,0,1,63
25370,PTVT-T_321032,PY-IT_321127,CF,2,13,3000,1.517366736,0.52,1.681376778,0.112735194,0.120014294,0.182421727,0.056293329,1.2,2.068629006,0.102342886,0.892812221,0.05493661,0.120860542,0.601491565,0.398508435,0.342105263,0.545454545,0.303282269,55.12338592,18.36585724,8.533580342,0.842915794,16.11.2023 18:21,A-3,3.11E-06,1.4,1.4,5.48,5.21,3.64,3.2,1.57,PTVT-T_321032,PY-IT_321127,CF,Jonas_DonorAcceptor-2bands-NoBG-ZnOCorr-NoInt_PTVT-T:PY-IT,Jonas_DonorAcceptor-2bands-NoBG-ZnOCorr-NoInt,25.10.2023 15:55,25370_188941_OD_x3y1,x3y1,0.008285435,1.4,1.4,2,5,0,1,0,0,0,0,0,0,0,1,63
25371,PTVT-T_321032,PY-IT_321127,CF,1,13,2000,1.525605703,0.52,1.67,0.131115404,0.140667565,0.213814698,0.16,1.074130661,2.011855854,0.1215,1.025979028,0.077662778,0.16108275,0.570328498,0.429671502,0.342105263,0.517870297,0.374897448,56.89748739,18.43923703,9.007515544,0.858556707,16.11.2023 18:24,B-3,2.79E-06,1.4,0.6,5.48,5.21,3.64,3.2,1.57,PTVT-T_321032,PY-IT_321127,CF,Jonas_DonorAcceptor-2bands-NoBG-ZnOCorr-NoInt_PTVT-T:PY-IT,Jonas_DonorAcceptor-2bands-NoBG-ZnOCorr-NoInt,25.10.2023 16:01,25371_188952_OD_x3y2,x3y2,0.010870998,1.4,0.6,2,5,0,1,0,0,0,0,0,0,0,1,64
25371,PTVT-T_321032,PY-IT_321127,CF,1,13,2000,1.527018949,0.52,1.67,0.13098063,0.143848609,0.218649885,0.159999999,1.176543999,2.010979167,0.1215,1.1,0.075625888,0.164603072,0.570510628,0.429489372,0.342105263,0.540556037,0.383252957,56.61151274,18.34686234,8.915306107,0.858360446,16.11.2023 18:24,A-1,9.22E-06,0.6,1.4,5.48,5.21,3.64,3.2,1.57,PTVT-T_321032,PY-IT_321127,CF,Jonas_DonorAcceptor-2bands-NoBG-ZnOCorr-NoInt_PTVT-T:PY-IT,Jonas_DonorAcceptor-2bands-NoBG-ZnOCorr-NoInt,25.10.2023 16:01,25371_188952_OD_x1y1,x1y1,0.011396552,0.6,1.4,2,5,0,1,0,0,0,0,0,0,0,1,64
25371,PTVT-T_321032,PY-IT_321127,CF,1,13,2000,1.526264743,0.52,1.67,0.131476344,0.142415713,0.216471884,0.16,1.176491586,2.010696071,0.1215,1.1,0.073366087,0.159680671,0.575489602,0.424510398,0.342105263,0.540544973,0.376152555,56.65754378,18.29254702,8.899261641,0.858661621,16.11.2023 18:24,B-2,4.48E-06,1,0.6,5.48,5.21,3.64,3.2,1.57,PTVT-T_321032,PY-IT_321127,CF,Jonas_DonorAcceptor-2bands-NoBG-ZnOCorr-NoInt_PTVT-T:PY-IT,Jonas_DonorAcceptor-2bands-NoBG-ZnOCorr-NoInt,25.10.2023 16:01,25371_188952_OD_x2y2,x2y2,0.01110869,1,0.6,2,5,0,1,0,0,0,0,0,0,0,1,64
25371,PTVT-T_321032,PY-IT_321127,CF,1,13,2000,1.525871326,0.52,1.67,0.132437546,0.141064457,0.214417975,0.16,1.134309829,2.011027065,0.1215,1.06694396,0.074920644,0.159903867,0.572817161,0.427182839,0.342105263,0.531464464,0.374321842,55.23398395,18.43540625,8.687021091,0.853123282,16.11.2023 18:24,B-1,2.83E-05,0.6,0.6,5.48,5.21,3.64,3.2,1.57,PTVT-T_321032,PY-IT_321127,CF,Jonas_DonorAcceptor-2bands-NoBG-ZnOCorr-NoInt_PTVT-T:PY-IT,Jonas_DonorAcceptor-2bands-NoBG-ZnOCorr-NoInt,25.10.2023 16:01,25371_188952_OD_x1y2,x1y2,0.010912897,0.6,0.6,2,5,0,1,0,0,0,0,0,0,0,1,64
25372,PTVT-T_321032,L8-BO_321144,CF,0,18,2000,1.536815616,0.825,1.683666444,0.096008314,0.282974386,0.516428254,0.071518828,0.827315668,2.076520537,0.100427742,0.7,0.221687165,0.40509243,0.560408749,0.439591251,0.452054795,0.452749179,0.921520684,62.792998,19.68584513,10.3521724,0.837464127,16.11.2023 17:38,A-1,2.18E-06,0.6,1.4,5.45,5.21,3.77,3.2,1.44,PTVT-T_321032,L8-BO_321144,CF,Jonas_DonorAcceptor-2bands-NoBG-ZnOCorr-NoInt_PTVT-T:L8-BO,Jonas_DonorAcceptor-2bands-NoBG-ZnOCorr-NoInt,25.10.2023 16:19,25372_188979_OD_x1y1,x1y1,0.02140308,0.6,1.4,2,4,0,1,0,0,0,0,0,0,1,0,65
25372,PTVT-T_321032,L8-BO_321144,CF,0,18,2000,1.535290801,0.825,1.681945951,0.095848811,0.290510869,0.530182336,0.071965619,0.802204011,2.077172983,0.099255924,0.7,0.231946555,0.418015012,0.559147668,0.440852332,0.452054795,0.445123863,0.948197348,62.86793728,19.53896813,10.26920401,0.835999362,16.11.2023 17:38,B-1,1.51E-06,0.6,0.6,5.45,5.21,3.77,3.2,1.44,PTVT-T_321032,L8-BO_321144,CF,Jonas_DonorAcceptor-2bands-NoBG-ZnOCorr-NoInt_PTVT-T:L8-BO,Jonas_DonorAcceptor-2bands-NoBG-ZnOCorr-NoInt,25.10.2023 16:19,25372_188979_OD_x1y2,x1y2,0.022036559,0.6,0.6,2,4,0,1,0,0,0,0,0,0,1,0,65
25372,PTVT-T_321032,L8-BO_321144,CF,0,18,2000,1.525728265,0.825,1.671353689,0.094215823,0.300425331,0.54827623,0.075484328,0.657790009,2.081713928,0.092329944,0.7,0.255365871,0.42334299,0.564291256,0.435708744,0.452054795,0.396787292,0.971619219,60.9919408,20.19425602,10.24708354,0.831955249,16.11.2023 17:38,B-3,2.34E-06,1.4,0.6,5.45,5.21,3.77,3.2,1.44,PTVT-T_321032,L8-BO_321144,CF,Jonas_DonorAcceptor-2bands-NoBG-ZnOCorr-NoInt_PTVT-T:L8-BO,Jonas_DonorAcceptor-2bands-NoBG-ZnOCorr-NoInt,25.10.2023 16:19,25372_188979_OD_x3y2,x3y2,0.028064359,1.4,0.6,2,4,0,1,0,0,0,0,0,0,1,0,65
25372,PTVT-T_321032,L8-BO_321144,CF,0,18,2000,1.548533601,0.768424928,1.698117657,0.097325941,0.300760675,0.531872675,0.070224099,0.756622433,2.080878991,0.094716588,0.700000001,0.233013291,0.409316375,0.565107164,0.434892836,0.434525049,0.430725703,0.94118905,61.32094482,19.74207453,10.14408521,0.837936799,16.11.2023 17:38,A-2,1.83E-06,1,1.4,5.45,5.21,3.77,3.2,1.44,PTVT-T_321032,L8-BO_321144,CF,Jonas_DonorAcceptor-2bands-NoBG-ZnOCorr-NoInt_PTVT-T:L8-BO,Jonas_DonorAcceptor-2bands-NoBG-ZnOCorr-NoInt,25.10.2023 16:19,25372_188979_OD_x2y1,x2y1,0.01366576,1,1.4,2,4,0,1,0,0,0,0,0,0,1,0,65
25373,PTVT-T_321032,L8-BO_321144,CF,0,15.5,2000,1.543319752,0.825,1.693407485,0.101257108,0.227000182,0.414275333,0.068748695,0.849966319,2.079365836,0.098644344,0.7,0.163158909,0.301838486,0.578504871,0.421495129,0.452054795,0.459449618,0.716113819,67.62032367,20.14288724,11.44865399,0.840534344,16.11.2023 17:41,A-1,2.67E-06,0.6,1.4,5.45,5.21,3.77,3.2,1.44,PTVT-T_321032,L8-BO_321144,CF,Jonas_DonorAcceptor-2bands-NoBG-ZnOCorr-NoInt_PTVT-T:L8-BO,Jonas_DonorAcceptor-2bands-NoBG-ZnOCorr-NoInt,25.10.2023 16:25,25373_188982_OD_x1y1,x1y1,0.011892444,0.6,1.4,2,4,0,1,0,0,0,0,0,0,1,0,66
25373,PTVT-T_321032,L8-BO_321144,CF,0,15.5,2000,1.53999995,0.825,1.689198897,0.099300099,0.229749706,0.419293214,0.069419314,0.830123255,2.078398727,0.098539781,0.7,0.16993532,0.31100258,0.574141625,0.425858375,0.452054795,0.453588715,0.730295795,68.05053739,19.97856899,11.40831673,0.839123016,16.11.2023 17:41,B-1,1.93E-06,0.6,0.6,5.45,5.21,3.77,3.2,1.44,PTVT-T_321032,L8-BO_321144,CF,Jonas_DonorAcceptor-2bands-NoBG-ZnOCorr-NoInt_PTVT-T:L8-BO,Jonas_DonorAcceptor-2bands-NoBG-ZnOCorr-NoInt,25.10.2023 16:25,25373_188982_OD_x1y2,x1y2,0.014309166,0.6,0.6,2,4,0,1,0,0,0,0,0,0,1,0,66
25373,PTVT-T_321032,L8-BO_321144,CF,0,15.5,2000,1.540400235,0.825,1.691903159,0.102070014,0.218885225,0.399465536,0.068005532,0.854870735,2.079847245,0.098090761,0.706440408,0.153020571,0.283833378,0.584613158,0.415386842,0.452054795,0.460878874,0.683298914,67.87483084,19.95989746,11.4014401,0.841574648,16.11.2023 17:41,A-3,1.36E-06,1.4,1.4,5.45,5.21,3.77,3.2,1.44,PTVT-T_321032,L8-BO_321144,CF,Jonas_DonorAcceptor-2bands-NoBG-ZnOCorr-NoInt_PTVT-T:L8-BO,Jonas_DonorAcceptor-2bands-NoBG-ZnOCorr-NoInt,25.10.2023 16:25,25373_188982_OD_x3y1,x3y1,0.01225182,1.4,1.4,2,4,0,1,0,0,0,0,0,0,1,0,66
25373,PTVT-T_321032,L8-BO_321144,CF,0,15.5,2000,1.550734657,0.825,1.70353071,0.103847922,0.236785001,0.432132628,0.0637783,1.2,2.074481176,0.106109529,0.840924005,0.132258916,0.290969615,0.597609304,0.402390696,0.452054795,0.545454545,0.723102242,65.59898365,20.47675328,11.26499785,0.838634848,16.11.2023 17:41,A-2,2.02E-06,1,1.4,5.45,5.21,3.77,3.2,1.44,PTVT-T_321032,L8-BO_321144,CF,Jonas_DonorAcceptor-2bands-NoBG-ZnOCorr-NoInt_PTVT-T:L8-BO,Jonas_DonorAcceptor-2bands-NoBG-ZnOCorr-NoInt,25.10.2023 16:25,25373_188982_OD_x2y1,x2y1,0.008235514,1,1.4,2,4,0,1,0,0,0,0,0,0,1,0,66
25374,PTVT-T_321032,L8-BO_321144,CF,0,13,2000,1.559228354,0.325,1.737276504,0.081753476,0.268696936,0.35602344,0.058741134,1.2,2.080876519,0.099876514,0.976839104,0.075073163,0.165160959,0.683104561,0.316895439,0.245283019,0.545454545,0.521184399,69.40330437,20.4268043,12.01541403,0.847536019,16.11.2023 17:43,A-1,5.41E-06,0.6,1.4,5.45,5.21,3.77,3.2,1.44,PTVT-T_321032,L8-BO_321144,CF,Jonas_DonorAcceptor-2bands-NoBG-ZnOCorr-NoInt_PTVT-T:L8-BO,Jonas_DonorAcceptor-2bands-NoBG-ZnOCorr-NoInt,25.10.2023 16:31,25374_188989_OD_x1y1,x1y1,0.00605898,0.6,1.4,2,4,0,1,0,0,0,0,0,0,1,0,67
25374,PTVT-T_321032,L8-BO_321144,CF,0,13,2000,1.559018097,0.325,1.738904035,0.08316752,0.262768982,0.348168901,0.058318006,1.2,2.081044431,0.098359494,1.010950547,0.070564298,0.155241455,0.691620458,0.308379542,0.245283019,0.545454545,0.503410356,69.69114167,20.33997966,12.01303725,0.847470775,16.11.2023 17:43,B-1,6.97E-06,0.6,0.6,5.45,5.21,3.77,3.2,1.44,PTVT-T_321032,L8-BO_321144,CF,Jonas_DonorAcceptor-2bands-NoBG-ZnOCorr-NoInt_PTVT-T:L8-BO,Jonas_DonorAcceptor-2bands-NoBG-ZnOCorr-NoInt,25.10.2023 16:31,25374_188989_OD_x1y2,x1y2,0.005826172,0.6,0.6,2,4,0,1,0,0,0,0,0,0,1,0,67
25374,PTVT-T_321032,L8-BO_321144,CF,0,13,2000,1.561084247,0.325,1.741394473,0.083797202,0.263531218,0.349178864,0.058205074,1.2,2.081456029,0.097082218,1.032185567,0.070133843,0.154294454,0.693539958,0.306460042,0.245283019,0.545454545,0.503473318,68.6043578,20.5801492,11.96086014,0.847153657,16.11.2023 17:43,B-3,2.36E-06,1.4,0.6,5.45,5.21,3.77,3.2,1.44,PTVT-T_321032,L8-BO_321144,CF,Jonas_DonorAcceptor-2bands-NoBG-ZnOCorr-NoInt_PTVT-T:L8-BO,Jonas_DonorAcceptor-2bands-NoBG-ZnOCorr-NoInt,25.10.2023 16:31,25374_188989_OD_x3y2,x3y2,0.006122544,1.4,0.6,2,4,0,1,0,0,0,0,0,0,1,0,67
25374,PTVT-T_321032,L8-BO_321144,CF,0,13,2000,1.561458137,0.325,1.739580106,0.08222906,0.269255654,0.356763742,0.059249677,1.2,2.082906374,0.098918501,0.968048734,0.07587184,0.166918048,0.681260545,0.318739455,0.245283019,0.545454545,0.52368179,68.17229366,20.65573233,11.9093288,0.845743722,16.11.2023 17:43,A-2,6.44E-06,1,1.4,5.45,5.21,3.77,3.2,1.44,PTVT-T_321032,L8-BO_321144,CF,Jonas_DonorAcceptor-2bands-NoBG-ZnOCorr-NoInt_PTVT-T:L8-BO,Jonas_DonorAcceptor-2bands-NoBG-ZnOCorr-NoInt,25.10.2023 16:31,25374_188989_OD_x2y1,x2y1,0.006643752,1,1.4,2,4,0,1,0,0,0,0,0,0,1,0,67
25375,PTVT-T_321032,L8-BO_321144,CF,0,13,1000,1.546616948,0.825,1.70027718,0.105327793,0.227752849,0.415648949,0.062533822,1.2,2.072642783,0.105774651,0.860586355,0.123833488,0.272433673,0.604068371,0.395931629,0.452054795,0.545454545,0.688082622,66.35271694,19.69548003,10.94833777,0.837766339,16.11.2023 17:46,B-2,3.59E-06,1,0.6,5.45,5.21,3.77,3.2,1.44,PTVT-T_321032,L8-BO_321144,CF,Jonas_DonorAcceptor-2bands-NoBG-ZnOCorr-NoInt_PTVT-T:L8-BO,Jonas_DonorAcceptor-2bands-NoBG-ZnOCorr-NoInt,25.10.2023 16:36,25375_188994_OD_x2y2,x2y2,0.009099152,1,0.6,2,4,0,1,0,0,0,0,0,0,1,0,68
25375,PTVT-T_321032,L8-BO_321144,CF,0,13,1000,1.549669935,0.825,1.702139005,0.104531023,0.234810767,0.42852965,0.063040534,1.2,2.073363115,0.106380847,0.840583777,0.131770438,0.289894964,0.5964852,0.4035148,0.452054795,0.545454545,0.718424615,66.23803243,19.45169875,10.79217204,0.837613949,16.11.2023 17:46,B-3,3.11E-06,1.4,0.6,5.45,5.21,3.77,3.2,1.44,PTVT-T_321032,L8-BO_321144,CF,Jonas_DonorAcceptor-2bands-NoBG-ZnOCorr-NoInt_PTVT-T:L8-BO,Jonas_DonorAcceptor-2bands-NoBG-ZnOCorr-NoInt,25.10.2023 16:36,25375_188994_OD_x3y2,x3y2,0.008357801,1.4,0.6,2,4,0,1,0,0,0,0,0,0,1,0,68
25375,PTVT-T_321032,L8-BO_321144,CF,0,13,1000,1.552691562,0.770197827,1.710787763,0.104382619,0.375424033,0.664574807,0.061371863,1.2,2.069457858,0.099974207,1.090096247,0.191381094,0.421038407,0.612165363,0.387834637,0.435091387,0.545454545,1.085613214,63.49772473,20.10500362,10.58445486,0.829098588,16.11.2023 17:46,A-3,2.05E-06,1.4,1.4,5.45,5.21,3.77,3.2,1.44,PTVT-T_321032,L8-BO_321144,CF,Jonas_DonorAcceptor-2bands-NoBG-ZnOCorr-NoInt_PTVT-T:L8-BO,Jonas_DonorAcceptor-2bands-NoBG-ZnOCorr-NoInt,25.10.2023 16:36,25375_188994_OD_x3y1,x3y1,0.010983663,1.4,1.4,2,4,0,1,0,0,0,0,0,0,1,0,68
25376,PTVT-T_321032,L8-BO_321144,CF,2,13,1000,1.542768394,0.825,1.700937237,0.10837654,0.223452353,0.407800544,0.059940186,1.2,2.069111158,0.105167174,0.856025018,0.123212415,0.271067313,0.600706808,0.399293192,0.452054795,0.545454545,0.678867857,65.49610737,20.65537624,11.17725828,0.826202847,16.11.2023 17:49,A-2,4.70E-06,1,1.4,5.45,5.21,3.77,3.2,1.44,PTVT-T_321032,L8-BO_321144,CF,Jonas_DonorAcceptor-2bands-NoBG-ZnOCorr-NoInt_PTVT-T:L8-BO,Jonas_DonorAcceptor-2bands-NoBG-ZnOCorr-NoInt,25.10.2023 16:42,25376_188999_OD_x2y1,x2y1,0.007444284,1,1.4,2,4,0,1,0,0,0,0,0,0,1,0,69
25376,PTVT-T_321032,L8-BO_321144,CF,2,13,1000,1.537418843,0.825,1.692867479,0.102722454,0.286359033,0.522605235,0.063098538,0.84545904,2.081322563,0.094717835,0.7,0.246440838,0.454796472,0.534688277,0.465311723,0.452054795,0.458129398,0.977401708,63.70604656,21.04093193,11.00246056,0.82081294,16.11.2023 17:49,B-2,3.89E-06,1,0.6,5.45,5.21,3.77,3.2,1.44,PTVT-T_321032,L8-BO_321144,CF,Jonas_DonorAcceptor-2bands-NoBG-ZnOCorr-NoInt_PTVT-T:L8-BO,Jonas_DonorAcceptor-2bands-NoBG-ZnOCorr-NoInt,25.10.2023 16:42,25376_188999_OD_x2y2,x2y2,0.02074544,1,0.6,2,4,0,1,0,0,0,0,0,0,1,0,69
25376,PTVT-T_321032,L8-BO_321144,CF,2,13,1000,1.534627667,0.825,1.683323511,0.099774392,0.242876173,0.443249016,0.067917128,0.800742571,2.071834476,0.098643882,0.7,0.194728217,0.35065539,0.55831535,0.44168465,0.452054795,0.444673538,0.793904406,65.31134793,20.31340953,10.96417057,0.826426647,16.11.2023 17:49,A-1,3.71E-06,0.6,1.4,5.45,5.21,3.77,3.2,1.44,PTVT-T_321032,L8-BO_321144,CF,Jonas_DonorAcceptor-2bands-NoBG-ZnOCorr-NoInt_PTVT-T:L8-BO,Jonas_DonorAcceptor-2bands-NoBG-ZnOCorr-NoInt,25.10.2023 16:42,25376_188999_OD_x1y1,x1y1,0.015182846,0.6,1.4,2,4,0,1,0,0,0,0,0,0,1,0,69
25376,PTVT-T_321032,L8-BO_321144,CF,2,13,1000,1.523673776,0.825,1.669957548,0.096609769,0.23341948,0.425990551,0.071149848,0.690193023,2.074164281,0.093781974,0.7,0.193628595,0.3272697,0.565529046,0.434470954,0.452054795,0.408351599,0.753260251,65.66253978,19.96969338,10.82943664,0.825879699,16.11.2023 17:49,B-1,6.02E-06,0.6,0.6,5.45,5.21,3.77,3.2,1.44,PTVT-T_321032,L8-BO_321144,CF,Jonas_DonorAcceptor-2bands-NoBG-ZnOCorr-NoInt_PTVT-T:L8-BO,Jonas_DonorAcceptor-2bands-NoBG-ZnOCorr-NoInt,25.10.2023 16:42,25376_188999_OD_x1y2,x1y2,0.024384734,0.6,0.6,2,4,0,1,0,0,0,0,0,0,1,0,69
25377,PTVT-T_321032,L8-BO_321144,CF,0,13,3000,1.556334667,0.325,1.740049174,0.08575924,0.234635564,0.310892123,0.05794233,1.2,2.081993256,0.096810244,1.050123054,0.057934669,0.127456271,0.709235227,0.290764773,0.245283019,0.545454545,0.438348394,68.88243336,19.60410313,11.44483166,0.847527795,16.11.2023 17:51,B-2,2.64E-05,1,0.6,5.45,5.21,3.77,3.2,1.44,PTVT-T_321032,L8-BO_321144,CF,Jonas_DonorAcceptor-2bands-NoBG-ZnOCorr-NoInt_PTVT-T:L8-BO,Jonas_DonorAcceptor-2bands-NoBG-ZnOCorr-NoInt,25.10.2023 16:48,25377_189000_OD_x2y2,x2y2,0.004587608,1,0.6,2,4,0,1,0,0,0,0,0,0,1,0,70
25377,PTVT-T_321032,L8-BO_321144,CF,0,13,3000,1.555509207,0.325,1.739308376,0.085819934,0.226871302,0.300604476,0.058283561,1.2,2.082333218,0.097218237,1.030846379,0.055598502,0.122316704,0.710781322,0.289218678,0.245283019,0.545454545,0.42292118,69.64868084,19.29900876,11.4072913,0.84866176,16.11.2023 17:51,B-3,5.39E-06,1.4,0.6,5.45,5.21,3.77,3.2,1.44,PTVT-T_321032,L8-BO_321144,CF,Jonas_DonorAcceptor-2bands-NoBG-ZnOCorr-NoInt_PTVT-T:L8-BO,Jonas_DonorAcceptor-2bands-NoBG-ZnOCorr-NoInt,25.10.2023 16:48,25377_189000_OD_x3y2,x3y2,0.004101107,1.4,0.6,2,4,0,1,0,0,0,0,0,0,1,0,70
25377,PTVT-T_321032,L8-BO_321144,CF,0,13,3000,1.560662943,0.325,1.742671888,0.085279594,0.252573222,0.33465952,0.05831476,1.2,2.082662655,0.095995863,1.067821981,0.064480685,0.141857506,0.702303383,0.297696617,0.245283019,0.545454545,0.476517026,69.72608794,19.19951328,11.36335865,0.848830929,16.11.2023 17:51,A-1,5.39E-06,0.6,1.4,5.45,5.21,3.77,3.2,1.44,PTVT-T_321032,L8-BO_321144,CF,Jonas_DonorAcceptor-2bands-NoBG-ZnOCorr-NoInt_PTVT-T:L8-BO,Jonas_DonorAcceptor-2bands-NoBG-ZnOCorr-NoInt,25.10.2023 16:48,25377_189000_OD_x1y1,x1y1,0.008539654,0.6,1.4,2,4,0,1,0,0,0,0,0,0,1,0,70
25377,PTVT-T_321032,L8-BO_321144,CF,0,13,3000,1.555376722,0.325,1.739784254,0.086197291,0.22256188,0.294894491,0.058115305,1.2,2.08240896,0.097102753,1.035230609,0.054370343,0.119614755,0.711430429,0.288569571,0.245283019,0.545454545,0.414509246,69.99414047,19.10212451,11.34823237,0.848759921,16.11.2023 17:51,B-1,4.89E-06,0.6,0.6,5.45,5.21,3.77,3.2,1.44,PTVT-T_321032,L8-BO_321144,CF,Jonas_DonorAcceptor-2bands-NoBG-ZnOCorr-NoInt_PTVT-T:L8-BO,Jonas_DonorAcceptor-2bands-NoBG-ZnOCorr-NoInt,25.10.2023 16:48,25377_189000_OD_x1y2,x1y2,0.004206175,0.6,0.6,2,4,0,1,0,0,0,0,0,0,1,0,70
25378,PTVT-T_321032,L8-BO_321144,CF,2,13,3000,1.545908853,0.325,1.730355647,0.083437117,0.22549663,0.298783035,0.057397944,1.2,2.077715784,0.104911346,0.885103279,0.061622313,0.135569089,0.687882062,0.312117938,0.245283019,0.545454545,0.434352125,68.65177227,20.13265779,11.47193485,0.830010922,16.11.2023 17:54,A-1,7.61E-06,0.6,1.4,5.45,5.21,3.77,3.2,1.44,PTVT-T_321032,L8-BO_321144,CF,Jonas_DonorAcceptor-2bands-NoBG-ZnOCorr-NoInt_PTVT-T:L8-BO,Jonas_DonorAcceptor-2bands-NoBG-ZnOCorr-NoInt,25.10.2023 16:54,25378_189010_OD_x1y1,x1y1,0.003652192,0.6,1.4,2,4,0,1,0,0,0,0,0,0,1,0,71
25378,PTVT-T_321032,L8-BO_321144,CF,2,13,3000,1.546032572,0.325,1.730494063,0.083509463,0.226933535,0.300686933,0.057389727,1.2,2.077832701,0.104631347,0.887511126,0.061320854,0.13490588,0.690293605,0.309706395,0.245283019,0.545454545,0.435592813,67.93916912,20.22940883,11.40756198,0.830021638,16.11.2023 17:54,A-2,7.98E-06,1,1.4,5.45,5.21,3.77,3.2,1.44,PTVT-T_321032,L8-BO_321144,CF,Jonas_DonorAcceptor-2bands-NoBG-ZnOCorr-NoInt_PTVT-T:L8-BO,Jonas_DonorAcceptor-2bands-NoBG-ZnOCorr-NoInt,25.10.2023 16:54,25378_189010_OD_x2y1,x2y1,0.003678126,1,1.4,2,4,0,1,0,0,0,0,0,0,1,0,71
25378,PTVT-T_321032,L8-BO_321144,CF,2,13,3000,1.545171612,0.325,1.729646742,0.083425997,0.220922504,0.292722318,0.057442789,1.2,2.078122516,0.105274734,0.873437697,0.05968947,0.131316835,0.69031908,0.30968092,0.245283019,0.545454545,0.424039153,68.1342078,20.0741822,11.33475352,0.828722267,16.11.2023 17:54,B-3,9.20E-06,1.4,0.6,5.45,5.21,3.77,3.2,1.44,PTVT-T_321032,L8-BO_321144,CF,Jonas_DonorAcceptor-2bands-NoBG-ZnOCorr-NoInt_PTVT-T:L8-BO,Jonas_DonorAcceptor-2bands-NoBG-ZnOCorr-NoInt,25.10.2023 16:54,25378_189010_OD_x3y2,x3y2,0.003418271,1.4,0.6,2,4,0,1,0,0,0,0,0,0,1,0,71
25378,PTVT-T_321032,L8-BO_321144,CF,2,13,3000,1.545987146,0.325,1.730462589,0.083457995,0.224669872,0.29768758,0.057387016,1.2,2.077692963,0.104818583,0.886032159,0.060857996,0.13388759,0.689769941,0.310230059,0.245283019,0.545454545,0.431575171,67.92500144,20.08468016,11.30493266,0.828654328,16.11.2023 17:54,B-2,7.91E-06,1,0.6,5.45,5.21,3.77,3.2,1.44,PTVT-T_321032,L8-BO_321144,CF,Jonas_DonorAcceptor-2bands-NoBG-ZnOCorr-NoInt_PTVT-T:L8-BO,Jonas_DonorAcceptor-2bands-NoBG-ZnOCorr-NoInt,25.10.2023 16:54,25378_189010_OD_x2y2,x2y2,0.008255633,1,0.6,2,4,0,1,0,0,0,0,0,0,1,0,71
25379,PTVT-T_321032,L8-BO_321144,CF,1,13,2000,1.550117984,0.325,1.732567453,0.082664951,0.251284632,0.332952138,0.057369984,1.2,2.076945775,0.103150165,0.92225988,0.071012691,0.156227921,0.680633096,0.319366904,0.245283019,0.545454545,0.489180059,69.18930122,20.76195456,11.94930565,0.831831743,16.11.2023 17:56,A-1,4.63E-06,0.6,1.4,5.45,5.21,3.77,3.2,1.44,PTVT-T_321032,L8-BO_321144,CF,Jonas_DonorAcceptor-2bands-NoBG-ZnOCorr-NoInt_PTVT-T:L8-BO,Jonas_DonorAcceptor-2bands-NoBG-ZnOCorr-NoInt,25.10.2023 16:59,25379_189015_OD_x1y1,x1y1,0.005311,0.6,1.4,2,4,0,1,0,0,0,0,0,0,1,0,72
25379,PTVT-T_321032,L8-BO_321144,CF,1,13,2000,1.548274172,0.325,1.727017168,0.079607528,0.244663188,0.324178724,0.058389057,1.199999999,2.078119028,0.107265234,0.808665337,0.074648042,0.164225692,0.6637506,0.3362494,0.245283019,0.545454545,0.488404415,68.59526917,20.49547528,11.68143541,0.830890997,16.11.2023 17:56,A-2,1.52E-05,1,1.4,5.45,5.21,3.77,3.2,1.44,PTVT-T_321032,L8-BO_321144,CF,Jonas_DonorAcceptor-2bands-NoBG-ZnOCorr-NoInt_PTVT-T:L8-BO,Jonas_DonorAcceptor-2bands-NoBG-ZnOCorr-NoInt,25.10.2023 16:59,25379_189015_OD_x2y1,x2y1,0.006399664,1,1.4,2,4,0,1,0,0,0,0,0,0,1,0,72
25379,PTVT-T_321032,L8-BO_321144,CF,1,13,2000,1.548839873,0.325,1.729097585,0.08084673,0.255571576,0.338632339,0.058152461,1.199999994,2.077160809,0.105668742,0.875923222,0.075274562,0.165604035,0.671574595,0.328425405,0.245283019,0.545454544,0.504236374,69.90200542,19.93204799,11.59952939,0.832527926,16.11.2023 17:56,B-3,2.79E-06,1.4,0.6,5.45,5.21,3.77,3.2,1.44,PTVT-T_321032,L8-BO_321144,CF,Jonas_DonorAcceptor-2bands-NoBG-ZnOCorr-NoInt_PTVT-T:L8-BO,Jonas_DonorAcceptor-2bands-NoBG-ZnOCorr-NoInt,25.10.2023 16:59,25379_189015_OD_x3y2,x3y2,0.005275231,1.4,0.6,2,4,0,1,0,0,0,0,0,0,1,0,72
25379,PTVT-T_321032,L8-BO_321144,CF,1,13,2000,1.549208907,0.325,1.727853982,0.079788012,0.259186343,0.343421905,0.058444053,1.199999984,2.077304064,0.106904549,0.841947676,0.078264755,0.172182461,0.666057016,0.333942984,0.245283019,0.545454542,0.515604366,69.20661441,20.10536118,11.57862167,0.832141881,16.11.2023 17:56,B-2,9.56E-06,1,0.6,5.45,5.21,3.77,3.2,1.44,PTVT-T_321032,L8-BO_321144,CF,Jonas_DonorAcceptor-2bands-NoBG-ZnOCorr-NoInt_PTVT-T:L8-BO,Jonas_DonorAcceptor-2bands-NoBG-ZnOCorr-NoInt,25.10.2023 16:59,25379_189015_OD_x2y2,x2y2,0.005342422,1,0.6,2,4,0,1,0,0,0,0,0,0,1,0,72
25388,PTQ10_321145,ITIC_120057,xylene,0,30,2000,1.786034552,0.2,1.97,0.085,0.270448316,0.324537979,0.065653785,0.939544043,2.220316026,0.093782318,1,0.077827573,0.150950006,0.682536656,0.317463344,0.166666667,0.484414905,0.475487985,58.99711192,15.21630602,9.170203109,1.021501406,08.11.2023 18:07,B-1,9.34E-07,0.6,0.6,5.45,5.34,3.81,3.64,1.53,PTQ10_321145,ITIC_120057,xylene,Jonas_DonorAcceptor-2bands-NoBG-ZnOCorr-NoInt_PTQ10:ITIC,Jonas_DonorAcceptor-2bands-NoBG-ZnOCorr-NoInt,26.10.2023 12:27,25388_189235_OD_x1y2,x1y2,0.010962042,0.6,0.6,3,2,0,0,1,0,0,0,1,0,0,0,73
25388,PTQ10_321145,ITIC_120057,xylene,0,30,2000,1.787569571,0.2,1.97,0.075649878,0.271154036,0.325384843,0.063940935,0.914501937,2.222401195,0.09128528,1,0.078428665,0.150151831,0.684247631,0.315752369,0.166666667,0.477670938,0.475536674,57.93271929,15.38411466,9.081451125,1.018963969,08.11.2023 18:07,B-3,2.28E-06,1.4,0.6,5.45,5.34,3.81,3.64,1.53,PTQ10_321145,ITIC_120057,xylene,Jonas_DonorAcceptor-2bands-NoBG-ZnOCorr-NoInt_PTQ10:ITIC,Jonas_DonorAcceptor-2bands-NoBG-ZnOCorr-NoInt,26.10.2023 12:27,25388_189235_OD_x3y2,x3y2,0.009891037,1.4,0.6,3,2,0,0,1,0,0,0,1,0,0,0,73
25388,PTQ10_321145,ITIC_120057,xylene,0,30,2000,1.787385223,0.2,1.97,0.076857608,0.269558802,0.323470562,0.064174279,0.933444542,2.221628262,0.092206932,1,0.077310019,0.149474635,0.683949355,0.316050645,0.166666667,0.482788372,0.472945197,57.93797615,15.29648761,9.037858833,1.019789448,08.11.2023 18:07,B-2,7.25E-07,1,0.6,5.45,5.34,3.81,3.64,1.53,PTQ10_321145,ITIC_120057,xylene,Jonas_DonorAcceptor-2bands-NoBG-ZnOCorr-NoInt_PTQ10:ITIC,Jonas_DonorAcceptor-2bands-NoBG-ZnOCorr-NoInt,26.10.2023 12:27,25388_189235_OD_x2y2,x2y2,0.009940903,1,0.6,3,2,0,0,1,0,0,0,1,0,0,0,73
25388,PTQ10_321145,ITIC_120057,xylene,0,30,2000,1.786139345,0.2,1.97,0.078333104,0.263737952,0.316485543,0.064552033,0.937924394,2.22193226,0.09232041,1,0.074189954,0.143774522,0.687623297,0.312376703,0.166666667,0.483983997,0.460260064,57.11710728,15.30831769,8.892655017,1.01703939,08.11.2023 18:07,A-3,2.51E-06,1.4,1.4,5.45,5.34,3.81,3.64,1.53,PTQ10_321145,ITIC_120057,xylene,Jonas_DonorAcceptor-2bands-NoBG-ZnOCorr-NoInt_PTQ10:ITIC,Jonas_DonorAcceptor-2bands-NoBG-ZnOCorr-NoInt,26.10.2023 12:27,25388_189235_OD_x3y1,x3y1,0.009421787,1.4,1.4,3,2,0,0,1,0,0,0,1,0,0,0,73
25389,PTQ10_321145,ITIC_120057,xylene,0,28,2000,1.786636678,0.2,1.97,0.078092595,0.259203549,0.311044259,0.063923813,0.959881798,2.22098839,0.093174607,1,0.072306037,0.141711285,0.687002651,0.312997349,0.166666667,0.489765147,0.452755545,58.09523635,15.92495669,9.350581633,1.010694363,08.11.2023 18:09,A-1,1.03E-06,0.6,1.4,5.45,5.34,3.81,3.64,1.53,PTQ10_321145,ITIC_120057,xylene,Jonas_DonorAcceptor-2bands-NoBG-ZnOCorr-NoInt_PTQ10:ITIC,Jonas_DonorAcceptor-2bands-NoBG-ZnOCorr-NoInt,26.10.2023 12:33,25389_189240_OD_x1y1,x1y1,0.009121905,0.6,1.4,3,2,0,0,1,0,0,0,1,0,0,0,74
25389,PTQ10_321145,ITIC_120057,xylene,0,28,2000,1.786536395,0.2,1.97,0.077871709,0.259859189,0.311831026,0.063885844,0.956917869,2.221398837,0.092874952,1,0.072663892,0.14219727,0.686809675,0.313190325,0.166666667,0.488992351,0.454028296,58.35967233,15.73934121,9.278250753,1.010105441,08.11.2023 18:09,B-3,2.10E-06,1.4,0.6,5.45,5.34,3.81,3.64,1.53,PTQ10_321145,ITIC_120057,xylene,Jonas_DonorAcceptor-2bands-NoBG-ZnOCorr-NoInt_PTQ10:ITIC,Jonas_DonorAcceptor-2bands-NoBG-ZnOCorr-NoInt,26.10.2023 12:33,25389_189240_OD_x3y2,x3y2,0.009111766,1.4,0.6,3,2,0,0,1,0,0,0,1,0,0,0,74
25389,PTQ10_321145,ITIC_120057,xylene,0,28,2000,1.78693656,0.2,1.97,0.077669623,0.263051409,0.315661691,0.064004365,0.946332139,2.221317459,0.092651276,1,0.075221803,0.146406612,0.683149415,0.316850585,0.166666667,0.486213077,0.462068303,57.91321844,15.82721823,9.25970976,1.010217954,08.11.2023 18:09,B-1,1.22E-06,0.6,0.6,5.45,5.34,3.81,3.64,1.53,PTQ10_321145,ITIC_120057,xylene,Jonas_DonorAcceptor-2bands-NoBG-ZnOCorr-NoInt_PTQ10:ITIC,Jonas_DonorAcceptor-2bands-NoBG-ZnOCorr-NoInt,26.10.2023 12:33,25389_189240_OD_x1y2,x1y2,0.009519562,0.6,0.6,3,2,0,0,1,0,0,0,1,0,0,0,74
25389,PTQ10_321145,ITIC_120057,xylene,0,28,2000,1.786093116,0.2,1.97,0.079734517,0.258332108,0.309998529,0.064249388,0.967874413,2.220818942,0.093608662,1,0.07185943,0.141410334,0.686735584,0.313264416,0.166666667,0.491837491,0.451408863,57.88272789,15.78730413,9.226043232,1.009621335,08.11.2023 18:09,B-2,1.90E-06,1,0.6,5.45,5.34,3.81,3.64,1.53,PTQ10_321145,ITIC_120057,xylene,Jonas_DonorAcceptor-2bands-NoBG-ZnOCorr-NoInt_PTQ10:ITIC,Jonas_DonorAcceptor-2bands-NoBG-ZnOCorr-NoInt,26.10.2023 12:33,25389_189240_OD_x2y2,x2y2,0.009266356,1,0.6,3,2,0,0,1,0,0,0,1,0,0,0,74
25390,PTQ10_321145,ITIC_120057,xylene,0,26,2000,1.784717154,0.2,1.97,0.078695813,0.245680595,0.294816714,0.063473154,0.992844318,2.2211115,0.093796744,1,0.064838875,0.129213783,0.69527243,0.30472757,0.166666667,0.498204656,0.424030498,57.7004004,16.30767248,9.456308531,1.004964744,08.11.2023 18:12,B-1,7.29E-06,0.6,0.6,5.45,5.34,3.81,3.64,1.53,PTQ10_321145,ITIC_120057,xylene,Jonas_DonorAcceptor-2bands-NoBG-ZnOCorr-NoInt_PTQ10:ITIC,Jonas_DonorAcceptor-2bands-NoBG-ZnOCorr-NoInt,26.10.2023 12:38,25390_189269_OD_x1y2,x1y2,0.007808587,0.6,0.6,3,2,0,0,1,0,0,0,1,0,0,0,75
25390,PTQ10_321145,ITIC_120057,xylene,0,26,2000,1.78464485,0.2,1.97,0.077759158,0.243788261,0.292545913,0.062999313,0.999359486,2.221191585,0.09382648,1,0.063708576,0.127376345,0.696666841,0.303333159,0.166666667,0.49983982,0.419922258,57.04339722,16.24902176,9.285419933,1.001772135,08.11.2023 18:12,A-1,6.43E-06,0.6,1.4,5.45,5.34,3.81,3.64,1.53,PTQ10_321145,ITIC_120057,xylene,Jonas_DonorAcceptor-2bands-NoBG-ZnOCorr-NoInt_PTQ10:ITIC,Jonas_DonorAcceptor-2bands-NoBG-ZnOCorr-NoInt,26.10.2023 12:38,25390_189269_OD_x1y1,x1y1,0.007593314,0.6,1.4,3,2,0,0,1,0,0,0,1,0,0,0,75
25390,PTQ10_321145,ITIC_120057,xylene,0,26,2000,1.785563963,0.2,1.97,0.07819579,0.248615844,0.298339013,0.063393808,0.984300401,2.220913787,0.093695223,1,0.067363875,0.133670164,0.690584898,0.309415102,0.166666667,0.496044047,0.432009176,56.78032467,16.08202088,9.151171683,1.002162643,08.11.2023 18:12,B-2,5.16E-06,1,0.6,5.45,5.34,3.81,3.64,1.53,PTQ10_321145,ITIC_120057,xylene,Jonas_DonorAcceptor-2bands-NoBG-ZnOCorr-NoInt_PTQ10:ITIC,Jonas_DonorAcceptor-2bands-NoBG-ZnOCorr-NoInt,26.10.2023 12:38,25390_189269_OD_x2y2,x2y2,0.008146353,1,0.6,3,2,0,0,1,0,0,0,1,0,0,0,75
25390,PTQ10_321145,ITIC_120057,xylene,0,26,2000,1.785829481,0.2,1.97,0.077766005,0.24793915,0.29752698,0.063105083,0.990942329,2.220585476,0.09384838,1,0.067043756,0.133480252,0.690306236,0.309693764,0.166666667,0.49772528,0.431007232,56.37353095,16.11511216,9.089969912,1.000584741,08.11.2023 18:12,A-2,4.82E-06,1,1.4,5.45,5.34,3.81,3.64,1.53,PTQ10_321145,ITIC_120057,xylene,Jonas_DonorAcceptor-2bands-NoBG-ZnOCorr-NoInt_PTQ10:ITIC,Jonas_DonorAcceptor-2bands-NoBG-ZnOCorr-NoInt,26.10.2023 12:38,25390_189269_OD_x2y1,x2y1,0.007958843,1,1.4,3,2,0,0,1,0,0,0,1,0,0,0,75
25391,PTQ10_321145,ITIC_120057,xylene,0,26,1000,1.788402797,0.2,1.94514748,0.060668791,0.305769608,0.366923529,0.054194784,1.086,2.204434709,0.104382779,0.968487612,0.111819289,0.233255037,0.611357269,0.388642731,0.166666667,0.520613615,0.600178567,53.98992893,15.39305811,8.367749393,1.006864434,08.11.2023 18:14,A-3,1.06E-06,1.4,1.4,5.45,5.34,3.81,3.64,1.53,PTQ10_321145,ITIC_120057,xylene,Jonas_DonorAcceptor-2bands-NoBG-ZnOCorr-NoInt_PTQ10:ITIC,Jonas_DonorAcceptor-2bands-NoBG-ZnOCorr-NoInt,26.10.2023 12:44,25391_189274_OD_x3y1,x3y1,0.008619884,1.4,1.4,3,2,0,0,1,0,0,0,1,0,0,0,76
25391,PTQ10_321145,ITIC_120057,xylene,0,26,1000,1.788935384,0.2,1.947449762,0.061062921,0.310151662,0.372181994,0.053993263,1.086,2.204254824,0.103191095,1,0.110465468,0.230430966,0.617613657,0.382386343,0.166666667,0.520613615,0.60261296,53.85773981,15.39483927,8.356601227,1.007874356,08.11.2023 18:14,B-2,2.10E-06,1,0.6,5.45,5.34,3.81,3.64,1.53,PTQ10_321145,ITIC_120057,xylene,Jonas_DonorAcceptor-2bands-NoBG-ZnOCorr-NoInt_PTQ10:ITIC,Jonas_DonorAcceptor-2bands-NoBG-ZnOCorr-NoInt,26.10.2023 12:44,25391_189274_OD_x2y2,x2y2,0.00894334,1,0.6,3,2,0,0,1,0,0,0,1,0,0,0,76
25391,PTQ10_321145,ITIC_120057,xylene,0,26,1000,1.787169139,0.2,1.938925248,0.05957798,0.307322259,0.368786711,0.054203338,1.086,2.202184954,0.106602162,0.929985458,0.119620127,0.249527586,0.596438919,0.403561081,0.166666667,0.520613615,0.618314296,52.97302943,15.65185112,8.340402582,1.00592707,08.11.2023 18:14,A-2,4.45E-06,1,1.4,5.45,5.34,3.81,3.64,1.53,PTQ10_321145,ITIC_120057,xylene,Jonas_DonorAcceptor-2bands-NoBG-ZnOCorr-NoInt_PTQ10:ITIC,Jonas_DonorAcceptor-2bands-NoBG-ZnOCorr-NoInt,26.10.2023 12:44,25391_189274_OD_x2y1,x2y1,0.007851135,1,1.4,3,2,0,0,1,0,0,0,1,0,0,0,76
25391,PTQ10_321145,ITIC_120057,xylene,0,26,1000,1.785613996,0.2,1.932102384,0.059634438,0.313803727,0.376564473,0.055952179,1.044542617,2.200090267,0.108847522,0.869714895,0.135106839,0.27623169,0.576848478,0.423151522,0.166666667,0.510893052,0.652796163,52.6707416,15.39230055,8.156787664,1.006111676,08.11.2023 18:14,B-1,2.52E-06,0.6,0.6,5.45,5.34,3.81,3.64,1.53,PTQ10_321145,ITIC_120057,xylene,Jonas_DonorAcceptor-2bands-NoBG-ZnOCorr-NoInt_PTQ10:ITIC,Jonas_DonorAcceptor-2bands-NoBG-ZnOCorr-NoInt,26.10.2023 12:44,25391_189274_OD_x1y2,x1y2,0.006884789,0.6,0.6,3,2,0,0,1,0,0,0,1,0,0,0,76
25392,PTQ10_321145,ITIC_120057,xylene,2,26,1000,1.785278002,0.2,1.946919521,0.060581586,0.326778047,0.392133657,0.052826632,1.086,2.205886887,0.102964116,1,0.111483595,0.23255478,0.627726774,0.372273226,0.166666667,0.520613615,0.624688436,54.91342376,15.9715459,8.927294528,1.017874858,08.11.2023 18:17,B-2,2.38E-06,1,0.6,5.45,5.34,3.81,3.64,1.53,PTQ10_321145,ITIC_120057,xylene,Jonas_DonorAcceptor-2bands-NoBG-ZnOCorr-NoInt_PTQ10:ITIC,Jonas_DonorAcceptor-2bands-NoBG-ZnOCorr-NoInt,26.10.2023 12:50,25392_189279_OD_x2y2,x2y2,0.009371692,1,0.6,3,2,0,0,1,0,0,0,1,0,0,0,77
25392,PTQ10_321145,ITIC_120057,xylene,2,26,1000,1.784627685,0.2,1.933503035,0.058507136,0.306681392,0.368017671,0.054831726,1.018677276,2.201208353,0.106893239,0.85990246,0.135157516,0.272839406,0.574258574,0.425741426,0.166666667,0.504626117,0.640857077,54.41343569,16.23053681,8.92203911,1.010241233,08.11.2023 18:17,B-3,2.68E-06,1.4,0.6,5.45,5.34,3.81,3.64,1.53,PTQ10_321145,ITIC_120057,xylene,Jonas_DonorAcceptor-2bands-NoBG-ZnOCorr-NoInt_PTQ10:ITIC,Jonas_DonorAcceptor-2bands-NoBG-ZnOCorr-NoInt,26.10.2023 12:50,25392_189279_OD_x3y2,x3y2,0.006882766,1.4,0.6,3,2,0,0,1,0,0,0,1,0,0,0,77
25392,PTQ10_321145,ITIC_120057,xylene,2,26,1000,1.786296996,0.2,1.941622799,0.059418548,0.305816092,0.366979311,0.053121294,1.086,2.202088808,0.105455148,0.938582358,0.118132003,0.246423359,0.598268199,0.401731801,0.166666667,0.520613615,0.61340267,53.91643826,16.12858123,8.801802234,1.012171828,08.11.2023 18:17,A-2,2.35E-06,1,1.4,5.45,5.34,3.81,3.64,1.53,PTQ10_321145,ITIC_120057,xylene,Jonas_DonorAcceptor-2bands-NoBG-ZnOCorr-NoInt_PTQ10:ITIC,Jonas_DonorAcceptor-2bands-NoBG-ZnOCorr-NoInt,26.10.2023 12:50,25392_189279_OD_x2y1,x2y1,0.007931949,1,1.4,3,2,0,0,1,0,0,0,1,0,0,0,77
25392,PTQ10_321145,ITIC_120057,xylene,2,26,1000,1.784651584,0.2,1.93381895,0.058535173,0.307703898,0.369244677,0.054659037,1.026732965,2.201166149,0.10709946,0.862866132,0.134361979,0.272315853,0.575541449,0.424458551,0.166666667,0.506595088,0.64156053,53.4978078,16.14592945,8.725771687,1.010194056,08.11.2023 18:17,A-3,2.11E-06,1.4,1.4,5.45,5.34,3.81,3.64,1.53,PTQ10_321145,ITIC_120057,xylene,Jonas_DonorAcceptor-2bands-NoBG-ZnOCorr-NoInt_PTQ10:ITIC,Jonas_DonorAcceptor-2bands-NoBG-ZnOCorr-NoInt,26.10.2023 12:50,25392_189279_OD_x3y1,x3y1,0.006965465,1.4,1.4,3,2,0,0,1,0,0,0,1,0,0,0,77
25393,PTQ10_321145,ITIC_120057,xylene,0,26,3000,1.779642257,0.2,1.965709638,0.072043032,0.198855903,0.238627083,0.058824018,1.086,2.220242333,0.095624337,1,0.044353829,0.092522087,0.720602993,0.279397007,0.166666667,0.520613615,0.33114917,57.88325199,14.7784869,8.350109425,0.976133625,08.11.2023 18:19,B-1,7.32E-06,0.6,0.6,5.45,5.34,3.81,3.64,1.53,PTQ10_321145,ITIC_120057,xylene,Jonas_DonorAcceptor-2bands-NoBG-ZnOCorr-NoInt_PTQ10:ITIC,Jonas_DonorAcceptor-2bands-NoBG-ZnOCorr-NoInt,26.10.2023 12:55,25393_189280_OD_x1y2,x1y2,0.004202609,0.6,0.6,3,2,0,0,1,0,0,0,1,0,0,0,78
25393,PTQ10_321145,ITIC_120057,xylene,0,26,3000,1.780584715,0.2,1.966126164,0.071863453,0.198909659,0.238691591,0.058704951,1.086,2.219552111,0.095657947,1,0.044908796,0.093679749,0.718147332,0.281852668,0.166666667,0.520613615,0.33237134,57.30490388,14.73451034,8.222829322,0.973853836,08.11.2023 18:19,B-2,1.19E-06,1,0.6,5.45,5.34,3.81,3.64,1.53,PTQ10_321145,ITIC_120057,xylene,Jonas_DonorAcceptor-2bands-NoBG-ZnOCorr-NoInt_PTQ10:ITIC,Jonas_DonorAcceptor-2bands-NoBG-ZnOCorr-NoInt,26.10.2023 12:55,25393_189280_OD_x2y2,x2y2,0.00416774,1,0.6,3,2,0,0,1,0,0,0,1,0,0,0,78
25393,PTQ10_321145,ITIC_120057,xylene,0,26,3000,1.779934981,0.2,1.965129377,0.071727147,0.198825512,0.238590614,0.058477036,1.086,2.219471917,0.095820824,1,0.044898964,0.09365924,0.718106002,0.281893998,0.166666667,0.520613615,0.332249854,56.98316507,14.56436449,8.02980516,0.967535481,08.11.2023 18:19,B-3,3.07E-06,1.4,0.6,5.45,5.34,3.81,3.64,1.53,PTQ10_321145,ITIC_120057,xylene,Jonas_DonorAcceptor-2bands-NoBG-ZnOCorr-NoInt_PTQ10:ITIC,Jonas_DonorAcceptor-2bands-NoBG-ZnOCorr-NoInt,26.10.2023 12:55,25393_189280_OD_x3y2,x3y2,0.004105615,1.4,0.6,3,2,0,0,1,0,0,0,1,0,0,0,78
25393,PTQ10_321145,ITIC_120057,xylene,0,26,3000,1.780434349,0.2,1.967279107,0.072764984,0.201746668,0.242096001,0.059692848,1.086,2.220910254,0.095607199,1,0.04531089,0.094518517,0.719208435,0.280791565,0.166666667,0.520613615,0.336614519,55.58302535,14.84372767,7.948932607,0.963437742,08.11.2023 18:19,A-2,1.54E-06,1,1.4,5.45,5.34,3.81,3.64,1.53,PTQ10_321145,ITIC_120057,xylene,Jonas_DonorAcceptor-2bands-NoBG-ZnOCorr-NoInt_PTQ10:ITIC,Jonas_DonorAcceptor-2bands-NoBG-ZnOCorr-NoInt,26.10.2023 12:55,25393_189280_OD_x2y1,x2y1,0.004393919,1,1.4,3,2,0,0,1,0,0,0,1,0,0,0,78
25394,PTQ10_321145,ITIC_120057,xylene,2,26,3000,1.778908917,0.2,1.962205864,0.068168683,0.192228895,0.230674674,0.054097386,1.086,2.214108778,0.095686621,1,0.045503769,0.094920863,0.708470013,0.291529987,0.166666667,0.520613615,0.325595537,59.13940465,14.63189696,8.467302506,0.978515014,08.11.2023 18:22,B-1,3.28E-06,0.6,0.6,5.45,5.34,3.81,3.64,1.53,PTQ10_321145,ITIC_120057,xylene,Jonas_DonorAcceptor-2bands-NoBG-ZnOCorr-NoInt_PTQ10:ITIC,Jonas_DonorAcceptor-2bands-NoBG-ZnOCorr-NoInt,26.10.2023 13:01,25394_189281_OD_x1y2,x1y2,0.004005039,0.6,0.6,3,2,0,0,1,0,0,0,1,0,0,0,79
25394,PTQ10_321145,ITIC_120057,xylene,2,26,3000,1.778613646,0.2,1.962193822,0.068386927,0.19201197,0.230414363,0.054283815,1.086,2.214285315,0.095672587,1,0.044982533,0.093833564,0.710611677,0.289388323,0.166666667,0.520613615,0.324247927,58.46898173,14.65625064,8.331831202,0.97228156,08.11.2023 18:22,A-1,1.07E-05,0.6,1.4,5.45,5.34,3.81,3.64,1.53,PTQ10_321145,ITIC_120057,xylene,Jonas_DonorAcceptor-2bands-NoBG-ZnOCorr-NoInt_PTQ10:ITIC,Jonas_DonorAcceptor-2bands-NoBG-ZnOCorr-NoInt,26.10.2023 13:01,25394_189281_OD_x1y1,x1y1,0.004059533,0.6,1.4,3,2,0,0,1,0,0,0,1,0,0,0,79
25394,PTQ10_321145,ITIC_120057,xylene,2,26,3000,1.77917682,0.2,1.963718839,0.069119271,0.195904989,0.235085986,0.055185822,1.086,2.215540381,0.095600733,1,0.046171565,0.096313884,0.709372597,0.290627403,0.166666667,0.520613615,0.33139987,57.87156203,14.67178267,8.264042565,0.973294917,08.11.2023 18:22,A-2,4.55E-06,1,1.4,5.45,5.34,3.81,3.64,1.53,PTQ10_321145,ITIC_120057,xylene,Jonas_DonorAcceptor-2bands-NoBG-ZnOCorr-NoInt_PTQ10:ITIC,Jonas_DonorAcceptor-2bands-NoBG-ZnOCorr-NoInt,26.10.2023 13:01,25394_189281_OD_x2y1,x2y1,0.004475874,1,1.4,3,2,0,0,1,0,0,0,1,0,0,0,79
25394,PTQ10_321145,ITIC_120057,xylene,2,26,3000,1.779273728,0.2,1.962338791,0.067985092,0.191624742,0.229949691,0.054092048,1.086,2.213662258,0.095803756,1,0.045529238,0.09497399,0.707703698,0.292296302,0.166666667,0.520613615,0.324923681,58.09048905,14.53762505,8.203998836,0.971464856,08.11.2023 18:22,B-2,2.63E-06,1,0.6,5.45,5.34,3.81,3.64,1.53,PTQ10_321145,ITIC_120057,xylene,Jonas_DonorAcceptor-2bands-NoBG-ZnOCorr-NoInt_PTQ10:ITIC,Jonas_DonorAcceptor-2bands-NoBG-ZnOCorr-NoInt,26.10.2023 13:01,25394_189281_OD_x2y2,x2y2,0.003972952,1,0.6,3,2,0,0,1,0,0,0,1,0,0,0,79
25395,PTQ10_321145,ITIC_120057,xylene,1,26,2000,1.781433881,0.2,1.97,0.073850393,0.226065693,0.271278832,0.060138463,1.020078611,2.221790135,0.092671798,1,0.056212726,0.113554125,0.704926195,0.295073805,0.166666667,0.50496976,0.384832957,60.49887856,15.49935208,9.429915981,1.005650225,08.11.2023 18:24,A-1,2.16E-06,0.6,1.4,5.45,5.34,3.81,3.64,1.53,PTQ10_321145,ITIC_120057,xylene,Jonas_DonorAcceptor-2bands-NoBG-ZnOCorr-NoInt_PTQ10:ITIC,Jonas_DonorAcceptor-2bands-NoBG-ZnOCorr-NoInt,26.10.2023 13:07,25395_189285_OD_x1y1,x1y1,0.006226766,0.6,1.4,3,2,0,0,1,0,0,0,1,0,0,0,80
25395,PTQ10_321145,ITIC_120057,xylene,1,26,2000,1.782113094,0.2,1.969558649,0.072568124,0.22472589,0.269671068,0.059267673,1.035931259,2.221010445,0.09342209,1,0.055917367,0.113843915,0.703156538,0.296843462,0.166666667,0.508824281,0.383514983,59.8360382,15.26167064,9.143986632,1.001314891,08.11.2023 18:24,B-3,1.53E-06,1.4,0.6,5.45,5.34,3.81,3.64,1.53,PTQ10_321145,ITIC_120057,xylene,Jonas_DonorAcceptor-2bands-NoBG-ZnOCorr-NoInt_PTQ10:ITIC,Jonas_DonorAcceptor-2bands-NoBG-ZnOCorr-NoInt,26.10.2023 13:07,25395_189285_OD_x3y2,x3y2,0.005872884,1.4,0.6,3,2,0,0,1,0,0,0,1,0,0,0,80
25395,PTQ10_321145,ITIC_120057,xylene,1,26,2000,1.782069804,0.2,1.969980628,0.073039513,0.225546181,0.270655417,0.059312863,1.045735722,2.221254236,0.093559589,1,0.055556597,0.113654116,0.704264125,0.295735875,0.166666667,0.511178307,0.384309533,59.01334998,15.40965851,9.09232016,0.999842139,08.11.2023 18:24,A-2,4.37E-06,1,1.4,5.45,5.34,3.81,3.64,1.53,PTQ10_321145,ITIC_120057,xylene,Jonas_DonorAcceptor-2bands-NoBG-ZnOCorr-NoInt_PTQ10:ITIC,Jonas_DonorAcceptor-2bands-NoBG-ZnOCorr-NoInt,26.10.2023 13:07,25395_189285_OD_x2y1,x2y1,0.006167533,1,1.4,3,2,0,0,1,0,0,0,1,0,0,0,80
25395,PTQ10_321145,ITIC_120057,xylene,1,26,2000,1.78213723,0.2,1.969074507,0.072256896,0.223676208,0.26841145,0.058745904,1.053237957,2.220392904,0.094098878,1,0.055144484,0.113224747,0.703317588,0.296682412,0.166666667,0.51296439,0.381636197,59.25066596,15.21130685,8.994892205,0.998013003,08.11.2023 18:24,B-2,1.88E-06,1,0.6,5.45,5.34,3.81,3.64,1.53,PTQ10_321145,ITIC_120057,xylene,Jonas_DonorAcceptor-2bands-NoBG-ZnOCorr-NoInt_PTQ10:ITIC,Jonas_DonorAcceptor-2bands-NoBG-ZnOCorr-NoInt,26.10.2023 13:07,25395_189285_OD_x2y2,x2y2,0.005972659,1,0.6,3,2,0,0,1,0,0,0,1,0,0,0,80
25396,PTQ10_321145,ITIC-4F_120033,xylene,0,30,2000,1.74,0.182347006,1.904604055,0.066769781,0.21416306,0.253215053,0.059608918,0.983323502,2.209277434,0.095518561,1,0.106963542,0.212143306,0.54412916,0.45587084,0.15422461,0.49579582,0.465358359,61.34446956,19.2354088,10.96548787,0.929289698,26.10.2023 16:36,A-1,6.63E-07,0.6,1.4,5.47,5.34,3.97,3.64,1.37,PTQ10_321145,ITIC-4F_120033,xylene,Jonas_DonorAcceptor-2bands-NoBG-ZnOCorr-NoInt_PTQ10:ITIC-4F,Jonas_DonorAcceptor-2bands-NoBG-ZnOCorr-NoInt,26.10.2023 13:36,25396_189312_OD_x1y1,x1y1,0.005737361,0.6,1.4,3,3,0,0,1,0,0,0,0,1,0,0,81
25396,PTQ10_321145,ITIC-4F_120033,xylene,0,30,2000,1.74,0.18783964,1.903831492,0.067273151,0.214688169,0.255015117,0.059889138,0.977300385,2.209202582,0.095651103,1,0.109323236,0.216164877,0.541226539,0.458773461,0.158135521,0.494259948,0.471179994,61.28574289,18.95748708,10.77946697,0.927805756,26.10.2023 16:36,A-3,1.60E-07,1.4,1.4,5.47,5.34,3.97,3.64,1.37,PTQ10_321145,ITIC-4F_120033,xylene,Jonas_DonorAcceptor-2bands-NoBG-ZnOCorr-NoInt_PTQ10:ITIC-4F,Jonas_DonorAcceptor-2bands-NoBG-ZnOCorr-NoInt,26.10.2023 13:36,25396_189312_OD_x3y1,x3y1,0.00435782,1.4,1.4,3,3,0,0,1,0,0,0,0,1,0,0,81
25396,PTQ10_321145,ITIC-4F_120033,xylene,0,30,2000,1.74,0.182184254,1.90428188,0.066459802,0.214581904,0.253675348,0.059721719,0.974963944,2.209226839,0.095157886,1,0.107679513,0.212663155,0.543972557,0.456027443,0.154108171,0.493661642,0.466338504,61.31265228,18.96306853,10.77208922,0.92649104,26.10.2023 16:36,B-1,3.02E-07,0.6,0.6,5.47,5.34,3.97,3.64,1.37,PTQ10_321145,ITIC-4F_120033,xylene,Jonas_DonorAcceptor-2bands-NoBG-ZnOCorr-NoInt_PTQ10:ITIC-4F,Jonas_DonorAcceptor-2bands-NoBG-ZnOCorr-NoInt,26.10.2023 13:36,25396_189312_OD_x1y2,x1y2,0.004343654,0.6,0.6,3,3,0,0,1,0,0,0,0,1,0,0,81
25396,PTQ10_321145,ITIC-4F_120033,xylene,0,30,2000,1.74,0.180802314,1.904842999,0.066226888,0.214801514,0.253638125,0.059490012,0.988893552,2.209329483,0.095974779,1,0.106812828,0.212439345,0.544197352,0.455802648,0.153118191,0.497207883,0.466077471,60.47768113,19.10403334,10.71843086,0.927707382,26.10.2023 16:36,A-2,2.82E-07,1,1.4,5.47,5.34,3.97,3.64,1.37,PTQ10_321145,ITIC-4F_120033,xylene,Jonas_DonorAcceptor-2bands-NoBG-ZnOCorr-NoInt_PTQ10:ITIC-4F,Jonas_DonorAcceptor-2bands-NoBG-ZnOCorr-NoInt,26.10.2023 13:36,25396_189312_OD_x2y1,x2y1,0.005554737,1,1.4,3,3,0,0,1,0,0,0,0,1,0,0,81
25397,PTQ10_321145,ITIC-4F_120033,xylene,0,28,2000,1.74,0.170067904,1.905772252,0.065105758,0.206075857,0.241122746,0.058842356,1.024652417,2.207812838,0.096817148,1,0.097164756,0.196724858,0.550700162,0.449299838,0.145348747,0.506088061,0.437847604,61.32865911,20.82221826,11.75831578,0.920777409,26.10.2023 16:38,A-1,1.53E-06,0.6,1.4,5.47,5.34,3.97,3.64,1.37,PTQ10_321145,ITIC-4F_120033,xylene,Jonas_DonorAcceptor-2bands-NoBG-ZnOCorr-NoInt_PTQ10:ITIC-4F,Jonas_DonorAcceptor-2bands-NoBG-ZnOCorr-NoInt,26.10.2023 13:42,25397_189345_OD_x1y1,x1y1,0.003566027,0.6,1.4,3,3,0,0,1,0,0,0,0,1,0,0,82
25397,PTQ10_321145,ITIC-4F_120033,xylene,0,28,2000,1.74,0.174008834,1.905913062,0.066008192,0.207326027,0.243402588,0.059046541,1.011849237,2.208487277,0.096187632,1,0.098988909,0.19915076,0.549996037,0.450003963,0.148217653,0.502944862,0.442553348,61.34916692,20.78441148,11.73838518,0.920580889,26.10.2023 16:38,A-3,1.16E-06,1.4,1.4,5.47,5.34,3.97,3.64,1.37,PTQ10_321145,ITIC-4F_120033,xylene,Jonas_DonorAcceptor-2bands-NoBG-ZnOCorr-NoInt_PTQ10:ITIC-4F,Jonas_DonorAcceptor-2bands-NoBG-ZnOCorr-NoInt,26.10.2023 13:42,25397_189345_OD_x3y1,x3y1,0.004997717,1.4,1.4,3,3,0,0,1,0,0,0,0,1,0,0,82
25397,PTQ10_321145,ITIC-4F_120033,xylene,0,28,2000,1.74,0.169524402,1.905815823,0.064584833,0.205945035,0.240857744,0.058749529,1.026277264,2.207622097,0.096732018,1,0.096854561,0.196254195,0.55102074,0.44897926,0.144951573,0.506484123,0.437111939,60.79648407,20.83669277,11.65743664,0.920228779,26.10.2023 16:38,A-2,6.75E-07,1,1.4,5.47,5.34,3.97,3.64,1.37,PTQ10_321145,ITIC-4F_120033,xylene,Jonas_DonorAcceptor-2bands-NoBG-ZnOCorr-NoInt_PTQ10:ITIC-4F,Jonas_DonorAcceptor-2bands-NoBG-ZnOCorr-NoInt,26.10.2023 13:42,25397_189345_OD_x2y1,x2y1,0.003477003,1,1.4,3,3,0,0,1,0,0,0,0,1,0,0,82
25397,PTQ10_321145,ITIC-4F_120033,xylene,0,28,2000,1.74,0.164226015,1.905734926,0.063620803,0.205190778,0.238888441,0.058474122,1.042702891,2.207323197,0.097574705,1,0.094810645,0.193669978,0.55226862,0.44773138,0.141060252,0.510452546,0.432558419,61.45394548,20.58105483,11.65055335,0.921147446,26.10.2023 16:38,B-1,2.01E-06,0.6,0.6,5.47,5.34,3.97,3.64,1.37,PTQ10_321145,ITIC-4F_120033,xylene,Jonas_DonorAcceptor-2bands-NoBG-ZnOCorr-NoInt_PTQ10:ITIC-4F,Jonas_DonorAcceptor-2bands-NoBG-ZnOCorr-NoInt,26.10.2023 13:42,25397_189345_OD_x1y2,x1y2,0.003593532,0.6,0.6,3,3,0,0,1,0,0,0,0,1,0,0,82
25398,PTQ10_321145,ITIC-4F_120033,xylene,0,26,2000,1.737208184,0.176861887,1.905773878,0.066140279,0.182688073,0.214998631,0.058332011,1.074850155,2.20667178,0.098480086,1,0.081004146,0.168071465,0.561251408,0.438748592,0.150282619,0.518037485,0.383070096,61.32271859,19.51181905,10.98185207,0.917817702,26.10.2023 16:40,B-1,5.01E-06,0.6,0.6,5.47,5.34,3.97,3.64,1.37,PTQ10_321145,ITIC-4F_120033,xylene,Jonas_DonorAcceptor-2bands-NoBG-ZnOCorr-NoInt_PTQ10:ITIC-4F,Jonas_DonorAcceptor-2bands-NoBG-ZnOCorr-NoInt,26.10.2023 13:48,25398_189356_OD_x1y2,x1y2,0.002828891,0.6,0.6,3,3,0,0,1,0,0,0,0,1,0,0,83
25398,PTQ10_321145,ITIC-4F_120033,xylene,0,26,2000,1.736437794,0.180766378,1.905593794,0.067028057,0.179938884,0.212465785,0.058390992,1.076976305,2.206665142,0.0985258,1,0.079514458,0.165149645,0.562651226,0.437348774,0.153092416,0.518530858,0.37761543,60.95041272,19.55155864,10.94281053,0.918270947,26.10.2023 16:40,A-1,1.44E-06,0.6,1.4,5.47,5.34,3.97,3.64,1.37,PTQ10_321145,ITIC-4F_120033,xylene,Jonas_DonorAcceptor-2bands-NoBG-ZnOCorr-NoInt_PTQ10:ITIC-4F,Jonas_DonorAcceptor-2bands-NoBG-ZnOCorr-NoInt,26.10.2023 13:48,25398_189356_OD_x1y1,x1y1,0.002804367,0.6,1.4,3,3,0,0,1,0,0,0,0,1,0,0,83
25398,PTQ10_321145,ITIC-4F_120033,xylene,0,26,2000,1.737660509,0.173634527,1.905991228,0.065354331,0.182715337,0.214441028,0.058091995,1.086,2.206338191,0.098834062,1,0.079951923,0.166779711,0.562511442,0.437488558,0.147945994,0.520613615,0.381220739,61.10133573,19.33023905,10.82776661,0.91675008,26.10.2023 16:40,B-3,4.78E-07,1.4,0.6,5.47,5.34,3.97,3.64,1.37,PTQ10_321145,ITIC-4F_120033,xylene,Jonas_DonorAcceptor-2bands-NoBG-ZnOCorr-NoInt_PTQ10:ITIC-4F,Jonas_DonorAcceptor-2bands-NoBG-ZnOCorr-NoInt,26.10.2023 13:48,25398_189356_OD_x3y2,x3y2,0.002682315,1.4,0.6,3,3,0,0,1,0,0,0,0,1,0,0,83
25398,PTQ10_321145,ITIC-4F_120033,xylene,0,26,2000,1.737501533,0.176739136,1.906770133,0.065745886,0.178603856,0.210170147,0.05789642,1.086,2.20574231,0.098713156,1,0.077357723,0.161368211,0.565675502,0.434324498,0.150193982,0.520613615,0.371538358,60.57097249,19.23173094,10.66909832,0.91589312,26.10.2023 16:40,A-3,8.79E-07,1.4,1.4,5.47,5.34,3.97,3.64,1.37,PTQ10_321145,ITIC-4F_120033,xylene,Jonas_DonorAcceptor-2bands-NoBG-ZnOCorr-NoInt_PTQ10:ITIC-4F,Jonas_DonorAcceptor-2bands-NoBG-ZnOCorr-NoInt,26.10.2023 13:48,25398_189356_OD_x3y1,x3y1,0.002363831,1.4,1.4,3,3,0,0,1,0,0,0,0,1,0,0,83
25399,PTQ10_321145,ITIC-4F_120033,xylene,0,26,1000,1.74,0.200216159,1.90114992,0.066396969,0.224014177,0.268865435,0.059898207,0.959369532,2.208565353,0.095181838,1,0.125518216,0.245936568,0.522269598,0.477730402,0.16681675,0.48963175,0.514802003,58.88497035,19.09630584,10.27442877,0.913700501,26.10.2023 16:43,A-1,5.47E-07,0.6,1.4,5.47,5.34,3.97,3.64,1.37,PTQ10_321145,ITIC-4F_120033,xylene,Jonas_DonorAcceptor-2bands-NoBG-ZnOCorr-NoInt_PTQ10:ITIC-4F,Jonas_DonorAcceptor-2bands-NoBG-ZnOCorr-NoInt,26.10.2023 13:53,25399_189366_OD_x1y1,x1y1,0.005787155,0.6,1.4,3,3,0,0,1,0,0,0,0,1,0,0,84
25399,PTQ10_321145,ITIC-4F_120033,xylene,0,26,1000,1.74,0.199874124,1.902246259,0.066662147,0.219611783,0.263506495,0.059495059,0.969251626,2.208605056,0.095292754,1,0.119880648,0.23607516,0.527454306,0.472545694,0.166579244,0.492192878,0.499581656,59.15737723,18.85388497,10.18082444,0.912794856,26.10.2023 16:43,B-2,4.67E-07,1,0.6,5.47,5.34,3.97,3.64,1.37,PTQ10_321145,ITIC-4F_120033,xylene,Jonas_DonorAcceptor-2bands-NoBG-ZnOCorr-NoInt_PTQ10:ITIC-4F,Jonas_DonorAcceptor-2bands-NoBG-ZnOCorr-NoInt,26.10.2023 13:53,25399_189366_OD_x2y2,x2y2,0.005439353,1,0.6,3,3,0,0,1,0,0,0,0,1,0,0,84
25399,PTQ10_321145,ITIC-4F_120033,xylene,0,26,1000,1.74,0.208049222,1.901998795,0.067276316,0.227154323,0.274413603,0.059743919,0.948633035,2.209340139,0.094789476,1,0.127467109,0.248386619,0.524891902,0.475108098,0.17221916,0.486819744,0.522800221,58.96014815,18.83087628,10.14067007,0.913350681,26.10.2023 16:43,B-1,2.78E-07,0.6,0.6,5.47,5.34,3.97,3.64,1.37,PTQ10_321145,ITIC-4F_120033,xylene,Jonas_DonorAcceptor-2bands-NoBG-ZnOCorr-NoInt_PTQ10:ITIC-4F,Jonas_DonorAcceptor-2bands-NoBG-ZnOCorr-NoInt,26.10.2023 13:53,25399_189366_OD_x1y2,x1y2,0.004434294,0.6,0.6,3,3,0,0,1,0,0,0,0,1,0,0,84
25399,PTQ10_321145,ITIC-4F_120033,xylene,0,26,1000,1.74,0.198252749,1.901897796,0.066587021,0.219104351,0.262542391,0.059665502,0.97474464,2.208611651,0.095781174,1,0.121527066,0.239984923,0.522444022,0.477555978,0.165451529,0.493605411,0.502527314,58.42459678,18.92712633,10.10544835,0.913850559,26.10.2023 16:43,A-2,3.97E-07,1,1.4,5.47,5.34,3.97,3.64,1.37,PTQ10_321145,ITIC-4F_120033,xylene,Jonas_DonorAcceptor-2bands-NoBG-ZnOCorr-NoInt_PTQ10:ITIC-4F,Jonas_DonorAcceptor-2bands-NoBG-ZnOCorr-NoInt,26.10.2023 13:53,25399_189366_OD_x2y1,x2y1,0.00564528,1,1.4,3,3,0,0,1,0,0,0,0,1,0,0,84
25400,PTQ10_321145,ITIC-4F_120033,xylene,2,26,1000,1.735529314,0.162774317,1.899057159,0.060364907,0.222364037,0.258559192,0.058319621,0.987541221,2.207461491,0.096432734,1,0.116312478,0.231175844,0.527957309,0.472042691,0.139987885,0.496865781,0.489735035,59.41473514,19.17563746,10.33563207,0.907179161,26.10.2023 16:45,A-2,1.60E-06,1,1.4,5.47,5.34,3.97,3.64,1.37,PTQ10_321145,ITIC-4F_120033,xylene,Jonas_DonorAcceptor-2bands-NoBG-ZnOCorr-NoInt_PTQ10:ITIC-4F,Jonas_DonorAcceptor-2bands-NoBG-ZnOCorr-NoInt,26.10.2023 13:59,25400_189372_OD_x2y1,x2y1,0.00241343,1,1.4,3,3,0,0,1,0,0,0,0,1,0,0,85
25400,PTQ10_321145,ITIC-4F_120033,xylene,2,26,1000,1.737134531,0.158817514,1.900450729,0.06,0.229960587,0.266482356,0.058300835,0.976023091,2.208233399,0.09583594,1,0.122403194,0.241871538,0.524206383,0.475793617,0.137051358,0.493933039,0.508353894,59.21380589,19.06044045,10.24155516,0.907423454,26.10.2023 16:45,B-2,2.64E-06,1,0.6,5.47,5.34,3.97,3.64,1.37,PTQ10_321145,ITIC-4F_120033,xylene,Jonas_DonorAcceptor-2bands-NoBG-ZnOCorr-NoInt_PTQ10:ITIC-4F,Jonas_DonorAcceptor-2bands-NoBG-ZnOCorr-NoInt,26.10.2023 13:59,25400_189372_OD_x2y2,x2y2,0.007899171,1,0.6,3,3,0,0,1,0,0,0,0,1,0,0,85
25400,PTQ10_321145,ITIC-4F_120033,xylene,2,26,1000,1.737631525,0.158623489,1.900700836,0.06,0.237331948,0.27497837,0.058663956,0.963131337,2.208692868,0.095477356,1,0.127474409,0.250249008,0.523541578,0.476458422,0.136906847,0.490609731,0.525227377,59.67674164,18.86112627,10.22232046,0.908190106,26.10.2023 16:45,B-1,1.73E-06,0.6,0.6,5.47,5.34,3.97,3.64,1.37,PTQ10_321145,ITIC-4F_120033,xylene,Jonas_DonorAcceptor-2bands-NoBG-ZnOCorr-NoInt_PTQ10:ITIC-4F,Jonas_DonorAcceptor-2bands-NoBG-ZnOCorr-NoInt,26.10.2023 13:59,25400_189372_OD_x1y2,x1y2,0.002768351,0.6,0.6,3,3,0,0,1,0,0,0,0,1,0,0,85
25400,PTQ10_321145,ITIC-4F_120033,xylene,2,26,1000,1.737068743,0.157778428,1.900737614,0.06,0.235062779,0.272150614,0.058609919,0.964216121,2.208264153,0.095348426,1,0.12281965,0.241244337,0.530099903,0.469900097,0.136276877,0.490891054,0.513394952,59.72602141,18.79364948,10.19784824,0.908518629,26.10.2023 16:45,A-1,1.68E-06,0.6,1.4,5.47,5.34,3.97,3.64,1.37,PTQ10_321145,ITIC-4F_120033,xylene,Jonas_DonorAcceptor-2bands-NoBG-ZnOCorr-NoInt_PTQ10:ITIC-4F,Jonas_DonorAcceptor-2bands-NoBG-ZnOCorr-NoInt,26.10.2023 13:59,25400_189372_OD_x1y1,x1y1,0.002957002,0.6,1.4,3,3,0,0,1,0,0,0,0,1,0,0,85
25401,PTQ10_321145,ITIC-4F_120033,xylene,0,26,3000,1.737693442,0.161113064,1.90593593,0.061821743,0.149659501,0.173771601,0.057962055,1.086,2.202532737,0.101078186,0.900381272,0.062253826,0.129861481,0.572307865,0.427692135,0.138757429,0.520613615,0.303633083,52.44801603,17.99807889,8.351173467,0.884692385,26.10.2023 16:47,B-1,3.42E-06,0.6,0.6,5.47,5.34,3.97,3.64,1.37,PTQ10_321145,ITIC-4F_120033,xylene,Jonas_DonorAcceptor-2bands-NoBG-ZnOCorr-NoInt_PTQ10:ITIC-4F,Jonas_DonorAcceptor-2bands-NoBG-ZnOCorr-NoInt,26.10.2023 14:05,25401_189373_OD_x1y2,x1y2,0.00454562,0.6,0.6,3,3,0,0,1,0,0,0,0,1,0,0,86
25401,PTQ10_321145,ITIC-4F_120033,xylene,0,26,3000,1.7370676,0.162691872,1.905755365,0.062162083,0.14852782,0.172692089,0.057914423,1.086,2.202916408,0.101066149,0.897233417,0.061853841,0.129027113,0.572360286,0.427639714,0.139926902,0.520613615,0.301719202,52.38307321,18.02099126,8.343858876,0.883888127,26.10.2023 16:47,A-1,2.15E-06,0.6,1.4,5.47,5.34,3.97,3.64,1.37,PTQ10_321145,ITIC-4F_120033,xylene,Jonas_DonorAcceptor-2bands-NoBG-ZnOCorr-NoInt_PTQ10:ITIC-4F,Jonas_DonorAcceptor-2bands-NoBG-ZnOCorr-NoInt,26.10.2023 14:05,25401_189373_OD_x1y1,x1y1,0.004517202,0.6,1.4,3,3,0,0,1,0,0,0,0,1,0,0,86
25401,PTQ10_321145,ITIC-4F_120033,xylene,0,26,3000,1.736943307,0.158192373,1.903940209,0.061165018,0.150440214,0.174238708,0.058267776,1.086,2.201489662,0.102056292,0.897686546,0.062041602,0.129418781,0.573800134,0.426199866,0.136585576,0.520613615,0.303657489,51.75332327,18.03285267,8.226706653,0.881502066,26.10.2023 16:47,A-2,2.26E-06,1,1.4,5.47,5.34,3.97,3.64,1.37,PTQ10_321145,ITIC-4F_120033,xylene,Jonas_DonorAcceptor-2bands-NoBG-ZnOCorr-NoInt_PTQ10:ITIC-4F,Jonas_DonorAcceptor-2bands-NoBG-ZnOCorr-NoInt,26.10.2023 14:05,25401_189373_OD_x2y1,x2y1,0.00465116,1,1.4,3,3,0,0,1,0,0,0,0,1,0,0,86
25401,PTQ10_321145,ITIC-4F_120033,xylene,0,26,3000,1.737038402,0.160379649,1.905568521,0.06175282,0.149414874,0.173377979,0.057983516,1.086,2.20280602,0.100997571,0.900892009,0.061288229,0.127847247,0.575575896,0.424424104,0.138213083,0.520613615,0.301225226,51.8165636,17.76133003,8.09836538,0.879940436,26.10.2023 16:47,A-3,2.30E-06,1.4,1.4,5.47,5.34,3.97,3.64,1.37,PTQ10_321145,ITIC-4F_120033,xylene,Jonas_DonorAcceptor-2bands-NoBG-ZnOCorr-NoInt_PTQ10:ITIC-4F,Jonas_DonorAcceptor-2bands-NoBG-ZnOCorr-NoInt,26.10.2023 14:05,25401_189373_OD_x3y1,x3y1,0.001347123,1.4,1.4,3,3,0,0,1,0,0,0,0,1,0,0,86
25402,PTQ10_321145,ITIC-4F_120033,xylene,2,26,3000,1.725178324,0.211027862,1.899520315,0.068775154,0.141868452,0.171806648,0.056428256,1.086,2.20161759,0.100331021,0.904668085,0.063682566,0.132841832,0.563950452,0.436049548,0.174255166,0.520613615,0.304648479,51.05801948,18.04362462,7.992253876,0.867524049,26.10.2023 16:49,A-3,4.39E-06,1.4,1.4,5.47,5.34,3.97,3.64,1.37,PTQ10_321145,ITIC-4F_120033,xylene,Jonas_DonorAcceptor-2bands-NoBG-ZnOCorr-NoInt_PTQ10:ITIC-4F,Jonas_DonorAcceptor-2bands-NoBG-ZnOCorr-NoInt,26.10.2023 14:11,25402_189376_OD_x3y1,x3y1,0.003515208,1.4,1.4,3,3,0,0,1,0,0,0,0,1,0,0,87
25402,PTQ10_321145,ITIC-4F_120033,xylene,2,26,3000,1.725802099,0.211575031,1.900310543,0.068949898,0.143492788,0.173852279,0.056375361,1.086,2.201844998,0.100097585,0.911692546,0.064993283,0.135575988,0.561850024,0.438149976,0.174628088,0.520613615,0.309428267,50.0382302,18.08926177,7.843826297,0.866573059,26.10.2023 16:49,B-2,3.96E-06,1,0.6,5.47,5.34,3.97,3.64,1.37,PTQ10_321145,ITIC-4F_120033,xylene,Jonas_DonorAcceptor-2bands-NoBG-ZnOCorr-NoInt_PTQ10:ITIC-4F,Jonas_DonorAcceptor-2bands-NoBG-ZnOCorr-NoInt,26.10.2023 14:11,25402_189376_OD_x2y2,x2y2,0.003695782,1,0.6,3,3,0,0,1,0,0,0,0,1,0,0,87
25402,PTQ10_321145,ITIC-4F_120033,xylene,2,26,3000,1.725992696,0.208896001,1.900228656,0.068385617,0.141514318,0.171076093,0.056354047,1.086,2.20125235,0.100331183,0.901736449,0.063208763,0.13185348,0.564738831,0.435261169,0.172798985,0.520613615,0.302929574,48.86598296,18.02024074,7.545043057,0.856829666,26.10.2023 16:49,B-1,7.09E-06,0.6,0.6,5.47,5.34,3.97,3.64,1.37,PTQ10_321145,ITIC-4F_120033,xylene,Jonas_DonorAcceptor-2bands-NoBG-ZnOCorr-NoInt_PTQ10:ITIC-4F,Jonas_DonorAcceptor-2bands-NoBG-ZnOCorr-NoInt,26.10.2023 14:11,25402_189376_OD_x1y2,x1y2,0.003555803,0.6,0.6,3,3,0,0,1,0,0,0,0,1,0,0,87
25402,PTQ10_321145,ITIC-4F_120033,xylene,2,26,3000,1.724485996,0.219346948,1.899156753,0.069505855,0.138615245,0.169020076,0.056285674,1.086,2.20144243,0.100203584,0.900608662,0.06237637,0.130117108,0.565025296,0.434974704,0.179888873,0.520613615,0.299137183,48.80235798,17.8315803,7.434537062,0.854325345,26.10.2023 16:49,B-3,3.62E-06,1.4,0.6,5.47,5.34,3.97,3.64,1.37,PTQ10_321145,ITIC-4F_120033,xylene,Jonas_DonorAcceptor-2bands-NoBG-ZnOCorr-NoInt_PTQ10:ITIC-4F,Jonas_DonorAcceptor-2bands-NoBG-ZnOCorr-NoInt,26.10.2023 14:11,25402_189376_OD_x3y2,x3y2,0.003413733,1.4,0.6,3,3,0,0,1,0,0,0,0,1,0,0,87
25609,D18CL_323001,BTP-4F-12 (Y12)_321125,CF,0,18,2000,1.545110515,0.539568639,1.710990058,0.097193413,0.408812696,0.629395205,0.082251918,0.706127559,2.284973968,0.110630923,0.85033121,0.38408768,0.655302577,0.489916939,0.510083061,0.350467414,0.413877353,1.284697782,43.631411,24.76582966,9.609114002,0.889265014,03.11.2023 13:46,B-2,7.53E-07,1,0.6,5.53,5.34,3.77,3.31,1.57,D18CL_323001,BTP-4F-12 (Y12)_321125,CF,Jonas_DonorAcceptor-2bands-NoBG-ZnOCorr-NoInt_D18CL:BTP-4F-12 (Y12),Jonas_DonorAcceptor-2bands-NoBG-ZnOCorr-NoInt,03.11.2023 10:37,25609_192625_OD_x2y2,x2y2,0.00601964,1,0.6,5,1,0,0,0,0,1,1,0,0,0,0,121
25609,D18CL_323001,BTP-4F-12 (Y12)_321125,CF,0,18,2000,1.551749749,0.426534746,1.719246684,0.088480535,0.48377513,0.690122032,0.078867444,0.777,2.28048819,0.11096777,0.931755948,0.393255846,0.698815638,0.496870412,0.503129588,0.299000601,0.437253799,1.38893767,40.78553829,23.93506213,8.674791548,0.888624515,03.11.2023 13:46,B-3,8.84E-07,1.4,0.6,5.53,5.34,3.77,3.31,1.57,D18CL_323001,BTP-4F-12 (Y12)_321125,CF,Jonas_DonorAcceptor-2bands-NoBG-ZnOCorr-NoInt_D18CL:BTP-4F-12 (Y12),Jonas_DonorAcceptor-2bands-NoBG-ZnOCorr-NoInt,03.11.2023 10:37,25609_192625_OD_x3y2,x3y2,0.008319468,1.4,0.6,5,1,0,0,0,0,1,1,0,0,0,0,121
25610,D18CL_323001,BTP-4F-12 (Y12)_321125,CF,0,15.5,2000,1.54157251,0.7,1.703239587,0.105580616,0.307849052,0.523343388,0.087352231,0.528907546,2.297010115,0.102430044,0.74624364,0.38772819,0.592800555,0.468885211,0.531114789,0.411764706,0.345938214,1.116143943,50.92519935,24.7636075,11.2246651,0.890075286,03.11.2023 13:48,A-3,2.66E-07,1.4,1.4,5.53,5.34,3.77,3.31,1.57,D18CL_323001,BTP-4F-12 (Y12)_321125,CF,Jonas_DonorAcceptor-2bands-NoBG-ZnOCorr-NoInt_D18CL:BTP-4F-12 (Y12),Jonas_DonorAcceptor-2bands-NoBG-ZnOCorr-NoInt,03.11.2023 10:43,25610_192635_OD_x3y1,x3y1,0.005638531,1.4,1.4,5,1,0,0,0,0,1,1,0,0,0,0,122
25610,D18CL_323001,BTP-4F-12 (Y12)_321125,CF,0,15.5,2000,1.541365476,0.7,1.703115071,0.105971809,0.320662743,0.545126663,0.087174864,0.53083116,2.296813523,0.102367632,0.746148932,0.401744864,0.615003556,0.46988403,0.53011597,0.411764706,0.346760096,1.160130218,49.05253792,25.0278333,10.90810542,0.888514645,03.11.2023 13:48,A-2,5.25E-07,1,1.4,5.53,5.34,3.77,3.31,1.57,D18CL_323001,BTP-4F-12 (Y12)_321125,CF,Jonas_DonorAcceptor-2bands-NoBG-ZnOCorr-NoInt_D18CL:BTP-4F-12 (Y12),Jonas_DonorAcceptor-2bands-NoBG-ZnOCorr-NoInt,03.11.2023 10:43,25610_192635_OD_x2y1,x2y1,0.005176896,1,1.4,5,1,0,0,0,0,1,1,0,0,0,0,122
25611,D18CL_323001,BTP-4F-12 (Y12)_321125,CF,0,11.5,2000,1.552499944,0.335357353,1.723703078,0.082146489,0.262803673,0.350936817,0.075576668,0.777,2.279602219,0.10927824,0.95,0.179201162,0.318440465,0.52427357,0.47572643,0.251136785,0.437253799,0.669377281,64.07587115,25.21062706,14.53426193,0.899735415,03.11.2023 13:51,A-1,4.29E-06,0.6,1.4,5.53,5.34,3.77,3.31,1.57,D18CL_323001,BTP-4F-12 (Y12)_321125,CF,Jonas_DonorAcceptor-2bands-NoBG-ZnOCorr-NoInt_D18CL:BTP-4F-12 (Y12),Jonas_DonorAcceptor-2bands-NoBG-ZnOCorr-NoInt,03.11.2023 10:48,25611_192640_OD_x1y1,x1y1,0.007290576,0.6,1.4,5,1,0,0,0,0,1,1,0,0,0,0,123
25611,D18CL_323001,BTP-4F-12 (Y12)_321125,CF,0,11.5,2000,1.551154152,0.370894992,1.721244668,0.084728759,0.25993503,0.35634363,0.076545574,0.777,2.279278978,0.109936486,0.95,0.188100287,0.33425421,0.51599297,0.48400703,0.270549527,0.437253799,0.69059784,63.88413277,24.75979527,14.2107504,0.898414926,03.11.2023 13:51,B-3,2.05E-06,1.4,0.6,5.53,5.34,3.77,3.31,1.57,D18CL_323001,BTP-4F-12 (Y12)_321125,CF,Jonas_DonorAcceptor-2bands-NoBG-ZnOCorr-NoInt_D18CL:BTP-4F-12 (Y12),Jonas_DonorAcceptor-2bands-NoBG-ZnOCorr-NoInt,03.11.2023 10:48,25611_192640_OD_x3y2,x3y2,0.006934692,1.4,0.6,5,1,0,0,0,0,1,1,0,0,0,0,123
25611,D18CL_323001,BTP-4F-12 (Y12)_321125,CF,0,11.5,2000,1.553470322,0.353741391,1.72311873,0.082835479,0.26331592,0.35646166,0.076369891,0.777,2.280026894,0.109884258,0.95,0.185741871,0.330063305,0.519226071,0.480773929,0.261306475,0.437253799,0.686524965,63.02906363,24.94668325,14.15162046,0.900020713,03.11.2023 13:51,A-2,2.81E-06,1,1.4,5.53,5.34,3.77,3.31,1.57,D18CL_323001,BTP-4F-12 (Y12)_321125,CF,Jonas_DonorAcceptor-2bands-NoBG-ZnOCorr-NoInt_D18CL:BTP-4F-12 (Y12),Jonas_DonorAcceptor-2bands-NoBG-ZnOCorr-NoInt,03.11.2023 10:48,25611_192640_OD_x2y1,x2y1,0.007118301,1,1.4,5,1,0,0,0,0,1,1,0,0,0,0,123
25611,D18CL_323001,BTP-4F-12 (Y12)_321125,CF,0,11.5,2000,1.552650355,0.350491294,1.723090219,0.083073108,0.264259283,0.356879861,0.076090396,0.777,2.279581986,0.109705102,0.95,0.185036548,0.328809945,0.520468378,0.479531622,0.259528733,0.437253799,0.685689807,63.09553782,24.84121445,14.07027894,0.897700024,03.11.2023 13:51,B-1,3.94E-06,0.6,0.6,5.53,5.34,3.77,3.31,1.57,D18CL_323001,BTP-4F-12 (Y12)_321125,CF,Jonas_DonorAcceptor-2bands-NoBG-ZnOCorr-NoInt_D18CL:BTP-4F-12 (Y12),Jonas_DonorAcceptor-2bands-NoBG-ZnOCorr-NoInt,03.11.2023 10:48,25611_192640_OD_x1y2,x1y2,0.007099182,0.6,0.6,5,1,0,0,0,0,1,1,0,0,0,0,123
25612,D18CL_323001,BTP-4F-12 (Y12)_321125,CF,0,11.5,1000,1.541476062,0.7,1.703247578,0.10516556,0.263340908,0.447679544,0.084047165,0.777,2.281970053,0.119138753,0.839260032,0.276360352,0.491092345,0.476877875,0.523122125,0.411764706,0.437253799,0.938771889,54.15392183,24.84243333,11.99082861,0.89130255,03.11.2023 13:53,A-2,1.58E-06,1,1.4,5.53,5.34,3.77,3.31,1.57,D18CL_323001,BTP-4F-12 (Y12)_321125,CF,Jonas_DonorAcceptor-2bands-NoBG-ZnOCorr-NoInt_D18CL:BTP-4F-12 (Y12),Jonas_DonorAcceptor-2bands-NoBG-ZnOCorr-NoInt,03.11.2023 10:54,25612_192648_OD_x2y1,x2y1,0.00659642,1,1.4,5,1,0,0,0,0,1,1,0,0,0,0,124
25612,D18CL_323001,BTP-4F-12 (Y12)_321125,CF,0,11.5,1000,1.542611214,0.7,1.703531012,0.104848091,0.291085442,0.494845251,0.08747803,0.528418804,2.297285112,0.102693041,0.743733751,0.369048649,0.564060895,0.467317385,0.532682615,0.411764706,0.345729065,1.058906146,52.87844801,25.41606416,11.99010519,0.892146128,03.11.2023 13:53,A-1,7.39E-06,0.6,1.4,5.53,5.34,3.77,3.31,1.57,D18CL_323001,BTP-4F-12 (Y12)_321125,CF,Jonas_DonorAcceptor-2bands-NoBG-ZnOCorr-NoInt_D18CL:BTP-4F-12 (Y12),Jonas_DonorAcceptor-2bands-NoBG-ZnOCorr-NoInt,03.11.2023 10:54,25612_192648_OD_x1y1,x1y1,0.006180838,0.6,1.4,5,1,0,0,0,0,1,1,0,0,0,0,124
25612,D18CL_323001,BTP-4F-12 (Y12)_321125,CF,0,11.5,1000,1.54172382,0.7,1.703366386,0.10517652,0.292295453,0.49690227,0.087267673,0.524596643,2.297016029,0.102125667,0.746837364,0.371437167,0.566291857,0.467367395,0.532632605,0.411764706,0.344088809,1.063194127,51.77429149,24.64803243,11.32777502,0.887663156,03.11.2023 13:53,B-2,2.43E-06,1,0.6,5.53,5.34,3.77,3.31,1.57,D18CL_323001,BTP-4F-12 (Y12)_321125,CF,Jonas_DonorAcceptor-2bands-NoBG-ZnOCorr-NoInt_D18CL:BTP-4F-12 (Y12),Jonas_DonorAcceptor-2bands-NoBG-ZnOCorr-NoInt,03.11.2023 10:54,25612_192648_OD_x2y2,x2y2,0.006159148,1,0.6,5,1,0,0,0,0,1,1,0,0,0,0,124
25613,D18CL_323001,BTP-4F-12 (Y12)_321125,CF,2,11.5,1000,1.519736854,0.7,1.69160611,0.109089064,0.251963491,0.428337935,0.083106426,0.528822392,2.296450984,0.096642621,0.7837216,0.304485207,0.465503803,0.47921004,0.52078996,0.411764706,0.345901783,0.893841738,57.54494539,24.63533609,12.3602318,0.871888484,03.11.2023 13:56,A-2,3.65E-06,1,1.4,5.53,5.34,3.77,3.31,1.57,D18CL_323001,BTP-4F-12 (Y12)_321125,CF,Jonas_DonorAcceptor-2bands-NoBG-ZnOCorr-NoInt_D18CL:BTP-4F-12 (Y12),Jonas_DonorAcceptor-2bands-NoBG-ZnOCorr-NoInt,03.11.2023 11:00,25613_192659_OD_x2y1,x2y1,0.006140164,1,1.4,5,1,0,0,0,0,1,1,0,0,0,0,125
25613,D18CL_323001,BTP-4F-12 (Y12)_321125,CF,2,11.5,1000,1.518769434,0.7,1.691112043,0.109106585,0.303271821,0.515562096,0.084958401,0.492071636,2.30018564,0.09492549,0.747201489,0.38234624,0.570487981,0.474713006,0.525286994,0.411764706,0.329790892,1.086050077,51.46410148,24.61885863,11.00461885,0.868565742,03.11.2023 13:56,B-2,3.11E-06,1,0.6,5.53,5.34,3.77,3.31,1.57,D18CL_323001,BTP-4F-12 (Y12)_321125,CF,Jonas_DonorAcceptor-2bands-NoBG-ZnOCorr-NoInt_D18CL:BTP-4F-12 (Y12),Jonas_DonorAcceptor-2bands-NoBG-ZnOCorr-NoInt,03.11.2023 11:00,25613_192659_OD_x2y2,x2y2,0.006195818,1,0.6,5,1,0,0,0,0,1,1,0,0,0,0,125
25614,D18CL_323001,BTP-4F-12 (Y12)_321125,CF,0,11.5,3000,1.548410459,0.3,1.722681812,0.082572496,0.227968431,0.29635896,0.074245706,0.777,2.274172921,0.10842749,0.95,0.136736889,0.242981453,0.549484061,0.450515939,0.230769231,0.437253799,0.539340413,65.36217902,26.34011454,15.54640782,0.902996101,03.11.2023 13:58,A-3,2.08E-06,1.4,1.4,5.53,5.34,3.77,3.31,1.57,D18CL_323001,BTP-4F-12 (Y12)_321125,CF,Jonas_DonorAcceptor-2bands-NoBG-ZnOCorr-NoInt_D18CL:BTP-4F-12 (Y12),Jonas_DonorAcceptor-2bands-NoBG-ZnOCorr-NoInt,03.11.2023 11:06,25614_192668_OD_x3y1,x3y1,0.006665051,1.4,1.4,5,1,0,0,0,0,1,1,0,0,0,0,126
25614,D18CL_323001,BTP-4F-12 (Y12)_321125,CF,0,11.5,3000,1.550035737,0.3,1.723631069,0.082080318,0.23381147,0.303954911,0.074351976,0.777,2.275886031,0.108287869,0.95,0.145018823,0.257698449,0.541178835,0.458821165,0.230769231,0.437253799,0.56165336,65.15944944,26.25488763,15.44520478,0.902830248,03.11.2023 13:58,A-1,3.26E-06,0.6,1.4,5.53,5.34,3.77,3.31,1.57,D18CL_323001,BTP-4F-12 (Y12)_321125,CF,Jonas_DonorAcceptor-2bands-NoBG-ZnOCorr-NoInt_D18CL:BTP-4F-12 (Y12),Jonas_DonorAcceptor-2bands-NoBG-ZnOCorr-NoInt,03.11.2023 11:06,25614_192668_OD_x1y1,x1y1,0.006852262,0.6,1.4,5,1,0,0,0,0,1,1,0,0,0,0,126
25614,D18CL_323001,BTP-4F-12 (Y12)_321125,CF,0,11.5,3000,1.547969774,0.3,1.722372234,0.082578741,0.2261431,0.29398603,0.074300127,0.777,2.274292727,0.108461835,0.95,0.135281996,0.240396107,0.550141949,0.449858051,0.230769231,0.437253799,0.534382137,65.1777302,26.15746873,15.37961584,0.902091396,03.11.2023 13:58,B-3,7.77E-06,1.4,0.6,5.53,5.34,3.77,3.31,1.57,D18CL_323001,BTP-4F-12 (Y12)_321125,CF,Jonas_DonorAcceptor-2bands-NoBG-ZnOCorr-NoInt_D18CL:BTP-4F-12 (Y12),Jonas_DonorAcceptor-2bands-NoBG-ZnOCorr-NoInt,03.11.2023 11:06,25614_192668_OD_x3y2,x3y2,0.006574988,1.4,0.6,5,1,0,0,0,0,1,1,0,0,0,0,126
25614,D18CL_323001,BTP-4F-12 (Y12)_321125,CF,0,11.5,3000,1.549574028,0.3,1.723381752,0.082028232,0.234213148,0.304477092,0.074409166,0.777,2.275451153,0.108578975,0.95,0.14173746,0.251867466,0.547281514,0.452718486,0.230769231,0.437253799,0.556344558,64.33378981,26.43011818,15.34650171,0.902549752,03.11.2023 13:58,A-2,2.34E-06,1,1.4,5.53,5.34,3.77,3.31,1.57,D18CL_323001,BTP-4F-12 (Y12)_321125,CF,Jonas_DonorAcceptor-2bands-NoBG-ZnOCorr-NoInt_D18CL:BTP-4F-12 (Y12),Jonas_DonorAcceptor-2bands-NoBG-ZnOCorr-NoInt,03.11.2023 11:06,25614_192668_OD_x2y1,x2y1,0.006921158,1,1.4,5,1,0,0,0,0,1,1,0,0,0,0,126
25615,D18CL_323001,BTP-4F-12 (Y12)_321125,CF,2,11.5,3000,1.52588209,0.340350406,1.709694609,0.086661844,0.228269925,0.305961687,0.072712618,0.744992092,2.27776217,0.10262059,0.95,0.151192231,0.263829247,0.536971841,0.463028159,0.253926439,0.4269315,0.569790935,63.17058234,26.67671347,14.81934336,0.879390473,03.11.2023 14:01,A-1,5.78E-06,0.6,1.4,5.53,5.34,3.77,3.31,1.57,D18CL_323001,BTP-4F-12 (Y12)_321125,CF,Jonas_DonorAcceptor-2bands-NoBG-ZnOCorr-NoInt_D18CL:BTP-4F-12 (Y12),Jonas_DonorAcceptor-2bands-NoBG-ZnOCorr-NoInt,03.11.2023 11:11,25615_192721_OD_x1y1,x1y1,0.007071034,0.6,1.4,5,1,0,0,0,0,1,1,0,0,0,0,127
25615,D18CL_323001,BTP-4F-12 (Y12)_321125,CF,2,11.5,3000,1.52241641,0.332736672,1.708592827,0.086960418,0.221526839,0.295236942,0.072067432,0.777,2.275800476,0.104689189,0.946080926,0.133197954,0.236692764,0.555029995,0.444970005,0.249664228,0.437253799,0.531929706,63.10958752,26.35404816,14.59552983,0.877560745,03.11.2023 14:01,B-1,7.81E-06,0.6,0.6,5.53,5.34,3.77,3.31,1.57,D18CL_323001,BTP-4F-12 (Y12)_321125,CF,Jonas_DonorAcceptor-2bands-NoBG-ZnOCorr-NoInt_D18CL:BTP-4F-12 (Y12),Jonas_DonorAcceptor-2bands-NoBG-ZnOCorr-NoInt,03.11.2023 11:11,25615_192721_OD_x1y2,x1y2,0.006332838,0.6,0.6,5,1,0,0,0,0,1,1,0,0,0,0,127
25615,D18CL_323001,BTP-4F-12 (Y12)_321125,CF,2,11.5,3000,1.522992681,0.333098522,1.708897271,0.086804322,0.222672643,0.296844571,0.07207142,0.777,2.275793468,0.104504261,0.95,0.13528074,0.240393874,0.552537842,0.447462158,0.249867895,0.437253799,0.537238446,63.21486289,26.23418339,14.5645028,0.878231303,03.11.2023 14:01,A-3,4.00E-06,1.4,1.4,5.53,5.34,3.77,3.31,1.57,D18CL_323001,BTP-4F-12 (Y12)_321125,CF,Jonas_DonorAcceptor-2bands-NoBG-ZnOCorr-NoInt_D18CL:BTP-4F-12 (Y12),Jonas_DonorAcceptor-2bands-NoBG-ZnOCorr-NoInt,03.11.2023 11:11,25615_192721_OD_x3y1,x3y1,0.006435379,1.4,1.4,5,1,0,0,0,0,1,1,0,0,0,0,127
25615,D18CL_323001,BTP-4F-12 (Y12)_321125,CF,2,11.5,3000,1.523184663,0.334782397,1.708910839,0.086847298,0.224576647,0.299760956,0.072078036,0.777,2.27609576,0.104445963,0.95,0.137116116,0.243655338,0.551623054,0.448376946,0.250814214,0.437253799,0.543416294,62.56902869,26.45380875,14.53410805,0.878093499,03.11.2023 14:01,A-2,4.63E-06,1,1.4,5.53,5.34,3.77,3.31,1.57,D18CL_323001,BTP-4F-12 (Y12)_321125,CF,Jonas_DonorAcceptor-2bands-NoBG-ZnOCorr-NoInt_D18CL:BTP-4F-12 (Y12),Jonas_DonorAcceptor-2bands-NoBG-ZnOCorr-NoInt,03.11.2023 11:11,25615_192721_OD_x2y1,x2y1,0.006564966,1,1.4,5,1,0,0,0,0,1,1,0,0,0,0,127
25616,D18CL_323001,BTP-4F-12 (Y12)_321125,CF,1,11.5,2000,1.524870631,0.440072393,1.704211643,0.09338183,0.242928238,0.349834249,0.074536455,0.777,2.280183405,0.10649736,0.95,0.181391261,0.322332271,0.520457712,0.479542288,0.305590466,0.437253799,0.67216652,63.42948568,25.48007547,14.17983164,0.877362715,03.11.2023 14:03,A-1,4.99E-06,0.6,1.4,5.53,5.34,3.77,3.31,1.57,D18CL_323001,BTP-4F-12 (Y12)_321125,CF,Jonas_DonorAcceptor-2bands-NoBG-ZnOCorr-NoInt_D18CL:BTP-4F-12 (Y12),Jonas_DonorAcceptor-2bands-NoBG-ZnOCorr-NoInt,03.11.2023 11:17,25616_192738_OD_x1y1,x1y1,0.007129479,0.6,1.4,5,1,0,0,0,0,1,1,0,0,0,0,128
25616,D18CL_323001,BTP-4F-12 (Y12)_321125,CF,1,11.5,2000,1.52462279,0.43913048,1.704198621,0.093271461,0.243066484,0.349804385,0.07476378,0.777,2.28056364,0.106539758,0.95,0.18061253,0.320948466,0.521510098,0.478489902,0.305135974,0.437253799,0.670752851,62.4028733,25.18689874,13.77240817,0.876255188,03.11.2023 14:03,A-2,3.29E-06,1,1.4,5.53,5.34,3.77,3.31,1.57,D18CL_323001,BTP-4F-12 (Y12)_321125,CF,Jonas_DonorAcceptor-2bands-NoBG-ZnOCorr-NoInt_D18CL:BTP-4F-12 (Y12),Jonas_DonorAcceptor-2bands-NoBG-ZnOCorr-NoInt,03.11.2023 11:17,25616_192738_OD_x2y1,x2y1,0.007076204,1,1.4,5,1,0,0,0,0,1,1,0,0,0,0,128
25616,D18CL_323001,BTP-4F-12 (Y12)_321125,CF,1,11.5,2000,1.525130821,0.430355551,1.704770829,0.092707049,0.242161825,0.34637751,0.0744297,0.777,2.280200999,0.106363466,0.95,0.178963979,0.31801899,0.521341563,0.478658437,0.30087313,0.437253799,0.664396501,61.89587352,25.28472635,13.7047732,0.875693041,03.11.2023 14:03,B-1,1.60E-05,0.6,0.6,5.53,5.34,3.77,3.31,1.57,D18CL_323001,BTP-4F-12 (Y12)_321125,CF,Jonas_DonorAcceptor-2bands-NoBG-ZnOCorr-NoInt_D18CL:BTP-4F-12 (Y12),Jonas_DonorAcceptor-2bands-NoBG-ZnOCorr-NoInt,03.11.2023 11:17,25616_192738_OD_x1y2,x1y2,0.007133502,0.6,0.6,5,1,0,0,0,0,1,1,0,0,0,0,128
25616,D18CL_323001,BTP-4F-12 (Y12)_321125,CF,1,11.5,2000,1.524674474,0.439867357,1.704154908,0.093354292,0.24229644,0.348874734,0.074670968,0.777,2.280186537,0.106552903,0.95,0.180607191,0.320938978,0.520853377,0.479146623,0.305491582,0.437253799,0.669813713,62.94069412,24.81899319,13.6936232,0.876602461,03.11.2023 14:03,A-3,2.93E-06,1.4,1.4,5.53,5.34,3.77,3.31,1.57,D18CL_323001,BTP-4F-12 (Y12)_321125,CF,Jonas_DonorAcceptor-2bands-NoBG-ZnOCorr-NoInt_D18CL:BTP-4F-12 (Y12),Jonas_DonorAcceptor-2bands-NoBG-ZnOCorr-NoInt,03.11.2023 11:17,25616_192738_OD_x3y1,x3y1,0.007078575,1.4,1.4,5,1,0,0,0,0,1,1,0,0,0,0,128
25617,D18CL_323001,ITIC_120057,CF,0,15,2000,1.775593554,0.26240805,1.932549791,0.068350247,0.378708791,0.478085026,0.09654992,0.776999975,2.283300283,0.114712957,0.645205052,0.179080834,0.318226637,0.600374261,0.399625739,0.207863099,0.437253791,0.796311663,51.97805524,14.20184867,7.577219924,1.026466986,03.11.2023 16:32,A-3,1.25E-06,1.4,1.4,5.45,5.34,3.81,3.31,1.53,D18CL_323001,ITIC_120057,CF,Jonas_DonorAcceptor-2bands-NoBG-ZnOCorr-NoInt_D18CL:ITIC,Jonas_DonorAcceptor-2bands-NoBG-ZnOCorr-NoInt,03.11.2023 11:29,25617_192758_OD_x3y1,x3y1,0.012965817,1.4,1.4,5,2,0,0,0,0,1,0,1,0,0,0,129
25617,D18CL_323001,ITIC_120057,CF,0,15,2000,1.770903359,0.368107631,1.930369451,0.077020478,0.364186845,0.498246802,0.089339898,0.777,2.287032693,0.109408536,0.717290172,0.177993874,0.316295114,0.611689579,0.388310421,0.269063356,0.437253799,0.814541916,50.7800227,14.05580867,7.323845657,1.026101815,03.11.2023 16:32,B-2,1.17E-06,1,0.6,5.45,5.34,3.81,3.31,1.53,D18CL_323001,ITIC_120057,CF,Jonas_DonorAcceptor-2bands-NoBG-ZnOCorr-NoInt_D18CL:ITIC,Jonas_DonorAcceptor-2bands-NoBG-ZnOCorr-NoInt,03.11.2023 11:29,25617_192758_OD_x2y2,x2y2,0.007681237,1,0.6,5,2,0,0,0,0,1,0,1,0,0,0,129
25617,D18CL_323001,ITIC_120057,CF,0,15,2000,1.767208137,0.45816632,1.92842243,0.084157542,0.352466557,0.513954862,0.085292209,0.777,2.289657333,0.106072651,0.759757318,0.178953437,0.318000257,0.617767533,0.382232467,0.314207175,0.437253799,0.831955119,50.0943666,14.19106769,7.307043472,1.027868909,03.11.2023 16:32,A-1,1.16E-06,0.6,1.4,5.45,5.34,3.81,3.31,1.53,D18CL_323001,ITIC_120057,CF,Jonas_DonorAcceptor-2bands-NoBG-ZnOCorr-NoInt_D18CL:ITIC,Jonas_DonorAcceptor-2bands-NoBG-ZnOCorr-NoInt,03.11.2023 11:29,25617_192758_OD_x1y1,x1y1,0.007367566,0.6,1.4,5,2,0,0,0,0,1,0,1,0,0,0,129
25617,D18CL_323001,ITIC_120057,CF,0,15,2000,1.768872236,0.414164498,1.92881167,0.080627154,0.358225461,0.506589729,0.087636414,0.777,2.288050339,0.10783116,0.73616017,0.179556626,0.319072124,0.613555933,0.386444067,0.292868686,0.437253799,0.825661854,50.19390027,14.15107701,7.28469108,1.025582736,03.11.2023 16:32,B-3,9.61E-07,1.4,0.6,5.45,5.34,3.81,3.31,1.53,D18CL_323001,ITIC_120057,CF,Jonas_DonorAcceptor-2bands-NoBG-ZnOCorr-NoInt_D18CL:ITIC,Jonas_DonorAcceptor-2bands-NoBG-ZnOCorr-NoInt,03.11.2023 11:29,25617_192758_OD_x3y2,x3y2,0.007350858,1.4,0.6,5,2,0,0,0,0,1,0,1,0,0,0,129
25618,D18CL_323001,ITIC_120057,CF,0,12.5,2000,1.784497779,0.2,1.959346345,0.067126036,0.370749057,0.444898868,0.07840268,0.777,2.293519608,0.094825046,0.895284084,0.112875848,0.200580382,0.689253556,0.310746444,0.166666667,0.437253799,0.64547925,55.77803632,16.06867647,9.20630929,1.02716978,03.11.2023 16:34,A-2,1.82E-06,1,1.4,5.45,5.34,3.81,3.31,1.53,D18CL_323001,ITIC_120057,CF,Jonas_DonorAcceptor-2bands-NoBG-ZnOCorr-NoInt_D18CL:ITIC,Jonas_DonorAcceptor-2bands-NoBG-ZnOCorr-NoInt,03.11.2023 11:35,25618_192772_OD_x2y1,x2y1,0.015176978,1,1.4,5,2,0,0,0,0,1,0,1,0,0,0,130
25618,D18CL_323001,ITIC_120057,CF,0,12.5,2000,1.785149422,0.2,1.953178318,0.06479352,0.375524145,0.450628974,0.083757742,0.777,2.290511868,0.10073578,0.835598245,0.13248589,0.235427426,0.656839546,0.343160454,0.166666667,0.437253799,0.686056399,54.59844054,15.96465981,8.961201966,1.028078693,03.11.2023 16:34,A-1,3.52E-06,0.6,1.4,5.45,5.34,3.81,3.31,1.53,D18CL_323001,ITIC_120057,CF,Jonas_DonorAcceptor-2bands-NoBG-ZnOCorr-NoInt_D18CL:ITIC,Jonas_DonorAcceptor-2bands-NoBG-ZnOCorr-NoInt,03.11.2023 11:35,25618_192772_OD_x1y1,x1y1,0.014047922,0.6,1.4,5,2,0,0,0,0,1,0,1,0,0,0,130
25618,D18CL_323001,ITIC_120057,CF,0,12.5,2000,1.784103532,0.2,1.951646809,0.064393605,0.37958084,0.455497008,0.08383057,0.777,2.287864667,0.100531716,0.825564215,0.130832418,0.232489207,0.66207287,0.33792713,0.166666667,0.437253799,0.687986216,55.2664355,15.78794322,8.949696923,1.025702273,03.11.2023 16:34,A-3,1.72E-06,1.4,1.4,5.45,5.34,3.81,3.31,1.53,D18CL_323001,ITIC_120057,CF,Jonas_DonorAcceptor-2bands-NoBG-ZnOCorr-NoInt_D18CL:ITIC,Jonas_DonorAcceptor-2bands-NoBG-ZnOCorr-NoInt,03.11.2023 11:35,25618_192772_OD_x3y1,x3y1,0.014143847,1.4,1.4,5,2,0,0,0,0,1,0,1,0,0,0,130
25618,D18CL_323001,ITIC_120057,CF,0,12.5,2000,1.784617187,0.2,1.950819506,0.064029211,0.381122968,0.457347562,0.085752798,0.777,2.287777206,0.102461832,0.802003219,0.135442743,0.240681755,0.655198215,0.344801785,0.166666667,0.437253799,0.698029317,54.17417105,15.57460211,8.647170894,1.024860623,03.11.2023 16:34,B-1,5.60E-06,0.6,0.6,5.45,5.34,3.81,3.31,1.53,D18CL_323001,ITIC_120057,CF,Jonas_DonorAcceptor-2bands-NoBG-ZnOCorr-NoInt_D18CL:ITIC,Jonas_DonorAcceptor-2bands-NoBG-ZnOCorr-NoInt,03.11.2023 11:35,25618_192772_OD_x1y2,x1y2,0.013802603,0.6,0.6,5,2,0,0,0,0,1,0,1,0,0,0,130
25619,D18CL_323001,ITIC_120057,CF,0,10,2000,1.777835017,0.2,1.96685889,0.076623591,0.307946152,0.369535383,0.073858592,0.777,2.30488568,0.088391727,0.95,0.072395966,0.128647631,0.741766324,0.258233676,0.166666667,0.437253799,0.498183013,56.57205384,15.77208019,9.152187075,1.025732145,03.11.2023 16:37,A-1,2.63E-06,0.6,1.4,5.45,5.34,3.81,3.31,1.53,D18CL_323001,ITIC_120057,CF,Jonas_DonorAcceptor-2bands-NoBG-ZnOCorr-NoInt_D18CL:ITIC,Jonas_DonorAcceptor-2bands-NoBG-ZnOCorr-NoInt,03.11.2023 11:41,25619_192781_OD_x1y1,x1y1,0.010626792,0.6,1.4,5,2,0,0,0,0,1,0,1,0,0,0,131
25619,D18CL_323001,ITIC_120057,CF,0,10,2000,1.777268424,0.2,1.966167946,0.076608984,0.307160348,0.368592418,0.074206736,0.777,2.304247827,0.088353664,0.95,0.071674775,0.127366075,0.743192067,0.256807933,0.166666667,0.437253799,0.495958493,56.37369434,15.6862418,9.05782455,1.024303136,03.11.2023 16:37,B-1,1.55E-06,0.6,0.6,5.45,5.34,3.81,3.31,1.53,D18CL_323001,ITIC_120057,CF,Jonas_DonorAcceptor-2bands-NoBG-ZnOCorr-NoInt_D18CL:ITIC,Jonas_DonorAcceptor-2bands-NoBG-ZnOCorr-NoInt,03.11.2023 11:41,25619_192781_OD_x1y2,x1y2,0.010394813,0.6,0.6,5,2,0,0,0,0,1,0,1,0,0,0,131
25619,D18CL_323001,ITIC_120057,CF,0,10,2000,1.776129011,0.2,1.965545313,0.076761457,0.29625269,0.355503228,0.074182926,0.777,2.303943766,0.088203078,0.95,0.067453605,0.119865057,0.747848015,0.252151985,0.166666667,0.437253799,0.475368284,55.97865591,15.59097759,8.932910878,1.023522013,03.11.2023 16:37,B-3,3.49E-06,1.4,0.6,5.45,5.34,3.81,3.31,1.53,D18CL_323001,ITIC_120057,CF,Jonas_DonorAcceptor-2bands-NoBG-ZnOCorr-NoInt_D18CL:ITIC,Jonas_DonorAcceptor-2bands-NoBG-ZnOCorr-NoInt,03.11.2023 11:41,25619_192781_OD_x3y2,x3y2,0.009314561,1.4,0.6,5,2,0,0,0,0,1,0,1,0,0,0,131
25619,D18CL_323001,ITIC_120057,CF,0,10,2000,1.778863337,0.2,1.968554976,0.076989667,0.296461088,0.355753305,0.073890567,0.777,2.306038965,0.088308378,0.95,0.067802206,0.12048452,0.747007664,0.252992336,0.166666667,0.437253799,0.476237825,55.19957615,15.66433348,8.866367776,1.025411251,03.11.2023 16:37,A-2,1.96E-06,1,1.4,5.45,5.34,3.81,3.31,1.53,D18CL_323001,ITIC_120057,CF,Jonas_DonorAcceptor-2bands-NoBG-ZnOCorr-NoInt_D18CL:ITIC,Jonas_DonorAcceptor-2bands-NoBG-ZnOCorr-NoInt,03.11.2023 11:41,25619_192781_OD_x2y1,x2y1,0.009667104,1,1.4,5,2,0,0,0,0,1,0,1,0,0,0,131
25620,D18CL_323001,ITIC_120057,CF,0,10,1000,1.782753514,0.2,1.948466164,0.064133072,0.376400166,0.4516802,0.087417163,0.777,2.286493749,0.103305586,0.801588999,0.136600166,0.242738494,0.650443607,0.349556393,0.166666667,0.437253799,0.694418694,55.22834358,15.23586378,8.603508316,1.022460369,03.11.2023 16:39,A-1,2.53E-06,0.6,1.4,5.45,5.34,3.81,3.31,1.53,D18CL_323001,ITIC_120057,CF,Jonas_DonorAcceptor-2bands-NoBG-ZnOCorr-NoInt_D18CL:ITIC,Jonas_DonorAcceptor-2bands-NoBG-ZnOCorr-NoInt,03.11.2023 11:47,25620_192789_OD_x1y1,x1y1,0.013188753,0.6,1.4,5,2,0,0,0,0,1,0,1,0,0,0,132
25620,D18CL_323001,ITIC_120057,CF,0,10,1000,1.78477062,0.2,1.955888478,0.065569347,0.372518201,0.447021841,0.081161203,0.777,2.291279855,0.09757811,0.887042543,0.120828043,0.214711432,0.675531758,0.324468242,0.166666667,0.437253799,0.661733273,55.29669295,14.89065203,8.456488965,1.027016007,03.11.2023 16:39,B-1,1.97E-06,0.6,0.6,5.45,5.34,3.81,3.31,1.53,D18CL_323001,ITIC_120057,CF,Jonas_DonorAcceptor-2bands-NoBG-ZnOCorr-NoInt_D18CL:ITIC,Jonas_DonorAcceptor-2bands-NoBG-ZnOCorr-NoInt,03.11.2023 11:47,25620_192789_OD_x1y2,x1y2,0.014772787,0.6,0.6,5,2,0,0,0,0,1,0,1,0,0,0,132
25620,D18CL_323001,ITIC_120057,CF,0,10,1000,1.783026037,0.2,1.947017999,0.063610579,0.380106057,0.456127269,0.088723092,0.777,2.286421604,0.105320492,0.76633676,0.142349371,0.252954833,0.643264395,0.356735605,0.166666667,0.437253799,0.709082102,55.09654722,14.67126106,8.275364608,1.023753287,03.11.2023 16:39,B-3,1.33E-06,1.4,0.6,5.45,5.34,3.81,3.31,1.53,D18CL_323001,ITIC_120057,CF,Jonas_DonorAcceptor-2bands-NoBG-ZnOCorr-NoInt_D18CL:ITIC,Jonas_DonorAcceptor-2bands-NoBG-ZnOCorr-NoInt,03.11.2023 11:47,25620_192789_OD_x3y2,x3y2,0.013279834,1.4,0.6,5,2,0,0,0,0,1,0,1,0,0,0,132
25620,D18CL_323001,ITIC_120057,CF,0,10,1000,1.785103211,0.2,1.952441172,0.06428475,0.37503499,0.450041988,0.085013473,0.777,2.289543846,0.101340451,0.834712927,0.130203058,0.231370833,0.660454242,0.339545758,0.166666667,0.437253799,0.681412822,53.68876065,14.79529713,8.15161615,1.026210965,03.11.2023 16:39,B-2,1.97E-06,1,0.6,5.45,5.34,3.81,3.31,1.53,D18CL_323001,ITIC_120057,CF,Jonas_DonorAcceptor-2bands-NoBG-ZnOCorr-NoInt_D18CL:ITIC,Jonas_DonorAcceptor-2bands-NoBG-ZnOCorr-NoInt,03.11.2023 11:47,25620_192789_OD_x2y2,x2y2,0.014111755,1,0.6,5,2,0,0,0,0,1,0,1,0,0,0,132
25621,D18CL_323001,ITIC_120057,CF,2,10,1000,1.783198595,0.2,1.954561609,0.065517503,0.36396594,0.436759128,0.078764381,0.777,2.288315654,0.096568183,0.876281383,0.12006506,0.213355611,0.671818529,0.328181471,0.166666667,0.437253799,0.65011474,56.40714025,14.86500249,8.604474163,1.026184065,03.11.2023 16:42,B-1,4.72E-06,0.6,0.6,5.45,5.34,3.81,3.31,1.53,D18CL_323001,ITIC_120057,CF,Jonas_DonorAcceptor-2bands-NoBG-ZnOCorr-NoInt_D18CL:ITIC,Jonas_DonorAcceptor-2bands-NoBG-ZnOCorr-NoInt,03.11.2023 11:52,25621_192796_OD_x1y2,x1y2,0.013955083,0.6,0.6,5,2,0,0,0,0,1,0,1,0,0,0,133
25621,D18CL_323001,ITIC_120057,CF,2,10,1000,1.782960496,0.2,1.952231301,0.064602588,0.367310749,0.440772899,0.080127134,0.777,2.287190602,0.0981351,0.845925371,0.125966758,0.22384293,0.66319952,0.33680048,0.166666667,0.437253799,0.664615828,56.23245311,14.79087535,8.548080445,1.027750493,03.11.2023 16:42,A-1,2.12E-06,0.6,1.4,5.45,5.34,3.81,3.31,1.53,D18CL_323001,ITIC_120057,CF,Jonas_DonorAcceptor-2bands-NoBG-ZnOCorr-NoInt_D18CL:ITIC,Jonas_DonorAcceptor-2bands-NoBG-ZnOCorr-NoInt,03.11.2023 11:52,25621_192796_OD_x1y1,x1y1,0.013712009,0.6,1.4,5,2,0,0,0,0,1,0,1,0,0,0,133
25621,D18CL_323001,ITIC_120057,CF,2,10,1000,1.784431872,0.2,1.956768171,0.065817073,0.359708498,0.431650198,0.078571799,0.777,2.289957598,0.096112828,0.88618075,0.115762653,0.205710235,0.677246618,0.322753382,0.166666667,0.437253799,0.637360433,55.14888135,15.04549036,8.541705475,1.029441183,03.11.2023 16:42,A-2,1.81E-06,1,1.4,5.45,5.34,3.81,3.31,1.53,D18CL_323001,ITIC_120057,CF,Jonas_DonorAcceptor-2bands-NoBG-ZnOCorr-NoInt_D18CL:ITIC,Jonas_DonorAcceptor-2bands-NoBG-ZnOCorr-NoInt,03.11.2023 11:52,25621_192796_OD_x2y1,x2y1,0.013881571,1,1.4,5,2,0,0,0,0,1,0,1,0,0,0,133
25621,D18CL_323001,ITIC_120057,CF,2,10,1000,1.783681802,0.2,1.952978624,0.064670582,0.364824937,0.437789924,0.080272237,0.777,2.287005192,0.098279876,0.851507617,0.124304403,0.220888925,0.664648523,0.335351477,0.166666667,0.437253799,0.658678849,55.83756031,14.87779525,8.533369041,1.027201194,03.11.2023 16:42,A-3,2.06E-06,1.4,1.4,5.45,5.34,3.81,3.31,1.53,D18CL_323001,ITIC_120057,CF,Jonas_DonorAcceptor-2bands-NoBG-ZnOCorr-NoInt_D18CL:ITIC,Jonas_DonorAcceptor-2bands-NoBG-ZnOCorr-NoInt,03.11.2023 11:52,25621_192796_OD_x3y1,x3y1,0.013476619,1.4,1.4,5,2,0,0,0,0,1,0,1,0,0,0,133
25622,D18CL_323001,ITIC_120057,CF,0,10,3000,1.770986338,0.2,1.960385265,0.075621384,0.254716436,0.305659724,0.075525793,0.777,2.302398022,0.088864567,0.878747589,0.054878607,0.097519285,0.758124102,0.241875898,0.166666667,0.437253799,0.403179009,51.84770295,15.31020402,7.868835236,0.991288239,03.11.2023 16:44,A-1,3.71E-06,0.6,1.4,5.45,5.34,3.81,3.31,1.53,D18CL_323001,ITIC_120057,CF,Jonas_DonorAcceptor-2bands-NoBG-ZnOCorr-NoInt_D18CL:ITIC,Jonas_DonorAcceptor-2bands-NoBG-ZnOCorr-NoInt,03.11.2023 11:58,25622_192810_OD_x1y1,x1y1,0.005915906,0.6,1.4,5,2,0,0,0,0,1,0,1,0,0,0,134
25622,D18CL_323001,ITIC_120057,CF,0,10,3000,1.772328232,0.2,1.960357846,0.074856022,0.252195666,0.302634799,0.07614923,0.777,2.30131788,0.08979459,0.855872932,0.055696492,0.098972667,0.753558698,0.246441302,0.166666667,0.437253799,0.401607466,52.09402504,15.10800249,7.785009919,0.989154675,03.11.2023 16:44,B-3,3.19E-06,1.4,0.6,5.45,5.34,3.81,3.31,1.53,D18CL_323001,ITIC_120057,CF,Jonas_DonorAcceptor-2bands-NoBG-ZnOCorr-NoInt_D18CL:ITIC,Jonas_DonorAcceptor-2bands-NoBG-ZnOCorr-NoInt,03.11.2023 11:58,25622_192810_OD_x3y2,x3y2,0.00556544,1.4,0.6,5,2,0,0,0,0,1,0,1,0,0,0,134
25622,D18CL_323001,ITIC_120057,CF,0,10,3000,1.771008922,0.2,1.959492614,0.074891869,0.250018912,0.300022695,0.075886108,0.777,2.301206074,0.08946732,0.863548095,0.054749565,0.097289977,0.755129943,0.244870057,0.166666667,0.437253799,0.397312672,51.39974557,15.2699956,7.752693565,0.987762961,03.11.2023 16:44,B-1,4.33E-06,0.6,0.6,5.45,5.34,3.81,3.31,1.53,D18CL_323001,ITIC_120057,CF,Jonas_DonorAcceptor-2bands-NoBG-ZnOCorr-NoInt_D18CL:ITIC,Jonas_DonorAcceptor-2bands-NoBG-ZnOCorr-NoInt,03.11.2023 11:58,25622_192810_OD_x1y2,x1y2,0.005713098,0.6,0.6,5,2,0,0,0,0,1,0,1,0,0,0,134
25622,D18CL_323001,ITIC_120057,CF,0,10,3000,1.771824492,0.2,1.96086541,0.075486531,0.253888459,0.304666151,0.075641621,0.777,2.302342334,0.089176348,0.86946671,0.055211506,0.098110845,0.75641398,0.24358602,0.166666667,0.437253799,0.402776996,51.04421438,15.22149773,7.654172601,0.985131804,03.11.2023 16:44,A-2,2.08E-06,1,1.4,5.45,5.34,3.81,3.31,1.53,D18CL_323001,ITIC_120057,CF,Jonas_DonorAcceptor-2bands-NoBG-ZnOCorr-NoInt_D18CL:ITIC,Jonas_DonorAcceptor-2bands-NoBG-ZnOCorr-NoInt,03.11.2023 11:58,25622_192810_OD_x2y1,x2y1,0.005817776,1,1.4,5,2,0,0,0,0,1,0,1,0,0,0,134
25623,D18CL_323001,ITIC_120057,CF,2,10,3000,1.771317537,0.2,1.960699272,0.075479175,0.250128961,0.300154754,0.074404271,0.777,2.300066492,0.088683379,0.857136348,0.05615361,0.099784965,0.750499986,0.249500014,0.166666667,0.437253799,0.399939719,58.09212577,15.42562345,9.1898343,1.025528387,03.11.2023 16:47,B-3,2.55E-06,1.4,0.6,5.45,5.34,3.81,3.31,1.53,D18CL_323001,ITIC_120057,CF,Jonas_DonorAcceptor-2bands-NoBG-ZnOCorr-NoInt_D18CL:ITIC,Jonas_DonorAcceptor-2bands-NoBG-ZnOCorr-NoInt,03.11.2023 12:04,25623_192819_OD_x3y2,x3y2,0.005846937,1.4,0.6,5,2,0,0,0,0,1,0,1,0,0,0,135
25623,D18CL_323001,ITIC_120057,CF,2,10,3000,1.772027637,0.2,1.961672582,0.07587789,0.255235537,0.306282645,0.074082121,0.777,2.300592863,0.08852069,0.862597595,0.057918087,0.102920441,0.748485667,0.251514333,0.166666667,0.437253799,0.409203086,57.6011178,15.40620985,9.082173015,1.023441564,03.11.2023 16:47,A-3,2.58E-06,1.4,1.4,5.45,5.34,3.81,3.31,1.53,D18CL_323001,ITIC_120057,CF,Jonas_DonorAcceptor-2bands-NoBG-ZnOCorr-NoInt_D18CL:ITIC,Jonas_DonorAcceptor-2bands-NoBG-ZnOCorr-NoInt,03.11.2023 12:04,25623_192819_OD_x3y1,x3y1,0.006105284,1.4,1.4,5,2,0,0,0,0,1,0,1,0,0,0,135
25623,D18CL_323001,ITIC_120057,CF,2,10,3000,1.770529849,0.2,1.959015866,0.074455659,0.242589285,0.291107142,0.074908684,0.777,2.298475912,0.089574742,0.819981194,0.055182487,0.098059279,0.748027389,0.251972611,0.166666667,0.437253799,0.389166422,57.46531755,15.45137679,9.080378062,1.022659216,03.11.2023 16:47,A-2,4.24E-06,1,1.4,5.45,5.34,3.81,3.31,1.53,D18CL_323001,ITIC_120057,CF,Jonas_DonorAcceptor-2bands-NoBG-ZnOCorr-NoInt_D18CL:ITIC,Jonas_DonorAcceptor-2bands-NoBG-ZnOCorr-NoInt,03.11.2023 12:04,25623_192819_OD_x2y1,x2y1,0.005597797,1,1.4,5,2,0,0,0,0,1,0,1,0,0,0,135
25623,D18CL_323001,ITIC_120057,CF,2,10,3000,1.772982077,0.2,1.962111496,0.075109745,0.242704146,0.291244975,0.074537053,0.777,2.300661438,0.089336651,0.830516538,0.055476697,0.09858209,0.747113274,0.252886726,0.166666667,0.437253799,0.389827065,57.45159306,15.33258223,9.050185751,1.02740131,03.11.2023 16:47,B-2,2.62E-06,1,0.6,5.45,5.34,3.81,3.31,1.53,D18CL_323001,ITIC_120057,CF,Jonas_DonorAcceptor-2bands-NoBG-ZnOCorr-NoInt_D18CL:ITIC,Jonas_DonorAcceptor-2bands-NoBG-ZnOCorr-NoInt,03.11.2023 12:04,25623_192819_OD_x2y2,x2y2,0.005769356,1,0.6,5,2,0,0,0,0,1,0,1,0,0,0,135
25624,D18CL_323001,ITIC_120057,CF,1,10,2000,1.777302928,0.2,1.965169072,0.075510796,0.299879897,0.359855877,0.073088016,0.777,2.298668313,0.08839939,0.934344692,0.073538567,0.130678033,0.733600408,0.266399592,0.166666667,0.437253799,0.49053391,58.20421622,15.87270725,9.482492683,1.026400995,03.11.2023 16:49,B-1,4.82E-06,0.6,0.6,5.45,5.34,3.81,3.31,1.53,D18CL_323001,ITIC_120057,CF,Jonas_DonorAcceptor-2bands-NoBG-ZnOCorr-NoInt_D18CL:ITIC,Jonas_DonorAcceptor-2bands-NoBG-ZnOCorr-NoInt,03.11.2023 12:10,25624_192824_OD_x1y2,x1y2,0.009278429,0.6,0.6,5,2,0,0,0,0,1,0,1,0,0,0,136
25624,D18CL_323001,ITIC_120057,CF,1,10,2000,1.775988652,0.2,1.964750105,0.075455268,0.277064073,0.332476888,0.072858058,0.777,2.299753322,0.087917674,0.899934009,0.065241704,0.115934507,0.741455037,0.258544963,0.166666667,0.437253799,0.448411395,58.0399886,15.67310745,9.341181598,1.026879268,03.11.2023 16:49,A-1,3.83E-06,0.6,1.4,5.45,5.34,3.81,3.31,1.53,D18CL_323001,ITIC_120057,CF,Jonas_DonorAcceptor-2bands-NoBG-ZnOCorr-NoInt_D18CL:ITIC,Jonas_DonorAcceptor-2bands-NoBG-ZnOCorr-NoInt,03.11.2023 12:10,25624_192824_OD_x1y1,x1y1,0.007795662,0.6,1.4,5,2,0,0,0,0,1,0,1,0,0,0,136
25624,D18CL_323001,ITIC_120057,CF,1,10,2000,1.777340222,0.2,1.965262829,0.075425748,0.295544991,0.354653989,0.072720657,0.777,2.299466327,0.08779207,0.922882458,0.072185478,0.128273594,0.734383376,0.265616624,0.166666667,0.437253799,0.482927583,58.07099769,15.66232561,9.338479438,1.026740353,03.11.2023 16:49,A-2,3.36E-06,1,1.4,5.45,5.34,3.81,3.31,1.53,D18CL_323001,ITIC_120057,CF,Jonas_DonorAcceptor-2bands-NoBG-ZnOCorr-NoInt_D18CL:ITIC,Jonas_DonorAcceptor-2bands-NoBG-ZnOCorr-NoInt,03.11.2023 12:10,25624_192824_OD_x2y1,x2y1,0.009138323,1,1.4,5,2,0,0,0,0,1,0,1,0,0,0,136
25624,D18CL_323001,ITIC_120057,CF,1,10,2000,1.776883579,0.2,1.964898559,0.07525906,0.296467536,0.355761043,0.072534568,0.777,2.298715774,0.087901152,0.942082672,0.07209447,0.128111873,0.735236529,0.264763471,0.166666667,0.437253799,0.483872916,58.48036847,15.41476924,9.251610767,1.026290302,03.11.2023 16:49,A-3,3.67E-06,1.4,1.4,5.45,5.34,3.81,3.31,1.53,D18CL_323001,ITIC_120057,CF,Jonas_DonorAcceptor-2bands-NoBG-ZnOCorr-NoInt_D18CL:ITIC,Jonas_DonorAcceptor-2bands-NoBG-ZnOCorr-NoInt,03.11.2023 12:10,25624_192824_OD_x3y1,x3y1,0.009080616,1.4,1.4,5,2,0,0,0,0,1,0,1,0,0,0,136
25633,D18CL_323001,L8-BO_321144,CF,0,15,2000,1.562280419,0.825,1.721366145,0.109183989,0.260218883,0.474899462,0.092534946,0.435235902,2.309518179,0.101366776,0.780160349,0.248678829,0.356912784,0.57092146,0.42907854,0.452054795,0.303250428,0.831812246,61.3921868,23.82701566,13.68902083,0.9358142,08.11.2023 12:00,B-3,1.47E-06,1.4,0.6,5.45,5.34,3.77,3.31,1.57,D18CL_323001,L8-BO_321144,CF,Jonas_DonorAcceptor-2bands-NoBG-ZnOCorr-NoInt_D18CL:L8-BO,Jonas_DonorAcceptor-2bands-NoBG-ZnOCorr-NoInt,03.11.2023 16:04,25633_193228_OD_x3y2,x3y2,0.007281034,1.4,0.6,5,4,0,0,0,0,1,0,0,0,1,0,137
25633,D18CL_323001,L8-BO_321144,CF,0,15,2000,1.562946338,0.825,1.721766467,0.108976322,0.262537249,0.479130479,0.092804084,0.437159091,2.310010084,0.101897175,0.774340893,0.251888038,0.362003183,0.569624663,0.430375337,0.452054795,0.30418281,0.841133662,61.14815769,23.83492303,13.66969448,0.937911104,08.11.2023 12:00,A-3,1.18E-06,1.4,1.4,5.45,5.34,3.77,3.31,1.57,D18CL_323001,L8-BO_321144,CF,Jonas_DonorAcceptor-2bands-NoBG-ZnOCorr-NoInt_D18CL:L8-BO,Jonas_DonorAcceptor-2bands-NoBG-ZnOCorr-NoInt,03.11.2023 16:04,25633_193228_OD_x3y1,x3y1,0.007343951,1.4,1.4,5,4,0,0,0,0,1,0,0,0,1,0,137
25633,D18CL_323001,L8-BO_321144,CF,0,15,2000,1.561877532,0.825,1.720980211,0.109018421,0.262636236,0.47931113,0.092638132,0.436073127,2.310171802,0.101504272,0.77681903,0.252094276,0.362025816,0.56970175,0.43029825,0.452054795,0.30365663,0.841336946,61.08823957,23.60165988,13.51193579,0.937167923,08.11.2023 12:00,B-1,2.08E-06,0.6,0.6,5.45,5.34,3.77,3.31,1.57,D18CL_323001,L8-BO_321144,CF,Jonas_DonorAcceptor-2bands-NoBG-ZnOCorr-NoInt_D18CL:L8-BO,Jonas_DonorAcceptor-2bands-NoBG-ZnOCorr-NoInt,03.11.2023 16:04,25633_193228_OD_x1y2,x1y2,0.007621238,0.6,0.6,5,4,0,0,0,0,1,0,0,0,1,0,137
25633,D18CL_323001,L8-BO_321144,CF,0,15,2000,1.563710117,0.825,1.722381832,0.10831297,0.2725326,0.497371995,0.09423172,0.409241297,2.31325247,0.100129966,0.754433992,0.27345374,0.385362303,0.563444738,0.436555262,0.452054795,0.290398314,0.882734298,59.5972434,24.08513538,13.47315459,0.938629131,08.11.2023 12:00,A-1,2.19E-06,0.6,1.4,5.45,5.34,3.77,3.31,1.57,D18CL_323001,L8-BO_321144,CF,Jonas_DonorAcceptor-2bands-NoBG-ZnOCorr-NoInt_D18CL:L8-BO,Jonas_DonorAcceptor-2bands-NoBG-ZnOCorr-NoInt,03.11.2023 16:04,25633_193228_OD_x1y1,x1y1,0.007561163,0.6,1.4,5,4,0,0,0,0,1,0,0,0,1,0,137
25634,D18CL_323001,L8-BO_321144,CF,0,12.5,2000,1.572627294,0.325,1.748352311,0.080764813,0.303068254,0.401565437,0.077985035,0.642065558,2.294010251,0.105353188,0.95,0.133193778,0.218712915,0.647395538,0.352604462,0.245283019,0.391010916,0.620278352,66.16772134,24.78623069,15.38492278,0.93807736,08.11.2023 12:03,A-1,2.16E-06,0.6,1.4,5.45,5.34,3.77,3.31,1.57,D18CL_323001,L8-BO_321144,CF,Jonas_DonorAcceptor-2bands-NoBG-ZnOCorr-NoInt_D18CL:L8-BO,Jonas_DonorAcceptor-2bands-NoBG-ZnOCorr-NoInt,03.11.2023 16:09,25634_193236_OD_x1y1,x1y1,0.011181614,0.6,1.4,5,4,0,0,0,0,1,0,0,0,1,0,138
25634,D18CL_323001,L8-BO_321144,CF,0,12.5,2000,1.571633436,0.325,1.747522646,0.081013013,0.300292899,0.397888091,0.077464457,0.657378192,2.293359229,0.106030306,0.95,0.130974932,0.217074996,0.647011339,0.352988661,0.245283019,0.396637409,0.614963087,66.68010391,24.48945558,15.29195942,0.936456781,08.11.2023 12:03,B-1,1.25E-06,0.6,0.6,5.45,5.34,3.77,3.31,1.57,D18CL_323001,L8-BO_321144,CF,Jonas_DonorAcceptor-2bands-NoBG-ZnOCorr-NoInt_D18CL:L8-BO,Jonas_DonorAcceptor-2bands-NoBG-ZnOCorr-NoInt,03.11.2023 16:09,25634_193236_OD_x1y2,x1y2,0.010815817,0.6,0.6,5,4,0,0,0,0,1,0,0,0,1,0,138
25634,D18CL_323001,L8-BO_321144,CF,0,12.5,2000,1.572048402,0.36232604,1.746909723,0.082165212,0.313536,0.427138257,0.079386144,0.637483984,2.299421028,0.109319693,0.95,0.153143658,0.250770288,0.630082421,0.369917579,0.265961326,0.389307004,0.677908545,66.24095656,24.42408114,15.15521862,0.936736357,08.11.2023 12:03,A-3,1.64E-06,1.4,1.4,5.45,5.34,3.77,3.31,1.57,D18CL_323001,L8-BO_321144,CF,Jonas_DonorAcceptor-2bands-NoBG-ZnOCorr-NoInt_D18CL:L8-BO,Jonas_DonorAcceptor-2bands-NoBG-ZnOCorr-NoInt,03.11.2023 16:09,25634_193236_OD_x3y1,x3y1,0.010992062,1.4,1.4,5,4,0,0,0,0,1,0,0,0,1,0,138
25634,D18CL_323001,L8-BO_321144,CF,0,12.5,2000,1.572439015,0.325,1.748198961,0.080616417,0.30425407,0.403136643,0.077383748,0.688581215,2.29372667,0.108780355,0.95,0.130781811,0.22083571,0.646080938,0.353919062,0.245283019,0.40778685,0.623972353,66.39305413,24.33972129,15.12036032,0.935672559,08.11.2023 12:03,B-3,1.76E-06,1.4,0.6,5.45,5.34,3.77,3.31,1.57,D18CL_323001,L8-BO_321144,CF,Jonas_DonorAcceptor-2bands-NoBG-ZnOCorr-NoInt_D18CL:L8-BO,Jonas_DonorAcceptor-2bands-NoBG-ZnOCorr-NoInt,03.11.2023 16:09,25634_193236_OD_x3y2,x3y2,0.010920992,1.4,0.6,5,4,0,0,0,0,1,0,0,0,1,0,138
25635,D18CL_323001,L8-BO_321144,CF,0,10,2000,1.565431563,0.325,1.743254328,0.084143693,0.251475128,0.333204544,0.074948761,0.699509072,2.283897883,0.106716377,0.95,0.098700321,0.167742091,0.66514978,0.33485022,0.245283019,0.411594786,0.500946635,66.60662368,23.84643747,14.90395326,0.938340698,08.11.2023 12:05,A-2,2.13E-06,1,1.4,5.45,5.34,3.77,3.31,1.57,D18CL_323001,L8-BO_321144,CF,Jonas_DonorAcceptor-2bands-NoBG-ZnOCorr-NoInt_D18CL:L8-BO,Jonas_DonorAcceptor-2bands-NoBG-ZnOCorr-NoInt,03.11.2023 16:15,25635_193258_OD_x2y1,x2y1,0.00689708,1,1.4,5,4,0,0,0,0,1,0,0,0,1,0,139
25635,D18CL_323001,L8-BO_321144,CF,0,10,2000,1.561538369,0.325,1.740851817,0.084560108,0.236794374,0.313752545,0.073883008,0.732681087,2.28018391,0.107857492,0.95,0.087457649,0.151536214,0.674317913,0.325682087,0.245283019,0.422859748,0.465288759,66.98161337,23.58913577,14.81110281,0.937388805,08.11.2023 12:05,A-1,2.07E-06,0.6,1.4,5.45,5.34,3.77,3.31,1.57,D18CL_323001,L8-BO_321144,CF,Jonas_DonorAcceptor-2bands-NoBG-ZnOCorr-NoInt_D18CL:L8-BO,Jonas_DonorAcceptor-2bands-NoBG-ZnOCorr-NoInt,03.11.2023 16:15,25635_193258_OD_x1y1,x1y1,0.005456674,0.6,1.4,5,4,0,0,0,0,1,0,0,0,1,0,139
25635,D18CL_323001,L8-BO_321144,CF,0,10,2000,1.56498034,0.325,1.74309462,0.084119968,0.24837098,0.329091549,0.075068609,0.705618663,2.283253631,0.10753669,0.95,0.097118082,0.165646413,0.66518354,0.33481646,0.245283019,0.413702475,0.494737961,66.86356446,23.57205236,14.78368046,0.937984464,08.11.2023 12:05,A-3,7.19E-06,1.4,1.4,5.45,5.34,3.77,3.31,1.57,D18CL_323001,L8-BO_321144,CF,Jonas_DonorAcceptor-2bands-NoBG-ZnOCorr-NoInt_D18CL:L8-BO,Jonas_DonorAcceptor-2bands-NoBG-ZnOCorr-NoInt,03.11.2023 16:15,25635_193258_OD_x3y1,x3y1,0.00663476,1.4,1.4,5,4,0,0,0,0,1,0,0,0,1,0,139
25635,D18CL_323001,L8-BO_321144,CF,0,10,2000,1.563119754,0.325,1.741857725,0.084574484,0.2344938,0.310704285,0.074163861,0.734977824,2.279142762,0.10837912,0.95,0.086489938,0.150058124,0.674326462,0.325673538,0.245283019,0.423623757,0.460762408,67.19872236,23.32742435,14.70983516,0.938382717,08.11.2023 12:05,B-1,1.45E-06,0.6,0.6,5.45,5.34,3.77,3.31,1.57,D18CL_323001,L8-BO_321144,CF,Jonas_DonorAcceptor-2bands-NoBG-ZnOCorr-NoInt_D18CL:L8-BO,Jonas_DonorAcceptor-2bands-NoBG-ZnOCorr-NoInt,03.11.2023 16:15,25635_193258_OD_x1y2,x1y2,0.005838314,0.6,0.6,5,4,0,0,0,0,1,0,0,0,1,0,139
25636,D18CL_323001,L8-BO_321144,CF,0,10,1000,1.576067085,0.334472125,1.75,0.079899591,0.316451022,0.422295068,0.079731722,0.625696246,2.294777243,0.105580394,0.95,0.147613135,0.239974119,0.637648673,0.362351327,0.250640024,0.384878939,0.662269187,65.90376093,24.30765637,14.99208752,0.935855552,08.11.2023 12:08,A-1,1.67E-06,0.6,1.4,5.45,5.34,3.77,3.31,1.57,D18CL_323001,L8-BO_321144,CF,Jonas_DonorAcceptor-2bands-NoBG-ZnOCorr-NoInt_D18CL:L8-BO,Jonas_DonorAcceptor-2bands-NoBG-ZnOCorr-NoInt,03.11.2023 16:21,25636_193276_OD_x1y1,x1y1,0.010400229,0.6,1.4,5,4,0,0,0,0,1,0,0,0,1,0,140
25636,D18CL_323001,L8-BO_321144,CF,0,10,1000,1.573118366,0.325,1.748551273,0.080986897,0.296362195,0.392679909,0.078065451,0.634311337,2.292695685,0.104816917,0.95,0.130360491,0.213049628,0.64827598,0.35172402,0.245283019,0.388121481,0.605729537,65.04993506,24.22374251,14.74316536,0.935626746,08.11.2023 12:08,A-2,1.60E-06,1,1.4,5.45,5.34,3.77,3.31,1.57,D18CL_323001,L8-BO_321144,CF,Jonas_DonorAcceptor-2bands-NoBG-ZnOCorr-NoInt_D18CL:L8-BO,Jonas_DonorAcceptor-2bands-NoBG-ZnOCorr-NoInt,03.11.2023 16:21,25636_193276_OD_x2y1,x2y1,0.011458544,1,1.4,5,4,0,0,0,0,1,0,0,0,1,0,140
25636,D18CL_323001,L8-BO_321144,CF,0,10,1000,1.573512966,0.325,1.748786426,0.079470283,0.317402418,0.420558204,0.078023162,0.657108626,2.294703435,0.106793523,0.95,0.141521065,0.234515778,0.64200108,0.35799892,0.245283019,0.396539258,0.655073981,66.49911419,23.66760636,14.68899607,0.933301399,08.11.2023 12:08,B-1,1.67E-06,0.6,0.6,5.45,5.34,3.77,3.31,1.57,D18CL_323001,L8-BO_321144,CF,Jonas_DonorAcceptor-2bands-NoBG-ZnOCorr-NoInt_D18CL:L8-BO,Jonas_DonorAcceptor-2bands-NoBG-ZnOCorr-NoInt,03.11.2023 16:21,25636_193276_OD_x1y2,x1y2,0.00950396,0.6,0.6,5,4,0,0,0,0,1,0,0,0,1,0,140
25636,D18CL_323001,L8-BO_321144,CF,0,10,1000,1.57429517,0.325,1.749460567,0.079919841,0.311069028,0.412166462,0.078384636,0.652511872,2.294025557,0.106895522,0.95,0.138797994,0.229365332,0.642472385,0.357527615,0.245283019,0.394860626,0.641531794,66.16674205,23.58299156,14.60097466,0.935714158,08.11.2023 12:08,A-3,9.81E-07,1.4,1.4,5.45,5.34,3.77,3.31,1.57,D18CL_323001,L8-BO_321144,CF,Jonas_DonorAcceptor-2bands-NoBG-ZnOCorr-NoInt_D18CL:L8-BO,Jonas_DonorAcceptor-2bands-NoBG-ZnOCorr-NoInt,03.11.2023 16:21,25636_193276_OD_x3y1,x3y1,0.010286248,1.4,1.4,5,4,0,0,0,0,1,0,0,0,1,0,140
25637,D18CL_323001,L8-BO_321144,CF,2,10,1000,1.55694505,0.404214301,1.735999926,0.087957578,0.29306837,0.411530797,0.079573671,0.639344092,2.289896764,0.105336603,0.95,0.147201365,0.241313689,0.630365739,0.369634261,0.287857986,0.389999937,0.652844485,65.52557748,25.11421686,15.24278904,0.926262202,08.11.2023 12:10,B-3,4.99E-06,1.4,0.6,5.45,5.34,3.77,3.31,1.57,D18CL_323001,L8-BO_321144,CF,Jonas_DonorAcceptor-2bands-NoBG-ZnOCorr-NoInt_D18CL:L8-BO,Jonas_DonorAcceptor-2bands-NoBG-ZnOCorr-NoInt,03.11.2023 16:27,25637_193290_OD_x3y2,x3y2,0.006270645,1.4,0.6,5,4,0,0,0,0,1,0,0,0,1,0,141
25637,D18CL_323001,L8-BO_321144,CF,2,10,1000,1.561800765,0.393242646,1.740199173,0.08647442,0.303371261,0.422669778,0.080664729,0.61127999,2.289794661,0.102919494,0.95,0.158852504,0.255955861,0.622832021,0.377167979,0.282249935,0.3793754,0.678625639,64.40261031,25.11977639,15.01463538,0.928101663,08.11.2023 12:10,A-2,1.17E-05,1,1.4,5.45,5.34,3.77,3.31,1.57,D18CL_323001,L8-BO_321144,CF,Jonas_DonorAcceptor-2bands-NoBG-ZnOCorr-NoInt_D18CL:L8-BO,Jonas_DonorAcceptor-2bands-NoBG-ZnOCorr-NoInt,03.11.2023 16:27,25637_193290_OD_x2y1,x2y1,0.007546511,1,1.4,5,4,0,0,0,0,1,0,0,0,1,0,141
25637,D18CL_323001,L8-BO_321144,CF,2,10,1000,1.560487081,0.369762917,1.740605817,0.085174512,0.303253138,0.415384903,0.079022697,0.643035205,2.290381846,0.105491059,0.95,0.144231293,0.236977092,0.636739887,0.363260113,0.269946654,0.391370314,0.652361995,64.4209014,24.69469289,14.75872676,0.927723303,08.11.2023 12:10,A-1,1.04E-05,0.6,1.4,5.45,5.34,3.77,3.31,1.57,D18CL_323001,L8-BO_321144,CF,Jonas_DonorAcceptor-2bands-NoBG-ZnOCorr-NoInt_D18CL:L8-BO,Jonas_DonorAcceptor-2bands-NoBG-ZnOCorr-NoInt,03.11.2023 16:27,25637_193290_OD_x1y1,x1y1,0.006498327,0.6,1.4,5,4,0,0,0,0,1,0,0,0,1,0,141
25637,D18CL_323001,L8-BO_321144,CF,2,10,1000,1.563308807,0.327884538,1.744576744,0.081117528,0.310170534,0.411870656,0.07786963,0.643674242,2.290832402,0.104114237,0.95,0.139888856,0.229931709,0.641740633,0.358259367,0.246922476,0.391606941,0.641802365,63.58089199,25.07620992,14.75327742,0.925337144,08.11.2023 12:10,A-3,1.56E-05,1.4,1.4,5.45,5.34,3.77,3.31,1.57,D18CL_323001,L8-BO_321144,CF,Jonas_DonorAcceptor-2bands-NoBG-ZnOCorr-NoInt_D18CL:L8-BO,Jonas_DonorAcceptor-2bands-NoBG-ZnOCorr-NoInt,03.11.2023 16:27,25637_193290_OD_x3y1,x3y1,0.006674501,1.4,1.4,5,4,0,0,0,0,1,0,0,0,1,0,141
25638,D18CL_323001,L8-BO_321144,CF,0,10,3000,1.559170915,0.325,1.738898043,0.084468886,0.2046978,0.271224585,0.072833431,0.770692155,2.273393006,0.108888831,0.95,0.071079056,0.125859127,0.683041326,0.316958674,0.245283019,0.435249093,0.397083712,66.9217389,23.01023996,14.43355493,0.937313656,08.11.2023 12:13,A-3,4.60E-06,1.4,1.4,5.45,5.34,3.77,3.31,1.57,D18CL_323001,L8-BO_321144,CF,Jonas_DonorAcceptor-2bands-NoBG-ZnOCorr-NoInt_D18CL:L8-BO,Jonas_DonorAcceptor-2bands-NoBG-ZnOCorr-NoInt,03.11.2023 16:32,25638_193303_OD_x3y1,x3y1,0.003772085,1.4,1.4,5,4,0,0,0,0,1,0,0,0,1,0,142
25638,D18CL_323001,L8-BO_321144,CF,0,10,3000,1.559384041,0.325,1.73893965,0.084365413,0.201424368,0.266887287,0.072725794,0.776999999,2.272600233,0.109020037,0.95,0.069879834,0.124176464,0.682464908,0.317535092,0.245283019,0.437253798,0.391063752,66.06660967,22.96360236,14.21813457,0.937174756,08.11.2023 12:13,A-2,7.22E-06,1,1.4,5.45,5.34,3.77,3.31,1.57,D18CL_323001,L8-BO_321144,CF,Jonas_DonorAcceptor-2bands-NoBG-ZnOCorr-NoInt_D18CL:L8-BO,Jonas_DonorAcceptor-2bands-NoBG-ZnOCorr-NoInt,03.11.2023 16:32,25638_193303_OD_x2y1,x2y1,0.003752517,1,1.4,5,4,0,0,0,0,1,0,0,0,1,0,142
25638,D18CL_323001,L8-BO_321144,CF,0,10,3000,1.559339524,0.325,1.73896933,0.084471801,0.206114602,0.273101847,0.072794633,0.773803383,2.273789798,0.109013539,0.95,0.07185856,0.127462958,0.68179192,0.31820808,0.245283019,0.436239659,0.400564805,66.01797106,22.95497017,14.20020202,0.937034578,08.11.2023 12:13,B-2,6.65E-06,1,0.6,5.45,5.34,3.77,3.31,1.57,D18CL_323001,L8-BO_321144,CF,Jonas_DonorAcceptor-2bands-NoBG-ZnOCorr-NoInt_D18CL:L8-BO,Jonas_DonorAcceptor-2bands-NoBG-ZnOCorr-NoInt,03.11.2023 16:32,25638_193303_OD_x2y2,x2y2,0.003948443,1,0.6,5,4,0,0,0,0,1,0,0,0,1,0,142
25638,D18CL_323001,L8-BO_321144,CF,0,10,3000,1.559027296,0.325,1.738772197,0.084314625,0.201920253,0.267544335,0.072716581,0.776999998,2.2730882,0.109030926,0.95,0.069941778,0.124286539,0.682805651,0.317194349,0.245283019,0.437253798,0.391830875,65.84755938,22.64991202,13.94919016,0.935282466,08.11.2023 12:13,B-3,1.89E-05,1.4,0.6,5.45,5.34,3.77,3.31,1.57,D18CL_323001,L8-BO_321144,CF,Jonas_DonorAcceptor-2bands-NoBG-ZnOCorr-NoInt_D18CL:L8-BO,Jonas_DonorAcceptor-2bands-NoBG-ZnOCorr-NoInt,03.11.2023 16:32,25638_193303_OD_x3y2,x3y2,0.003612912,1.4,0.6,5,4,0,0,0,0,1,0,0,0,1,0,142
25639,D18CL_323001,L8-BO_321144,CF,2,10,3000,1.549285805,0.325,1.735657649,0.085781055,0.2025113,0.268327472,0.07253056,0.777,2.270203938,0.107887686,0.95,0.071338911,0.126769246,0.679143764,0.320856236,0.245283019,0.437253798,0.395096718,61.53757181,23.07174911,13.05480818,0.919495523,08.11.2023 12:15,A-2,1.34E-05,1,1.4,5.45,5.34,3.77,3.31,1.57,D18CL_323001,L8-BO_321144,CF,Jonas_DonorAcceptor-2bands-NoBG-ZnOCorr-NoInt_D18CL:L8-BO,Jonas_DonorAcceptor-2bands-NoBG-ZnOCorr-NoInt,03.11.2023 16:38,25639_193306_OD_x2y1,x2y1,0.00317546,1,1.4,5,4,0,0,0,0,1,0,0,0,1,0,143
25639,D18CL_323001,L8-BO_321144,CF,2,10,3000,1.549638941,0.325,1.735821254,0.085738926,0.207194725,0.274533011,0.073098846,0.777,2.271917333,0.108293963,0.95,0.073836274,0.13120706,0.676622869,0.323377131,0.245283019,0.437253799,0.40574007,61.6799688,22.92499156,12.99250403,0.918839233,08.11.2023 12:15,B-1,2.81E-05,0.6,0.6,5.45,5.34,3.77,3.31,1.57,D18CL_323001,L8-BO_321144,CF,Jonas_DonorAcceptor-2bands-NoBG-ZnOCorr-NoInt_D18CL:L8-BO,Jonas_DonorAcceptor-2bands-NoBG-ZnOCorr-NoInt,03.11.2023 16:38,25639_193306_OD_x1y2,x1y2,0.003208159,0.6,0.6,5,4,0,0,0,0,1,0,0,0,1,0,143
25639,D18CL_323001,L8-BO_321144,CF,2,10,3000,1.549030698,0.325,1.735501825,0.085538404,0.2006452,0.26585489,0.072918307,0.777,2.270778476,0.108239238,0.939252948,0.070740106,0.125705168,0.678963251,0.321036749,0.245283019,0.437253799,0.391560058,58.55463022,22.55827984,12.05263854,0.912462258,08.11.2023 12:15,A-3,5.84E-05,1.4,1.4,5.45,5.34,3.77,3.31,1.57,D18CL_323001,L8-BO_321144,CF,Jonas_DonorAcceptor-2bands-NoBG-ZnOCorr-NoInt_D18CL:L8-BO,Jonas_DonorAcceptor-2bands-NoBG-ZnOCorr-NoInt,03.11.2023 16:38,25639_193306_OD_x3y1,x3y1,0.002941824,1.4,1.4,5,4,0,0,0,0,1,0,0,0,1,0,143
25639,D18CL_323001,L8-BO_321144,CF,2,10,3000,1.548954825,0.325,1.735419597,0.085513757,0.199172468,0.263903521,0.073009919,0.777,2.270912383,0.108280372,0.938224761,0.070499126,0.125276948,0.67810063,0.32189937,0.245283019,0.437253799,0.389180468,58.28338658,22.41401208,11.90731995,0.911485246,08.11.2023 12:15,B-2,1.76E-05,1,0.6,5.45,5.34,3.77,3.31,1.57,D18CL_323001,L8-BO_321144,CF,Jonas_DonorAcceptor-2bands-NoBG-ZnOCorr-NoInt_D18CL:L8-BO,Jonas_DonorAcceptor-2bands-NoBG-ZnOCorr-NoInt,03.11.2023 16:38,25639_193306_OD_x2y2,x2y2,0.002937887,1,0.6,5,4,0,0,0,0,1,0,0,0,1,0,143
25640,D18CL_323001,L8-BO_321144,CF,1,10,2000,1.555285141,0.325,1.739672815,0.084827529,0.251291683,0.332961479,0.074577584,0.737507384,2.280242433,0.108297555,0.95,0.096036672,0.166864426,0.666154906,0.333845094,0.245283019,0.424462877,0.499825906,65.8688558,24.3334042,14.838864,0.925801041,08.11.2023 12:18,B-3,7.24E-06,1.4,0.6,5.45,5.34,3.77,3.31,1.57,D18CL_323001,L8-BO_321144,CF,Jonas_DonorAcceptor-2bands-NoBG-ZnOCorr-NoInt_D18CL:L8-BO,Jonas_DonorAcceptor-2bands-NoBG-ZnOCorr-NoInt,03.11.2023 16:44,25640_193319_OD_x3y2,x3y2,0.004664727,1.4,0.6,5,4,0,0,0,0,1,0,0,0,1,0,144
25640,D18CL_323001,L8-BO_321144,CF,1,10,2000,1.556317317,0.325,1.740393092,0.08477658,0.255216427,0.338161765,0.074858929,0.745431494,2.28086776,0.108912563,0.95,0.097636926,0.170418566,0.66491318,0.33508682,0.245283019,0.427075767,0.508580331,65.05092252,24.5548684,14.78522484,0.925628807,08.11.2023 12:18,B-2,8.85E-06,1,0.6,5.45,5.34,3.77,3.31,1.57,D18CL_323001,L8-BO_321144,CF,Jonas_DonorAcceptor-2bands-NoBG-ZnOCorr-NoInt_D18CL:L8-BO,Jonas_DonorAcceptor-2bands-NoBG-ZnOCorr-NoInt,03.11.2023 16:44,25640_193319_OD_x2y2,x2y2,0.005024356,1,0.6,5,4,0,0,0,0,1,0,0,0,1,0,144
25640,D18CL_323001,L8-BO_321144,CF,1,10,2000,1.553697732,0.325,1.738716997,0.085465179,0.237564899,0.314773491,0.073804198,0.773680478,2.276238502,0.109570076,0.95,0.08683992,0.154026271,0.6714455,0.3285545,0.245283019,0.436200594,0.468799762,65.02860398,24.40591115,14.70261475,0.926392693,08.11.2023 12:18,A-2,7.10E-06,1,1.4,5.45,5.34,3.77,3.31,1.57,D18CL_323001,L8-BO_321144,CF,Jonas_DonorAcceptor-2bands-NoBG-ZnOCorr-NoInt_D18CL:L8-BO,Jonas_DonorAcceptor-2bands-NoBG-ZnOCorr-NoInt,03.11.2023 16:44,25640_193319_OD_x2y1,x2y1,0.004267605,1,1.4,5,4,0,0,0,0,1,0,0,0,1,0,144
25640,D18CL_323001,L8-BO_321144,CF,1,10,2000,1.55358278,0.325,1.738643014,0.085310605,0.236962706,0.313975586,0.073684365,0.777,2.275922672,0.10962098,0.95,0.086251781,0.153269415,0.67197206,0.32802794,0.245283019,0.437253799,0.467245001,65.79773901,24.09220759,14.68743185,0.926527465,08.11.2023 12:18,A-3,5.10E-06,1.4,1.4,5.45,5.34,3.77,3.31,1.57,D18CL_323001,L8-BO_321144,CF,Jonas_DonorAcceptor-2bands-NoBG-ZnOCorr-NoInt_D18CL:L8-BO,Jonas_DonorAcceptor-2bands-NoBG-ZnOCorr-NoInt,03.11.2023 16:44,25640_193319_OD_x3y1,x3y1,0.004039089,1.4,1.4,5,4,0,0,0,0,1,0,0,0,1,0,144
26141,D18CL_323001,ITIC-4F_120033,CF,0,15,2000,1.695455187,0.5,1.869410723,0.090305376,0.412927113,0.619390669,0.085094899,0.777,2.281287435,0.105438908,0.895850716,0.207880911,0.369404378,0.626409559,0.373590441,0.333333333,0.437253799,0.988795047,55.59765464,18.1258854,8.930803819,0.886206331,29.11.2023 12:52,B-3,5.12E-06,1.4,0.6,5.47,5.34,3.97,3.31,1.37,D18CL_323001,ITIC-4F_120033,CF,Jonas_DonorAcceptor-2bands-NoBG-ZnOCorr-NoInt_D18CL:ITIC-4F,Jonas_DonorAcceptor-2bands-NoBG-ZnOCorr-NoInt,29.11.2023 10:45,26141_208095_OD_x3y2,x3y2,0.005649076,1.4,0.6,5,3,0,0,0,0,1,0,0,1,0,0,145
26141,D18CL_323001,ITIC-4F_120033,CF,0,15,2000,1.70047605,0.23543842,1.889397171,0.069937372,0.311238018,0.384515405,0.083714048,0.777,2.311194679,0.11007667,0.6,0.115113507,0.204556701,0.652747602,0.347252398,0.190570745,0.437253799,0.589072106,57.3728686,17.15895754,8.737244276,0.88751768,29.11.2023 12:52,A-1,6.90E-06,0.6,1.4,5.47,5.34,3.97,3.31,1.37,D18CL_323001,ITIC-4F_120033,CF,Jonas_DonorAcceptor-2bands-NoBG-ZnOCorr-NoInt_D18CL:ITIC-4F,Jonas_DonorAcceptor-2bands-NoBG-ZnOCorr-NoInt,29.11.2023 10:45,26141_208095_OD_x1y1,x1y1,0.022341279,0.6,1.4,5,3,0,0,0,0,1,0,0,1,0,0,145
26141,D18CL_323001,ITIC-4F_120033,CF,0,15,2000,1.686851434,0.417759652,1.873429718,0.094423023,0.239218892,0.339154893,0.07530761,0.777,2.292768867,0.099106182,0.836629401,0.084552221,0.150249297,0.692995483,0.307004517,0.294661829,0.437253799,0.48940419,56.59417047,16.82808986,8.462632061,0.888584918,29.11.2023 12:52,A-2,7.37E-06,1,1.4,5.47,5.34,3.97,3.31,1.37,D18CL_323001,ITIC-4F_120033,CF,Jonas_DonorAcceptor-2bands-NoBG-ZnOCorr-NoInt_D18CL:ITIC-4F,Jonas_DonorAcceptor-2bands-NoBG-ZnOCorr-NoInt,29.11.2023 10:45,26141_208095_OD_x2y1,x2y1,0.005465872,1,1.4,5,3,0,0,0,0,1,0,0,1,0,0,145
26141,D18CL_323001,ITIC-4F_120033,CF,0,15,2000,1.685718843,0.5,1.855158769,0.088674662,0.303369091,0.455053636,0.115,0.457548791,2.293096896,0.112714028,0.6,0.222615566,0.324473049,0.583756329,0.416243671,0.333333333,0.313916621,0.779526685,53.14028026,17.64560685,8.313358218,0.886576173,29.11.2023 12:52,B-1,5.93E-07,0.6,0.6,5.47,5.34,3.97,3.31,1.37,D18CL_323001,ITIC-4F_120033,CF,Jonas_DonorAcceptor-2bands-NoBG-ZnOCorr-NoInt_D18CL:ITIC-4F,Jonas_DonorAcceptor-2bands-NoBG-ZnOCorr-NoInt,29.11.2023 10:45,26141_208095_OD_x1y2,x1y2,0.009891174,0.6,0.6,5,3,0,0,0,0,1,0,0,1,0,0,145
26142,D18CL_323001,ITIC-4F_120033,CF,0,15,2000,1.704001428,0.5,1.870787675,0.090516388,0.4097949,0.614692351,0.07797299,0.777,2.283949753,0.099519765,0.897369974,0.241737116,0.429566855,0.588639628,0.411360372,0.333333333,0.437253799,1.044259206,52.07618126,20.89696919,9.799073989,0.900456225,29.11.2023 12:55,A-1,5.43E-07,0.6,1.4,5.47,5.34,3.97,3.31,1.37,D18CL_323001,ITIC-4F_120033,CF,Jonas_DonorAcceptor-2bands-NoBG-ZnOCorr-NoInt_D18CL:ITIC-4F,Jonas_DonorAcceptor-2bands-NoBG-ZnOCorr-NoInt,29.11.2023 10:50,26142_208096_OD_x1y1,x1y1,0.008265461,0.6,1.4,5,3,0,0,0,0,1,0,0,1,0,0,146
26142,D18CL_323001,ITIC-4F_120033,CF,0,15,2000,1.705817427,0.5,1.872956666,0.091648629,0.428423631,0.642635446,0.076716856,0.777,2.283982882,0.098120577,0.921872895,0.249693524,0.443705393,0.591559686,0.408440314,0.333333333,0.437253799,1.086340839,49.32727196,21.27129708,9.454025056,0.901022588,29.11.2023 12:55,B-2,4.24E-07,1,0.6,5.47,5.34,3.97,3.31,1.37,D18CL_323001,ITIC-4F_120033,CF,Jonas_DonorAcceptor-2bands-NoBG-ZnOCorr-NoInt_D18CL:ITIC-4F,Jonas_DonorAcceptor-2bands-NoBG-ZnOCorr-NoInt,29.11.2023 10:50,26142_208096_OD_x2y2,x2y2,0.007454727,1,0.6,5,3,0,0,0,0,1,0,0,1,0,0,146
26142,D18CL_323001,ITIC-4F_120033,CF,0,15,2000,1.715053646,0.355219084,1.884458505,0.081212735,0.577242485,0.782290032,0.080167829,0.777,2.290354237,0.101789184,0.853909638,0.321081364,0.570561584,0.57825265,0.42174735,0.262111926,0.437253799,1.352851616,49.32290301,20.6329817,9.13131456,0.897269036,29.11.2023 12:55,A-3,3.98E-07,1.4,1.4,5.47,5.34,3.97,3.31,1.37,D18CL_323001,ITIC-4F_120033,CF,Jonas_DonorAcceptor-2bands-NoBG-ZnOCorr-NoInt_D18CL:ITIC-4F,Jonas_DonorAcceptor-2bands-NoBG-ZnOCorr-NoInt,29.11.2023 10:50,26142_208096_OD_x3y1,x3y1,0.008466973,1.4,1.4,5,3,0,0,0,0,1,0,0,1,0,0,146
26142,D18CL_323001,ITIC-4F_120033,CF,0,15,2000,1.715569928,0.362003621,1.884676525,0.082323475,0.530255838,0.722210371,0.078101098,0.777,2.286188566,0.098568405,0.902094503,0.271137217,0.481810834,0.599831936,0.400168064,0.265787561,0.437253799,1.204021205,48.12134441,21.04937572,9.107711204,0.89915027,29.11.2023 12:55,A-2,3.84E-07,1,1.4,5.47,5.34,3.97,3.31,1.37,D18CL_323001,ITIC-4F_120033,CF,Jonas_DonorAcceptor-2bands-NoBG-ZnOCorr-NoInt_D18CL:ITIC-4F,Jonas_DonorAcceptor-2bands-NoBG-ZnOCorr-NoInt,29.11.2023 10:50,26142_208096_OD_x2y1,x2y1,0.005059037,1,1.4,5,3,0,0,0,0,1,0,0,1,0,0,146
26143,D18CL_323001,ITIC-4F_120033,CF,0,12.3,2000,1.706323646,0.246871462,1.873094503,0.07591495,0.252155522,0.314405525,0.099059367,0.703417424,2.26649406,0.101341282,0.95,0.102234214,0.174147542,0.643544267,0.356455733,0.197992712,0.412944833,0.488553066,62.83065128,19.62627312,11.10262913,0.900360499,29.11.2023 12:57,B-1,1.67E-06,0.6,0.6,5.47,5.34,3.97,3.31,1.37,D18CL_323001,ITIC-4F_120033,CF,Jonas_DonorAcceptor-2bands-NoBG-ZnOCorr-NoInt_D18CL:ITIC-4F,Jonas_DonorAcceptor-2bands-NoBG-ZnOCorr-NoInt,29.11.2023 10:56,26143_208107_OD_x1y2,x1y2,0.011658715,0.6,0.6,5,3,0,0,0,0,1,0,0,1,0,0,147
26143,D18CL_323001,ITIC-4F_120033,CF,0,12.3,2000,1.705231089,0.5,1.870899448,0.090328785,0.324060932,0.486091398,0.077311133,0.777,2.283205112,0.09927384,0.927899268,0.189986866,0.33760666,0.59013299,0.40986701,0.333333333,0.437253799,0.823698058,62.6790969,19.19629626,10.86988059,0.903409387,29.11.2023 12:57,A-3,3.72E-07,1.4,1.4,5.47,5.34,3.97,3.31,1.37,D18CL_323001,ITIC-4F_120033,CF,Jonas_DonorAcceptor-2bands-NoBG-ZnOCorr-NoInt_D18CL:ITIC-4F,Jonas_DonorAcceptor-2bands-NoBG-ZnOCorr-NoInt,29.11.2023 10:56,26143_208107_OD_x3y1,x3y1,0.005270268,1.4,1.4,5,3,0,0,0,0,1,0,0,1,0,0,147
26143,D18CL_323001,ITIC-4F_120033,CF,0,12.3,2000,1.708517511,0.5,1.873317766,0.090492522,0.320981702,0.481472553,0.076207182,0.777,2.28293571,0.098160894,0.941716731,0.18937997,0.336528207,0.588596706,0.411403294,0.333333333,0.437253799,0.81800076,61.68711564,19.32443129,10.79448964,0.905526007,29.11.2023 12:57,A-1,2.03E-07,0.6,1.4,5.47,5.34,3.97,3.31,1.37,D18CL_323001,ITIC-4F_120033,CF,Jonas_DonorAcceptor-2bands-NoBG-ZnOCorr-NoInt_D18CL:ITIC-4F,Jonas_DonorAcceptor-2bands-NoBG-ZnOCorr-NoInt,29.11.2023 10:56,26143_208107_OD_x1y1,x1y1,0.005048224,0.6,1.4,5,3,0,0,0,0,1,0,0,1,0,0,147
26143,D18CL_323001,ITIC-4F_120033,CF,0,12.3,2000,1.709369437,0.5,1.873766345,0.090136316,0.325041219,0.487561829,0.076518845,0.777,2.283103895,0.098407313,0.933856421,0.192774531,0.342560341,0.587337438,0.412662562,0.333333333,0.437253799,0.83012217,61.1701072,19.27979603,10.68526503,0.906032178,29.11.2023 12:57,A-2,2.48E-07,1,1.4,5.47,5.34,3.97,3.31,1.37,D18CL_323001,ITIC-4F_120033,CF,Jonas_DonorAcceptor-2bands-NoBG-ZnOCorr-NoInt_D18CL:ITIC-4F,Jonas_DonorAcceptor-2bands-NoBG-ZnOCorr-NoInt,29.11.2023 10:56,26143_208107_OD_x2y1,x2y1,0.005432804,1,1.4,5,3,0,0,0,0,1,0,0,1,0,0,147
26144,D18CL_323001,ITIC-4F_120033,CF,0,10.1,1000,1.702394515,0.5,1.868688394,0.089682906,0.394132273,0.59119841,0.079157959,0.777,2.283387502,0.100795993,0.880637661,0.2365429,0.420336734,0.584456619,0.415543381,0.333333333,0.437253799,1.011535144,54.48976805,20.44232041,9.974146907,0.895427876,29.11.2023 13:00,B-2,5.38E-07,1,0.6,5.47,5.34,3.97,3.31,1.37,D18CL_323001,ITIC-4F_120033,CF,Jonas_DonorAcceptor-2bands-NoBG-ZnOCorr-NoInt_D18CL:ITIC-4F,Jonas_DonorAcceptor-2bands-NoBG-ZnOCorr-NoInt,29.11.2023 11:02,26144_208110_OD_x2y2,x2y2,0.008308195,1,0.6,5,3,0,0,0,0,1,0,0,1,0,0,148
26145,D18CL_323001,ITIC-4F_120033,CF,2,10.1,1000,1.70445537,0.5,1.870889197,0.089509536,0.387518837,0.581278255,0.077488765,0.777,2.281892424,0.099421525,0.894351688,0.240972789,0.428208646,0.57581555,0.42418445,0.333333333,0.437253799,1.009486901,54.67052477,20.96968237,10.31981139,0.900174415,29.11.2023 13:02,B-3,5.69E-07,1.4,0.6,5.47,5.34,3.97,3.31,1.37,D18CL_323001,ITIC-4F_120033,CF,Jonas_DonorAcceptor-2bands-NoBG-ZnOCorr-NoInt_D18CL:ITIC-4F,Jonas_DonorAcceptor-2bands-NoBG-ZnOCorr-NoInt,29.11.2023 11:08,26145_208114_OD_x3y2,x3y2,0.007663525,1.4,0.6,5,3,0,0,0,0,1,0,0,1,0,0,149
26145,D18CL_323001,ITIC-4F_120033,CF,2,10.1,1000,1.701995262,0.5,1.868665955,0.089226074,0.383631045,0.575446567,0.078200352,0.777,2.281606427,0.100198531,0.883712559,0.239893837,0.426291348,0.574448225,0.425551775,0.333333333,0.437253799,1.001737916,55.71070908,20.15007135,10.10050053,0.899761946,29.11.2023 13:02,A-3,7.42E-07,1.4,1.4,5.47,5.34,3.97,3.31,1.37,D18CL_323001,ITIC-4F_120033,CF,Jonas_DonorAcceptor-2bands-NoBG-ZnOCorr-NoInt_D18CL:ITIC-4F,Jonas_DonorAcceptor-2bands-NoBG-ZnOCorr-NoInt,29.11.2023 11:08,26145_208114_OD_x3y1,x3y1,0.00779436,1.4,1.4,5,3,0,0,0,0,1,0,0,1,0,0,149
26145,D18CL_323001,ITIC-4F_120033,CF,2,10.1,1000,1.702499734,0.5,1.869089544,0.089250223,0.375680125,0.563520187,0.078102613,0.777,2.281404277,0.099802229,0.895007146,0.23358144,0.41507422,0.575846524,0.424153476,0.333333333,0.437253799,0.978594407,55.22630841,20.13061985,10.00505152,0.899945413,29.11.2023 13:02,A-1,7.15E-07,0.6,1.4,5.47,5.34,3.97,3.31,1.37,D18CL_323001,ITIC-4F_120033,CF,Jonas_DonorAcceptor-2bands-NoBG-ZnOCorr-NoInt_D18CL:ITIC-4F,Jonas_DonorAcceptor-2bands-NoBG-ZnOCorr-NoInt,29.11.2023 11:08,26145_208114_OD_x1y1,x1y1,0.007609583,0.6,1.4,5,3,0,0,0,0,1,0,0,1,0,0,149
26145,D18CL_323001,ITIC-4F_120033,CF,2,10.1,1000,1.706387243,0.5,1.872447653,0.089747238,0.387891051,0.581836577,0.076943026,0.777,2.282233218,0.098926384,0.904210643,0.241213542,0.428636464,0.575806136,0.424193864,0.333333333,0.437253799,1.010473041,53.39957624,20.67106404,9.980800121,0.904200443,29.11.2023 13:02,B-2,5.48E-07,1,0.6,5.47,5.34,3.97,3.31,1.37,D18CL_323001,ITIC-4F_120033,CF,Jonas_DonorAcceptor-2bands-NoBG-ZnOCorr-NoInt_D18CL:ITIC-4F,Jonas_DonorAcceptor-2bands-NoBG-ZnOCorr-NoInt,29.11.2023 11:08,26145_208114_OD_x2y2,x2y2,0.0074499,1,0.6,5,3,0,0,0,0,1,0,0,1,0,0,149
26146,D18CL_323001,ITIC-4F_120033,CF,0,10.1,3000,1.705711165,0.338271222,1.882760243,0.092234495,0.235419252,0.31505481,0.072596518,0.777,2.284296457,0.092848215,0.927804199,0.089432276,0.158921154,0.664706301,0.335293699,0.252767314,0.437253799,0.473975963,67.65194389,20.14806876,12.45774189,0.913956707,29.11.2023 13:05,B-1,1.26E-06,0.6,0.6,5.47,5.34,3.97,3.31,1.37,D18CL_323001,ITIC-4F_120033,CF,Jonas_DonorAcceptor-2bands-NoBG-ZnOCorr-NoInt_D18CL:ITIC-4F,Jonas_DonorAcceptor-2bands-NoBG-ZnOCorr-NoInt,29.11.2023 11:13,26146_208143_OD_x1y2,x1y2,0.005419387,0.6,0.6,5,3,0,0,0,0,1,0,0,1,0,0,150
26146,D18CL_323001,ITIC-4F_120033,CF,0,10.1,3000,1.705326173,0.334070541,1.882335422,0.091506464,0.238651993,0.318378593,0.072844205,0.777,2.284207271,0.09298893,0.927967268,0.090980492,0.161672335,0.663218368,0.336781632,0.25041445,0.437253799,0.480050928,66.04902553,20.14013615,12.14502374,0.912997422,29.11.2023 13:05,B-3,1.76E-06,1.4,0.6,5.47,5.34,3.97,3.31,1.37,D18CL_323001,ITIC-4F_120033,CF,Jonas_DonorAcceptor-2bands-NoBG-ZnOCorr-NoInt_D18CL:ITIC-4F,Jonas_DonorAcceptor-2bands-NoBG-ZnOCorr-NoInt,29.11.2023 11:13,26146_208143_OD_x3y2,x3y2,0.005299003,1.4,0.6,5,3,0,0,0,0,1,0,0,1,0,0,150
26146,D18CL_323001,ITIC-4F_120033,CF,0,10.1,3000,1.706371995,0.331908213,1.882836865,0.090785029,0.248115438,0.33046699,0.072948573,0.777,2.284483998,0.093013279,0.94600751,0.095521092,0.16974098,0.660659185,0.339340815,0.249197512,0.437253799,0.50020797,65.89151726,20.04177211,12.0592465,0.913176118,29.11.2023 13:05,B-2,1.67E-06,1,0.6,5.47,5.34,3.97,3.31,1.37,D18CL_323001,ITIC-4F_120033,CF,Jonas_DonorAcceptor-2bands-NoBG-ZnOCorr-NoInt_D18CL:ITIC-4F,Jonas_DonorAcceptor-2bands-NoBG-ZnOCorr-NoInt,29.11.2023 11:13,26146_208143_OD_x2y2,x2y2,0.005815457,1,0.6,5,3,0,0,0,0,1,0,0,1,0,0,150
26146,D18CL_323001,ITIC-4F_120033,CF,0,10.1,3000,1.70624844,0.339315862,1.882710821,0.092264252,0.240600962,0.322240685,0.072682877,0.777,2.284550092,0.092819056,0.93698195,0.092874912,0.165038718,0.661305779,0.338694221,0.253350141,0.437253799,0.487279403,67.00174451,19.64311026,12.04631653,0.915288289,29.11.2023 13:05,A-1,1.51E-06,0.6,1.4,5.47,5.34,3.97,3.31,1.37,D18CL_323001,ITIC-4F_120033,CF,Jonas_DonorAcceptor-2bands-NoBG-ZnOCorr-NoInt_D18CL:ITIC-4F,Jonas_DonorAcceptor-2bands-NoBG-ZnOCorr-NoInt,29.11.2023 11:13,26146_208143_OD_x1y1,x1y1,0.005706876,0.6,1.4,5,3,0,0,0,0,1,0,0,1,0,0,150
26147,D18CL_323001,ITIC-4F_120033,CF,2,10.1,3000,1.70506054,0.307213491,1.883307419,0.086906373,0.241943331,0.316271586,0.073977699,0.777,2.284039918,0.093787866,0.92961078,0.094302404,0.167575371,0.65366038,0.34633962,0.235014015,0.437253799,0.483846957,68.53608127,20.45238491,12.76318075,0.910533006,29.11.2023 13:07,B-3,1.97E-06,1.4,0.6,5.47,5.34,3.97,3.31,1.37,D18CL_323001,ITIC-4F_120033,CF,Jonas_DonorAcceptor-2bands-NoBG-ZnOCorr-NoInt_D18CL:ITIC-4F,Jonas_DonorAcceptor-2bands-NoBG-ZnOCorr-NoInt,29.11.2023 11:19,26147_208180_OD_x3y2,x3y2,0.005002535,1.4,0.6,5,3,0,0,0,0,1,0,0,1,0,0,151
26147,D18CL_323001,ITIC-4F_120033,CF,2,10.1,3000,1.702765471,0.314323633,1.882030811,0.087891546,0.234575863,0.3083086,0.074067388,0.777,2.283867641,0.093974516,0.910115427,0.089728439,0.159447437,0.659122653,0.340877347,0.239152386,0.437253799,0.467756037,67.93932855,20.49731949,12.70288689,0.912187487,29.11.2023 13:07,B-1,1.18E-05,0.6,0.6,5.47,5.34,3.97,3.31,1.37,D18CL_323001,ITIC-4F_120033,CF,Jonas_DonorAcceptor-2bands-NoBG-ZnOCorr-NoInt_D18CL:ITIC-4F,Jonas_DonorAcceptor-2bands-NoBG-ZnOCorr-NoInt,29.11.2023 11:19,26147_208180_OD_x1y2,x1y2,0.00462442,0.6,0.6,5,3,0,0,0,0,1,0,0,1,0,0,151
26147,D18CL_323001,ITIC-4F_120033,CF,2,10.1,3000,1.702193316,0.318331903,1.881268435,0.088451957,0.234197879,0.308750535,0.073958109,0.777,2.283744759,0.093878398,0.914255488,0.090032257,0.159987321,0.658684873,0.341315127,0.241465675,0.437253799,0.468737856,68.63569792,20.07134115,12.55819184,0.911592338,29.11.2023 13:07,A-1,2.26E-06,0.6,1.4,5.47,5.34,3.97,3.31,1.37,D18CL_323001,ITIC-4F_120033,CF,Jonas_DonorAcceptor-2bands-NoBG-ZnOCorr-NoInt_D18CL:ITIC-4F,Jonas_DonorAcceptor-2bands-NoBG-ZnOCorr-NoInt,29.11.2023 11:19,26147_208180_OD_x1y1,x1y1,0.004732843,0.6,1.4,5,3,0,0,0,0,1,0,0,1,0,0,151
26147,D18CL_323001,ITIC-4F_120033,CF,2,10.1,3000,1.703257089,0.314415166,1.882037332,0.087693909,0.238471025,0.313449932,0.073911209,0.777,2.283464424,0.093883044,0.924939278,0.092217949,0.163871295,0.656685508,0.343314492,0.23920537,0.437253799,0.477321226,68.75424092,19.74944518,12.38008559,0.911736321,29.11.2023 13:07,A-3,1.09E-06,1.4,1.4,5.47,5.34,3.97,3.31,1.37,D18CL_323001,ITIC-4F_120033,CF,Jonas_DonorAcceptor-2bands-NoBG-ZnOCorr-NoInt_D18CL:ITIC-4F,Jonas_DonorAcceptor-2bands-NoBG-ZnOCorr-NoInt,29.11.2023 11:19,26147_208180_OD_x3y1,x3y1,0.00479446,1.4,1.4,5,3,0,0,0,0,1,0,0,1,0,0,151
26148,D18CL_323001,ITIC-4F_120033,CF,1,10.1,2000,1.720980847,0.211035958,1.894065534,0.070112715,0.335320879,0.406085642,0.080093,0.777,2.285248801,0.097974625,0.939916933,0.133999683,0.238117437,0.630368986,0.369631014,0.174260687,0.437253799,0.644203079,67.70308753,19.84127394,12.13604904,0.903439957,29.11.2023 13:10,B-1,3.85E-07,0.6,0.6,5.47,5.34,3.97,3.31,1.37,D18CL_323001,ITIC-4F_120033,CF,Jonas_DonorAcceptor-2bands-NoBG-ZnOCorr-NoInt_D18CL:ITIC-4F,Jonas_DonorAcceptor-2bands-NoBG-ZnOCorr-NoInt,29.11.2023 11:25,26148_208209_OD_x1y2,x1y2,0.004500916,0.6,0.6,5,3,0,0,0,0,1,0,0,1,0,0,152
26148,D18CL_323001,ITIC-4F_120033,CF,1,10.1,2000,1.725070379,0.197627962,1.896966988,0.067804169,0.343420134,0.411289555,0.081044579,0.777,2.285512832,0.098763459,0.931065618,0.137985338,0.245199946,0.626498298,0.373501702,0.165016156,0.437253799,0.656489502,67.473716,19.32060384,11.80574431,0.905603408,29.11.2023 13:10,A-1,3.83E-07,0.6,1.4,5.47,5.34,3.97,3.31,1.37,D18CL_323001,ITIC-4F_120033,CF,Jonas_DonorAcceptor-2bands-NoBG-ZnOCorr-NoInt_D18CL:ITIC-4F,Jonas_DonorAcceptor-2bands-NoBG-ZnOCorr-NoInt,29.11.2023 11:25,26148_208209_OD_x1y1,x1y1,0.004699686,0.6,1.4,5,3,0,0,0,0,1,0,0,1,0,0,152
26148,D18CL_323001,ITIC-4F_120033,CF,1,10.1,2000,1.723153378,0.21305389,1.89416666,0.068642162,0.350932761,0.425700351,0.082111945,0.777,2.286048693,0.100215277,0.902865594,0.147699619,0.262462223,0.618604335,0.381395665,0.175634316,0.437253799,0.688162574,65.76624651,19.46194292,11.5332752,0.901080113,29.11.2023 13:10,B-2,5.71E-07,1,0.6,5.47,5.34,3.97,3.31,1.37,D18CL_323001,ITIC-4F_120033,CF,Jonas_DonorAcceptor-2bands-NoBG-ZnOCorr-NoInt_D18CL:ITIC-4F,Jonas_DonorAcceptor-2bands-NoBG-ZnOCorr-NoInt,29.11.2023 11:25,26148_208209_OD_x2y2,x2y2,0.004367644,1,0.6,5,3,0,0,0,0,1,0,0,1,0,0,152
26148,D18CL_323001,ITIC-4F_120033,CF,1,10.1,2000,1.721825864,0.261587212,1.889612335,0.071547188,0.339636946,0.428481628,0.081022195,0.777,2.286824639,0.100451361,0.887862915,0.173751703,0.308756777,0.581198192,0.418801808,0.207347704,0.437253799,0.737238405,65.48278067,19.44535181,11.52083492,0.904775924,29.11.2023 13:10,B-3,3.24E-07,1.4,0.6,5.47,5.34,3.97,3.31,1.37,D18CL_323001,ITIC-4F_120033,CF,Jonas_DonorAcceptor-2bands-NoBG-ZnOCorr-NoInt_D18CL:ITIC-4F,Jonas_DonorAcceptor-2bands-NoBG-ZnOCorr-NoInt,29.11.2023 11:25,26148_208209_OD_x3y2,x3y2,0.00519515,1.4,0.6,5,3,0,0,0,0,1,0,0,1,0,0,152
26149,PM6_321136,PY-IT_321127,CF,0,15,2000,1.539221684,0.52,1.69237523,0.092259138,0.195643793,0.297378565,0.072428545,0.61,2.150586733,0.086686598,0.872578664,0.163325639,0.262954279,0.530717712,0.469282288,0.342105263,0.378881988,0.560332845,52.43700944,21.61922784,10.74093289,0.9474666,29.11.2023 14:37,B-1,2.19E-06,0.6,0.6,5.48,5.33,3.64,3.38,1.69,PM6_321136,PY-IT_321127,CF,Jonas_DonorAcceptor-2bands-NoBG-ZnOCorr-NoInt_PM6:PY-IT,Jonas_DonorAcceptor-2bands-NoBG-ZnOCorr-NoInt,29.11.2023 11:40,26149_208243_OD_x1y2,x1y2,0.010195431,0.6,0.6,1,5,1,0,0,0,0,0,0,0,0,1,153
26149,PM6_321136,PY-IT_321127,CF,0,15,2000,1.539519699,0.52,1.692398464,0.091316266,0.199126174,0.302671784,0.073219067,0.61,2.152039064,0.087448545,0.849407576,0.16961741,0.27308403,0.525694708,0.474305292,0.342105263,0.378881988,0.575755813,51.81125377,21.77311301,10.66790575,0.94565896,29.11.2023 14:37,B-3,1.37E-06,1.4,0.6,5.48,5.33,3.64,3.38,1.69,PM6_321136,PY-IT_321127,CF,Jonas_DonorAcceptor-2bands-NoBG-ZnOCorr-NoInt_PM6:PY-IT,Jonas_DonorAcceptor-2bands-NoBG-ZnOCorr-NoInt,29.11.2023 11:40,26149_208243_OD_x3y2,x3y2,0.0104575,1.4,0.6,1,5,1,0,0,0,0,0,0,0,0,1,153
26150,PM6_321136,PY-IT_321127,CF,0,12.5,2000,1.54164378,0.264362275,1.71,0.073243928,0.200401459,0.253380045,0.071532836,0.61,2.15504275,0.083193269,0.762948189,0.104350664,0.168004569,0.601303504,0.398696496,0.209087443,0.378881988,0.421384614,57.67488921,23.58222409,12.85591487,0.945216855,29.11.2023 14:39,A-2,3.54E-06,1,1.4,5.48,5.33,3.64,3.38,1.69,PM6_321136,PY-IT_321127,CF,Jonas_DonorAcceptor-2bands-NoBG-ZnOCorr-NoInt_PM6:PY-IT,Jonas_DonorAcceptor-2bands-NoBG-ZnOCorr-NoInt,29.11.2023 11:46,26150_208248_OD_x2y1,x2y1,0.010637563,1,1.4,1,5,1,0,0,0,0,0,0,0,0,1,154
26150,PM6_321136,PY-IT_321127,CF,0,12.5,2000,1.542398887,0.276378585,1.71,0.074394195,0.205093393,0.261776814,0.071048022,0.61,2.154605813,0.082259401,0.789370916,0.110359074,0.177678109,0.595685247,0.404314753,0.216533393,0.378881988,0.439454923,57.66009591,23.52215951,12.84723592,0.947233716,29.11.2023 14:39,A-1,3.33E-06,0.6,1.4,5.48,5.33,3.64,3.38,1.69,PM6_321136,PY-IT_321127,CF,Jonas_DonorAcceptor-2bands-NoBG-ZnOCorr-NoInt_PM6:PY-IT,Jonas_DonorAcceptor-2bands-NoBG-ZnOCorr-NoInt,29.11.2023 11:46,26150_208248_OD_x1y1,x1y1,0.010645069,0.6,1.4,1,5,1,0,0,0,0,0,0,0,0,1,154
26150,PM6_321136,PY-IT_321127,CF,0,12.5,2000,1.54234725,0.316995817,1.706477602,0.077265394,0.207925954,0.273837612,0.071532931,0.61,2.15378308,0.083638199,0.831288138,0.123623831,0.199034368,0.579094604,0.420905396,0.240696145,0.378881988,0.47287198,56.41900992,23.54324425,12.54896224,0.944748136,29.11.2023 14:39,B-2,1.38E-06,1,0.6,5.48,5.33,3.64,3.38,1.69,PM6_321136,PY-IT_321127,CF,Jonas_DonorAcceptor-2bands-NoBG-ZnOCorr-NoInt_PM6:PY-IT,Jonas_DonorAcceptor-2bands-NoBG-ZnOCorr-NoInt,29.11.2023 11:46,26150_208248_OD_x2y2,x2y2,0.010995488,1,0.6,1,5,1,0,0,0,0,0,0,0,0,1,154
26150,PM6_321136,PY-IT_321127,CF,0,12.5,2000,1.53919338,0.319536113,1.705581521,0.078100396,0.194235486,0.256300738,0.074162926,0.61,2.153104903,0.08629013,0.79085127,0.113764867,0.183161435,0.58321456,0.41678544,0.242157914,0.378881988,0.439462173,55.74806712,23.44248059,12.33433132,0.943804907,29.11.2023 14:39,B-1,2.21E-06,0.6,0.6,5.48,5.33,3.64,3.38,1.69,PM6_321136,PY-IT_321127,CF,Jonas_DonorAcceptor-2bands-NoBG-ZnOCorr-NoInt_PM6:PY-IT,Jonas_DonorAcceptor-2bands-NoBG-ZnOCorr-NoInt,29.11.2023 11:46,26150_208248_OD_x1y2,x1y2,0.010785162,0.6,0.6,1,5,1,0,0,0,0,0,0,0,0,1,154
26151,PM6_321136,PY-IT_321127,CF,0,10,2000,1.536354186,0.279873119,1.706390285,0.076702342,0.172037214,0.220185806,0.071546043,0.61,2.153426282,0.083421745,0.715910246,0.087845818,0.141431768,0.608891332,0.391108668,0.21867255,0.378881988,0.361617573,58.80021668,23.5015615,13.02710736,0.942697482,29.11.2023 14:42,A-2,1.48E-06,1,1.4,5.48,5.33,3.64,3.38,1.69,PM6_321136,PY-IT_321127,CF,Jonas_DonorAcceptor-2bands-NoBG-ZnOCorr-NoInt_PM6:PY-IT,Jonas_DonorAcceptor-2bands-NoBG-ZnOCorr-NoInt,29.11.2023 11:51,26151_208253_OD_x2y1,x2y1,0.009790625,1,1.4,1,5,1,0,0,0,0,0,0,0,0,1,155
26151,PM6_321136,PY-IT_321127,CF,0,10,2000,1.535566291,0.294268224,1.706837093,0.078440155,0.165164083,0.213766625,0.073871195,0.61,2.153445254,0.084575655,0.682313441,0.082638072,0.133047296,0.616372677,0.383627323,0.227362628,0.378881988,0.346813921,57.01661802,22.65277779,12.07501515,0.934899153,29.11.2023 14:42,A-3,3.32E-06,1.4,1.4,5.48,5.33,3.64,3.38,1.69,PM6_321136,PY-IT_321127,CF,Jonas_DonorAcceptor-2bands-NoBG-ZnOCorr-NoInt_PM6:PY-IT,Jonas_DonorAcceptor-2bands-NoBG-ZnOCorr-NoInt,29.11.2023 11:51,26151_208253_OD_x3y1,x3y1,0.008293288,1.4,1.4,1,5,1,0,0,0,0,0,0,0,0,1,155
26151,PM6_321136,PY-IT_321127,CF,0,10,2000,1.534178888,0.285025366,1.705328501,0.077688028,0.157462906,0.202343828,0.07308308,0.61,2.153215235,0.084691273,0.662322583,0.080585086,0.129741989,0.609311864,0.390688136,0.221805245,0.378881988,0.332085818,55.73869638,22.64571588,11.73310774,0.929544525,29.11.2023 14:42,B-1,9.70E-06,0.6,0.6,5.48,5.33,3.64,3.38,1.69,PM6_321136,PY-IT_321127,CF,Jonas_DonorAcceptor-2bands-NoBG-ZnOCorr-NoInt_PM6:PY-IT,Jonas_DonorAcceptor-2bands-NoBG-ZnOCorr-NoInt,29.11.2023 11:51,26151_208253_OD_x1y2,x1y2,0.008715194,0.6,0.6,1,5,1,0,0,0,0,0,0,0,0,1,155
26152,PM6_321136,PY-IT_321127,CF,0,10,1000,1.539303739,0.27745563,1.709810735,0.076284299,0.185154898,0.236527167,0.072836504,0.61,2.152495506,0.082309813,0.720134447,0.096816247,0.155874158,0.602768523,0.397231477,0.217193946,0.378881988,0.392401325,58.10008468,22.83973664,12.52043761,0.943521175,29.11.2023 14:45,A-2,2.67E-06,1,1.4,5.48,5.33,3.64,3.38,1.69,PM6_321136,PY-IT_321127,CF,Jonas_DonorAcceptor-2bands-NoBG-ZnOCorr-NoInt_PM6:PY-IT,Jonas_DonorAcceptor-2bands-NoBG-ZnOCorr-NoInt,29.11.2023 11:57,26152_208260_OD_x2y1,x2y1,0.010872912,1,1.4,1,5,1,0,0,0,0,0,0,0,0,1,156
26152,PM6_321136,PY-IT_321127,CF,0,10,1000,1.543157345,0.278721644,1.71,0.073529429,0.209850522,0.268340404,0.07145085,0.61,2.153628663,0.082988012,0.803603032,0.114611054,0.184523797,0.592540553,0.407459447,0.217968973,0.378881988,0.452864201,57.10039312,22.95470628,12.34944136,0.942185625,29.11.2023 14:45,B-1,2.83E-06,0.6,0.6,5.48,5.33,3.64,3.38,1.69,PM6_321136,PY-IT_321127,CF,Jonas_DonorAcceptor-2bands-NoBG-ZnOCorr-NoInt_PM6:PY-IT,Jonas_DonorAcceptor-2bands-NoBG-ZnOCorr-NoInt,29.11.2023 11:57,26152_208260_OD_x1y2,x1y2,0.012054567,0.6,0.6,1,5,1,0,0,0,0,0,0,0,0,1,156
26152,PM6_321136,PY-IT_321127,CF,0,10,1000,1.542381232,0.304302675,1.7077321,0.075913127,0.20836859,0.271775709,0.071930041,0.61,2.153198626,0.083867328,0.812743207,0.118893478,0.191418499,0.586742459,0.413257541,0.233306794,0.378881988,0.463194208,56.73901041,22.70173263,12.13791823,0.942330929,29.11.2023 14:45,A-1,2.25E-06,0.6,1.4,5.48,5.33,3.64,3.38,1.69,PM6_321136,PY-IT_321127,CF,Jonas_DonorAcceptor-2bands-NoBG-ZnOCorr-NoInt_PM6:PY-IT,Jonas_DonorAcceptor-2bands-NoBG-ZnOCorr-NoInt,29.11.2023 11:57,26152_208260_OD_x1y1,x1y1,0.011518185,0.6,1.4,1,5,1,0,0,0,0,0,0,0,0,1,156
26152,PM6_321136,PY-IT_321127,CF,0,10,1000,1.542137407,0.272677376,1.71,0.073729064,0.202319394,0.257487316,0.071724209,0.61,2.1535036,0.082629152,0.775474256,0.108035176,0.173936633,0.5968313,0.4031687,0.21425491,0.378881988,0.431423949,56.5781642,22.70283441,12.09300745,0.941467619,29.11.2023 14:45,B-2,1.60E-06,1,0.6,5.48,5.33,3.64,3.38,1.69,PM6_321136,PY-IT_321127,CF,Jonas_DonorAcceptor-2bands-NoBG-ZnOCorr-NoInt_PM6:PY-IT,Jonas_DonorAcceptor-2bands-NoBG-ZnOCorr-NoInt,29.11.2023 11:57,26152_208260_OD_x2y2,x2y2,0.011560355,1,0.6,1,5,1,0,0,0,0,0,0,0,0,1,156
26153,PM6_321136,PY-IT_321127,CF,2,10,1000,1.540611728,0.271959373,1.709324399,0.073242719,0.213518433,0.271586772,0.07134399,0.61,2.152655353,0.082825848,0.839449885,0.115363838,0.185735779,0.593862628,0.406137372,0.213811368,0.378881988,0.457322551,60.11502253,24.0015035,13.49922064,0.935593582,29.11.2023 14:47,B-1,2.04E-06,0.6,0.6,5.48,5.33,3.64,3.38,1.69,PM6_321136,PY-IT_321127,CF,Jonas_DonorAcceptor-2bands-NoBG-ZnOCorr-NoInt_PM6:PY-IT,Jonas_DonorAcceptor-2bands-NoBG-ZnOCorr-NoInt,29.11.2023 12:03,26153_208268_OD_x1y2,x1y2,0.011072494,0.6,0.6,1,5,1,0,0,0,0,0,0,0,0,1,157
26153,PM6_321136,PY-IT_321127,CF,2,10,1000,1.54031986,0.269015406,1.709209891,0.072965388,0.212811418,0.270060968,0.071216448,0.61,2.152708197,0.082242989,0.842142402,0.111952967,0.180244277,0.599728676,0.400271324,0.211987502,0.378881988,0.450305245,60.06944561,23.72563866,13.34836447,0.936605105,29.11.2023 14:47,A-3,1.68E-06,1.4,1.4,5.48,5.33,3.64,3.38,1.69,PM6_321136,PY-IT_321127,CF,Jonas_DonorAcceptor-2bands-NoBG-ZnOCorr-NoInt_PM6:PY-IT,Jonas_DonorAcceptor-2bands-NoBG-ZnOCorr-NoInt,29.11.2023 12:03,26153_208268_OD_x3y1,x3y1,0.010762143,1.4,1.4,1,5,1,0,0,0,0,0,0,0,0,1,157
26153,PM6_321136,PY-IT_321127,CF,2,10,1000,1.540638917,0.273113083,1.708967457,0.073205922,0.215399107,0.274227421,0.071080933,0.61,2.152838836,0.08268634,0.841035175,0.115715871,0.186302552,0.595460528,0.404539472,0.214523821,0.378881988,0.460529974,59.34130336,23.58099188,13.1162102,0.93732288,29.11.2023 14:47,A-1,2.26E-06,0.6,1.4,5.48,5.33,3.64,3.38,1.69,PM6_321136,PY-IT_321127,CF,Jonas_DonorAcceptor-2bands-NoBG-ZnOCorr-NoInt_PM6:PY-IT,Jonas_DonorAcceptor-2bands-NoBG-ZnOCorr-NoInt,29.11.2023 12:03,26153_208268_OD_x1y1,x1y1,0.011161125,0.6,1.4,1,5,1,0,0,0,0,0,0,0,0,1,157
26153,PM6_321136,PY-IT_321127,CF,2,10,1000,1.538648072,0.323775245,1.703902936,0.078513216,0.210096449,0.278120478,0.071079754,0.61,2.151594148,0.083560158,0.863439007,0.123129802,0.198238982,0.583845818,0.416154182,0.244584756,0.378881988,0.47635946,58.70821602,23.68988626,13.02616137,0.936600951,29.11.2023 14:47,A-2,1.52E-06,1,1.4,5.48,5.33,3.64,3.38,1.69,PM6_321136,PY-IT_321127,CF,Jonas_DonorAcceptor-2bands-NoBG-ZnOCorr-NoInt_PM6:PY-IT,Jonas_DonorAcceptor-2bands-NoBG-ZnOCorr-NoInt,29.11.2023 12:03,26153_208268_OD_x2y1,x2y1,0.011170663,1,1.4,1,5,1,0,0,0,0,0,0,0,0,1,157
26154,PM6_321136,PY-IT_321127,CF,0,10,3000,1.52440614,0.52,1.684682632,0.106666666,0.111669429,0.169737532,0.070716969,0.61,2.146054878,0.085766559,0.705546282,0.073272005,0.117967928,0.589969798,0.410030202,0.342105263,0.378881988,0.287705459,59.71892355,21.77966158,12.23787776,0.940899013,29.11.2023 14:50,A-2,6.86E-06,1,1.4,5.48,5.33,3.64,3.38,1.69,PM6_321136,PY-IT_321127,CF,Jonas_DonorAcceptor-2bands-NoBG-ZnOCorr-NoInt_PM6:PY-IT,Jonas_DonorAcceptor-2bands-NoBG-ZnOCorr-NoInt,29.11.2023 12:09,26154_208272_OD_x2y1,x2y1,0.00742425,1,1.4,1,5,1,0,0,0,0,0,0,0,0,1,158
26154,PM6_321136,PY-IT_321127,CF,0,10,3000,1.524525319,0.52,1.684577071,0.105866005,0.102990345,0.156545325,0.071191152,0.61,2.146116609,0.08655637,0.68279315,0.068909732,0.110944669,0.585238058,0.414761942,0.342105263,0.378881988,0.267489994,59.26282509,21.17425894,11.74487707,0.935961328,29.11.2023 14:50,B-3,3.82E-06,1.4,0.6,5.48,5.33,3.64,3.38,1.69,PM6_321136,PY-IT_321127,CF,Jonas_DonorAcceptor-2bands-NoBG-ZnOCorr-NoInt_PM6:PY-IT,Jonas_DonorAcceptor-2bands-NoBG-ZnOCorr-NoInt,29.11.2023 12:09,26154_208272_OD_x3y2,x3y2,0.006731343,1.4,0.6,1,5,1,0,0,0,0,0,0,0,0,1,158
26154,PM6_321136,PY-IT_321127,CF,0,10,3000,1.524432561,0.52,1.684824243,0.105659166,0.107141431,0.162854976,0.071134823,0.61,2.145667815,0.086311571,0.687736094,0.071393348,0.114943291,0.586234672,0.413765328,0.342105263,0.378881988,0.277798267,58.25068166,21.12430908,11.49650952,0.934291673,29.11.2023 14:50,A-3,2.74E-06,1.4,1.4,5.48,5.33,3.64,3.38,1.69,PM6_321136,PY-IT_321127,CF,Jonas_DonorAcceptor-2bands-NoBG-ZnOCorr-NoInt_PM6:PY-IT,Jonas_DonorAcceptor-2bands-NoBG-ZnOCorr-NoInt,29.11.2023 12:09,26154_208272_OD_x3y1,x3y1,0.006936014,1.4,1.4,1,5,1,0,0,0,0,0,0,0,0,1,158
26155,PM6_321136,PY-IT_321127,CF,2,10,3000,1.528639664,0.288227217,1.701593177,0.079200985,0.139886065,0.180205036,0.07267896,0.61,2.150823713,0.084941083,0.638980765,0.06973449,0.112272529,0.616132851,0.383867149,0.223739425,0.378881988,0.292477565,61.69164759,22.16862636,12.72093261,0.930151732,29.11.2023 14:52,B-3,2.13E-06,1.4,0.6,5.48,5.33,3.64,3.38,1.69,PM6_321136,PY-IT_321127,CF,Jonas_DonorAcceptor-2bands-NoBG-ZnOCorr-NoInt_PM6:PY-IT,Jonas_DonorAcceptor-2bands-NoBG-ZnOCorr-NoInt,29.11.2023 12:14,26155_208275_OD_x3y2,x3y2,0.007040224,1.4,0.6,1,5,1,0,0,0,0,0,0,0,0,1,159
26155,PM6_321136,PY-IT_321127,CF,2,10,3000,1.528379572,0.291609933,1.701329262,0.07969428,0.140040874,0.180878184,0.07248659,0.61,2.150323902,0.084970431,0.642499223,0.071632048,0.115327597,0.610650418,0.389349582,0.225772445,0.378881988,0.296205781,61.7704206,22.01570477,12.66274712,0.93113957,29.11.2023 14:52,A-1,4.18E-06,0.6,1.4,5.48,5.33,3.64,3.38,1.69,PM6_321136,PY-IT_321127,CF,Jonas_DonorAcceptor-2bands-NoBG-ZnOCorr-NoInt_PM6:PY-IT,Jonas_DonorAcceptor-2bands-NoBG-ZnOCorr-NoInt,29.11.2023 12:14,26155_208275_OD_x1y1,x1y1,0.007157638,0.6,1.4,1,5,1,0,0,0,0,0,0,0,0,1,159
26155,PM6_321136,PY-IT_321127,CF,2,10,3000,1.528977712,0.283870766,1.702330726,0.078401977,0.137663934,0.1767427,0.073122311,0.61,2.150695017,0.085168356,0.627436844,0.068663883,0.110548851,0.615203264,0.384796736,0.221105405,0.378881988,0.287291551,59.6292018,22.26129421,12.28806878,0.925708451,29.11.2023 14:52,B-1,3.64E-06,0.6,0.6,5.48,5.33,3.64,3.38,1.69,PM6_321136,PY-IT_321127,CF,Jonas_DonorAcceptor-2bands-NoBG-ZnOCorr-NoInt_PM6:PY-IT,Jonas_DonorAcceptor-2bands-NoBG-ZnOCorr-NoInt,29.11.2023 12:14,26155_208275_OD_x1y2,x1y2,0.006767454,0.6,0.6,1,5,1,0,0,0,0,0,0,0,0,1,159
26155,PM6_321136,PY-IT_321127,CF,2,10,3000,1.528812937,0.288942255,1.702421307,0.078880622,0.139537694,0.17985603,0.073552265,0.61,2.150805689,0.085562508,0.642641858,0.070298893,0.113181218,0.613765079,0.386234921,0.224170054,0.378881988,0.293037248,59.52951241,21.53852796,11.86804854,0.925616249,29.11.2023 14:52,A-3,2.64E-06,1.4,1.4,5.48,5.33,3.64,3.38,1.69,PM6_321136,PY-IT_321127,CF,Jonas_DonorAcceptor-2bands-NoBG-ZnOCorr-NoInt_PM6:PY-IT,Jonas_DonorAcceptor-2bands-NoBG-ZnOCorr-NoInt,29.11.2023 12:14,26155_208275_OD_x3y1,x3y1,0.006778494,1.4,1.4,1,5,1,0,0,0,0,0,0,0,0,1,159
26156,PM6_321136,PY-IT_321127,CF,1,10,2000,1.531506922,0.290058525,1.70345772,0.078589914,0.160665159,0.207267459,0.072321671,0.61,2.151417132,0.084335914,0.687792083,0.081819772,0.131729832,0.611413318,0.388586682,0.224841369,0.378881988,0.338997291,62.59934942,24.46346077,14.33075607,0.93579644,29.11.2023 14:55,B-3,3.18E-06,1.4,0.6,5.48,5.33,3.64,3.38,1.69,PM6_321136,PY-IT_321127,CF,Jonas_DonorAcceptor-2bands-NoBG-ZnOCorr-NoInt_PM6:PY-IT,Jonas_DonorAcceptor-2bands-NoBG-ZnOCorr-NoInt,29.11.2023 12:20,26156_208286_OD_x3y2,x3y2,0.007307621,1.4,0.6,1,5,1,0,0,0,0,0,0,0,0,1,160
26156,PM6_321136,PY-IT_321127,CF,1,10,2000,1.531836251,0.295979598,1.703028974,0.079370691,0.167951809,0.217662117,0.071961926,0.61,2.15166562,0.08393794,0.72056638,0.08572783,0.138021807,0.611953768,0.388046232,0.228382915,0.378881988,0.355683924,62.30553036,24.50813127,14.28624476,0.93558078,29.11.2023 14:55,B-1,5.73E-06,0.6,0.6,5.48,5.33,3.64,3.38,1.69,PM6_321136,PY-IT_321127,CF,Jonas_DonorAcceptor-2bands-NoBG-ZnOCorr-NoInt_PM6:PY-IT,Jonas_DonorAcceptor-2bands-NoBG-ZnOCorr-NoInt,29.11.2023 12:20,26156_208286_OD_x1y2,x1y2,0.007978621,0.6,0.6,1,5,1,0,0,0,0,0,0,0,0,1,160
26156,PM6_321136,PY-IT_321127,CF,1,10,2000,1.531714196,0.297039682,1.703122927,0.079446681,0.16717735,0.216835657,0.072147468,0.61,2.151598242,0.084034368,0.719272136,0.085854895,0.13822638,0.610697947,0.389302053,0.229013565,0.378881988,0.355062037,62.50184737,24.20456467,14.15959499,0.935967354,29.11.2023 14:55,A-1,5.46E-06,0.6,1.4,5.48,5.33,3.64,3.38,1.69,PM6_321136,PY-IT_321127,CF,Jonas_DonorAcceptor-2bands-NoBG-ZnOCorr-NoInt_PM6:PY-IT,Jonas_DonorAcceptor-2bands-NoBG-ZnOCorr-NoInt,29.11.2023 12:20,26156_208286_OD_x1y1,x1y1,0.007977467,0.6,1.4,1,5,1,0,0,0,0,0,0,0,0,1,160
26156,PM6_321136,PY-IT_321127,CF,1,10,2000,1.531864011,0.296984658,1.70306407,0.07946952,0.168884119,0.219040112,0.071830443,0.61,2.151435297,0.083747838,0.72761599,0.086564253,0.139368447,0.611146432,0.388853568,0.228980856,0.378881988,0.358408558,61.69058174,24.46073895,14.11739744,0.935548276,29.11.2023 14:55,B-2,4.08E-06,1,0.6,5.48,5.33,3.64,3.38,1.69,PM6_321136,PY-IT_321127,CF,Jonas_DonorAcceptor-2bands-NoBG-ZnOCorr-NoInt_PM6:PY-IT,Jonas_DonorAcceptor-2bands-NoBG-ZnOCorr-NoInt,29.11.2023 12:20,26156_208286_OD_x2y2,x2y2,0.008116355,1,0.6,1,5,1,0,0,0,0,0,0,0,0,1,160
31171,PTQ10_321145,BTP-4F-12 (Y12)_321125,xylene,0,28,2000,1.541611253,0.300849161,1.724169687,0.081646765,0.248663262,0.323473395,0.058656266,0.785423885,2.200743111,0.091486741,1,0.121253607,0.216489086,0.599066429,0.400933571,0.231271365,0.439908916,0.539962481,55.82833454,22.88863093,11.22646408,0.878554086,28.03.2024 14:33,B-1,9.42E-05,0.6,0.6,5.53,5.34,3.77,3.64,1.57,PTQ10_321145,BTP-4F-12 (Y12)_321125,xylene,Jonas_DonorAcceptor-2bands-NoBG-ZnOCorr-NoInt_PTQ10:BTP-4F-12 (Y12),Jonas_DonorAcceptor-2bands-NoBG-ZnOCorr-NoInt,28.03.2024 10:18,31171_251582_OD_x1y2,x1y2,0.005852233,0.6,0.6,3,1,0,0,1,0,0,1,0,0,0,0,31171
31171,PTQ10_321145,BTP-4F-12 (Y12)_321125,xylene,0,28,2000,1.541342368,0.303044199,1.723823683,0.081823677,0.247618226,0.322657493,0.058665416,0.787588339,2.200545443,0.091601226,1,0.120568027,0.215525999,0.599530639,0.400469361,0.232566324,0.440587087,0.538183492,55.2427952,23.03587298,11.14069355,0.87545113,28.03.2024 14:33,B-3,1.04E-06,1.4,0.6,5.53,5.34,3.77,3.64,1.57,PTQ10_321145,BTP-4F-12 (Y12)_321125,xylene,Jonas_DonorAcceptor-2bands-NoBG-ZnOCorr-NoInt_PTQ10:BTP-4F-12 (Y12),Jonas_DonorAcceptor-2bands-NoBG-ZnOCorr-NoInt,28.03.2024 10:18,31171_251582_OD_x3y2,x3y2,0.005841529,1.4,0.6,3,1,0,0,1,0,0,1,0,0,0,0,31171
31171,PTQ10_321145,BTP-4F-12 (Y12)_321125,xylene,0,28,2000,1.54116221,0.302959709,1.723713144,0.081855213,0.248026981,0.323169163,0.058684935,0.782890826,2.200815705,0.091337726,1,0.121300857,0.216266185,0.59908785,0.40091215,0.23251656,0.439113161,0.539435348,55.41593807,22.82462131,11.13167135,0.880079907,28.03.2024 14:33,A-1,1.99E-06,0.6,1.4,5.53,5.34,3.77,3.64,1.57,PTQ10_321145,BTP-4F-12 (Y12)_321125,xylene,Jonas_DonorAcceptor-2bands-NoBG-ZnOCorr-NoInt_PTQ10:BTP-4F-12 (Y12),Jonas_DonorAcceptor-2bands-NoBG-ZnOCorr-NoInt,28.03.2024 10:18,31171_251582_OD_x1y1,x1y1,0.005837844,0.6,1.4,3,1,0,0,1,0,0,1,0,0,0,0,31171
31171,PTQ10_321145,BTP-4F-12 (Y12)_321125,xylene,0,28,2000,1.54148131,0.3,1.724147602,0.081666534,0.246792549,0.320830314,0.058631313,0.786051337,2.200500049,0.09150866,1,0.119687737,0.213768443,0.600132921,0.399867079,0.230769231,0.440105679,0.534598757,54.88143667,22.74224979,10.97253859,0.879120121,28.03.2024 14:33,A-2,2.10E-06,1,1.4,5.53,5.34,3.77,3.64,1.57,PTQ10_321145,BTP-4F-12 (Y12)_321125,xylene,Jonas_DonorAcceptor-2bands-NoBG-ZnOCorr-NoInt_PTQ10:BTP-4F-12 (Y12),Jonas_DonorAcceptor-2bands-NoBG-ZnOCorr-NoInt,28.03.2024 10:18,31171_251582_OD_x2y1,x2y1,0.005743942,1,1.4,3,1,0,0,1,0,0,1,0,0,0,0,31171
31172,PTQ10_321145,BTP-4F-12 (Y12)_321125,xylene,0,25,2000,1.533813108,0.3,1.719720803,0.085016036,0.206711422,0.268724849,0.057299987,0.892672622,2.194637187,0.095640775,1,0.087847022,0.166265654,0.617771761,0.382228239,0.230769231,0.471646608,0.434990503,56.09213551,22.42825019,10.92219899,0.86818588,28.03.2024 14:35,B-3,1.13E-06,1.4,0.6,5.53,5.34,3.77,3.64,1.57,PTQ10_321145,BTP-4F-12 (Y12)_321125,xylene,Jonas_DonorAcceptor-2bands-NoBG-ZnOCorr-NoInt_PTQ10:BTP-4F-12 (Y12),Jonas_DonorAcceptor-2bands-NoBG-ZnOCorr-NoInt,28.03.2024 10:24,31172_251631_OD_x3y2,x3y2,0.004576039,1.4,0.6,3,1,0,0,1,0,0,1,0,0,0,0,31172
31172,PTQ10_321145,BTP-4F-12 (Y12)_321125,xylene,0,25,2000,1.533279383,0.3,1.719451906,0.085255412,0.206786388,0.268822304,0.057309919,0.893238209,2.19460511,0.095697874,1,0.087481782,0.165623852,0.618770129,0.381229871,0.230769231,0.471804448,0.434446156,56.12417215,22.26062181,10.85198347,0.868604118,28.03.2024 14:35,B-1,1.49E-05,0.6,0.6,5.53,5.34,3.77,3.64,1.57,PTQ10_321145,BTP-4F-12 (Y12)_321125,xylene,Jonas_DonorAcceptor-2bands-NoBG-ZnOCorr-NoInt_PTQ10:BTP-4F-12 (Y12),Jonas_DonorAcceptor-2bands-NoBG-ZnOCorr-NoInt,28.03.2024 10:24,31172_251631_OD_x1y2,x1y2,0.004567725,0.6,0.6,3,1,0,0,1,0,0,1,0,0,0,0,31172
31172,PTQ10_321145,BTP-4F-12 (Y12)_321125,xylene,0,25,2000,1.533172639,0.3,1.71937315,0.085221228,0.206979345,0.269073149,0.057260418,0.89497903,2.194562539,0.095739204,1,0.087485463,0.165783117,0.618763417,0.381236583,0.230769231,0.472289675,0.434856266,56.45676403,21.9806304,10.81181552,0.871249419,28.03.2024 14:35,A-1,1.46E-06,0.6,1.4,5.53,5.34,3.77,3.64,1.57,PTQ10_321145,BTP-4F-12 (Y12)_321125,xylene,Jonas_DonorAcceptor-2bands-NoBG-ZnOCorr-NoInt_PTQ10:BTP-4F-12 (Y12),Jonas_DonorAcceptor-2bands-NoBG-ZnOCorr-NoInt,28.03.2024 10:24,31172_251631_OD_x1y1,x1y1,0.00459666,0.6,1.4,3,1,0,0,1,0,0,1,0,0,0,0,31172
31172,PTQ10_321145,BTP-4F-12 (Y12)_321125,xylene,0,25,2000,1.533708593,0.3,1.719642225,0.08510197,0.206967213,0.269057377,0.057286562,0.894046064,2.194598306,0.095753311,1,0.08766967,0.166050394,0.618369505,0.381630495,0.230769231,0.472029736,0.435107771,55.67005094,22.2762506,10.77201088,0.86862649,28.03.2024 14:35,B-2,0.000100063,1,0.6,5.53,5.34,3.77,3.64,1.57,PTQ10_321145,BTP-4F-12 (Y12)_321125,xylene,Jonas_DonorAcceptor-2bands-NoBG-ZnOCorr-NoInt_PTQ10:BTP-4F-12 (Y12),Jonas_DonorAcceptor-2bands-NoBG-ZnOCorr-NoInt,28.03.2024 10:24,31172_251631_OD_x2y2,x2y2,0.004639964,1,0.6,3,1,0,0,1,0,0,1,0,0,0,0,31172
31174,PTQ10_321145,BTP-4F-12 (Y12)_321125,xylene,0,22,1000,1.541403193,0.3,1.723704484,0.081547821,0.24607377,0.319895901,0.058838869,0.774603562,2.201686355,0.090930599,1,0.121964419,0.216438493,0.596448605,0.403551395,0.230769231,0.436493862,0.536334394,56.48274783,23.50325603,11.60430657,0.874128632,28.03.2024 14:41,B-1,3.21E-06,0.6,0.6,5.53,5.34,3.77,3.64,1.57,PTQ10_321145,BTP-4F-12 (Y12)_321125,xylene,Jonas_DonorAcceptor-2bands-NoBG-ZnOCorr-NoInt_PTQ10:BTP-4F-12 (Y12),Jonas_DonorAcceptor-2bands-NoBG-ZnOCorr-NoInt,28.03.2024 10:35,31174_251637_OD_x1y2,x1y2,0.006173593,0.6,0.6,3,1,0,0,1,0,0,1,0,0,0,0,31174
31174,PTQ10_321145,BTP-4F-12 (Y12)_321125,xylene,0,22,1000,1.539777284,0.3,1.72268465,0.082198984,0.240303385,0.3123944,0.058615509,0.781450149,2.201287789,0.091088589,1,0.116845947,0.20815523,0.600124141,0.399875859,0.230769231,0.438659566,0.52054963,56.25681201,23.575625,11.58408446,0.873420503,28.03.2024 14:41,A-1,5.19E-06,0.6,1.4,5.53,5.34,3.77,3.64,1.57,PTQ10_321145,BTP-4F-12 (Y12)_321125,xylene,Jonas_DonorAcceptor-2bands-NoBG-ZnOCorr-NoInt_PTQ10:BTP-4F-12 (Y12),Jonas_DonorAcceptor-2bands-NoBG-ZnOCorr-NoInt,28.03.2024 10:35,31174_251637_OD_x1y1,x1y1,0.00607338,0.6,1.4,3,1,0,0,1,0,0,1,0,0,0,0,31174
31174,PTQ10_321145,BTP-4F-12 (Y12)_321125,xylene,0,22,1000,1.538532728,0.3,1.722285286,0.082947933,0.233254216,0.30323048,0.058414576,0.801662536,2.200154433,0.092058074,1,0.110550611,0.199174894,0.603557398,0.396442602,0.230769231,0.444957099,0.502405374,56.41410039,23.29725039,11.45870733,0.871853053,28.03.2024 14:41,B-2,3.66E-06,1,0.6,5.53,5.34,3.77,3.64,1.57,PTQ10_321145,BTP-4F-12 (Y12)_321125,xylene,Jonas_DonorAcceptor-2bands-NoBG-ZnOCorr-NoInt_PTQ10:BTP-4F-12 (Y12),Jonas_DonorAcceptor-2bands-NoBG-ZnOCorr-NoInt,28.03.2024 10:35,31174_251637_OD_x2y2,x2y2,0.005788267,1,0.6,3,1,0,0,1,0,0,1,0,0,0,0,31174
31174,PTQ10_321145,BTP-4F-12 (Y12)_321125,xylene,0,22,1000,1.536206888,0.3,1.720948523,0.083800489,0.225740493,0.293462641,0.058089773,0.819095081,2.199073502,0.092676131,1,0.103758464,0.188746511,0.608579576,0.391420424,0.230769231,0.450276123,0.482209152,56.47376064,23.18737357,11.40474816,0.870938385,28.03.2024 14:41,A-2,3.31E-06,1,1.4,5.53,5.34,3.77,3.64,1.57,PTQ10_321145,BTP-4F-12 (Y12)_321125,xylene,Jonas_DonorAcceptor-2bands-NoBG-ZnOCorr-NoInt_PTQ10:BTP-4F-12 (Y12),Jonas_DonorAcceptor-2bands-NoBG-ZnOCorr-NoInt,28.03.2024 10:35,31174_251637_OD_x2y1,x2y1,0.005352768,1,1.4,3,1,0,0,1,0,0,1,0,0,0,0,31174
31175,PTQ10_321145,BTP-4F-12 (Y12)_321125,xylene,2,22,1000,1.508938496,0.503659204,1.697741829,0.101704983,0.210432308,0.316418477,0.059763216,0.816112993,2.200370552,0.094258374,1,0.124201712,0.225564342,0.583816434,0.416183566,0.334955689,0.449373467,0.541982819,56.25734899,24.10936908,11.48205,0.846553336,28.03.2024 14:43,B-1,6.83E-06,0.6,0.6,5.53,5.34,3.77,3.64,1.57,PTQ10_321145,BTP-4F-12 (Y12)_321125,xylene,Jonas_DonorAcceptor-2bands-NoBG-ZnOCorr-NoInt_PTQ10:BTP-4F-12 (Y12),Jonas_DonorAcceptor-2bands-NoBG-ZnOCorr-NoInt,28.03.2024 10:41,31175_251656_OD_x1y2,x1y2,0.005770893,0.6,0.6,3,1,0,0,1,0,0,1,0,0,0,0,31175
31175,PTQ10_321145,BTP-4F-12 (Y12)_321125,xylene,2,22,1000,1.509680188,0.451850687,1.70049666,0.097848372,0.211562942,0.307157803,0.059281899,0.831587719,2.19999692,0.094618209,1,0.115170132,0.210944199,0.592851991,0.407148009,0.311223937,0.454025603,0.518102002,55.25019743,24.40600124,11.29764383,0.837832911,28.03.2024 14:43,B-3,8.65E-06,1.4,0.6,5.53,5.34,3.77,3.64,1.57,PTQ10_321145,BTP-4F-12 (Y12)_321125,xylene,Jonas_DonorAcceptor-2bands-NoBG-ZnOCorr-NoInt_PTQ10:BTP-4F-12 (Y12),Jonas_DonorAcceptor-2bands-NoBG-ZnOCorr-NoInt,28.03.2024 10:41,31175_251656_OD_x3y2,x3y2,0.005494659,1.4,0.6,3,1,0,0,1,0,0,1,0,0,0,0,31175
31175,PTQ10_321145,BTP-4F-12 (Y12)_321125,xylene,2,22,1000,1.509484452,0.424776127,1.701694565,0.095851005,0.210078128,0.299314302,0.058880542,0.842714374,2.199335227,0.094637104,1,0.108886589,0.200646883,0.598675079,0.401324921,0.298135349,0.457322299,0.499961185,55.20308714,24.15275081,11.2044,0.84034697,28.03.2024 14:43,B-2,1.01E-05,1,0.6,5.53,5.34,3.77,3.64,1.57,PTQ10_321145,BTP-4F-12 (Y12)_321125,xylene,Jonas_DonorAcceptor-2bands-NoBG-ZnOCorr-NoInt_PTQ10:BTP-4F-12 (Y12),Jonas_DonorAcceptor-2bands-NoBG-ZnOCorr-NoInt,28.03.2024 10:41,31175_251656_OD_x2y2,x2y2,0.005340338,1,0.6,3,1,0,0,1,0,0,1,0,0,0,0,31175
31175,PTQ10_321145,BTP-4F-12 (Y12)_321125,xylene,2,22,1000,1.509475447,0.435433469,1.701058355,0.096655805,0.211776969,0.303991749,0.058982354,0.836022963,2.199793937,0.094510405,1,0.111896299,0.205444174,0.596722247,0.403277753,0.303346326,0.455344503,0.509435923,55.54005535,23.71337349,11.0712,0.840610957,28.03.2024 14:43,A-3,1.21E-05,1.4,1.4,5.53,5.34,3.77,3.64,1.57,PTQ10_321145,BTP-4F-12 (Y12)_321125,xylene,Jonas_DonorAcceptor-2bands-NoBG-ZnOCorr-NoInt_PTQ10:BTP-4F-12 (Y12),Jonas_DonorAcceptor-2bands-NoBG-ZnOCorr-NoInt,28.03.2024 10:41,31175_251656_OD_x3y1,x3y1,0.005441163,1.4,1.4,3,1,0,0,1,0,0,1,0,0,0,0,31175
31178,PTQ10_321145,BTP-4F-12 (Y12)_321125,xylene,1,22,2000,1.509244579,0.537480698,1.696119796,0.103947608,0.209947352,0.322790002,0.06020835,0.80892614,2.201170154,0.094305658,1,0.13104638,0.237053222,0.576572133,0.423427867,0.349585331,0.447185832,0.559843223,58.62814783,24.20137136,12.04295161,0.848763688,28.03.2024 14:51,B-1,3.58E-06,0.6,0.6,5.53,5.34,3.77,3.64,1.57,PTQ10_321145,BTP-4F-12 (Y12)_321125,xylene,Jonas_DonorAcceptor-2bands-NoBG-ZnOCorr-NoInt_PTQ10:BTP-4F-12 (Y12),Jonas_DonorAcceptor-2bands-NoBG-ZnOCorr-NoInt,28.03.2024 10:58,31178_251669_OD_x1y2,x1y2,0.005939167,0.6,0.6,3,1,0,0,1,0,0,1,0,0,0,0,31178
31178,PTQ10_321145,BTP-4F-12 (Y12)_321125,xylene,1,22,2000,1.509466753,0.5047403,1.697743864,0.101540145,0.211799055,0.318702573,0.059861943,0.80553756,2.201028981,0.093711372,1,0.126830612,0.228997433,0.581892586,0.418107414,0.335433496,0.446148326,0.547700006,58.34114459,24.29562767,12.0149518,0.84765468,28.03.2024 14:51,B-3,5.06E-06,1.4,0.6,5.53,5.34,3.77,3.64,1.57,PTQ10_321145,BTP-4F-12 (Y12)_321125,xylene,Jonas_DonorAcceptor-2bands-NoBG-ZnOCorr-NoInt_PTQ10:BTP-4F-12 (Y12),Jonas_DonorAcceptor-2bands-NoBG-ZnOCorr-NoInt,28.03.2024 10:58,31178_251669_OD_x3y2,x3y2,0.006048641,1.4,0.6,3,1,0,0,1,0,0,1,0,0,0,0,31178
31178,PTQ10_321145,BTP-4F-12 (Y12)_321125,xylene,1,22,2000,1.510590058,0.459003653,1.700392404,0.098066522,0.215940103,0.315057399,0.059483217,0.815200904,2.201001045,0.093930572,1,0.121551867,0.220641059,0.588124521,0.411875479,0.314600757,0.449096793,0.535698458,58.48100476,24.05323672,11.93283714,0.848311515,28.03.2024 14:51,A-1,4.49E-06,0.6,1.4,5.53,5.34,3.77,3.64,1.57,PTQ10_321145,BTP-4F-12 (Y12)_321125,xylene,Jonas_DonorAcceptor-2bands-NoBG-ZnOCorr-NoInt_PTQ10:BTP-4F-12 (Y12),Jonas_DonorAcceptor-2bands-NoBG-ZnOCorr-NoInt,28.03.2024 10:58,31178_251669_OD_x1y1,x1y1,0.006017626,0.6,1.4,3,1,0,0,1,0,0,1,0,0,0,0,31178
31178,PTQ10_321145,BTP-4F-12 (Y12)_321125,xylene,1,22,2000,1.510601728,0.437188247,1.701563487,0.096370065,0.213686724,0.307108048,0.05907065,0.818501597,2.20073043,0.093640864,1,0.116221167,0.211348379,0.59235074,0.40764926,0.304196926,0.450096716,0.518456427,58.78585202,23.68887757,11.8142467,0.848376705,28.03.2024 14:51,A-3,3.73E-06,1.4,1.4,5.53,5.34,3.77,3.64,1.57,PTQ10_321145,BTP-4F-12 (Y12)_321125,xylene,Jonas_DonorAcceptor-2bands-NoBG-ZnOCorr-NoInt_PTQ10:BTP-4F-12 (Y12),Jonas_DonorAcceptor-2bands-NoBG-ZnOCorr-NoInt,28.03.2024 10:58,31178_251669_OD_x3y1,x3y1,0.005888714,1.4,1.4,3,1,0,0,1,0,0,1,0,0,0,0,31178
32260,PTQ10_321145,L8-BO_321144,xylene,0,28,2000,1.566580338,0.325,1.74849726,0.085099726,0.233485167,0.309367847,0.060566276,0.680121364,2.209023452,0.084468086,1,0.105882838,0.177896018,0.634908249,0.365091751,0.245283019,0.404804902,0.487263865,62.39056703,22.146,12.48837014,0.903839951,12.04.2024 16:46,B-3,1.59E-05,1.4,0.6,5.45,5.34,3.77,3.64,1.57,PTQ10_321145,L8-BO_321144,xylene,Jonas_DonorAcceptor-2bands-NoBG-ZnOCorr-NoInt_PTQ10:L8-BO,Jonas_DonorAcceptor-2bands-NoBG-ZnOCorr-NoInt,12.04.2024 10:48,32260_258269_OD_x3y2,x3y2,0.005788492,1.4,0.6,3,4,0,0,1,0,0,0,0,0,1,0,177
32260,PTQ10_321145,L8-BO_321144,xylene,0,28,2000,1.567514364,0.325,1.748924761,0.085016342,0.234120156,0.310209206,0.060600581,0.68054941,2.208740721,0.084514716,1,0.106621037,0.17918192,0.633867656,0.366132344,0.245283019,0.404956502,0.489391126,62.42663767,21.96649798,12.43575617,0.90686247,12.04.2024 16:46,B-1,0.000292618,0.6,0.6,5.45,5.34,3.77,3.64,1.57,PTQ10_321145,L8-BO_321144,xylene,Jonas_DonorAcceptor-2bands-NoBG-ZnOCorr-NoInt_PTQ10:L8-BO,Jonas_DonorAcceptor-2bands-NoBG-ZnOCorr-NoInt,12.04.2024 10:48,32260_258269_OD_x1y2,x1y2,0.006044638,0.6,0.6,3,4,0,0,1,0,0,0,0,0,1,0,177
32260,PTQ10_321145,L8-BO_321144,xylene,0,28,2000,1.569179488,0.325,1.749233898,0.08462018,0.236329793,0.313136975,0.060650068,0.685117366,2.207923809,0.084862294,1,0.109402215,0.184355572,0.629430485,0.370569515,0.245283019,0.406569524,0.497492547,61.48691826,22.08037568,12.29167281,0.90536105,12.04.2024 16:46,B-2,2.62E-06,1,0.6,5.45,5.34,3.77,3.64,1.57,PTQ10_321145,L8-BO_321144,xylene,Jonas_DonorAcceptor-2bands-NoBG-ZnOCorr-NoInt_PTQ10:L8-BO,Jonas_DonorAcceptor-2bands-NoBG-ZnOCorr-NoInt,12.04.2024 10:48,32260_258269_OD_x2y2,x2y2,0.006747112,1,0.6,3,4,0,0,1,0,0,0,0,0,1,0,177
32260,PTQ10_321145,L8-BO_321144,xylene,0,28,2000,1.566897094,0.325,1.748491124,0.085105283,0.235052806,0.311444968,0.060629836,0.675195756,2.209321196,0.084207497,1,0.107380609,0.179883541,0.633883364,0.366116636,0.245283019,0.403054839,0.491328509,61.46083161,21.94300078,12.18091251,0.903203003,12.04.2024 16:46,A-2,4.99E-06,1,1.4,5.45,5.34,3.77,3.64,1.57,PTQ10_321145,L8-BO_321144,xylene,Jonas_DonorAcceptor-2bands-NoBG-ZnOCorr-NoInt_PTQ10:L8-BO,Jonas_DonorAcceptor-2bands-NoBG-ZnOCorr-NoInt,12.04.2024 10:48,32260_258269_OD_x2y1,x2y1,0.006039533,1,1.4,3,4,0,0,1,0,0,0,0,0,1,0,177
32261,PTQ10_321145,L8-BO_321144,xylene,0,26,2000,1.566763322,0.325,1.747864468,0.085177983,0.215504718,0.285543751,0.059726152,0.759186837,2.202558663,0.088092977,1,0.092367086,0.162490961,0.637325063,0.362674937,0.245283019,0.431555547,0.448034712,61.19760375,22.37224846,12.48105069,0.911605834,12.04.2024 16:49,B-1,4.66E-05,0.6,0.6,5.45,5.34,3.77,3.64,1.57,PTQ10_321145,L8-BO_321144,xylene,Jonas_DonorAcceptor-2bands-NoBG-ZnOCorr-NoInt_PTQ10:L8-BO,Jonas_DonorAcceptor-2bands-NoBG-ZnOCorr-NoInt,12.04.2024 10:54,32261_258286_OD_x1y2,x1y2,0.005737439,0.6,0.6,3,4,0,0,1,0,0,0,0,0,1,0,178
32261,PTQ10_321145,L8-BO_321144,xylene,0,26,2000,1.564472064,0.325,1.747552394,0.085755684,0.210322903,0.278677847,0.05958046,0.768143345,2.202940811,0.088419871,1,0.088106048,0.155784123,0.641432084,0.358567916,0.245283019,0.434434995,0.434461969,62.29042246,21.54475016,12.06074167,0.898692831,12.04.2024 16:49,A-3,0.000260338,1.4,1.4,5.45,5.34,3.77,3.64,1.57,PTQ10_321145,L8-BO_321144,xylene,Jonas_DonorAcceptor-2bands-NoBG-ZnOCorr-NoInt_PTQ10:L8-BO,Jonas_DonorAcceptor-2bands-NoBG-ZnOCorr-NoInt,12.04.2024 10:54,32261_258286_OD_x3y1,x3y1,0.004807742,1.4,1.4,3,4,0,0,1,0,0,0,0,0,1,0,178
32261,PTQ10_321145,L8-BO_321144,xylene,0,26,2000,1.563544485,0.325,1.747083476,0.086041802,0.214531762,0.284254584,0.059694431,0.751680928,2.204300216,0.087568202,1,0.089930642,0.157529791,0.643423807,0.356576193,0.245283019,0.429119776,0.441784375,61.53655734,21.73087272,12.02524483,0.899256453,12.04.2024 16:49,A-2,2.38E-06,1,1.4,5.45,5.34,3.77,3.64,1.57,PTQ10_321145,L8-BO_321144,xylene,Jonas_DonorAcceptor-2bands-NoBG-ZnOCorr-NoInt_PTQ10:L8-BO,Jonas_DonorAcceptor-2bands-NoBG-ZnOCorr-NoInt,12.04.2024 10:54,32261_258286_OD_x2y1,x2y1,0.004735311,1,1.4,3,4,0,0,1,0,0,0,0,0,1,0,178
32261,PTQ10_321145,L8-BO_321144,xylene,0,26,2000,1.564641209,0.325,1.746943762,0.085662033,0.211099476,0.279706806,0.059565471,0.764526153,2.20259766,0.088023305,1,0.088649081,0.156423622,0.641337517,0.358662483,0.245283019,0.433275614,0.436130428,59.74430605,22.22449096,11.97685729,0.902016602,12.04.2024 16:49,B-2,6.84E-05,1,0.6,5.45,5.34,3.77,3.64,1.57,PTQ10_321145,L8-BO_321144,xylene,Jonas_DonorAcceptor-2bands-NoBG-ZnOCorr-NoInt_PTQ10:L8-BO,Jonas_DonorAcceptor-2bands-NoBG-ZnOCorr-NoInt,12.04.2024 10:54,32261_258286_OD_x2y2,x2y2,0.005187944,1,0.6,3,4,0,0,1,0,0,0,0,0,1,0,178
32262,PTQ10_321145,L8-BO_321144,xylene,0,24,2000,1.565525234,0.325,1.747306107,0.085144678,0.194729729,0.258016891,0.059387216,0.824718854,2.197876463,0.090874674,1,0.078286105,0.142850132,0.643647086,0.356352914,0.245283019,0.451970369,0.400867023,62.05795983,21.31187612,12.0349083,0.909962738,12.04.2024 16:52,A-1,0.000314889,0.6,1.4,5.45,5.34,3.77,3.64,1.57,PTQ10_321145,L8-BO_321144,xylene,Jonas_DonorAcceptor-2bands-NoBG-ZnOCorr-NoInt_PTQ10:L8-BO,Jonas_DonorAcceptor-2bands-NoBG-ZnOCorr-NoInt,12.04.2024 11:00,32262_258291_OD_x1y1,x1y1,0.004221494,0.6,1.4,3,4,0,0,1,0,0,0,0,0,1,0,179
32262,PTQ10_321145,L8-BO_321144,xylene,0,24,2000,1.565365447,0.325,1.747285809,0.085086239,0.19260746,0.255204885,0.059344422,0.841229968,2.197300204,0.091832711,1,0.077186302,0.142117733,0.642311496,0.357688504,0.245283019,0.45688479,0.397322617,61.49969835,21.46212737,12.00225471,0.909320717,12.04.2024 16:52,B-2,0.00012577,1,0.6,5.45,5.34,3.77,3.64,1.57,PTQ10_321145,L8-BO_321144,xylene,Jonas_DonorAcceptor-2bands-NoBG-ZnOCorr-NoInt_PTQ10:L8-BO,Jonas_DonorAcceptor-2bands-NoBG-ZnOCorr-NoInt,12.04.2024 11:00,32262_258291_OD_x2y2,x2y2,0.004055077,1,0.6,3,4,0,0,1,0,0,0,0,0,1,0,179
32262,PTQ10_321145,L8-BO_321144,xylene,0,24,2000,1.563640662,0.325,1.746626822,0.085425058,0.193539142,0.256439364,0.059265197,0.824891848,2.198827491,0.09089937,1,0.076866909,0.140273795,0.646410027,0.353589973,0.245283019,0.452022321,0.396713158,61.94427475,21.22174677,11.89446085,0.904820561,12.04.2024 16:52,B-1,2.25E-05,0.6,0.6,5.45,5.34,3.77,3.64,1.57,PTQ10_321145,L8-BO_321144,xylene,Jonas_DonorAcceptor-2bands-NoBG-ZnOCorr-NoInt_PTQ10:L8-BO,Jonas_DonorAcceptor-2bands-NoBG-ZnOCorr-NoInt,12.04.2024 11:00,32262_258291_OD_x1y2,x1y2,0.003987761,0.6,0.6,3,4,0,0,1,0,0,0,0,0,1,0,179
32262,PTQ10_321145,L8-BO_321144,xylene,0,24,2000,1.563805102,0.325,1.747081801,0.085423739,0.190721958,0.252706594,0.05915232,0.838613527,2.198019469,0.091571978,1,0.075177493,0.138222355,0.646425891,0.353574109,0.245283019,0.45611191,0.390928949,62.49675107,20.93737373,11.84830522,0.905475257,12.04.2024 16:52,A-2,6.73E-05,1,1.4,5.45,5.34,3.77,3.64,1.57,PTQ10_321145,L8-BO_321144,xylene,Jonas_DonorAcceptor-2bands-NoBG-ZnOCorr-NoInt_PTQ10:L8-BO,Jonas_DonorAcceptor-2bands-NoBG-ZnOCorr-NoInt,12.04.2024 11:00,32262_258291_OD_x2y1,x2y1,0.003761036,1,1.4,3,4,0,0,1,0,0,0,0,0,1,0,179
32263,PTQ10_321145,L8-BO_321144,xylene,0,24,1000,1.573947058,0.365699681,1.75,0.083902589,0.264835703,0.361686036,0.0615651,0.677847406,2.206961591,0.085381867,1,0.140129708,0.235116267,0.606039946,0.393960054,0.267774596,0.403998244,0.596802303,60.01617596,22.01762815,11.94397639,0.903878556,12.04.2024 16:54,A-1,1.08E-06,0.6,1.4,5.45,5.34,3.77,3.64,1.57,PTQ10_321145,L8-BO_321144,xylene,Jonas_DonorAcceptor-2bands-NoBG-ZnOCorr-NoInt_PTQ10:L8-BO,Jonas_DonorAcceptor-2bands-NoBG-ZnOCorr-NoInt,12.04.2024 11:05,32263_258300_OD_x1y1,x1y1,0.00823439,0.6,1.4,3,4,0,0,1,0,0,0,0,0,1,0,180
32263,PTQ10_321145,L8-BO_321144,xylene,0,24,1000,1.570766435,0.345379408,1.75,0.084396591,0.250312362,0.336765097,0.06103509,0.685152652,2.20773122,0.085319721,1,0.122223704,0.205965599,0.620501291,0.379498709,0.256715248,0.40658195,0.542730696,61.37806792,21.61650294,11.90169047,0.897036266,12.04.2024 16:54,A-2,1.65E-06,1,1.4,5.45,5.34,3.77,3.64,1.57,PTQ10_321145,L8-BO_321144,xylene,Jonas_DonorAcceptor-2bands-NoBG-ZnOCorr-NoInt_PTQ10:L8-BO,Jonas_DonorAcceptor-2bands-NoBG-ZnOCorr-NoInt,12.04.2024 11:05,32263_258300_OD_x2y1,x2y1,0.005700142,1,1.4,3,4,0,0,1,0,0,0,0,0,1,0,180
32263,PTQ10_321145,L8-BO_321144,xylene,0,24,1000,1.574043589,0.359609656,1.75,0.083448236,0.26382334,0.35869676,0.061576848,0.673810435,2.207178505,0.085055256,1,0.138699191,0.232156153,0.607083002,0.392916998,0.264494779,0.40256078,0.590852913,60.269919,21.80862678,11.82039243,0.899296633,12.04.2024 16:54,B-2,4.84E-07,1,0.6,5.45,5.34,3.77,3.64,1.57,PTQ10_321145,L8-BO_321144,xylene,Jonas_DonorAcceptor-2bands-NoBG-ZnOCorr-NoInt_PTQ10:L8-BO,Jonas_DonorAcceptor-2bands-NoBG-ZnOCorr-NoInt,12.04.2024 11:05,32263_258300_OD_x2y2,x2y2,0.008323457,1,0.6,3,4,0,0,1,0,0,0,0,0,1,0,180
32263,PTQ10_321145,L8-BO_321144,xylene,0,24,1000,1.575229829,0.376824171,1.75,0.08308829,0.281227824,0.387201265,0.062057882,0.663181409,2.208001684,0.084985005,1,0.156576181,0.260414593,0.597887251,0.402112749,0.273690845,0.398742678,0.647615859,59.15844539,21.96587709,11.75129113,0.904316143,12.04.2024 16:54,B-1,6.71E-07,0.6,0.6,5.45,5.34,3.77,3.64,1.57,PTQ10_321145,L8-BO_321144,xylene,Jonas_DonorAcceptor-2bands-NoBG-ZnOCorr-NoInt_PTQ10:L8-BO,Jonas_DonorAcceptor-2bands-NoBG-ZnOCorr-NoInt,12.04.2024 11:05,32263_258300_OD_x1y2,x1y2,0.007529807,0.6,0.6,3,4,0,0,1,0,0,0,0,0,1,0,180
32264,PTQ10_321145,L8-BO_321144,xylene,2,24,1000,1.556127834,0.491292228,1.735702801,0.09444124,0.242050235,0.360967635,0.061907395,0.702607041,2.204092972,0.088004634,1,0.148572122,0.252959941,0.587964524,0.412035476,0.329440614,0.412665415,0.613927576,63.35759373,22.769502,12.90169247,0.894323162,12.04.2024 16:57,B-3,1.51E-06,1.4,0.6,5.45,5.34,3.77,3.64,1.57,PTQ10_321145,L8-BO_321144,xylene,Jonas_DonorAcceptor-2bands-NoBG-ZnOCorr-NoInt_PTQ10:L8-BO,Jonas_DonorAcceptor-2bands-NoBG-ZnOCorr-NoInt,12.04.2024 11:11,32264_258312_OD_x3y2,x3y2,0.005058549,1.4,0.6,3,4,0,0,1,0,0,0,0,0,1,0,181
32264,PTQ10_321145,L8-BO_321144,xylene,2,24,1000,1.55920325,0.377146914,1.744460348,0.086241263,0.250897045,0.345522091,0.061081325,0.680039977,2.207548338,0.085414982,1,0.130012648,0.218426446,0.612683726,0.387316274,0.27386106,0.404776068,0.563948537,64.59130525,22.29124895,12.80737816,0.889511916,12.04.2024 16:57,B-2,5.79E-06,1,0.6,5.45,5.34,3.77,3.64,1.57,PTQ10_321145,L8-BO_321144,xylene,Jonas_DonorAcceptor-2bands-NoBG-ZnOCorr-NoInt_PTQ10:L8-BO,Jonas_DonorAcceptor-2bands-NoBG-ZnOCorr-NoInt,12.04.2024 11:11,32264_258312_OD_x2y2,x2y2,0.004979086,1,0.6,3,4,0,0,1,0,0,0,0,0,1,0,181
32264,PTQ10_321145,L8-BO_321144,xylene,2,24,1000,1.556326717,0.485611245,1.735563716,0.094171328,0.243945683,0.36240845,0.062020484,0.700741155,2.203833686,0.087963885,1,0.149309119,0.253936163,0.587996459,0.412003541,0.326876393,0.412021049,0.616344613,62.88567267,22.39475116,12.64274884,0.897725494,12.04.2024 16:57,B-1,1.60E-06,0.6,0.6,5.45,5.34,3.77,3.64,1.57,PTQ10_321145,L8-BO_321144,xylene,Jonas_DonorAcceptor-2bands-NoBG-ZnOCorr-NoInt_PTQ10:L8-BO,Jonas_DonorAcceptor-2bands-NoBG-ZnOCorr-NoInt,12.04.2024 11:11,32264_258312_OD_x1y2,x1y2,0.005003418,0.6,0.6,3,4,0,0,1,0,0,0,0,0,1,0,181
32264,PTQ10_321145,L8-BO_321144,xylene,2,24,1000,1.560217568,0.361341172,1.745787997,0.085374898,0.246935005,0.336162789,0.061281563,0.702164095,2.206309211,0.087154165,1,0.123565095,0.210328067,0.615129759,0.384870241,0.265430282,0.412512576,0.546490856,64.49778882,21.88362445,12.58516514,0.891650873,12.04.2024 16:57,A-2,1.75E-06,1,1.4,5.45,5.34,3.77,3.64,1.57,PTQ10_321145,L8-BO_321144,xylene,Jonas_DonorAcceptor-2bands-NoBG-ZnOCorr-NoInt_PTQ10:L8-BO,Jonas_DonorAcceptor-2bands-NoBG-ZnOCorr-NoInt,12.04.2024 11:11,32264_258312_OD_x2y1,x2y1,0.004633132,1,1.4,3,4,0,0,1,0,0,0,0,0,1,0,181
32265,PTQ10_321145,L8-BO_321144,xylene,0,24,3000,1.561990609,0.325,1.745056977,0.085159732,0.166581833,0.220720929,0.058183139,0.935275345,2.192487135,0.094952814,1,0.061931726,0.119854943,0.64808152,0.35191848,0.245283019,0.483277663,0.340575872,52.06677636,20.07500277,9.054248882,0.866235792,12.04.2024 16:59,A-2,0.000135405,1,1.4,5.45,5.34,3.77,3.64,1.57,PTQ10_321145,L8-BO_321144,xylene,Jonas_DonorAcceptor-2bands-NoBG-ZnOCorr-NoInt_PTQ10:L8-BO,Jonas_DonorAcceptor-2bands-NoBG-ZnOCorr-NoInt,12.04.2024 11:17,32265_258317_OD_x2y1,x2y1,0.003102274,1,1.4,3,4,0,0,1,0,0,0,0,0,1,0,182
32265,PTQ10_321145,L8-BO_321144,xylene,0,24,3000,1.562038606,0.325,1.745228452,0.085061531,0.165202845,0.218893769,0.057994885,0.940427843,2.192382995,0.095097356,1,0.061198389,0.118751058,0.648295935,0.351704065,0.245283019,0.484649737,0.337644827,51.62585203,19.88625139,8.85705,0.862718158,12.04.2024 16:59,B-2,4.88E-05,1,0.6,5.45,5.34,3.77,3.64,1.57,PTQ10_321145,L8-BO_321144,xylene,Jonas_DonorAcceptor-2bands-NoBG-ZnOCorr-NoInt_PTQ10:L8-BO,Jonas_DonorAcceptor-2bands-NoBG-ZnOCorr-NoInt,12.04.2024 11:17,32265_258317_OD_x2y2,x2y2,0.003007452,1,0.6,3,4,0,0,1,0,0,0,0,0,1,0,182
32265,PTQ10_321145,L8-BO_321144,xylene,0,24,3000,1.562406142,0.325,1.74544414,0.085071808,0.162783769,0.215688494,0.057950697,0.949740317,2.191614762,0.095493331,1,0.060085835,0.117151775,0.648024036,0.351975964,0.245283019,0.487111185,0.332840269,51.31484444,19.59437883,8.617785637,0.857079623,12.04.2024 16:59,A-1,2.51E-05,0.6,1.4,5.45,5.34,3.77,3.64,1.57,PTQ10_321145,L8-BO_321144,xylene,Jonas_DonorAcceptor-2bands-NoBG-ZnOCorr-NoInt_PTQ10:L8-BO,Jonas_DonorAcceptor-2bands-NoBG-ZnOCorr-NoInt,12.04.2024 11:17,32265_258317_OD_x1y1,x1y1,0.003004604,0.6,1.4,3,4,0,0,1,0,0,0,0,0,1,0,182
32265,PTQ10_321145,L8-BO_321144,xylene,0,24,3000,1.561885777,0.325,1.745064043,0.084972552,0.163083106,0.216085115,0.058007357,0.945872865,2.191968031,0.095294944,1,0.060173286,0.117089564,0.648564038,0.351435962,0.245283019,0.486091811,0.333174679,50.82806935,19.77400381,8.586721378,0.854336859,12.04.2024 16:59,A-3,1.67E-05,1.4,1.4,5.45,5.34,3.77,3.64,1.57,PTQ10_321145,L8-BO_321144,xylene,Jonas_DonorAcceptor-2bands-NoBG-ZnOCorr-NoInt_PTQ10:L8-BO,Jonas_DonorAcceptor-2bands-NoBG-ZnOCorr-NoInt,12.04.2024 11:17,32265_258317_OD_x3y1,x3y1,0.002877602,1.4,1.4,3,4,0,0,1,0,0,0,0,0,1,0,182
32266,PTQ10_321145,L8-BO_321144,xylene,2,24,3000,1.549113631,0.368675733,1.737230008,0.08921935,0.154339869,0.211241234,0.058966317,1.015268849,2.187883557,0.100037486,1,0.060075962,0.121069214,0.635674368,0.364325632,0.269366749,0.503788291,0.332310448,52.20384598,19.49362155,8.704364507,0.855346415,12.04.2024 17:02,B-2,9.65E-05,1,0.6,5.45,5.34,3.77,3.64,1.57,PTQ10_321145,L8-BO_321144,xylene,Jonas_DonorAcceptor-2bands-NoBG-ZnOCorr-NoInt_PTQ10:L8-BO,Jonas_DonorAcceptor-2bands-NoBG-ZnOCorr-NoInt,12.04.2024 11:23,32266_258332_OD_x2y2,x2y2,0.002173774,1,0.6,3,4,0,0,1,0,0,0,0,0,1,0,183
32266,PTQ10_321145,L8-BO_321144,xylene,2,24,3000,1.55009761,0.361651194,1.738032116,0.088573986,0.157089986,0.213901767,0.059038203,1.010594361,2.188033362,0.099797927,1,0.060959376,0.122564579,0.635730051,0.364269949,0.26559753,0.502634634,0.336466346,52.4491197,19.03475057,8.54494726,0.855901905,12.04.2024 17:02,A-3,2.93E-05,1.4,1.4,5.45,5.34,3.77,3.64,1.57,PTQ10_321145,L8-BO_321144,xylene,Jonas_DonorAcceptor-2bands-NoBG-ZnOCorr-NoInt_PTQ10:L8-BO,Jonas_DonorAcceptor-2bands-NoBG-ZnOCorr-NoInt,12.04.2024 11:23,32266_258332_OD_x3y1,x3y1,0.002237033,1.4,1.4,3,4,0,0,1,0,0,0,0,0,1,0,183
32266,PTQ10_321145,L8-BO_321144,xylene,2,24,3000,1.550072684,0.373011452,1.737727775,0.089456119,0.152862101,0.209881415,0.058771075,1.035931403,2.186874466,0.100881778,1,0.059572484,0.121285491,0.633763252,0.366236748,0.271673956,0.508824316,0.331166906,50.05973659,19.14974852,8.036355929,0.838315562,12.04.2024 17:02,A-1,0.000147105,0.6,1.4,5.45,5.34,3.77,3.64,1.57,PTQ10_321145,L8-BO_321144,xylene,Jonas_DonorAcceptor-2bands-NoBG-ZnOCorr-NoInt_PTQ10:L8-BO,Jonas_DonorAcceptor-2bands-NoBG-ZnOCorr-NoInt,12.04.2024 11:23,32266_258332_OD_x1y1,x1y1,0.002204094,0.6,1.4,3,4,0,0,1,0,0,0,0,0,1,0,183
32266,PTQ10_321145,L8-BO_321144,xylene,2,24,3000,1.549309274,0.373320213,1.737132317,0.089558118,0.153617204,0.210965611,0.059060398,1.016726556,2.187690559,0.100274074,1,0.059930551,0.120863533,0.635765768,0.364234232,0.271837703,0.504146957,0.331829144,48.39867615,19.29699369,7.735409105,0.828247531,12.04.2024 17:02,B-3,5.91E-05,1.4,0.6,5.45,5.34,3.77,3.64,1.57,PTQ10_321145,L8-BO_321144,xylene,Jonas_DonorAcceptor-2bands-NoBG-ZnOCorr-NoInt_PTQ10:L8-BO,Jonas_DonorAcceptor-2bands-NoBG-ZnOCorr-NoInt,12.04.2024 11:23,32266_258332_OD_x3y2,x3y2,0.002176671,1.4,0.6,3,4,0,0,1,0,0,0,0,0,1,0,183
32267,PTQ10_321145,L8-BO_321144,xylene,1,24,2000,1.558039166,0.325,1.744386187,0.085124777,0.195345633,0.258832964,0.059413658,0.827070213,2.198064115,0.091248014,1,0.07848347,0.143394811,0.643498486,0.356501514,0.245283019,0.452675659,0.402227775,64.24238045,21.885,12.70473083,0.90364384,12.04.2024 17:05,B-1,6.02E-05,0.6,0.6,5.45,5.34,3.77,3.64,1.57,PTQ10_321145,L8-BO_321144,xylene,Jonas_DonorAcceptor-2bands-NoBG-ZnOCorr-NoInt_PTQ10:L8-BO,Jonas_DonorAcceptor-2bands-NoBG-ZnOCorr-NoInt,12.04.2024 11:28,32267_258335_OD_x1y2,x1y2,0.003245521,0.6,0.6,3,4,0,0,1,0,0,0,0,0,1,0,184
32267,PTQ10_321145,L8-BO_321144,xylene,1,24,2000,1.555378946,0.325,1.743310873,0.085312587,0.195504694,0.25904372,0.059520358,0.824956903,2.198429547,0.091264717,1,0.078455951,0.14317873,0.644030983,0.355969017,0.245283019,0.452041855,0.40222245,65.25596586,21.5184977,12.63356249,0.899691594,12.04.2024 17:05,B-3,1.33E-05,1.4,0.6,5.45,5.34,3.77,3.64,1.57,PTQ10_321145,L8-BO_321144,xylene,Jonas_DonorAcceptor-2bands-NoBG-ZnOCorr-NoInt_PTQ10:L8-BO,Jonas_DonorAcceptor-2bands-NoBG-ZnOCorr-NoInt,12.04.2024 11:28,32267_258335_OD_x3y2,x3y2,0.003048003,1.4,0.6,3,4,0,0,1,0,0,0,0,0,1,0,184
32267,PTQ10_321145,L8-BO_321144,xylene,1,24,2000,1.558092076,0.325,1.744610073,0.085222364,0.195059454,0.258453776,0.059347399,0.829715756,2.198062959,0.09133756,1,0.078067593,0.142841504,0.644048881,0.355951119,0.245283019,0.453467023,0.40129528,64.13488549,21.66075326,12.53650633,0.902419862,12.04.2024 17:05,A-1,8.26E-05,0.6,1.4,5.45,5.34,3.77,3.64,1.57,PTQ10_321145,L8-BO_321144,xylene,Jonas_DonorAcceptor-2bands-NoBG-ZnOCorr-NoInt_PTQ10:L8-BO,Jonas_DonorAcceptor-2bands-NoBG-ZnOCorr-NoInt,12.04.2024 11:28,32267_258335_OD_x1y1,x1y1,0.003287153,0.6,1.4,3,4,0,0,1,0,0,0,0,0,1,0,184
32267,PTQ10_321145,L8-BO_321144,xylene,1,24,2000,1.55716885,0.325,1.744050258,0.0852419,0.193668933,0.256611336,0.059403997,0.835555233,2.197562075,0.091615242,1,0.077285182,0.14186122,0.643987477,0.356012523,0.245283019,0.455205715,0.398472556,63.98571842,21.44387365,12.36387122,0.901090027,12.04.2024 17:05,A-2,0.000237839,1,1.4,5.45,5.34,3.77,3.64,1.57,PTQ10_321145,L8-BO_321144,xylene,Jonas_DonorAcceptor-2bands-NoBG-ZnOCorr-NoInt_PTQ10:L8-BO,Jonas_DonorAcceptor-2bands-NoBG-ZnOCorr-NoInt,12.04.2024 11:28,32267_258335_OD_x2y1,x2y1,0.003174823,1,1.4,3,4,0,0,1,0,0,0,0,0,1,0,184
32619,D18CL_323001,PY-IT_321127,CF,0,14,2000,1.538452099,0.512076422,1.690412091,0.093638818,0.202183445,0.30571682,0.083815183,0.459362884,2.312063244,0.090892502,0.883825056,0.270583141,0.394878993,0.436366896,0.563633104,0.338657765,0.314769472,0.700595813,53.22365021,18.116869,9.393445706,0.974175334,19.04.2024 22:56,B-1,8.51E-07,0.6,0.6,5.48,5.34,3.64,3.31,1.7,D18CL_323001,PY-IT_321127,CF,Jonas_DonorAcceptor-2bands-NoBG-ZnOCorr-NoInt_D18CL:PY-IT,Jonas_DonorAcceptor-2bands-NoBG-ZnOCorr-NoInt,17.04.2024 10:45,32619_261023_OD_x1y2,x1y2,0.009964182,0.6,0.6,5,5,0,0,0,0,1,0,0,0,0,1,185
32619,D18CL_323001,PY-IT_321127,CF,0,14,2000,1.538305728,0.52,1.690061301,0.093876295,0.208713897,0.317245123,0.086002833,0.415623217,2.317140761,0.088460428,0.849001459,0.297811607,0.421589025,0.429386113,0.570613887,0.342105263,0.293597344,0.738834148,52.58983982,18.09337526,9.265212605,0.973719686,19.04.2024 22:56,B-2,4.52E-07,1,0.6,5.48,5.34,3.64,3.31,1.7,D18CL_323001,PY-IT_321127,CF,Jonas_DonorAcceptor-2bands-NoBG-ZnOCorr-NoInt_D18CL:PY-IT,Jonas_DonorAcceptor-2bands-NoBG-ZnOCorr-NoInt,17.04.2024 10:45,32619_261023_OD_x2y2,x2y2,0.010470857,1,0.6,5,5,0,0,0,0,1,0,0,0,0,1,185
32619,D18CL_323001,PY-IT_321127,CF,0,14,2000,1.538599987,0.52,1.690011274,0.093733378,0.21096829,0.320671801,0.086925956,0.399509925,2.319072062,0.087536298,0.839359609,0.307626293,0.43052605,0.426880615,0.573119385,0.342105263,0.28546416,0.751197851,51.92521422,17.98761838,9.10335012,0.97465134,19.04.2024 22:56,A-1,4.42E-07,0.6,1.4,5.48,5.34,3.64,3.31,1.7,D18CL_323001,PY-IT_321127,CF,Jonas_DonorAcceptor-2bands-NoBG-ZnOCorr-NoInt_D18CL:PY-IT,Jonas_DonorAcceptor-2bands-NoBG-ZnOCorr-NoInt,17.04.2024 10:45,32619_261023_OD_x1y1,x1y1,0.010353554,0.6,1.4,5,5,0,0,0,0,1,0,0,0,0,1,185
32619,D18CL_323001,PY-IT_321127,CF,0,14,2000,1.538589934,0.52,1.690149322,0.093577045,0.21631691,0.328801703,0.088228558,0.37251526,2.322116879,0.085872677,0.825536827,0.322571183,0.442733872,0.426165317,0.573834683,0.342105263,0.271410651,0.771535574,50.69552728,17.96848775,8.864119853,0.973093221,19.04.2024 22:56,A-2,5.28E-07,1,1.4,5.48,5.34,3.64,3.31,1.7,D18CL_323001,PY-IT_321127,CF,Jonas_DonorAcceptor-2bands-NoBG-ZnOCorr-NoInt_D18CL:PY-IT,Jonas_DonorAcceptor-2bands-NoBG-ZnOCorr-NoInt,17.04.2024 10:45,32619_261023_OD_x2y1,x2y1,0.01066589,1,1.4,5,5,0,0,0,0,1,0,0,0,0,1,185
32620,D18CL_323001,PY-IT_321127,CF,0,12,2000,1.539192095,0.446630839,1.694561546,0.088670803,0.206735164,0.299069464,0.081663819,0.502742445,2.306788504,0.093016108,0.919945973,0.230500233,0.346382484,0.463348922,0.536651078,0.308738641,0.334549974,0.645451949,55.40090861,18.15475729,9.751601781,0.969546456,19.04.2024 22:58,A-1,1.51E-06,0.6,1.4,5.48,5.34,3.64,3.31,1.7,D18CL_323001,PY-IT_321127,CF,Jonas_DonorAcceptor-2bands-NoBG-ZnOCorr-NoInt_D18CL:PY-IT,Jonas_DonorAcceptor-2bands-NoBG-ZnOCorr-NoInt,17.04.2024 10:50,32620_261040_OD_x1y1,x1y1,0.010038299,0.6,1.4,5,5,0,0,0,0,1,0,0,0,0,1,186
32620,D18CL_323001,PY-IT_321127,CF,0,12,2000,1.536739847,0.52,1.691323787,0.096775674,0.19007177,0.288909091,0.091425985,0.327661566,2.325774074,0.085623343,0.777455344,0.265533044,0.352538017,0.450402048,0.549597952,0.342105263,0.246796002,0.641447108,54.80455855,18.01837888,9.564860493,0.968603963,19.04.2024 22:58,B-2,6.10E-07,1,0.6,5.48,5.34,3.64,3.31,1.7,D18CL_323001,PY-IT_321127,CF,Jonas_DonorAcceptor-2bands-NoBG-ZnOCorr-NoInt_D18CL:PY-IT,Jonas_DonorAcceptor-2bands-NoBG-ZnOCorr-NoInt,17.04.2024 10:50,32620_261040_OD_x2y2,x2y2,0.01111745,1,0.6,5,5,0,0,0,0,1,0,0,0,0,1,186
32620,D18CL_323001,PY-IT_321127,CF,0,12,2000,1.538539649,0.390489989,1.698640747,0.08382458,0.20130227,0.279908791,0.080553736,0.605710846,2.302244364,0.102337728,0.8291889,0.187250684,0.300670455,0.482119871,0.517880129,0.280829055,0.377222865,0.580579246,55.39998058,17.60625455,9.452898699,0.969144231,19.04.2024 22:58,B-1,5.15E-07,0.6,0.6,5.48,5.34,3.64,3.31,1.7,D18CL_323001,PY-IT_321127,CF,Jonas_DonorAcceptor-2bands-NoBG-ZnOCorr-NoInt_D18CL:PY-IT,Jonas_DonorAcceptor-2bands-NoBG-ZnOCorr-NoInt,17.04.2024 10:50,32620_261040_OD_x1y2,x1y2,0.011232776,0.6,0.6,5,5,0,0,0,0,1,0,0,0,0,1,186
32620,D18CL_323001,PY-IT_321127,CF,0,12,2000,1.538986731,0.453554348,1.694630825,0.089346232,0.208495361,0.303059339,0.082087118,0.479198201,2.308182122,0.091288915,0.910074816,0.237002446,0.350573592,0.463653718,0.536346282,0.312031228,0.323958074,0.65363293,54.50794071,17.63637447,9.309572362,0.968413077,19.04.2024 22:58,A-3,5.64E-07,1.4,1.4,5.48,5.34,3.64,3.31,1.7,D18CL_323001,PY-IT_321127,CF,Jonas_DonorAcceptor-2bands-NoBG-ZnOCorr-NoInt_D18CL:PY-IT,Jonas_DonorAcceptor-2bands-NoBG-ZnOCorr-NoInt,17.04.2024 10:50,32620_261040_OD_x3y1,x3y1,0.01038123,1.4,1.4,5,5,0,0,0,0,1,0,0,0,0,1,186
32621,D18CL_323001,PY-IT_321127,CF,0,10,2000,1.539922757,0.292466762,1.703717071,0.074827033,0.197037853,0.254664876,0.073542882,0.657612601,2.291156905,0.098747237,0.95,0.140641034,0.23312835,0.522075466,0.477924534,0.226285712,0.396722733,0.487793226,58.23190818,19.73212189,11.162062,0.971425768,19.04.2024 23:01,B-1,6.36E-06,0.6,0.6,5.48,5.34,3.64,3.31,1.7,D18CL_323001,PY-IT_321127,CF,Jonas_DonorAcceptor-2bands-NoBG-ZnOCorr-NoInt_D18CL:PY-IT,Jonas_DonorAcceptor-2bands-NoBG-ZnOCorr-NoInt,17.04.2024 10:56,32621_261063_OD_x1y2,x1y2,0.015423573,0.6,0.6,5,5,0,0,0,0,1,0,0,0,0,1,187
32621,D18CL_323001,PY-IT_321127,CF,0,10,2000,1.540168183,0.305682945,1.702584805,0.07602438,0.20000244,0.261139775,0.074440409,0.613363304,2.297259374,0.096012619,0.95,0.154244685,0.248852714,0.512046315,0.487953685,0.234117284,0.380176803,0.509992489,58.62544488,19.55287278,11.14548561,0.972304441,19.04.2024 23:01,A-3,1.78E-06,1.4,1.4,5.48,5.34,3.64,3.31,1.7,D18CL_323001,PY-IT_321127,CF,Jonas_DonorAcceptor-2bands-NoBG-ZnOCorr-NoInt_D18CL:PY-IT,Jonas_DonorAcceptor-2bands-NoBG-ZnOCorr-NoInt,17.04.2024 10:56,32621_261063_OD_x3y1,x3y1,0.01590172,1.4,1.4,5,5,0,0,0,0,1,0,0,0,0,1,187
32621,D18CL_323001,PY-IT_321127,CF,0,10,2000,1.540117535,0.352278164,1.699628166,0.080339864,0.201674297,0.272719748,0.076660274,0.587944131,2.300412173,0.095864853,0.95,0.180533259,0.286676729,0.487524966,0.512475034,0.260507175,0.370254922,0.559396477,57.70718532,19.62137753,10.98594004,0.970237014,19.04.2024 23:01,B-2,2.95E-06,1,0.6,5.48,5.34,3.64,3.31,1.7,D18CL_323001,PY-IT_321127,CF,Jonas_DonorAcceptor-2bands-NoBG-ZnOCorr-NoInt_D18CL:PY-IT,Jonas_DonorAcceptor-2bands-NoBG-ZnOCorr-NoInt,17.04.2024 10:56,32621_261063_OD_x2y2,x2y2,0.010199862,1,0.6,5,5,0,0,0,0,1,0,0,0,0,1,187
32621,D18CL_323001,PY-IT_321127,CF,0,10,2000,1.540283682,0.321639946,1.701727818,0.077346678,0.202899418,0.268159976,0.075104134,0.602888234,2.298510532,0.095688499,0.95,0.165054288,0.264563577,0.503375484,0.496624516,0.243364274,0.376126183,0.532723553,57.52831029,19.3537507,10.80728228,0.970665814,19.04.2024 23:01,A-2,2.24E-06,1,1.4,5.48,5.34,3.64,3.31,1.7,D18CL_323001,PY-IT_321127,CF,Jonas_DonorAcceptor-2bands-NoBG-ZnOCorr-NoInt_D18CL:PY-IT,Jonas_DonorAcceptor-2bands-NoBG-ZnOCorr-NoInt,17.04.2024 10:56,32621_261063_OD_x2y1,x2y1,0.016655135,1,1.4,5,5,0,0,0,0,1,0,0,0,0,1,187
32622,D18CL_323001,PY-IT_321127,CF,0,10,1000,1.53821537,0.52,1.69100924,0.094146187,0.227134788,0.345244878,0.090360962,0.338107903,2.324855534,0.083967985,0.807639476,0.324771489,0.434579296,0.442721435,0.557278565,0.342105263,0.252676112,0.779824174,52.72618123,18.42036833,9.344593498,0.962134496,19.04.2024 23:04,B-1,4.53E-07,0.6,0.6,5.48,5.34,3.64,3.31,1.7,D18CL_323001,PY-IT_321127,CF,Jonas_DonorAcceptor-2bands-NoBG-ZnOCorr-NoInt_D18CL:PY-IT,Jonas_DonorAcceptor-2bands-NoBG-ZnOCorr-NoInt,17.04.2024 11:02,32622_261073_OD_x1y2,x1y2,0.0105119,0.6,0.6,5,5,0,0,0,0,1,0,0,0,0,1,188
32622,D18CL_323001,PY-IT_321127,CF,0,10,1000,1.538238311,0.52,1.690240197,0.093897752,0.233524369,0.354957041,0.092256318,0.305080708,2.328201366,0.081190634,0.796718387,0.350136973,0.456957009,0.437185489,0.562814511,0.342105263,0.233763863,0.81191405,51.90291306,18.12762165,9.075622257,0.964592431,19.04.2024 23:04,A-2,7.50E-07,1,1.4,5.48,5.34,3.64,3.31,1.7,D18CL_323001,PY-IT_321127,CF,Jonas_DonorAcceptor-2bands-NoBG-ZnOCorr-NoInt_D18CL:PY-IT,Jonas_DonorAcceptor-2bands-NoBG-ZnOCorr-NoInt,17.04.2024 11:02,32622_261073_OD_x2y1,x2y1,0.010654281,1,1.4,5,5,0,0,0,0,1,0,0,0,0,1,188
32622,D18CL_323001,PY-IT_321127,CF,0,10,1000,1.537264116,0.52,1.690464935,0.095357574,0.202377502,0.307613803,0.091108298,0.306440668,2.325124456,0.081512826,0.805606035,0.288637767,0.377088118,0.449266745,0.550733255,0.342105263,0.234561489,0.684701921,52.08047911,18.06724846,9.065951462,0.963488204,19.04.2024 23:04,B-2,6.04E-07,1,0.6,5.48,5.34,3.64,3.31,1.7,D18CL_323001,PY-IT_321127,CF,Jonas_DonorAcceptor-2bands-NoBG-ZnOCorr-NoInt_D18CL:PY-IT,Jonas_DonorAcceptor-2bands-NoBG-ZnOCorr-NoInt,17.04.2024 11:02,32622_261073_OD_x2y2,x2y2,0.010550575,1,0.6,5,5,0,0,0,0,1,0,0,0,0,1,188
32622,D18CL_323001,PY-IT_321127,CF,0,10,1000,1.537912085,0.52,1.690640308,0.094248861,0.26327408,0.400176602,0.093846353,0.298565073,2.330734358,0.08184275,0.776036793,0.393132415,0.510508023,0.439423913,0.560576087,0.342105263,0.229919223,0.910684624,49.37806358,17.82461849,8.451516903,0.960241268,19.04.2024 23:04,A-3,9.74E-06,1.4,1.4,5.48,5.34,3.64,3.31,1.7,D18CL_323001,PY-IT_321127,CF,Jonas_DonorAcceptor-2bands-NoBG-ZnOCorr-NoInt_D18CL:PY-IT,Jonas_DonorAcceptor-2bands-NoBG-ZnOCorr-NoInt,17.04.2024 11:02,32622_261073_OD_x3y1,x3y1,0.011182351,1.4,1.4,5,5,0,0,0,0,1,0,0,0,0,1,188
32623,D18CL_323001,PY-IT_321127,CF,2,10,1000,1.535973821,0.440227544,1.695044566,0.088820344,0.22783535,0.328134747,0.081514686,0.449868582,2.308319437,0.086484823,0.869558417,0.254260781,0.368644719,0.470930564,0.529069436,0.305665272,0.310282316,0.696779466,53.14799505,18.108748,9.273406624,0.963527229,19.04.2024 23:06,A-2,1.03E-06,1,1.4,5.48,5.34,3.64,3.31,1.7,D18CL_323001,PY-IT_321127,CF,Jonas_DonorAcceptor-2bands-NoBG-ZnOCorr-NoInt_D18CL:PY-IT,Jonas_DonorAcceptor-2bands-NoBG-ZnOCorr-NoInt,17.04.2024 11:07,32623_261090_OD_x2y1,x2y1,0.009439031,1,1.4,5,5,0,0,0,0,1,0,0,0,0,1,189
32623,D18CL_323001,PY-IT_321127,CF,2,10,1000,1.534837006,0.52,1.693317128,0.096961535,0.222908412,0.338820787,0.088299398,0.338713781,2.322890759,0.08,0.794317337,0.307252165,0.411322708,0.451674632,0.548325368,0.342105263,0.253014338,0.750143495,52.48578321,18.08824645,9.141066902,0.96285023,19.04.2024 23:06,A-1,1.15E-06,0.6,1.4,5.48,5.34,3.64,3.31,1.7,D18CL_323001,PY-IT_321127,CF,Jonas_DonorAcceptor-2bands-NoBG-ZnOCorr-NoInt_D18CL:PY-IT,Jonas_DonorAcceptor-2bands-NoBG-ZnOCorr-NoInt,17.04.2024 11:07,32623_261090_OD_x1y1,x1y1,0.010635003,0.6,1.4,5,5,0,0,0,0,1,0,0,0,0,1,189
32623,D18CL_323001,PY-IT_321127,CF,2,10,1000,1.53534657,0.496425487,1.690849094,0.092937801,0.252632807,0.378046171,0.086812855,0.33599446,2.320819061,0.08,0.83166184,0.346173991,0.462486534,0.449769734,0.550230266,0.331740866,0.251493902,0.840532705,50.54991213,18.4096227,8.927794639,0.959354019,19.04.2024 23:06,B-2,1.17E-06,1,0.6,5.48,5.34,3.64,3.31,1.7,D18CL_323001,PY-IT_321127,CF,Jonas_DonorAcceptor-2bands-NoBG-ZnOCorr-NoInt_D18CL:PY-IT,Jonas_DonorAcceptor-2bands-NoBG-ZnOCorr-NoInt,17.04.2024 11:07,32623_261090_OD_x2y2,x2y2,0.012726998,1,0.6,5,5,0,0,0,0,1,0,0,0,0,1,189
32623,D18CL_323001,PY-IT_321127,CF,2,10,1000,1.537155916,0.399151089,1.696489444,0.084356224,0.223131303,0.312194405,0.075782655,0.556131899,2.299618504,0.091191476,0.95,0.215489506,0.335330095,0.482135278,0.517864722,0.285280905,0.357380952,0.6475245,50.41324796,17.79811837,8.635408373,0.962418829,19.04.2024 23:06,A-3,8.14E-07,1.4,1.4,5.48,5.34,3.64,3.31,1.7,D18CL_323001,PY-IT_321127,CF,Jonas_DonorAcceptor-2bands-NoBG-ZnOCorr-NoInt_D18CL:PY-IT,Jonas_DonorAcceptor-2bands-NoBG-ZnOCorr-NoInt,17.04.2024 11:07,32623_261090_OD_x3y1,x3y1,0.009720969,1.4,1.4,5,5,0,0,0,0,1,0,0,0,0,1,189
32624,D18CL_323001,PY-IT_321127,CF,0,10,3000,1.527301512,0.52,1.68158631,0.10874535,0.13510578,0.205360785,0.085260123,0.427829178,2.308580819,0.091603972,0.78656414,0.143131903,0.204367908,0.501211627,0.498788373,0.342105263,0.299636108,0.409728693,59.6095736,19.38162394,11.24720149,0.973505248,19.04.2024 23:09,B-1,9.04E-07,0.6,0.6,5.48,5.34,3.64,3.31,1.7,D18CL_323001,PY-IT_321127,CF,Jonas_DonorAcceptor-2bands-NoBG-ZnOCorr-NoInt_D18CL:PY-IT,Jonas_DonorAcceptor-2bands-NoBG-ZnOCorr-NoInt,17.04.2024 11:13,32624_261125_OD_x1y2,x1y2,0.012122519,0.6,0.6,5,5,0,0,0,0,1,0,0,0,0,1,190
32624,D18CL_323001,PY-IT_321127,CF,0,10,3000,1.526262094,0.52,1.680608713,0.109537323,0.130753147,0.198744783,0.087105544,0.376298167,2.311849872,0.08796778,0.73092708,0.141978762,0.195405109,0.504236553,0.495763447,0.342105263,0.273413259,0.394149892,59.80024401,19.13337698,11.14225318,0.973819436,19.04.2024 23:09,A-1,1.06E-06,0.6,1.4,5.48,5.34,3.64,3.31,1.7,D18CL_323001,PY-IT_321127,CF,Jonas_DonorAcceptor-2bands-NoBG-ZnOCorr-NoInt_D18CL:PY-IT,Jonas_DonorAcceptor-2bands-NoBG-ZnOCorr-NoInt,17.04.2024 11:13,32624_261125_OD_x1y1,x1y1,0.011232593,0.6,1.4,5,5,0,0,0,0,1,0,0,0,0,1,190
32624,D18CL_323001,PY-IT_321127,CF,0,10,3000,1.526877323,0.52,1.681189838,0.109305726,0.134476905,0.204404896,0.085914281,0.411008306,2.309884869,0.090796636,0.762377447,0.142773076,0.201453996,0.503635377,0.496364623,0.342105263,0.29128695,0.405858891,59.40676636,19.10912818,11.05409687,0.973747777,19.04.2024 23:09,A-2,8.81E-07,1,1.4,5.48,5.34,3.64,3.31,1.7,D18CL_323001,PY-IT_321127,CF,Jonas_DonorAcceptor-2bands-NoBG-ZnOCorr-NoInt_D18CL:PY-IT,Jonas_DonorAcceptor-2bands-NoBG-ZnOCorr-NoInt,17.04.2024 11:13,32624_261125_OD_x2y1,x2y1,0.011833731,1,1.4,5,5,0,0,0,0,1,0,0,0,0,1,190
32624,D18CL_323001,PY-IT_321127,CF,0,10,3000,1.526434859,0.52,1.681033142,0.109113753,0.131300523,0.199576794,0.086776181,0.397448963,2.311127706,0.090500257,0.736851862,0.140964347,0.19699048,0.503260876,0.496739124,0.342105263,0.28441036,0.396567275,59.91544143,18.8910048,11.03315563,0.974778457,19.04.2024 23:09,A-3,8.49E-07,1.4,1.4,5.48,5.34,3.64,3.31,1.7,D18CL_323001,PY-IT_321127,CF,Jonas_DonorAcceptor-2bands-NoBG-ZnOCorr-NoInt_D18CL:PY-IT,Jonas_DonorAcceptor-2bands-NoBG-ZnOCorr-NoInt,17.04.2024 11:13,32624_261125_OD_x3y1,x3y1,0.01143792,1.4,1.4,5,5,0,0,0,0,1,0,0,0,0,1,190
32625,D18CL_323001,PY-IT_321127,CF,2,10,3000,1.521580827,0.52,1.678597724,0.111858553,0.129798591,0.197293858,0.084676815,0.37550509,2.309637777,0.085056841,0.705736677,0.139156581,0.191410585,0.507567797,0.492432203,0.342105263,0.27299433,0.388704442,60.08922998,18.94774757,11.0336843,0.969094937,19.04.2024 23:12,B-1,1.61E-06,0.6,0.6,5.48,5.34,3.64,3.31,1.7,D18CL_323001,PY-IT_321127,CF,Jonas_DonorAcceptor-2bands-NoBG-ZnOCorr-NoInt_D18CL:PY-IT,Jonas_DonorAcceptor-2bands-NoBG-ZnOCorr-NoInt,17.04.2024 11:19,32625_261139_OD_x1y2,x1y2,0.011754561,0.6,0.6,5,5,0,0,0,0,1,0,0,0,0,1,191
32625,D18CL_323001,PY-IT_321127,CF,2,10,3000,1.531551617,0.244627683,1.702251186,0.071729114,0.171595842,0.213572935,0.067699766,0.777,2.274921529,0.099112813,0.917024312,0.093560248,0.166256561,0.562286334,0.437713666,0.196546876,0.437253799,0.379829496,59.47428473,19.02462577,10.96429443,0.969025797,19.04.2024 23:12,B-2,2.10E-06,1,0.6,5.48,5.34,3.64,3.31,1.7,D18CL_323001,PY-IT_321127,CF,Jonas_DonorAcceptor-2bands-NoBG-ZnOCorr-NoInt_D18CL:PY-IT,Jonas_DonorAcceptor-2bands-NoBG-ZnOCorr-NoInt,17.04.2024 11:19,32625_261139_OD_x2y2,x2y2,0.012532943,1,0.6,5,5,0,0,0,0,1,0,0,0,0,1,191
32625,D18CL_323001,PY-IT_321127,CF,2,10,3000,1.522022534,0.52,1.678695947,0.111679575,0.131325266,0.199614405,0.084326206,0.379026244,2.30987772,0.085049723,0.719265988,0.141497421,0.195128657,0.505681858,0.494318142,0.342105263,0.274850639,0.394743062,60.08556278,18.56012202,10.81950314,0.970189024,19.04.2024 23:12,A-3,0.000201849,1.4,1.4,5.48,5.34,3.64,3.31,1.7,D18CL_323001,PY-IT_321127,CF,Jonas_DonorAcceptor-2bands-NoBG-ZnOCorr-NoInt_D18CL:PY-IT,Jonas_DonorAcceptor-2bands-NoBG-ZnOCorr-NoInt,17.04.2024 11:19,32625_261139_OD_x3y1,x3y1,0.011956418,1.4,1.4,5,5,0,0,0,0,1,0,0,0,0,1,191
32625,D18CL_323001,PY-IT_321127,CF,2,10,3000,1.522620871,0.52,1.6785936,0.111745133,0.133835612,0.20343013,0.082991818,0.40691016,2.307430698,0.086552175,0.752621114,0.139975824,0.196933409,0.508113528,0.491886472,0.342105263,0.289222562,0.400363539,59.73584799,18.67011707,10.81581277,0.969788626,19.04.2024 23:12,A-2,1.65E-06,1,1.4,5.48,5.34,3.64,3.31,1.7,D18CL_323001,PY-IT_321127,CF,Jonas_DonorAcceptor-2bands-NoBG-ZnOCorr-NoInt_D18CL:PY-IT,Jonas_DonorAcceptor-2bands-NoBG-ZnOCorr-NoInt,17.04.2024 11:19,32625_261139_OD_x2y1,x2y1,0.012291453,1,1.4,5,5,0,0,0,0,1,0,0,0,0,1,191
32626,D18CL_323001,PY-IT_321127,CF,1,10,2000,1.534841226,0.26396216,1.702904814,0.07349645,0.192663859,0.243519828,0.069343031,0.679803915,2.285501025,0.094417176,0.95,0.12169033,0.204415893,0.543649047,0.456350953,0.208837075,0.404692422,0.44793572,59.9779658,19.19187337,11.13931553,0.967719303,19.04.2024 23:14,B-1,9.60E-07,0.6,0.6,5.48,5.34,3.64,3.31,1.7,D18CL_323001,PY-IT_321127,CF,Jonas_DonorAcceptor-2bands-NoBG-ZnOCorr-NoInt_D18CL:PY-IT,Jonas_DonorAcceptor-2bands-NoBG-ZnOCorr-NoInt,17.04.2024 11:25,32626_261151_OD_x1y2,x1y2,0.014295435,0.6,0.6,5,5,0,0,0,0,1,0,0,0,0,1,192
32626,D18CL_323001,PY-IT_321127,CF,1,10,2000,1.535823264,0.271368337,1.702636666,0.073928901,0.195997073,0.249184473,0.069642139,0.662429581,2.289551379,0.093844399,0.95,0.131055805,0.217871047,0.533522167,0.466477833,0.213445883,0.398470761,0.467055521,59.87943636,19.01862161,11.03249823,0.968762066,19.04.2024 23:14,A-1,1.22E-06,0.6,1.4,5.48,5.34,3.64,3.31,1.7,D18CL_323001,PY-IT_321127,CF,Jonas_DonorAcceptor-2bands-NoBG-ZnOCorr-NoInt_D18CL:PY-IT,Jonas_DonorAcceptor-2bands-NoBG-ZnOCorr-NoInt,17.04.2024 11:25,32626_261151_OD_x1y1,x1y1,0.015151945,0.6,1.4,5,5,0,0,0,0,1,0,0,0,0,1,192
32626,D18CL_323001,PY-IT_321127,CF,1,10,2000,1.535506433,0.276958783,1.701858079,0.074544856,0.194571169,0.248459364,0.069569625,0.679177989,2.289616189,0.094775157,0.95,0.130877145,0.219766021,0.530640525,0.469359475,0.216889368,0.404470517,0.468225384,59.29517678,18.8257538,10.80288814,0.967761044,19.04.2024 23:14,A-2,1.20E-06,1,1.4,5.48,5.34,3.64,3.31,1.7,D18CL_323001,PY-IT_321127,CF,Jonas_DonorAcceptor-2bands-NoBG-ZnOCorr-NoInt_D18CL:PY-IT,Jonas_DonorAcceptor-2bands-NoBG-ZnOCorr-NoInt,17.04.2024 11:25,32626_261151_OD_x2y1,x2y1,0.015115112,1,1.4,5,5,0,0,0,0,1,0,0,0,0,1,192
32626,D18CL_323001,PY-IT_321127,CF,1,10,2000,1.535680351,0.278213945,1.7018467,0.074216658,0.195512917,0.249907336,0.069261576,0.738001545,2.288288983,0.098425444,0.95,0.127966849,0.222406581,0.529112794,0.470887206,0.217658355,0.424626518,0.472313917,59.31127982,18.77899675,10.76830706,0.966802465,19.04.2024 23:14,B-2,9.66E-07,1,0.6,5.48,5.34,3.64,3.31,1.7,D18CL_323001,PY-IT_321127,CF,Jonas_DonorAcceptor-2bands-NoBG-ZnOCorr-NoInt_D18CL:PY-IT,Jonas_DonorAcceptor-2bands-NoBG-ZnOCorr-NoInt,17.04.2024 11:25,32626_261151_OD_x2y2,x2y2,0.015673269,1,0.6,5,5,0,0,0,0,1,0,0,0,0,1,192
32627,PTQ10_321145,PY-IT_321127,CF,0,14,2000,1.528317681,0.52,1.685869688,0.107224884,0.133113801,0.202332977,0.06610865,0.636990877,2.20715156,0.090146325,0.865674873,0.094558369,0.154791187,0.566561991,0.433438009,0.342105263,0.389123047,0.357124164,52.5240779,17.78612995,9.13226524,0.977549187,19.04.2024 23:51,B-1,5.95E-06,0.6,0.6,5.48,5.34,3.64,3.64,1.7,PTQ10_321145,PY-IT_321127,CF,Jonas_DonorAcceptor-2bands-NoBG-ZnOCorr-NoInt_PTQ10:PY-IT,Jonas_DonorAcceptor-2bands-NoBG-ZnOCorr-NoInt,17.04.2024 11:36,32627_261184_OD_x1y2,x1y2,0.009828499,0.6,0.6,3,5,0,0,1,0,0,0,0,0,0,1,193
32627,PTQ10_321145,PY-IT_321127,CF,0,14,2000,1.529355729,0.52,1.686761992,0.106677086,0.136980389,0.208210192,0.0661146,0.629558169,2.207936264,0.089682016,0.881994266,0.09915936,0.161585945,0.563040473,0.436959527,0.342105263,0.386336727,0.369796136,52.45748433,17.76675199,9.11400457,0.977898416,19.04.2024 23:51,A-3,8.63E-06,1.4,1.4,5.48,5.34,3.64,3.64,1.7,PTQ10_321145,PY-IT_321127,CF,Jonas_DonorAcceptor-2bands-NoBG-ZnOCorr-NoInt_PTQ10:PY-IT,Jonas_DonorAcceptor-2bands-NoBG-ZnOCorr-NoInt,17.04.2024 11:36,32627_261184_OD_x3y1,x3y1,0.010114795,1.4,1.4,3,5,0,0,1,0,0,0,0,0,0,1,193
32627,PTQ10_321145,PY-IT_321127,CF,0,14,2000,1.52807403,0.52,1.685792402,0.107468585,0.13296445,0.202105964,0.06608273,0.639676838,2.206920245,0.090378354,0.858714782,0.094096796,0.154288336,0.567085287,0.432914713,0.342105263,0.390123726,0.356394301,52.2967382,17.75661653,9.092684117,0.979168166,19.04.2024 23:51,A-1,9.51E-06,0.6,1.4,5.48,5.34,3.64,3.64,1.7,PTQ10_321145,PY-IT_321127,CF,Jonas_DonorAcceptor-2bands-NoBG-ZnOCorr-NoInt_PTQ10:PY-IT,Jonas_DonorAcceptor-2bands-NoBG-ZnOCorr-NoInt,17.04.2024 11:36,32627_261184_OD_x1y1,x1y1,0.009798024,0.6,1.4,3,5,0,0,1,0,0,0,0,0,0,1,193
32627,PTQ10_321145,PY-IT_321127,CF,0,14,2000,1.537805226,0.247241793,1.708213963,0.071527438,0.169678428,0.211630027,0.056271645,1.006641687,2.195156527,0.095580836,1,0.066623939,0.133690372,0.612851217,0.387148783,0.198230844,0.501654926,0.3453204,52.17227804,17.68799533,9.015719246,0.976971656,19.04.2024 23:51,B-2,8.32E-07,1,0.6,5.48,5.34,3.64,3.64,1.7,PTQ10_321145,PY-IT_321127,CF,Jonas_DonorAcceptor-2bands-NoBG-ZnOCorr-NoInt_PTQ10:PY-IT,Jonas_DonorAcceptor-2bands-NoBG-ZnOCorr-NoInt,17.04.2024 11:36,32627_261184_OD_x2y2,x2y2,0.00968439,1,0.6,3,5,0,0,1,0,0,0,0,0,0,1,193
32628,PTQ10_321145,PY-IT_321127,CF,0,12,2000,1.525597203,0.52,1.684414992,0.108509189,0.114565294,0.174139247,0.067872633,0.58829077,2.208350885,0.089385698,0.725566341,0.086795543,0.13785656,0.558146113,0.441853887,0.342105263,0.370392362,0.311995807,53.52289872,17.07374941,8.864672328,0.970050084,19.04.2024 23:53,B-1,7.64E-07,0.6,0.6,5.48,5.34,3.64,3.64,1.7,PTQ10_321145,PY-IT_321127,CF,Jonas_DonorAcceptor-2bands-NoBG-ZnOCorr-NoInt_PTQ10:PY-IT,Jonas_DonorAcceptor-2bands-NoBG-ZnOCorr-NoInt,17.04.2024 11:42,32628_261219_OD_x1y2,x1y2,0.008478669,0.6,0.6,3,5,0,0,1,0,0,0,0,0,0,1,194
32628,PTQ10_321145,PY-IT_321127,CF,0,12,2000,1.525899223,0.52,1.684432545,0.108261955,0.118904051,0.180734157,0.067635349,0.599401952,2.207743108,0.089821466,0.746287753,0.086958327,0.139081318,0.565120111,0.434879889,0.342105263,0.3747663,0.319815475,53.46928822,16.88311977,8.764038222,0.970838876,19.04.2024 23:53,A-3,1.17E-05,1.4,1.4,5.48,5.34,3.64,3.64,1.7,PTQ10_321145,PY-IT_321127,CF,Jonas_DonorAcceptor-2bands-NoBG-ZnOCorr-NoInt_PTQ10:PY-IT,Jonas_DonorAcceptor-2bands-NoBG-ZnOCorr-NoInt,17.04.2024 11:42,32628_261219_OD_x3y1,x3y1,0.008716735,1.4,1.4,3,5,0,0,1,0,0,0,0,0,0,1,194
32628,PTQ10_321145,PY-IT_321127,CF,0,12,2000,1.525469429,0.52,1.683995956,0.108400557,0.115547915,0.175632831,0.067960084,0.593854227,2.207698044,0.089815266,0.724916407,0.084592102,0.13482748,0.565717501,0.434282499,0.342105263,0.372590051,0.310460311,53.10910568,16.89650214,8.69217642,0.968640752,19.04.2024 23:53,B-2,0.000274018,1,0.6,5.48,5.34,3.64,3.64,1.7,PTQ10_321145,PY-IT_321127,CF,Jonas_DonorAcceptor-2bands-NoBG-ZnOCorr-NoInt_PTQ10:PY-IT,Jonas_DonorAcceptor-2bands-NoBG-ZnOCorr-NoInt,17.04.2024 11:42,32628_261219_OD_x2y2,x2y2,0.00850189,1,0.6,3,5,0,0,1,0,0,0,0,0,0,1,194
32628,PTQ10_321145,PY-IT_321127,CF,0,12,2000,1.524729037,0.52,1.683317802,0.108534384,0.113669005,0.172776888,0.068000406,0.590499467,2.208114229,0.089635219,0.704497091,0.083464647,0.132750476,0.565503808,0.434496192,0.342105263,0.371266686,0.305527364,52.88168112,16.94575247,8.677650924,0.968358267,19.04.2024 23:53,A-1,0.000717524,0.6,1.4,5.48,5.34,3.64,3.64,1.7,PTQ10_321145,PY-IT_321127,CF,Jonas_DonorAcceptor-2bands-NoBG-ZnOCorr-NoInt_PTQ10:PY-IT,Jonas_DonorAcceptor-2bands-NoBG-ZnOCorr-NoInt,17.04.2024 11:42,32628_261219_OD_x1y1,x1y1,0.008368352,0.6,1.4,3,5,0,0,1,0,0,0,0,0,0,1,194
32629,PTQ10_321145,PY-IT_321127,CF,0,10,2000,1.524295043,0.52,1.683719759,0.107400348,0.098892559,0.15031669,0.06694188,0.739862075,2.198765134,0.097827593,0.7,0.066336784,0.115416854,0.565666975,0.434333025,0.342105263,0.425241797,0.265733544,52.43231638,15.41812711,7.736954809,0.957060503,19.04.2024 23:56,A-3,0.00098748,1.4,1.4,5.48,5.34,3.64,3.64,1.7,PTQ10_321145,PY-IT_321127,CF,Jonas_DonorAcceptor-2bands-NoBG-ZnOCorr-NoInt_PTQ10:PY-IT,Jonas_DonorAcceptor-2bands-NoBG-ZnOCorr-NoInt,17.04.2024 11:47,32629_261233_OD_x3y1,x3y1,0.0072148,1.4,1.4,3,5,0,0,1,0,0,0,0,0,0,1,195
32629,PTQ10_321145,PY-IT_321127,CF,0,10,2000,1.524832622,0.52,1.68402326,0.107937189,0.097922108,0.148841604,0.067381971,0.69705356,2.201208341,0.096151022,0.7,0.071386513,0.121146735,0.551289009,0.448710991,0.342105263,0.410743406,0.269988339,51.63553968,15.64512088,7.711004104,0.954516172,19.04.2024 23:56,B-2,0.00055254,1,0.6,5.48,5.34,3.64,3.64,1.7,PTQ10_321145,PY-IT_321127,CF,Jonas_DonorAcceptor-2bands-NoBG-ZnOCorr-NoInt_PTQ10:PY-IT,Jonas_DonorAcceptor-2bands-NoBG-ZnOCorr-NoInt,17.04.2024 11:47,32629_261233_OD_x2y2,x2y2,0.007401539,1,0.6,3,5,0,0,1,0,0,0,0,0,0,1,195
32629,PTQ10_321145,PY-IT_321127,CF,0,10,2000,1.524534513,0.52,1.683734341,0.107646334,0.097297324,0.147891932,0.066831576,0.742530219,2.19874616,0.097830607,0.7,0.066221454,0.115392885,0.561718422,0.438281578,0.342105263,0.42612186,0.263284817,51.71925245,15.54887436,7.660198466,0.952552297,19.04.2024 23:56,B-1,0.000342658,0.6,0.6,5.48,5.34,3.64,3.64,1.7,PTQ10_321145,PY-IT_321127,CF,Jonas_DonorAcceptor-2bands-NoBG-ZnOCorr-NoInt_PTQ10:PY-IT,Jonas_DonorAcceptor-2bands-NoBG-ZnOCorr-NoInt,17.04.2024 11:47,32629_261233_OD_x1y2,x1y2,0.007223988,0.6,0.6,3,5,0,0,1,0,0,0,0,0,0,1,195
32629,PTQ10_321145,PY-IT_321127,CF,0,10,2000,1.524009549,0.52,1.682715641,0.106969173,0.090872641,0.138126414,0.065837571,0.845339039,2.193532345,0.102044018,0.7,0.05755942,0.106216645,0.565297065,0.434702935,0.342105263,0.458094161,0.244343058,51.11416775,14.7050049,7.109258689,0.945840378,19.04.2024 23:56,A-1,0.000129738,0.6,1.4,5.48,5.34,3.64,3.64,1.7,PTQ10_321145,PY-IT_321127,CF,Jonas_DonorAcceptor-2bands-NoBG-ZnOCorr-NoInt_PTQ10:PY-IT,Jonas_DonorAcceptor-2bands-NoBG-ZnOCorr-NoInt,17.04.2024 11:47,32629_261233_OD_x1y1,x1y1,0.0068761,0.6,1.4,3,5,0,0,1,0,0,0,0,0,0,1,195
32630,PTQ10_321145,PY-IT_321127,CF,0,10,1000,1.5280329,0.52,1.686245519,0.107386636,0.130127291,0.197793482,0.066579203,0.614165906,2.208107484,0.089464325,0.813971418,0.095767411,0.15458449,0.561310575,0.438689425,0.342105263,0.380484994,0.352377972,53.41010454,17.74824941,9.152620792,0.965531658,19.04.2024 23:58,A-1,2.99E-05,0.6,1.4,5.48,5.34,3.64,3.64,1.7,PTQ10_321145,PY-IT_321127,CF,Jonas_DonorAcceptor-2bands-NoBG-ZnOCorr-NoInt_PTQ10:PY-IT,Jonas_DonorAcceptor-2bands-NoBG-ZnOCorr-NoInt,17.04.2024 11:53,32630_261254_OD_x1y1,x1y1,0.009711873,0.6,1.4,3,5,0,0,1,0,0,0,0,0,0,1,196
32630,PTQ10_321145,PY-IT_321127,CF,0,10,1000,1.52780166,0.52,1.686113987,0.107425494,0.127941263,0.194470719,0.067138481,0.604826799,2.208388826,0.089441939,0.801554559,0.094149747,0.151094036,0.562762018,0.437237982,0.342105263,0.376879797,0.345564756,53.59560814,17.67288897,9.149687459,0.965983053,19.04.2024 23:58,B-1,1.23E-06,0.6,0.6,5.48,5.34,3.64,3.64,1.7,PTQ10_321145,PY-IT_321127,CF,Jonas_DonorAcceptor-2bands-NoBG-ZnOCorr-NoInt_PTQ10:PY-IT,Jonas_DonorAcceptor-2bands-NoBG-ZnOCorr-NoInt,17.04.2024 11:53,32630_261254_OD_x1y2,x1y2,0.009407693,0.6,0.6,3,5,0,0,1,0,0,0,0,0,0,1,196
32630,PTQ10_321145,PY-IT_321127,CF,0,10,1000,1.528370492,0.52,1.686741011,0.106997549,0.130708735,0.198677277,0.067164132,0.595916566,2.209133479,0.088892235,0.808899692,0.096913126,0.154665264,0.562279529,0.437720471,0.342105263,0.373400827,0.353342541,53.27367627,17.64375767,9.069941384,0.964940931,19.04.2024 23:58,A-2,1.16E-06,1,1.4,5.48,5.34,3.64,3.64,1.7,PTQ10_321145,PY-IT_321127,CF,Jonas_DonorAcceptor-2bands-NoBG-ZnOCorr-NoInt_PTQ10:PY-IT,Jonas_DonorAcceptor-2bands-NoBG-ZnOCorr-NoInt,17.04.2024 11:53,32630_261254_OD_x2y1,x2y1,0.009682008,1,1.4,3,5,0,0,1,0,0,0,0,0,0,1,196
32630,PTQ10_321145,PY-IT_321127,CF,0,10,1000,1.526808151,0.52,1.685411351,0.10782352,0.124009213,0.188494004,0.067339202,0.605627498,2.208015734,0.089860724,0.772160306,0.09061085,0.145487272,0.564384946,0.435615054,0.342105263,0.377190537,0.333981276,53.67019241,17.3669991,8.992608171,0.964778767,19.04.2024 23:58,B-2,2.15E-05,1,0.6,5.48,5.34,3.64,3.64,1.7,PTQ10_321145,PY-IT_321127,CF,Jonas_DonorAcceptor-2bands-NoBG-ZnOCorr-NoInt_PTQ10:PY-IT,Jonas_DonorAcceptor-2bands-NoBG-ZnOCorr-NoInt,17.04.2024 11:53,32630_261254_OD_x2y2,x2y2,0.009071779,1,0.6,3,5,0,0,1,0,0,0,0,0,0,1,196
32631,PTQ10_321145,PY-IT_321127,CF,2,10,1000,1.522614246,0.52,1.68202848,0.109045005,0.121659981,0.184923171,0.065096962,0.68722675,2.204616027,0.092647428,0.79606038,0.082764654,0.139642738,0.569755375,0.430244625,0.342105263,0.407311436,0.324565909,54.36082698,17.58612808,9.219820782,0.964419965,20.04.2024 00:01,B-1,1.17E-06,0.6,0.6,5.48,5.34,3.64,3.64,1.7,PTQ10_321145,PY-IT_321127,CF,Jonas_DonorAcceptor-2bands-NoBG-ZnOCorr-NoInt_PTQ10:PY-IT,Jonas_DonorAcceptor-2bands-NoBG-ZnOCorr-NoInt,17.04.2024 11:59,32631_261264_OD_x1y2,x1y2,0.008748073,0.6,0.6,3,5,0,0,1,0,0,0,0,0,0,1,197
32631,PTQ10_321145,PY-IT_321127,CF,2,10,1000,1.522546636,0.52,1.681951509,0.10903256,0.122938703,0.186866829,0.064714383,0.709508023,2.203601819,0.093576596,0.810074684,0.082281077,0.140660161,0.570538719,0.429461281,0.342105263,0.415036381,0.32752699,54.34709269,17.59300527,9.207172666,0.962963749,20.04.2024 00:01,B-2,1.52E-06,1,0.6,5.48,5.34,3.64,3.64,1.7,PTQ10_321145,PY-IT_321127,CF,Jonas_DonorAcceptor-2bands-NoBG-ZnOCorr-NoInt_PTQ10:PY-IT,Jonas_DonorAcceptor-2bands-NoBG-ZnOCorr-NoInt,17.04.2024 11:59,32631_261264_OD_x2y2,x2y2,0.008852011,1,0.6,3,5,0,0,1,0,0,0,0,0,0,1,197
32631,PTQ10_321145,PY-IT_321127,CF,2,10,1000,1.524075064,0.52,1.682991507,0.108637072,0.1298384,0.197354368,0.064142109,0.724757788,2.203525797,0.093511437,0.862338919,0.085768633,0.147930118,0.571570331,0.428429669,0.342105263,0.420208445,0.345284486,53.54867002,17.56162768,9.052341411,0.962603576,20.04.2024 00:01,A-1,3.32E-05,0.6,1.4,5.48,5.34,3.64,3.64,1.7,PTQ10_321145,PY-IT_321127,CF,Jonas_DonorAcceptor-2bands-NoBG-ZnOCorr-NoInt_PTQ10:PY-IT,Jonas_DonorAcceptor-2bands-NoBG-ZnOCorr-NoInt,17.04.2024 11:59,32631_261264_OD_x1y1,x1y1,0.009459325,0.6,1.4,3,5,0,0,1,0,0,0,0,0,0,1,197
32631,PTQ10_321145,PY-IT_321127,CF,2,10,1000,1.522129829,0.52,1.681653771,0.109303513,0.121607897,0.184844004,0.065085441,0.688750249,2.204191411,0.09273465,0.786990999,0.082391431,0.139138549,0.570536908,0.429463092,0.342105263,0.407846127,0.323982553,53.8744666,17.41912645,9.039706497,0.963263213,20.04.2024 00:01,A-2,1.27E-06,1,1.4,5.48,5.34,3.64,3.64,1.7,PTQ10_321145,PY-IT_321127,CF,Jonas_DonorAcceptor-2bands-NoBG-ZnOCorr-NoInt_PTQ10:PY-IT,Jonas_DonorAcceptor-2bands-NoBG-ZnOCorr-NoInt,17.04.2024 11:59,32631_261264_OD_x2y1,x2y1,0.008767903,1,1.4,3,5,0,0,1,0,0,0,0,0,0,1,197
32632,PTQ10_321145,PY-IT_321127,CF,0,10,3000,1.524332254,0.52,1.683336578,0.106944264,0.093781678,0.142548151,0.06703145,0.694276752,2.201592331,0.095329458,0.7,0.064947507,0.110039052,0.564352229,0.435647771,0.342105263,0.409777654,0.252587203,47.22727628,12.87174533,5.386787385,0.886134196,20.04.2024 00:04,A-2,0.000183404,1,1.4,5.48,5.34,3.64,3.64,1.7,PTQ10_321145,PY-IT_321127,CF,Jonas_DonorAcceptor-2bands-NoBG-ZnOCorr-NoInt_PTQ10:PY-IT,Jonas_DonorAcceptor-2bands-NoBG-ZnOCorr-NoInt,17.04.2024 12:05,32632_261274_OD_x2y1,x2y1,0.007221403,1,1.4,3,5,0,0,1,0,0,0,0,0,0,1,198
32632,PTQ10_321145,PY-IT_321127,CF,0,10,3000,1.524019149,0.52,1.682531887,0.106454052,0.082081309,0.124763589,0.065500721,0.907649486,2.191672933,0.105014005,0.7,0.049631189,0.094678913,0.56854797,0.43145203,0.342105263,0.475794685,0.219442502,45.72538922,13.0582532,5.286885367,0.885436452,20.04.2024 00:04,B-1,0.000761673,0.6,0.6,5.48,5.34,3.64,3.64,1.7,PTQ10_321145,PY-IT_321127,CF,Jonas_DonorAcceptor-2bands-NoBG-ZnOCorr-NoInt_PTQ10:PY-IT,Jonas_DonorAcceptor-2bands-NoBG-ZnOCorr-NoInt,17.04.2024 12:05,32632_261274_OD_x1y2,x1y2,0.006264636,0.6,0.6,3,5,0,0,1,0,0,0,0,0,0,1,198
32632,PTQ10_321145,PY-IT_321127,CF,0,10,3000,1.523961094,0.52,1.682411188,0.106370334,0.081326859,0.123616825,0.065298158,0.92550768,2.191037876,0.10564768,0.7,0.048689771,0.093752529,0.568694819,0.431305181,0.342105263,0.480656447,0.217369354,46.26590569,12.86237764,5.200895671,0.873968576,20.04.2024 00:04,B-2,1.28E-05,1,0.6,5.48,5.34,3.64,3.64,1.7,PTQ10_321145,PY-IT_321127,CF,Jonas_DonorAcceptor-2bands-NoBG-ZnOCorr-NoInt_PTQ10:PY-IT,Jonas_DonorAcceptor-2bands-NoBG-ZnOCorr-NoInt,17.04.2024 12:05,32632_261274_OD_x2y2,x2y2,0.006236268,1,0.6,3,5,0,0,1,0,0,0,0,0,0,1,198
32632,PTQ10_321145,PY-IT_321127,CF,0,10,3000,1.524155639,0.52,1.682770649,0.106469051,0.082297034,0.125091492,0.065456404,0.913453702,2.19142466,0.105339352,0.7,0.049845784,0.095377601,0.567387884,0.432612116,0.342105263,0.477384794,0.220469092,45.55890418,12.7621351,5.164235232,0.888197219,20.04.2024 00:04,A-3,0.001237638,1.4,1.4,5.48,5.34,3.64,3.64,1.7,PTQ10_321145,PY-IT_321127,CF,Jonas_DonorAcceptor-2bands-NoBG-ZnOCorr-NoInt_PTQ10:PY-IT,Jonas_DonorAcceptor-2bands-NoBG-ZnOCorr-NoInt,17.04.2024 12:05,32632_261274_OD_x3y1,x3y1,0.006305132,1.4,1.4,3,5,0,0,1,0,0,0,0,0,0,1,198
32633,PTQ10_321145,PY-IT_321127,CF,2,10,3000,1.519996713,0.52,1.679606301,0.107956669,0.087007112,0.132250811,0.063662112,0.960987289,2.191385174,0.105816901,0.7,0.051006449,0.100022999,0.569374615,0.430625385,0.342105263,0.490052788,0.232273809,50.16433877,13.45412709,6.349022221,0.940711015,20.04.2024 00:07,A-1,2.70E-05,0.6,1.4,5.48,5.34,3.64,3.64,1.7,PTQ10_321145,PY-IT_321127,CF,Jonas_DonorAcceptor-2bands-NoBG-ZnOCorr-NoInt_PTQ10:PY-IT,Jonas_DonorAcceptor-2bands-NoBG-ZnOCorr-NoInt,17.04.2024 12:10,32633_261307_OD_x1y1,x1y1,0.006545537,0.6,1.4,3,5,0,0,1,0,0,0,0,0,0,1,199
32633,PTQ10_321145,PY-IT_321127,CF,2,10,3000,1.51989438,0.52,1.679481888,0.107427288,0.082311945,0.125114157,0.062968025,1.057196331,2.188944735,0.109521266,0.7,0.045951028,0.094530287,0.569621315,0.430378685,0.342105263,0.513901525,0.219644444,50.52987965,13.33212287,6.336831578,0.940642491,20.04.2024 00:07,B-1,0.000188176,0.6,0.6,5.48,5.34,3.64,3.64,1.7,PTQ10_321145,PY-IT_321127,CF,Jonas_DonorAcceptor-2bands-NoBG-ZnOCorr-NoInt_PTQ10:PY-IT,Jonas_DonorAcceptor-2bands-NoBG-ZnOCorr-NoInt,17.04.2024 12:10,32633_261307_OD_x1y2,x1y2,0.006313436,0.6,0.6,3,5,0,0,1,0,0,0,0,0,0,1,199
32633,PTQ10_321145,PY-IT_321127,CF,2,10,3000,1.519791817,0.52,1.679165522,0.107340551,0.080426088,0.122247653,0.062635608,1.086,2.187831335,0.110226837,0.7,0.044413893,0.092647382,0.568871464,0.431128536,0.342105263,0.520613615,0.214895035,51.05835512,12.72950113,6.085128759,0.936249435,20.04.2024 00:07,A-2,0.000136317,1,1.4,5.48,5.34,3.64,3.64,1.7,PTQ10_321145,PY-IT_321127,CF,Jonas_DonorAcceptor-2bands-NoBG-ZnOCorr-NoInt_PTQ10:PY-IT,Jonas_DonorAcceptor-2bands-NoBG-ZnOCorr-NoInt,17.04.2024 12:10,32633_261307_OD_x2y1,x2y1,0.006260073,1,1.4,3,5,0,0,1,0,0,0,0,0,0,1,199
32633,PTQ10_321145,PY-IT_321127,CF,2,10,3000,1.519684655,0.52,1.679330449,0.107737279,0.083853371,0.127457123,0.063162179,1.027409198,2.189477648,0.108293501,0.7,0.047522025,0.09634659,0.569504059,0.430495941,0.342105263,0.506759661,0.223803714,48.73903099,13.14900385,6.016604391,0.938818661,20.04.2024 00:07,B-2,0.000163066,1,0.6,5.48,5.34,3.64,3.64,1.7,PTQ10_321145,PY-IT_321127,CF,Jonas_DonorAcceptor-2bands-NoBG-ZnOCorr-NoInt_PTQ10:PY-IT,Jonas_DonorAcceptor-2bands-NoBG-ZnOCorr-NoInt,17.04.2024 12:10,32633_261307_OD_x2y2,x2y2,0.006393234,1,0.6,3,5,0,0,1,0,0,0,0,0,0,1,199
32634,PTQ10_321145,PY-IT_321127,CF,1,10,2000,1.520131348,0.52,1.680240715,0.108941221,0.09933638,0.150991297,0.06522605,0.757035805,2.199356223,0.097179608,0.7,0.06569876,0.115435074,0.566728047,0.433271953,0.342105263,0.430859635,0.266426371,53.83373137,15.52962167,7.982120861,0.954779181,20.04.2024 00:09,A-1,0.000244597,0.6,1.4,5.48,5.34,3.64,3.64,1.7,PTQ10_321145,PY-IT_321127,CF,Jonas_DonorAcceptor-2bands-NoBG-ZnOCorr-NoInt_PTQ10:PY-IT,Jonas_DonorAcceptor-2bands-NoBG-ZnOCorr-NoInt,17.04.2024 12:16,32634_261348_OD_x1y1,x1y1,0.007284908,0.6,1.4,3,5,0,0,1,0,0,0,0,0,0,1,200
32634,PTQ10_321145,PY-IT_321127,CF,1,10,2000,1.519719809,0.52,1.67989958,0.108899915,0.098447672,0.149640462,0.064925294,0.791411489,2.197925571,0.09895901,0.7,0.062504697,0.111971633,0.571993668,0.428006332,0.342105263,0.441780961,0.261612095,53.68287674,15.417127,7.894309878,0.9538387,20.04.2024 00:09,A-2,0.002117954,1,1.4,5.48,5.34,3.64,3.64,1.7,PTQ10_321145,PY-IT_321127,CF,Jonas_DonorAcceptor-2bands-NoBG-ZnOCorr-NoInt_PTQ10:PY-IT,Jonas_DonorAcceptor-2bands-NoBG-ZnOCorr-NoInt,17.04.2024 12:16,32634_261348_OD_x2y1,x2y1,0.007225223,1,1.4,3,5,0,0,1,0,0,0,0,0,0,1,200
32634,PTQ10_321145,PY-IT_321127,CF,1,10,2000,1.519810662,0.52,1.68001895,0.108755935,0.098099955,0.149111931,0.064899128,0.797691746,2.197412049,0.09913802,0.7,0.062100358,0.111637302,0.57185952,0.42814048,0.342105263,0.443731106,0.260749233,53.64345201,15.29062127,7.806932113,0.951784338,20.04.2024 00:09,B-2,0.000867145,1,0.6,5.48,5.34,3.64,3.64,1.7,PTQ10_321145,PY-IT_321127,CF,Jonas_DonorAcceptor-2bands-NoBG-ZnOCorr-NoInt_PTQ10:PY-IT,Jonas_DonorAcceptor-2bands-NoBG-ZnOCorr-NoInt,17.04.2024 12:16,32634_261348_OD_x2y2,x2y2,0.007123616,1,0.6,3,5,0,0,1,0,0,0,0,0,0,1,200
32634,PTQ10_321145,PY-IT_321127,CF,1,10,2000,1.52024483,0.52,1.680044108,0.108896961,0.096923562,0.147323815,0.064887999,0.78327344,2.197096477,0.098041093,0.7,0.062713119,0.111834639,0.568470034,0.431529966,0.342105263,0.439233503,0.259158453,53.22886405,14.95836873,7.545854876,0.947713388,20.04.2024 00:09,B-1,0.000660759,0.6,0.6,5.48,5.34,3.64,3.64,1.7,PTQ10_321145,PY-IT_321127,CF,Jonas_DonorAcceptor-2bands-NoBG-ZnOCorr-NoInt_PTQ10:PY-IT,Jonas_DonorAcceptor-2bands-NoBG-ZnOCorr-NoInt,17.04.2024 12:16,32634_261348_OD_x1y2,x1y2,0.007135414,0.6,0.6,3,5,0,0,1,0,0,0,0,0,0,1,200
