plan_Info_PID,plan_Solutions_1_M1,Donor,plan_Solutions_1_M2,Acceptor,DA,Identifier,plan_Solutions_1_S1,plan_Solutions_1_ann. time,plan_Solutions_1_conc.,plan_Solutions_1_speed,Layer thickness [nm],features_D.1.c_UV,features_D.1a.w_UV,features_D.1a.c_UV,features_D.2.a_UV,features_A.0.a_UV,features_A.1.w_UV,features_A.1.c_UV,features_A.1a.w_UV,features_A.1a.c_UV,features_D_UV,features_A_UV,features_Dtot_UV,features_XamD_UV,features_Atot_UV,features_XamA_UV,features_atot_UV,features_XD_UV,features_XA_UV,featuresFixed_D.1a.a,featuresFixed_A.1a.a,featuresFixed_A.2.a,FF_IV,JSC_IV,PCE_IV,VOC_IV,RelativeAbsorbedPhotons,EQE_CorrFactor,Corr_JSC_IV,CorrEQE_JSC_IV,Corr_VOC_IV,Deg_JSC_IV,Deg_VOC_IV,Deg_FF_IV,Deg_PCE_IV,DiffDeg_JSC_IV,DiffDeg_VOC_IV,DiffDeg_FF_IV,DiffDeg_PCE_IV,Retained_JSC_IV,Retained_VOC_IV,Retained_FF_IV,Retained_PCE_IV,date_IV,pos_IV,sigp_IV,xpos_IV,ypos_IV,EnergyLevel_HOMO_Acceptor,EnergyLevel_HOMO_Donor,EnergyLevel_LUMO_Acceptor,EnergyLevel_LUMO_Donor,EnergyLevel_Offset,BandGapDonor,BandGapAcceptor,LUMOAcceptrCalc,LUMODonorCalc,Offset,,offset - voc,plan2_Solutions_1_M1,plan2_Solutions_1_M2,plan2_Solutions_1_S1,FitSessionName,Overall_FitSessionName,FOM_UV,date_UV,name_UV,pos_UV,res_UV,xpos_UV,ypos_UV,PseudoFeature_M1,PseudoFeature_M2,HotOneEncoded_plan_Solutions_1_M1_PM6_321136,HotOneEncoded_plan_Solutions_1_M1_PTVT-T_321032,HotOneEncoded_plan_Solutions_1_M1_PTQ10_321145,HotOneEncoded_plan_Solutions_1_M1_PCE10_120058,HotOneEncoded_plan_Solutions_1_M1_D18CL_323001,HotOneEncoded_plan_Solutions_1_M2_BTP-4F-12 (Y12)_321125,HotOneEncoded_plan_Solutions_1_M2_ITIC_120057,HotOneEncoded_plan_Solutions_1_M2_ITIC-4F_120033,HotOneEncoded_plan_Solutions_1_M2_L8-BO_321144,HotOneEncoded_plan_Solutions_1_M2_PY-IT_321127,Paper_PID,featuresDeg_D.1.c_UV,featuresDeg_D.1a.w_UV,featuresDeg_D.1a.c_UV,featuresDeg_D.2.a_UV,featuresDeg_A.0.a_UV,featuresDeg_A.1.w_UV,featuresDeg_A.1.c_UV,featuresDeg_A.1a.w_UV,featuresDeg_A.1a.c_UV,featuresDeg_D_UV,featuresDeg_A_UV,featuresDeg_Dtot_UV,featuresDeg_XamD_UV,featuresDeg_Atot_UV,featuresDeg_XamA_UV,featuresDeg_atot_UV,featuresDeg_XD_UV,featuresDeg_XA_UV,FeaturesChange_D.1a.w_UV,FeaturesChange_D.1a.c_UV,FeaturesChange_D.2.a_UV,FeaturesChange_A.0.a_UV,FeaturesChange_A.1.w_UV,FeaturesChange_A.1.c_UV,FeaturesChange_A.1a.w_UV,FeaturesChange_A.1a.c_UV,FeaturesChange_D_UV,FeaturesChange_A_UV,FeaturesChange_Dtot_UV,FeaturesChange_XamD_UV,FeaturesChange_Atot_UV,FeaturesChange_XamA_UV,FeaturesChange_atot_UV,FeaturesChange_XD_UV,FeaturesChange_XA_UV
25288,PM6_321136,PM6,BTP-4F-12 (Y12)_321125,Y12,PM6-Y12,25288_B-3,xylene,0,27,2000,213.3722591,2.00321,0.07991,2.16696,0.63371,0,0.07075,1.53142,0.09334,1.70186,0.39069,0.38291,0.53916,0.27536,0.58892,0.3498,1.12807,0.47795,0.52205,0.38,0.538,0.35,47.9164555,24.64660334,9.778906442,0.828034688,1.001309187,0.968900738,24.67887035,23.9113757,0.828034688,24.3264,0.7649,57.35,10.6705,0.32020334,0.063134688,-9.4335445,-0.891593558,0.987008216,0.923753571,1.19687484,1.09117518,13.11.2023 14:10,B-3,5.19E-07,1.4,0.6,5.53,5.33,3.77,3.38,1.56,1.920015901,1.406558059,4.123441941,3.409984099,1.206558059,1,0.378523371,PM6_321136,BTP-4F-12 (Y12)_321125,xylene,Jonas_DonorAcceptor-NoWDonorWH2-AddInt-NewPTQ10BTP4F12-NoBG-ZnOCorr_PM6:BTP-4F-12 (Y12),Jonas_DonorAcceptor-NoWDonorWH2-AddInt-NewPTQ10BTP4F12-NoBG-ZnOCorr,0.258546014,24.10.2023 13:30,25288_187767_OD_x3y2,x3y2,0.005317352,1.4,0.6,1,1,1,0,0,0,0,1,0,0,0,0,1,1.998339069,0.078051672,2.163732357,0.692710583,0.002701672,0.069547644,1.510485481,0.095011964,1.689935615,0.385714918,0.390074687,0.532286587,0.275362319,0.599934869,0.349804941,1.132221456,0.470125861,0.529874139,-0.00487,-0.00185,-0.00322,0.059,0.0027,-0.00121,-0.02094,0.00167,-0.01193,-0.00498,0.00716,-0.00687,0,0.01102,0,0.00415,-0.00782
25288,PM6_321136,PM6,BTP-4F-12 (Y12)_321125,Y12,PM6-Y12,25288_A-3,xylene,0,27,2000,214.1618391,2.00329,0.07993,2.16692,0.6339,0.00024,0.07074,1.53158,0.09337,1.70191,0.39192,0.3844,0.54086,0.27536,0.59121,0.3498,1.13207,0.47776,0.52224,0.38,0.538,0.35,47.80576817,24.20833204,9.596256312,0.829194992,1.00033415,0.968900738,24.21642126,23.46330844,0.829194992,24.0074,0.7663,56.55,10.4031,0.20093204,0.062894992,-8.74423183,-0.806843688,0.991699881,0.924149334,1.182911648,1.084079006,13.11.2023 14:10,A-3,1.75E-06,1.4,1.4,5.53,5.33,3.77,3.38,1.56,1.920015901,1.406558059,4.123441941,3.409984099,1.206558059,1.001401275,0.377363067,PM6_321136,BTP-4F-12 (Y12)_321125,xylene,Jonas_DonorAcceptor-NoWDonorWH2-AddInt-NewPTQ10BTP4F12-NoBG-ZnOCorr_PM6:BTP-4F-12 (Y12),Jonas_DonorAcceptor-NoWDonorWH2-AddInt-NewPTQ10BTP4F12-NoBG-ZnOCorr,0.256145679,24.10.2023 13:30,25288_187767_OD_x3y1,x3y1,0.00530163,1.4,1.4,1,1,1,0,0,0,0,1,0,0,0,0,1,1.998458654,0.078085769,2.163761809,0.692588728,0.001834981,0.069457634,1.510817215,0.095002154,1.689997811,0.381148926,0.38591933,0.525985518,0.275362319,0.59354393,0.349804941,1.119529448,0.469827318,0.530172682,-0.00483,-0.00185,-0.00316,0.05869,0.00159,-0.00128,-0.02076,0.00163,-0.01191,-0.01078,0.00152,-0.01487,0,0.00233,0,-0.01254,-0.00793
25288,PM6_321136,PM6,BTP-4F-12 (Y12)_321125,Y12,PM6-Y12,25288_B-1,xylene,0,27,2000,214.2545242,2.00317,0.07993,2.16699,0.63363,0.0003,0.07081,1.53113,0.0934,1.70167,0.39251,0.38423,0.54167,0.27536,0.59095,0.3498,1.13262,0.47824,0.52176,0.38,0.538,0.35,47.56083048,24.32561568,9.581414878,0.828164052,1.000095883,0.968900738,24.3279481,23.57136687,0.828164052,24.4861,0.7686,57.19,10.7628,-0.16048432,0.059564052,-9.62916952,-1.181385122,1.006597338,0.928076989,1.202460079,1.123299652,13.11.2023 14:10,B-1,5.13E-07,0.6,0.6,5.53,5.33,3.77,3.38,1.56,1.920015901,1.406558059,4.123441941,3.409984099,1.206558059,1.00015623,0.378394007,PM6_321136,BTP-4F-12 (Y12)_321125,xylene,Jonas_DonorAcceptor-NoWDonorWH2-AddInt-NewPTQ10BTP4F12-NoBG-ZnOCorr_PM6:BTP-4F-12 (Y12),Jonas_DonorAcceptor-NoWDonorWH2-AddInt-NewPTQ10BTP4F12-NoBG-ZnOCorr,0.257108873,24.10.2023 13:30,25288_187767_OD_x1y2,x1y2,0.005311567,0.6,0.6,1,1,1,0,0,0,0,1,0,0,0,0,1,1.998548734,0.078081933,2.163900266,0.691552733,0.003417504,0.069505393,1.510589167,0.095022435,1.689912031,0.388361981,0.392557576,0.535939533,0.275362319,0.603753552,0.349804941,1.139693085,0.470249,0.529751,-0.00462,-0.00185,-0.00309,0.05792,0.00312,-0.0013,-0.02054,0.00162,-0.01175,-0.00415,0.00832,-0.00573,0,0.0128,0,0.00707,-0.00799
25288,PM6_321136,PM6,BTP-4F-12 (Y12)_321125,Y12,PM6-Y12,25288_A-1,xylene,0,27,2000,214.3026232,2.00326,0.07989,2.16707,0.63302,0.00049,0.07077,1.5314,0.09338,1.70185,0.39245,0.3844,0.54158,0.27536,0.59121,0.3498,1.13279,0.4781,0.5219,0.38,0.538,0.35,47.62976296,24.21433651,9.573079611,0.830043163,1,0.968900738,24.21433651,23.46128852,0.830043163,0.0085,0,0,0.0041,24.20583651,0.830043163,47.62976296,9.568979611,0.000351032,0,0,0.000428284,13.11.2023 14:10,A-1,5.55E-07,0.6,1.4,5.53,5.33,3.77,3.38,1.56,1.920015901,1.406558059,4.123441941,3.409984099,1.206558059,1.002425593,0.376514896,PM6_321136,BTP-4F-12 (Y12)_321125,xylene,Jonas_DonorAcceptor-NoWDonorWH2-AddInt-NewPTQ10BTP4F12-NoBG-ZnOCorr_PM6:BTP-4F-12 (Y12),Jonas_DonorAcceptor-NoWDonorWH2-AddInt-NewPTQ10BTP4F12-NoBG-ZnOCorr,0.254432444,24.10.2023 13:30,25288_187767_OD_x1y1,x1y1,0.005302612,0.6,1.4,1,1,1,0,0,0,0,1,0,0,0,0,1,1.998472853,0.07806762,2.163787555,0.69316554,0.001674228,0.069432676,1.510896381,0.094974691,1.690050075,0.380020387,0.385523952,0.524428134,0.275362319,0.592935838,0.349804941,1.117363972,0.469344052,0.530655948,-0.00479,-0.00182,-0.00329,0.06015,0.00118,-0.00134,-0.02051,0.00159,-0.0118,-0.01243,0.00113,-0.01715,0,0.00173,0,-0.01542,-0.00875
25289,PM6_321136,PM6,BTP-4F-12 (Y12)_321125,Y12,PM6-Y12,25289_B-3,xylene,0,25,2000,187.7981907,2.00213,0.07994,2.16627,0.63599,0,0.06892,1.53299,0.09185,1.70207,0.34812,0.33551,0.48041,0.27536,0.51602,0.3498,0.99643,0.48213,0.51787,0.38,0.538,0.35,51.8182822,27.23962347,11.67990146,0.827475353,1.038721865,0.968900738,28.29439249,27.41445777,0.827475353,21.9534,0.7476,59.82,9.8173,5.28622347,0.079875353,-8.0017178,1.86260146,0.80593625,0.903471019,1.154418816,0.840529352,13.11.2023 14:13,B-3,2.56E-06,1.4,0.6,5.53,5.33,3.77,3.38,1.56,1.920015901,1.406558059,4.123441941,3.409984099,1.206558059,0.999324503,0.379082706,PM6_321136,BTP-4F-12 (Y12)_321125,xylene,Jonas_DonorAcceptor-NoWDonorWH2-AddInt-NewPTQ10BTP4F12-NoBG-ZnOCorr_PM6:BTP-4F-12 (Y12),Jonas_DonorAcceptor-NoWDonorWH2-AddInt-NewPTQ10BTP4F12-NoBG-ZnOCorr,0.31803277,24.10.2023 13:35,25289_187768_OD_x3y2,x3y2,0.00633591,1.4,0.6,1,1,1,0,0,0,0,1,0,0,0,0,2,1.995711137,0.077702532,2.162057331,0.708463528,1.76E-28,0.068615553,1.508496023,0.094078352,1.688772533,0.34043327,0.337206618,0.469797913,0.275362319,0.518623779,0.349804941,0.988421691,0.475301096,0.524698904,-0.00642,-0.00224,-0.00421,0.07247,0,-0.0003,-0.02449,0.00223,-0.0133,-0.00769,0.00169,-0.01061,0,0.0026,0,-0.00801,-0.00683
25289,PM6_321136,PM6,BTP-4F-12 (Y12)_321125,Y12,PM6-Y12,25289_B-1,xylene,0,25,2000,188.9231124,2.00206,0.07987,2.16617,0.63774,0,0.06906,1.53238,0.09204,1.70177,0.34971,0.33762,0.48261,0.27536,0.51927,0.3498,1.00187,0.4817,0.5183,0.38,0.538,0.35,51.38096039,27.30688007,11.61874816,0.828104296,1.036881278,0.968900738,28.3139927,27.43344843,0.828104296,23.6684,0.7552,59.69,10.6694,3.63848007,0.072904296,-8.30903961,0.94934816,0.866755922,0.911962423,1.161714369,0.9182917,13.11.2023 14:13,B-1,4.33E-06,0.6,0.6,5.53,5.33,3.77,3.38,1.56,1.920015901,1.406558059,4.123441941,3.409984099,1.206558059,1.000084064,0.378453763,PM6_321136,BTP-4F-12 (Y12)_321125,xylene,Jonas_DonorAcceptor-NoWDonorWH2-AddInt-NewPTQ10BTP4F12-NoBG-ZnOCorr_PM6:BTP-4F-12 (Y12),Jonas_DonorAcceptor-NoWDonorWH2-AddInt-NewPTQ10BTP4F12-NoBG-ZnOCorr,0.317426922,24.10.2023 13:35,25289_187768_OD_x1y2,x1y2,0.006198761,0.6,0.6,1,1,1,0,0,0,0,1,0,0,0,0,2,1.996084775,0.077776968,2.162340028,0.705423928,1.74E-28,0.068610122,1.508964222,0.09408532,1.689012903,0.342081104,0.338601351,0.472071923,0.275362319,0.520768878,0.349804941,0.992840801,0.47547595,0.52452405,-0.00598,-0.00209,-0.00383,0.06769,0,-0.00045,-0.02342,0.00205,-0.01276,-0.00763,0.00098,-0.01053,0,0.0015,0,-0.00903,-0.00623
25289,PM6_321136,PM6,BTP-4F-12 (Y12)_321125,Y12,PM6-Y12,25289_A-3,xylene,0,25,2000,189.1884675,2.00206,0.07995,2.16622,0.63678,0,0.06905,1.53287,0.09191,1.70211,0.35035,0.33809,0.48349,0.27536,0.51998,0.3498,1.00346,0.48182,0.51818,0.38,0.538,0.35,51.84126249,26.98428297,11.58858356,0.828407276,1.036386182,0.968900738,27.96613801,27.09641176,0.828407276,22.0958,0.7473,59.65,9.8482,4.88848297,0.081107276,-7.80873751,1.74038356,0.81883962,0.902092511,1.150627842,0.84981913,13.11.2023 14:13,A-3,2.46E-06,1.4,1.4,5.53,5.33,3.77,3.38,1.56,1.920015901,1.406558059,4.123441941,3.409984099,1.206558059,1.000449967,0.378150783,PM6_321136,BTP-4F-12 (Y12)_321125,xylene,Jonas_DonorAcceptor-NoWDonorWH2-AddInt-NewPTQ10BTP4F12-NoBG-ZnOCorr_PM6:BTP-4F-12 (Y12),Jonas_DonorAcceptor-NoWDonorWH2-AddInt-NewPTQ10BTP4F12-NoBG-ZnOCorr,0.314726007,24.10.2023 13:35,25289_187768_OD_x3y1,x3y1,0.006238695,1.4,1.4,1,1,1,0,0,0,0,1,0,0,0,0,2,1.995512341,0.077645218,2.162007477,0.709772069,1.57E-28,0.06878151,1.508702534,0.093965606,1.689248765,0.339140019,0.334909602,0.468013227,0.275362319,0.515090967,0.349804941,0.983104194,0.476056586,0.523943414,-0.00654,-0.00231,-0.00421,0.07299,0,-0.00027,-0.02417,0.00205,-0.01286,-0.01121,-0.00318,-0.01547,0,-0.00489,0,-0.02036,-0.00576
25289,PM6_321136,PM6,BTP-4F-12 (Y12)_321125,Y12,PM6-Y12,25289_A-1,xylene,0,25,2000,191.7301476,2.00227,0.07992,2.16627,0.63626,0,0.06916,1.53275,0.09209,1.70199,0.35494,0.34261,0.48981,0.27536,0.52693,0.3498,1.01675,0.48174,0.51826,0.38,0.538,0.35,50.93764906,27.17650194,11.4837477,0.82956647,1.032346349,0.968900738,28.05556256,27.18305528,0.82956647,23.0289,0.7521,57.54,9.9661,4.14760194,0.07746647,-6.60235094,1.5176477,0.847382789,0.906618128,1.129616326,0.867843866,13.11.2023 14:13,A-1,3.81E-06,0.6,1.4,5.53,5.33,3.77,3.38,1.56,1.920015901,1.406558059,4.123441941,3.409984099,1.206558059,1.001849901,0.376991589,PM6_321136,BTP-4F-12 (Y12)_321125,xylene,Jonas_DonorAcceptor-NoWDonorWH2-AddInt-NewPTQ10BTP4F12-NoBG-ZnOCorr_PM6:BTP-4F-12 (Y12),Jonas_DonorAcceptor-NoWDonorWH2-AddInt-NewPTQ10BTP4F12-NoBG-ZnOCorr,0.307699185,24.10.2023 13:35,25289_187768_OD_x1y1,x1y1,0.006146545,0.6,1.4,1,1,1,0,0,0,0,1,0,0,0,0,2,1.995901596,0.077722159,2.162278987,0.707521888,9.03E-36,0.068883065,1.508631489,0.094150903,1.689167362,0.34612138,0.34301721,0.477647505,0.275362319,0.527560468,0.349804941,1.005207973,0.475172817,0.524827183,-0.00637,-0.0022,-0.00399,0.07126,0,-0.00028,-0.02412,0.00206,-0.01282,-0.00882,0.00041,-0.01217,0,0.00063,0,-0.01154,-0.00657
25290,PM6_321136,PM6,BTP-4F-12 (Y12)_321125,Y12,PM6-Y12,25290_A-1,xylene,0,23,2000,155.6745536,2.0013,0.0803,2.16583,0.62744,0.00711,0.06867,1.53288,0.09147,1.70188,0.28866,0.2789,0.39836,0.27536,0.42894,0.3498,0.8273,0.48152,0.51848,0.38,0.538,0.35,58.52467295,26.37225273,12.81880177,0.83054125,1.101902399,0.968900738,29.05964856,28.15591494,0.83054125,23.1666,0.7636,62.93,11.1324,3.20565273,0.06694125,-4.40532705,1.68640177,0.878446003,0.919400451,1.075272989,0.868443104,13.11.2023 14:15,A-1,8.11E-07,0.6,1.4,5.53,5.33,3.77,3.38,1.56,1.920015901,1.406558059,4.123441941,3.409984099,1.206558059,1.003027122,0.376016809,PM6_321136,BTP-4F-12 (Y12)_321125,xylene,Jonas_DonorAcceptor-NoWDonorWH2-AddInt-NewPTQ10BTP4F12-NoBG-ZnOCorr_PM6:BTP-4F-12 (Y12),Jonas_DonorAcceptor-NoWDonorWH2-AddInt-NewPTQ10BTP4F12-NoBG-ZnOCorr,0.306084085,24.10.2023 13:41,25290_187773_OD_x1y1,x1y1,0.006355631,0.6,1.4,1,1,1,0,0,0,0,1,0,0,0,0,3,1.995456869,0.078123862,2.162147526,0.704107668,0.001160651,0.068005502,1.510698156,0.093286949,1.689529436,0.285117522,0.279383032,0.393462181,0.275362319,0.429691102,0.349804941,0.823153283,0.477993818,0.522006182,-0.00584,-0.00217,-0.00368,0.07667,-0.00595,-0.00067,-0.02218,0.00182,-0.01235,-0.00355,0.00049,-0.00489,0,0.00075,0,-0.00414,-0.00352
25290,PM6_321136,PM6,BTP-4F-12 (Y12)_321125,Y12,PM6-Y12,25290_B-1,xylene,0,23,2000,156.6635552,2.00147,0.08033,2.16606,0.62571,0.00647,0.06845,1.53339,0.09138,1.70203,0.29086,0.28063,0.40139,0.27536,0.43162,0.3498,0.83301,0.48186,0.51814,0.38,0.538,0.35,58.39748995,26.383395,12.78568531,0.829849145,1.099646,0.968900738,29.01239478,28.11013072,0.829849145,23.6072,0.7644,62.51,11.279,2.776195,0.065449145,-4.11251005,1.50668531,0.894774914,0.921131274,1.070422719,0.882158424,13.11.2023 14:15,B-1,1.12E-06,0.6,0.6,5.53,5.33,3.77,3.38,1.56,1.920015901,1.406558059,4.123441941,3.409984099,1.206558059,1.002191281,0.376708914,PM6_321136,BTP-4F-12 (Y12)_321125,xylene,Jonas_DonorAcceptor-NoWDonorWH2-AddInt-NewPTQ10BTP4F12-NoBG-ZnOCorr_PM6:BTP-4F-12 (Y12),Jonas_DonorAcceptor-NoWDonorWH2-AddInt-NewPTQ10BTP4F12-NoBG-ZnOCorr,0.310578205,24.10.2023 13:41,25290_187773_OD_x1y2,x1y2,0.00647864,0.6,0.6,1,1,1,0,0,0,0,1,0,0,0,0,3,1.995683499,0.078213779,2.162216265,0.701665515,0.0021834,0.067833971,1.511058107,0.093250661,1.68953982,0.280235534,0.275420615,0.386725037,0.275362319,0.423596906,0.349804941,0.810321942,0.47724863,0.52275137,-0.00578,-0.00212,-0.00385,0.07595,-0.00428,-0.00062,-0.02233,0.00187,-0.01249,-0.01063,-0.00521,-0.01467,0,-0.00802,0,-0.02269,-0.00461
25290,PM6_321136,PM6,BTP-4F-12 (Y12)_321125,Y12,PM6-Y12,25290_B-3,xylene,0,23,2000,155.8518172,2.0017,0.08045,2.16627,0.62274,0.00675,0.06828,1.53404,0.09132,1.70231,0.28978,0.27915,0.3999,0.27536,0.42933,0.3498,0.82924,0.48225,0.51775,0.38,0.538,0.35,58.20494287,26.23225512,12.66127715,0.829243394,1.101581469,0.968900738,28.89696614,27.99829182,0.829243394,24.1148,0.7695,62.8,11.6529,2.11745512,0.059743394,-4.59505713,1.00837715,0.919280477,0.927954332,1.078946167,0.920357391,13.11.2023 14:15,B-3,1.35E-06,1.4,0.6,5.53,5.33,3.77,3.38,1.56,1.920015901,1.406558059,4.123441941,3.409984099,1.206558059,1.001459729,0.377314665,PM6_321136,BTP-4F-12 (Y12)_321125,xylene,Jonas_DonorAcceptor-NoWDonorWH2-AddInt-NewPTQ10BTP4F12-NoBG-ZnOCorr_PM6:BTP-4F-12 (Y12),Jonas_DonorAcceptor-NoWDonorWH2-AddInt-NewPTQ10BTP4F12-NoBG-ZnOCorr,0.306837822,24.10.2023 13:41,25290_187773_OD_x3y2,x3y2,0.006472004,1.4,0.6,1,1,1,0,0,0,0,1,0,0,0,0,3,1.995873118,0.078233161,2.162407781,0.699391534,0.001164488,0.067760749,1.511456658,0.093264547,1.689641999,0.28517988,0.279931443,0.393548235,0.275362319,0.43053456,0.349804941,0.824082794,0.477559096,0.522440904,-0.00583,-0.00222,-0.00386,0.07665,-0.00558,-0.00052,-0.02258,0.00195,-0.01266,-0.0046,0.00078,-0.00635,0,0.0012,0,-0.00515,-0.00469
25290,PM6_321136,PM6,BTP-4F-12 (Y12)_321125,Y12,PM6-Y12,25290_A-3,xylene,0,23,2000,150.818988,2.00132,0.0806,2.16605,0.61615,0.01021,0.06895,1.53257,0.09165,1.7018,0.28029,0.27039,0.3868,0.27536,0.41587,0.3498,0.80266,0.48189,0.51811,0.38,0.538,0.35,57.76419676,25.99830155,12.44292373,0.828550004,1.114012273,0.968900738,28.962427,28.0617169,0.828550004,23.727,0.7692,62.51,11.4101,2.27130155,0.059350004,-4.74580324,1.03282373,0.912636541,0.928368833,1.082158214,0.916995093,13.11.2023 14:15,A-3,1.30E-06,1.4,1.4,5.53,5.33,3.77,3.38,1.56,1.920015901,1.406558059,4.123441941,3.409984099,1.206558059,1.000622336,0.378008055,PM6_321136,BTP-4F-12 (Y12)_321125,xylene,Jonas_DonorAcceptor-NoWDonorWH2-AddInt-NewPTQ10BTP4F12-NoBG-ZnOCorr_PM6:BTP-4F-12 (Y12),Jonas_DonorAcceptor-NoWDonorWH2-AddInt-NewPTQ10BTP4F12-NoBG-ZnOCorr,0.285261404,24.10.2023 13:41,25290_187773_OD_x3y1,x3y1,0.006466973,1.4,1.4,1,1,1,0,0,0,0,1,0,0,0,0,3,1.995909548,0.077829925,2.162282013,0.714024667,0.001994748,0.068834737,1.511333108,0.093735453,1.690973269,0.295903189,0.289141197,0.408346401,0.275362319,0.444699162,0.349804941,0.853045562,0.478692369,0.521307631,-0.00541,-0.00277,-0.00377,0.09787,-0.00822,-0.00011,-0.02123,0.00208,-0.01083,0.01561,0.01875,0.02155,0,0.02883,0,0.05038,-0.0032
25291,PM6_321136,PM6,BTP-4F-12 (Y12)_321125,Y12,PM6-Y12,25291_A-1,xylene,0,23,1000,234.032665,2.00366,0.07985,2.16743,0.63261,0.00742,0.07169,1.53076,0.09372,1.702,0.4272,0.41838,0.58954,0.27536,0.64346,0.3498,1.233,0.47813,0.52187,0.38,0.538,0.35,46.56550351,25.63623761,9.789595369,0.820060984,0.976058129,0.968900738,25.02245811,24.24427813,0.820060984,26.1503,0.7043,50.81,9.359,-0.51406239,0.115760984,-4.24449649,0.430595369,1.020052178,0.858838567,1.091151092,0.956014998,13.11.2023 14:18,A-1,2.80E-06,0.6,1.4,5.53,5.33,3.77,3.38,1.56,1.920015901,1.406558059,4.123441941,3.409984099,1.206558059,0.990370326,0.386497075,PM6_321136,BTP-4F-12 (Y12)_321125,xylene,Jonas_DonorAcceptor-NoWDonorWH2-AddInt-NewPTQ10BTP4F12-NoBG-ZnOCorr_PM6:BTP-4F-12 (Y12),Jonas_DonorAcceptor-NoWDonorWH2-AddInt-NewPTQ10BTP4F12-NoBG-ZnOCorr,0.248669841,24.10.2023 13:47,25291_187774_OD_x1y1,x1y1,0.00645646,0.6,1.4,1,1,1,0,0,0,0,1,0,0,0,0,4,1.998960901,0.078160776,2.164185565,0.683506747,0.009680041,0.069658799,1.511482598,0.094767386,1.690544542,0.421726327,0.424783154,0.581982331,0.275362319,0.65331649,0.349804941,1.235298821,0.47112676,0.52887324,-0.0047,-0.00169,-0.00324,0.0509,0.00226,-0.00203,-0.01927,0.00105,-0.01145,-0.00548,0.00641,-0.00756,0,0.00985,0,0.0023,-0.00701
25291,PM6_321136,PM6,BTP-4F-12 (Y12)_321125,Y12,PM6-Y12,25291_B-1,xylene,0,23,1000,234.6855141,2.00377,0.07992,2.16752,0.63051,0.00742,0.07143,1.53124,0.09367,1.70205,0.42907,0.41926,0.59211,0.27536,0.64482,0.3498,1.23693,0.47869,0.52131,0.38,0.538,0.35,46.55947455,25.64821416,9.768586131,0.818024872,0.975512591,0.968900738,25.02015584,24.24204746,0.818024872,26.6636,0.7697,55.46,11.3814,-1.01538584,0.048324872,-8.90052545,-1.612813869,1.039588949,0.940924936,1.191164646,1.165102078,13.11.2023 14:18,B-1,3.33E-06,0.6,0.6,5.53,5.33,3.77,3.38,1.56,1.920015901,1.406558059,4.123441941,3.409984099,1.206558059,0.987911357,0.388533187,PM6_321136,BTP-4F-12 (Y12)_321125,xylene,Jonas_DonorAcceptor-NoWDonorWH2-AddInt-NewPTQ10BTP4F12-NoBG-ZnOCorr_PM6:BTP-4F-12 (Y12),Jonas_DonorAcceptor-NoWDonorWH2-AddInt-NewPTQ10BTP4F12-NoBG-ZnOCorr,0.244799737,24.10.2023 13:47,25291_187774_OD_x1y2,x1y2,0.00628363,0.6,0.6,1,1,1,0,0,0,0,1,0,0,0,0,4,1.99916894,0.078287053,2.164301815,0.682290516,0.008038489,0.069637852,1.512513505,0.094680864,1.691071511,0.41182128,0.415407648,0.568313367,0.275362319,0.638896963,0.349804941,1.20721033,0.470765825,0.529234175,-0.0046,-0.00164,-0.00322,0.05178,0.00062,-0.0018,-0.01873,0.00101,-0.01098,-0.01724,-0.00385,-0.0238,0,-0.00593,0,-0.02972,-0.00793
25291,PM6_321136,PM6,BTP-4F-12 (Y12)_321125,Y12,PM6-Y12,25291_A-3,xylene,0,23,1000,232.3002908,2.0037,0.07998,2.16748,0.62952,0.0065,0.07124,1.5315,0.09357,1.70209,0.42483,0.41535,0.58627,0.27536,0.63881,0.3498,1.22508,0.47856,0.52144,0.38,0.538,0.35,46.59625217,24.99811604,9.555223511,0.820318647,0.978314902,0.968900738,24.45602944,23.69546498,0.820318647,25.7951,0.7689,54.82,10.8717,-0.79698396,0.051418647,-8.22374783,-1.316476489,1.031881761,0.937318691,1.17648947,1.137775583,13.11.2023 14:18,A-3,2.99E-06,1.4,1.4,5.53,5.33,3.77,3.38,1.56,1.920015901,1.406558059,4.123441941,3.409984099,1.206558059,0.9906815,0.386239412,PM6_321136,BTP-4F-12 (Y12)_321125,xylene,Jonas_DonorAcceptor-NoWDonorWH2-AddInt-NewPTQ10BTP4F12-NoBG-ZnOCorr_PM6:BTP-4F-12 (Y12),Jonas_DonorAcceptor-NoWDonorWH2-AddInt-NewPTQ10BTP4F12-NoBG-ZnOCorr,0.250324779,24.10.2023 13:47,25291_187774_OD_x3y1,x3y1,0.006197032,1.4,1.4,1,1,1,0,0,0,0,1,0,0,0,0,4,1.999002334,0.078176594,2.164195445,0.684905647,0.008477213,0.069612109,1.511999591,0.094737591,1.690763921,0.414211687,0.417749133,0.571612128,0.275362319,0.642498167,0.349804941,1.214110295,0.470807414,0.529192586,-0.0047,-0.00181,-0.00329,0.05539,0.00197,-0.00163,-0.0195,0.00117,-0.01133,-0.01062,0.0024,-0.01466,0,0.00369,0,-0.01097,-0.00775
25291,PM6_321136,PM6,BTP-4F-12 (Y12)_321125,Y12,PM6-Y12,25291_B-2,xylene,0,23,1000,234.9216856,2.00375,0.07992,2.1674,0.63109,0.00758,0.07135,1.53147,0.09359,1.70215,0.42878,0.42015,0.59172,0.27536,0.64618,0.3498,1.2379,0.478,0.522,0.38,0.538,0.35,46.00570179,25.11270772,9.44318185,0.817359568,0.97542954,0.968900738,24.49567693,23.73387946,0.817359568,26.3466,0.765,54.48,10.9797,-1.23389228,0.052359568,-8.47429821,-1.53651815,1.049134179,0.935940595,1.184201042,1.162711909,13.11.2023 14:18,B-2,2.71E-06,1,0.6,5.53,5.33,3.77,3.38,1.56,1.920015901,1.406558059,4.123441941,3.409984099,1.206558059,0.987107883,0.389198491,PM6_321136,BTP-4F-12 (Y12)_321125,xylene,Jonas_DonorAcceptor-NoWDonorWH2-AddInt-NewPTQ10BTP4F12-NoBG-ZnOCorr_PM6:BTP-4F-12 (Y12),Jonas_DonorAcceptor-NoWDonorWH2-AddInt-NewPTQ10BTP4F12-NoBG-ZnOCorr,0.240666317,24.10.2023 13:47,25291_187774_OD_x2y2,x2y2,0.006327935,1,0.6,1,1,1,0,0,0,0,1,0,0,0,0,4,1.999207676,0.078295503,2.164294511,0.683263738,0.008800089,0.069576459,1.512214412,0.094748592,1.69080214,0.416245051,0.420065181,0.57441817,0.275362319,0.646060248,0.349804941,1.220478419,0.470651248,0.529348752,-0.00454,-0.00162,-0.0031,0.05217,0.00122,-0.00177,-0.01925,0.00116,-0.01135,-0.01254,-0.00008,-0.0173,0,-0.00012,0,-0.01743,-0.00735
25292,PM6_321136,PM6,BTP-4F-12 (Y12)_321125,Y12,PM6-Y12,25292_B-3,xylene,2,23,1000,236.2816979,1.99863,0.07851,2.16398,0.67494,0.00696,0.06913,1.51261,0.0943,1.69018,0.4185,0.42404,0.57753,0.27536,0.65217,0.3498,1.2297,0.46965,0.53035,0.38,0.538,0.35,47.46906613,25.77554762,9.775360003,0.798940012,0.975586281,0.968900738,25.14627064,24.36424019,0.798940012,24.279,0.7524,56.45,10.3117,1.49654762,0.046540012,-8.98093387,-0.536339997,0.94193925,0.941747802,1.189195504,1.054866521,13.11.2023 14:20,B-3,8.88E-07,1.4,0.6,5.53,5.33,3.77,3.38,1.56,1.920015901,1.406558059,4.123441941,3.409984099,1.206558059,0.964862974,0.407618047,PM6_321136,BTP-4F-12 (Y12)_321125,xylene,Jonas_DonorAcceptor-NoWDonorWH2-AddInt-NewPTQ10BTP4F12-NoBG-ZnOCorr_PM6:BTP-4F-12 (Y12),Jonas_DonorAcceptor-NoWDonorWH2-AddInt-NewPTQ10BTP4F12-NoBG-ZnOCorr,0.347499102,24.10.2023 13:52,25292_187775_OD_x3y2,x3y2,0.007741841,1.4,0.6,1,1,1,0,0,0,0,1,0,0,0,0,5,1.997587474,0.077983586,2.16332926,0.692048352,0.007265454,0.069804342,1.509075922,0.094844287,1.689492756,0.412159064,0.416195939,0.568779508,0.275362319,0.640109354,0.349804941,1.208888862,0.470497766,0.529502234,-0.00105,-0.00052,-0.00065,0.0171,0.0003,0.00068,-0.00353,0.00055,-0.00069,-0.00634,-0.00784,-0.00875,0,-0.01206,0,-0.02081,0.00085
25292,PM6_321136,PM6,BTP-4F-12 (Y12)_321125,Y12,PM6-Y12,25292_A-3,xylene,2,23,1000,234.933305,1.99856,0.07846,2.16389,0.67614,0.00673,0.06915,1.51263,0.09432,1.69021,0.41562,0.42205,0.57356,0.27536,0.64911,0.3498,1.22267,0.4691,0.5309,0.38,0.538,0.35,47.66726647,24.93986821,9.541904495,0.802639749,0.97711891,0.968900738,24.36921684,23.61135219,0.802639749,23.4157,0.758,55.89,9.9205,1.52416821,0.044639749,-8.22273353,-0.378595505,0.938886276,0.94438383,1.172502729,1.039677143,13.11.2023 14:20,A-3,1.21E-06,1.4,1.4,5.53,5.33,3.77,3.38,1.56,1.920015901,1.406558059,4.123441941,3.409984099,1.206558059,0.969331069,0.40391831,PM6_321136,BTP-4F-12 (Y12)_321125,xylene,Jonas_DonorAcceptor-NoWDonorWH2-AddInt-NewPTQ10BTP4F12-NoBG-ZnOCorr_PM6:BTP-4F-12 (Y12),Jonas_DonorAcceptor-NoWDonorWH2-AddInt-NewPTQ10BTP4F12-NoBG-ZnOCorr,0.338387242,24.10.2023 13:52,25292_187775_OD_x3y1,x3y1,0.007503097,1.4,1.4,1,1,1,0,0,0,0,1,0,0,0,0,5,1.997928172,0.077964374,2.163467242,0.691149422,0.007015271,0.069816731,1.509514023,0.09487933,1.689710961,0.410794082,0.415761988,0.566895833,0.275362319,0.639441938,0.349804941,1.206337771,0.469931264,0.530068736,-0.00063,-0.0005,-0.00042,0.01501,0.00029,0.00066,-0.00311,0.00056,-0.0005,-0.00483,-0.00629,-0.00666,0,-0.00967,0,-0.01633,0.00083
25292,PM6_321136,PM6,BTP-4F-12 (Y12)_321125,Y12,PM6-Y12,25292_A-2,xylene,2,23,1000,239.9985605,1.99861,0.07831,2.16407,0.67447,0.0085,0.06916,1.51263,0.09426,1.69027,0.42408,0.43103,0.58523,0.27536,0.66293,0.3498,1.24816,0.46887,0.53113,0.38,0.538,0.35,47.26142822,25.09869849,9.524835579,0.80297023,0.9717111,0.968900738,24.38868392,23.63021386,0.80297023,23.5182,0.7585,55.11,9.8315,1.58049849,0.04447023,-7.84857178,-0.306664421,0.937028667,0.944617835,1.166067173,1.032196296,13.11.2023 14:20,A-2,1.53E-06,1,1.4,5.53,5.33,3.77,3.38,1.56,1.920015901,1.406558059,4.123441941,3.409984099,1.206558059,0.969730184,0.403587829,PM6_321136,BTP-4F-12 (Y12)_321125,xylene,Jonas_DonorAcceptor-NoWDonorWH2-AddInt-NewPTQ10BTP4F12-NoBG-ZnOCorr_PM6:BTP-4F-12 (Y12),Jonas_DonorAcceptor-NoWDonorWH2-AddInt-NewPTQ10BTP4F12-NoBG-ZnOCorr,0.351105384,24.10.2023 13:52,25292_187775_OD_x2y1,x2y1,0.008363862,1,1.4,1,1,1,0,0,0,0,1,0,0,0,0,5,1.997949211,0.078009309,2.163499269,0.690704015,0.007177988,0.069753948,1.509851298,0.094814301,1.689835735,0.4108373,0.414916343,0.566955475,0.275362319,0.638141335,0.349804941,1.20509681,0.470465221,0.529534779,-0.00066,-0.0003,-0.00057,0.01623,-0.00132,0.00059,-0.00278,0.00055,-0.00043,-0.01324,-0.01612,-0.01827,0,-0.02479,0,-0.04306,0.00159
25292,PM6_321136,PM6,BTP-4F-12 (Y12)_321125,Y12,PM6-Y12,25292_B-1,xylene,2,23,1000,238.5674806,1.99868,0.07848,2.16402,0.6752,0.00787,0.06913,1.51249,0.09436,1.69008,0.42189,0.42824,0.58221,0.27536,0.65864,0.3498,1.24085,0.4692,0.5308,0.38,0.538,0.35,47.18185744,25.07071573,9.473427112,0.800876133,0.973167257,0.968900738,24.39799966,23.63923988,0.800876133,24.2749,0.7608,54.76,10.1133,0.79581573,0.040076133,-7.57814256,-0.639872888,0.96825716,0.949959636,1.160615605,1.067543971,13.11.2023 14:20,B-1,8.61E-07,0.6,0.6,5.53,5.33,3.77,3.38,1.56,1.920015901,1.406558059,4.123441941,3.409984099,1.206558059,0.967201187,0.405681926,PM6_321136,BTP-4F-12 (Y12)_321125,xylene,Jonas_DonorAcceptor-NoWDonorWH2-AddInt-NewPTQ10BTP4F12-NoBG-ZnOCorr_PM6:BTP-4F-12 (Y12),Jonas_DonorAcceptor-NoWDonorWH2-AddInt-NewPTQ10BTP4F12-NoBG-ZnOCorr,0.349190915,24.10.2023 13:52,25292_187775_OD_x1y2,x1y2,0.007985071,0.6,0.6,1,1,1,0,0,0,0,1,0,0,0,0,5,1.99802231,0.078070709,2.163662688,0.68955073,0.007430547,0.069742116,1.509660845,0.094814936,1.689730168,0.411998273,0.41646911,0.568557616,0.275362319,0.640529492,0.349804941,1.209087108,0.470237101,0.529762899,-0.00066,-0.00041,-0.00036,0.01435,-0.00044,0.00061,-0.00283,0.00045,-0.00035,-0.00989,-0.01177,-0.01365,0,-0.01811,0,-0.03176,0.00103
25293,PM6_321136,PM6,BTP-4F-12 (Y12)_321125,Y12,PM6-Y12,25293_A-1,xylene,0,23,3000,121.7282892,2.00216,0.0813,2.16671,0.58276,0.03086,0.07055,1.53166,0.09371,1.70172,0.22106,0.22375,0.30506,0.27536,0.34412,0.3498,0.64918,0.46992,0.53008,0.38,0.538,0.35,64.20366582,26.51396567,14.26294872,0.837866459,1.211696825,0.968900738,32.12688803,31.12776553,0.837866459,0.0014,0.715,18.12,0.0002,26.51256567,0.122866459,46.08366582,14.26274872,5.28E-05,0.853357945,0.282226875,1.40E-05,13.11.2023 14:23,A-1,2.61E-06,0.6,1.4,5.53,5.33,3.77,3.38,1.56,1.920015901,1.406558059,4.123441941,3.409984099,1.206558059,1.011873622,0.3686916,PM6_321136,BTP-4F-12 (Y12)_321125,xylene,Jonas_DonorAcceptor-NoWDonorWH2-AddInt-NewPTQ10BTP4F12-NoBG-ZnOCorr_PM6:BTP-4F-12 (Y12),Jonas_DonorAcceptor-NoWDonorWH2-AddInt-NewPTQ10BTP4F12-NoBG-ZnOCorr,0.143576815,24.10.2023 13:58,25293_187776_OD_x1y1,x1y1,0.007493047,0.6,1.4,1,1,1,0,0,0,0,1,0,0,0,0,6,1.995990424,0.079087709,2.162501296,0.669514944,0.026674731,0.068980098,1.510314445,0.094469426,1.689837136,0.214167928,0.218198571,0.29555174,0.275362319,0.335589402,0.349804941,0.631141142,0.468281531,0.531718469,-0.00617,-0.00221,-0.00421,0.08675,-0.00418,-0.00157,-0.02135,0.00076,-0.01188,-0.00689,-0.00555,-0.00951,0,-0.00853,0,-0.01804,-0.00164
25293,PM6_321136,PM6,BTP-4F-12 (Y12)_321125,Y12,PM6-Y12,25293_B-1,xylene,0,23,3000,120.8035997,2.00211,0.08125,2.1666,0.5841,0.03145,0.07067,1.53129,0.09385,1.70144,0.21906,0.22229,0.3023,0.27536,0.34188,0.3498,0.64418,0.46928,0.53072,0.38,0.538,0.35,63.87961404,26.60688785,14.23015368,0.837246282,1.215693018,0.968900738,32.34580779,31.33987704,0.837246282,24.5273,0.7766,63.01,12.0025,2.07958785,0.060646282,0.86961404,2.22765368,0.921840244,0.927564585,0.986386674,0.843455403,13.11.2023 14:23,B-1,2.77E-06,0.6,0.6,5.53,5.33,3.77,3.38,1.56,1.920015901,1.406558059,4.123441941,3.409984099,1.206558059,1.011124647,0.369311777,PM6_321136,BTP-4F-12 (Y12)_321125,xylene,Jonas_DonorAcceptor-NoWDonorWH2-AddInt-NewPTQ10BTP4F12-NoBG-ZnOCorr_PM6:BTP-4F-12 (Y12),Jonas_DonorAcceptor-NoWDonorWH2-AddInt-NewPTQ10BTP4F12-NoBG-ZnOCorr,0.141595271,24.10.2023 13:58,25293_187776_OD_x1y2,x1y2,0.007564093,0.6,0.6,1,1,1,0,0,0,0,1,0,0,0,0,6,1.996233702,0.079154581,2.162657,0.668018924,0.028132707,0.06901436,1.510185875,0.094693474,1.689707787,0.208991693,0.21424056,0.288408537,0.275362319,0.329501982,0.349804941,0.617910519,0.466748061,0.533251939,-0.00588,-0.00209,-0.00394,0.08392,-0.00332,-0.00166,-0.0211,0.00084,-0.01173,-0.01007,-0.00805,-0.01389,0,-0.01238,0,-0.02627,-0.00253
25293,PM6_321136,PM6,BTP-4F-12 (Y12)_321125,Y12,PM6-Y12,25293_B-3,xylene,0,23,3000,121.4094307,2.00232,0.08127,2.16672,0.58435,0.03092,0.07025,1.53226,0.09355,1.7018,0.22082,0.22295,0.30473,0.27536,0.3429,0.3498,0.64763,0.47053,0.52947,0.38,0.538,0.35,63.55065007,26.48936404,14.08774223,0.836854329,1.212798437,0.968900738,32.12625929,31.12715635,0.836854329,24.2997,0.7728,64.12,12.0416,2.18966404,0.064054329,-0.56934993,2.04614223,0.917337991,0.923458209,1.008958995,0.854757264,13.11.2023 14:23,B-3,9.36E-07,1.4,0.6,5.53,5.33,3.77,3.38,1.56,1.920015901,1.406558059,4.123441941,3.409984099,1.206558059,1.010651294,0.36970373,PM6_321136,BTP-4F-12 (Y12)_321125,xylene,Jonas_DonorAcceptor-NoWDonorWH2-AddInt-NewPTQ10BTP4F12-NoBG-ZnOCorr_PM6:BTP-4F-12 (Y12),Jonas_DonorAcceptor-NoWDonorWH2-AddInt-NewPTQ10BTP4F12-NoBG-ZnOCorr,0.143940702,24.10.2023 13:58,25293_187776_OD_x3y2,x3y2,0.007579821,1.4,0.6,1,1,1,0,0,0,0,1,0,0,0,0,6,1.996040289,0.079041544,2.162452805,0.673595961,0.026787554,0.068844663,1.509974737,0.094522324,1.6893424,0.212852643,0.217213517,0.293736647,0.275362319,0.334074389,0.349804941,0.627811036,0.467874297,0.532125703,-0.00628,-0.00223,-0.00427,0.08924,-0.00413,-0.00141,-0.02228,0.00097,-0.01245,-0.00797,-0.00574,-0.011,0,-0.00882,0,-0.01982,-0.00266
25293,PM6_321136,PM6,BTP-4F-12 (Y12)_321125,Y12,PM6-Y12,25293_B-2,xylene,0,23,3000,118.4221595,2.00223,0.08148,2.16689,0.57777,0.03263,0.0706,1.53071,0.09382,1.70122,0.21462,0.21845,0.29617,0.27536,0.33597,0.3498,0.63214,0.46852,0.53148,0.38,0.538,0.35,62.91671533,26.49582722,13.94124628,0.836292255,1.226273678,0.968900738,32.49113549,31.48068516,0.836292255,24.1691,0.7733,62.26,11.6356,2.32672722,0.062992255,0.65671533,2.30564628,0.912185145,0.924676745,0.989562149,0.834616918,13.11.2023 14:23,B-2,1.07E-06,1,0.6,5.53,5.33,3.77,3.38,1.56,1.920015901,1.406558059,4.123441941,3.409984099,1.206558059,1.009972489,0.370265804,PM6_321136,BTP-4F-12 (Y12)_321125,xylene,Jonas_DonorAcceptor-NoWDonorWH2-AddInt-NewPTQ10BTP4F12-NoBG-ZnOCorr_PM6:BTP-4F-12 (Y12),Jonas_DonorAcceptor-NoWDonorWH2-AddInt-NewPTQ10BTP4F12-NoBG-ZnOCorr,0.133916373,24.10.2023 13:58,25293_187776_OD_x2y2,x2y2,0.007579163,1,0.6,1,1,1,0,0,0,0,1,0,0,0,0,6,1.996136995,0.079098062,2.162554902,0.670807442,0.027460131,0.068929511,1.510080306,0.094607899,1.689525094,0.210922168,0.215727039,0.291072592,0.275362319,0.331788186,0.349804941,0.622860778,0.467311179,0.532688821,-0.0061,-0.00238,-0.00433,0.09304,-0.00517,-0.00167,-0.02063,0.00079,-0.01169,-0.00369,-0.00272,-0.0051,0,-0.00418,0,-0.00928,-0.00121
25294,PM6_321136,PM6,BTP-4F-12 (Y12)_321125,Y12,PM6-Y12,25294_B-3,xylene,2,23,3000,122.0333665,1.99667,0.0795,2.16291,0.63546,0.02696,0.06873,1.51246,0.09448,1.6901,0.21488,0.22479,0.29653,0.27536,0.34573,0.3498,0.64226,0.4617,0.5383,0.38,0.538,0.35,65.45359496,27.31544094,14.51729362,0.811977398,1.217016809,0.968900738,33.24335078,32.20950711,0.811977398,23.5562,0.7698,64.81,11.7529,3.75924094,0.042177398,0.64359496,2.76439362,0.862376707,0.948055946,0.990167156,0.809579272,13.11.2023 14:26,B-3,1.28E-06,1.4,0.6,5.53,5.33,3.77,3.38,1.56,1.920015901,1.406558059,4.123441941,3.409984099,1.206558059,0.98060795,0.394580661,PM6_321136,BTP-4F-12 (Y12)_321125,xylene,Jonas_DonorAcceptor-NoWDonorWH2-AddInt-NewPTQ10BTP4F12-NoBG-ZnOCorr_PM6:BTP-4F-12 (Y12),Jonas_DonorAcceptor-NoWDonorWH2-AddInt-NewPTQ10BTP4F12-NoBG-ZnOCorr,0.213776657,24.10.2023 14:04,25294_187777_OD_x3y2,x3y2,0.007520013,1.4,0.6,1,1,1,0,0,0,0,1,0,0,0,0,7,1.995482953,0.079023171,2.162245572,0.673397559,0.026267497,0.069301896,1.509538777,0.094486559,1.689918804,0.212604519,0.215800654,0.293394236,0.275362319,0.331901405,0.349804941,0.625295641,0.469208829,0.530791171,-0.00118,-0.00048,-0.00066,0.03794,-0.00069,0.00057,-0.00292,0.00001,-0.00019,-0.00227,-0.00899,-0.00314,0,-0.01382,0,-0.01696,0.00751
25294,PM6_321136,PM6,BTP-4F-12 (Y12)_321125,Y12,PM6-Y12,25294_A-3,xylene,2,23,3000,122.0787633,1.99649,0.07946,2.16274,0.63544,0.02723,0.0687,1.51242,0.09444,1.69009,0.21497,0.22477,0.29666,0.27536,0.34569,0.3498,0.64235,0.46184,0.53816,0.38,0.538,0.35,65.61853726,27.12892196,14.47151232,0.812933157,1.216842322,0.968900738,33.0116204,31.98498337,0.812933157,22.8435,0.7685,64.6,11.3409,4.28542196,0.044433157,1.01853726,3.13061232,0.842034934,0.945342177,0.984477904,0.783670687,13.11.2023 14:26,A-3,1.76E-06,1.4,1.4,5.53,5.33,3.77,3.38,1.56,1.920015901,1.406558059,4.123441941,3.409984099,1.206558059,0.9817622,0.393624902,PM6_321136,BTP-4F-12 (Y12)_321125,xylene,Jonas_DonorAcceptor-NoWDonorWH2-AddInt-NewPTQ10BTP4F12-NoBG-ZnOCorr_PM6:BTP-4F-12 (Y12),Jonas_DonorAcceptor-NoWDonorWH2-AddInt-NewPTQ10BTP4F12-NoBG-ZnOCorr,0.213556889,24.10.2023 14:04,25294_187777_OD_x3y1,x3y1,0.007571505,1.4,1.4,1,1,1,0,0,0,0,1,0,0,0,0,7,1.995471782,0.078839828,2.162014177,0.681380465,0.025521765,0.069409486,1.509219893,0.094600025,1.68988931,0.214778641,0.218874842,0.296394524,0.275362319,0.336629507,0.349804941,0.633024031,0.46822002,0.53177998,-0.00102,-0.00062,-0.00073,0.04594,-0.00171,0.00071,-0.0032,0.00016,-0.00021,-0.00019,-0.00589,-0.00027,0,-0.00906,0,-0.00933,0.00638
25294,PM6_321136,PM6,BTP-4F-12 (Y12)_321125,Y12,PM6-Y12,25294_B-1,xylene,2,23,3000,123.1488306,1.99662,0.07952,2.16284,0.63442,0.02652,0.06866,1.51248,0.09438,1.6901,0.21698,0.22665,0.29943,0.27536,0.34858,0.3498,0.64801,0.46207,0.53793,0.38,0.538,0.35,64.61506258,27.5619867,14.44125402,0.810887525,1.21240681,0.968900738,33.41634037,32.37711685,0.810887525,24.1263,0.768,64.54,11.9591,3.4356867,0.042887525,0.07506258,2.48215402,0.875346914,0.94711039,0.998838311,0.828120604,13.11.2023 14:26,B-1,1.30E-06,0.6,0.6,5.53,5.33,3.77,3.38,1.56,1.920015901,1.406558059,4.123441941,3.409984099,1.206558059,0.979291733,0.395670534,PM6_321136,BTP-4F-12 (Y12)_321125,xylene,Jonas_DonorAcceptor-NoWDonorWH2-AddInt-NewPTQ10BTP4F12-NoBG-ZnOCorr_PM6:BTP-4F-12 (Y12),Jonas_DonorAcceptor-NoWDonorWH2-AddInt-NewPTQ10BTP4F12-NoBG-ZnOCorr,0.217746937,24.10.2023 14:04,25294_187777_OD_x1y2,x1y2,0.007601454,0.6,0.6,1,1,1,0,0,0,0,1,0,0,0,0,7,1.995655694,0.078994889,2.162298461,0.673249957,0.026201704,0.069153311,1.509268847,0.094559127,1.689453546,0.212800628,0.216604685,0.293664866,0.275362319,0.333138006,0.349804941,0.626802872,0.468512317,0.531487683,-0.00096,-0.00052,-0.00054,0.03883,-0.00032,0.0005,-0.00321,0.00018,-0.00065,-0.00418,-0.01004,-0.00576,0,-0.01544,0,-0.02121,0.00644
25294,PM6_321136,PM6,BTP-4F-12 (Y12)_321125,Y12,PM6-Y12,25294_A-1,xylene,2,23,3000,123.5719936,1.99637,0.07951,2.16262,0.63494,0.02675,0.0686,1.5124,0.09436,1.69003,0.21769,0.22733,0.30041,0.27536,0.34964,0.3498,0.65004,0.46213,0.53787,0.38,0.538,0.35,64.52362597,27.4401703,14.3706936,0.811656297,1.210855404,0.968900738,33.22607849,32.19277198,0.811656297,0.0061,0.7623,15.73,0.0007,27.4340703,0.049356297,48.79362597,14.3699936,0.000222302,0.939190644,0.243786671,4.87E-05,13.11.2023 14:26,A-1,1.89E-06,0.6,1.4,5.53,5.33,3.77,3.38,1.56,1.920015901,1.406558059,4.123441941,3.409984099,1.206558059,0.980220163,0.394901762,PM6_321136,BTP-4F-12 (Y12)_321125,xylene,Jonas_DonorAcceptor-NoWDonorWH2-AddInt-NewPTQ10BTP4F12-NoBG-ZnOCorr_PM6:BTP-4F-12 (Y12),Jonas_DonorAcceptor-NoWDonorWH2-AddInt-NewPTQ10BTP4F12-NoBG-ZnOCorr,0.220700761,24.10.2023 14:04,25294_187777_OD_x1y1,x1y1,0.007629583,0.6,1.4,1,1,1,0,0,0,0,1,0,0,0,0,7,1.995461299,0.078842062,2.162069356,0.677394347,0.026258358,0.069421691,1.509035702,0.094653062,1.6896773,0.212093549,0.216620468,0.292689098,0.275362319,0.33316228,0.349804941,0.625851378,0.467665501,0.532334499,-0.0009,-0.00066,-0.00055,0.04245,-0.00049,0.00083,-0.00337,0.0003,-0.00035,-0.00559,-0.01071,-0.00772,0,-0.01648,0,-0.02419,0.00553
25295,PM6_321136,PM6,BTP-4F-12 (Y12)_321125,Y12,PM6-Y12,25295_A-1,xylene,1,23,2000,159.0785026,1.99686,0.07899,2.16291,0.66695,0.00246,0.06712,1.51469,0.09271,1.69031,0.28575,0.28644,0.39434,0.27536,0.44055,0.3498,0.83489,0.47232,0.52768,0.38,0.538,0.35,60.74434452,26.3726948,13.04221766,0.814124988,1.098290403,0.968900738,28.96487761,28.0640913,0.814124988,0.003,0.935,12.16,0.0003,26.3696948,-0.120875012,48.58434452,13.04191766,0.000113754,1.148472303,0.200183245,2.30E-05,13.11.2023 14:29,A-1,1.13E-06,0.6,1.4,5.53,5.33,3.77,3.38,1.56,1.920015901,1.406558059,4.123441941,3.409984099,1.206558059,0.983201549,0.392433071,PM6_321136,BTP-4F-12 (Y12)_321125,xylene,Jonas_DonorAcceptor-NoWDonorWH2-AddInt-NewPTQ10BTP4F12-NoBG-ZnOCorr_PM6:BTP-4F-12 (Y12),Jonas_DonorAcceptor-NoWDonorWH2-AddInt-NewPTQ10BTP4F12-NoBG-ZnOCorr,0.373084022,24.10.2023 14:10,25295_187786_OD_x1y1,x1y1,0.0060861,0.6,1.4,1,1,1,0,0,0,0,1,0,0,0,0,8,1.995886533,0.078285507,2.162342329,0.699650344,0.00062046,0.067681414,1.512061019,0.09311973,1.690123393,0.284968995,0.28010783,0.393257214,0.275362319,0.430805843,0.349804941,0.824063056,0.477217381,0.522782619,-0.00097,-0.0007,-0.00057,0.0327,-0.00184,0.00056,-0.00263,0.00041,-0.00019,-0.00078,-0.00634,-0.00108,0,-0.00974,0,-0.01082,0.00489
25295,PM6_321136,PM6,BTP-4F-12 (Y12)_321125,Y12,PM6-Y12,25295_B-1,xylene,1,23,2000,159.1422743,1.99689,0.0789,2.16296,0.66676,0.00211,0.06717,1.51473,0.09271,1.69036,0.28622,0.28638,0.39499,0.27536,0.44045,0.3498,0.83543,0.4728,0.5272,0.38,0.538,0.35,60.58565021,26.35799178,12.97418221,0.812452355,1.098013878,0.968900738,28.94144077,28.04138333,0.812452355,23.7931,0.7776,63.04,11.6648,2.56489178,0.034852355,-2.45434979,1.30938221,0.902690167,0.957102278,1.040510414,0.899077862,13.11.2023 14:29,B-1,9.37E-07,0.6,0.6,5.53,5.33,3.77,3.38,1.56,1.920015901,1.406558059,4.123441941,3.409984099,1.206558059,0.981181546,0.394105704,PM6_321136,BTP-4F-12 (Y12)_321125,xylene,Jonas_DonorAcceptor-NoWDonorWH2-AddInt-NewPTQ10BTP4F12-NoBG-ZnOCorr_PM6:BTP-4F-12 (Y12),Jonas_DonorAcceptor-NoWDonorWH2-AddInt-NewPTQ10BTP4F12-NoBG-ZnOCorr,0.373336242,24.10.2023 14:10,25295_187786_OD_x1y2,x1y2,0.006008042,0.6,0.6,1,1,1,0,0,0,0,1,0,0,0,0,8,1.996207806,0.078423695,2.162505774,0.69859643,0.001079603,0.067593115,1.513188951,0.093008366,1.690629983,0.282373844,0.277528397,0.389675905,0.275362319,0.426838674,0.349804941,0.816514579,0.477243046,0.522756954,-0.00069,-0.00048,-0.00045,0.03184,-0.00103,0.00043,-0.00154,0.0003,0.00027,-0.00385,-0.00885,-0.00531,0,-0.01361,0,-0.01892,0.00445
25295,PM6_321136,PM6,BTP-4F-12 (Y12)_321125,Y12,PM6-Y12,25295_B-3,xylene,1,23,2000,158.7180304,1.99694,0.07894,2.16298,0.66644,0.00214,0.06711,1.515,0.09268,1.6905,0.2855,0.28566,0.39399,0.27536,0.43934,0.3498,0.83333,0.47279,0.52721,0.38,0.538,0.35,60.08036113,26.1427952,12.73600647,0.8108653,1.099080385,0.968900738,28.7330334,27.83945728,0.8108653,23.8245,0.7787,62.77,11.6452,2.3182952,0.0321653,-2.68963887,1.09080647,0.911321831,0.960332129,1.044767355,0.914352551,13.11.2023 14:29,B-3,1.01E-06,1.4,0.6,5.53,5.33,3.77,3.38,1.56,1.920015901,1.406558059,4.123441941,3.409984099,1.206558059,0.979264893,0.395692759,PM6_321136,BTP-4F-12 (Y12)_321125,xylene,Jonas_DonorAcceptor-NoWDonorWH2-AddInt-NewPTQ10BTP4F12-NoBG-ZnOCorr_PM6:BTP-4F-12 (Y12),Jonas_DonorAcceptor-NoWDonorWH2-AddInt-NewPTQ10BTP4F12-NoBG-ZnOCorr,0.37230924,24.10.2023 14:10,25295_187786_OD_x3y2,x3y2,0.006033264,1.4,0.6,1,1,1,0,0,0,0,1,0,0,0,0,8,1.996246055,0.0783678,2.162443437,0.698550668,0.000690309,0.067581651,1.513251432,0.092948765,1.690746256,0.284997235,0.280073992,0.393296185,0.275362319,0.430753799,0.349804941,0.824049984,0.477272244,0.522727756,-0.00069,-0.00057,-0.00054,0.03211,-0.00145,0.00047,-0.00175,0.00027,0.00025,-0.0005,-0.00558,-0.00069,0,-0.00859,0,-0.00928,0.00448
25295,PM6_321136,PM6,BTP-4F-12 (Y12)_321125,Y12,PM6-Y12,25295_A-2,xylene,1,23,2000,162.9988401,1.99694,0.07892,2.16293,0.66893,0.00041,0.06716,1.51463,0.09276,1.69031,0.29278,0.2935,0.40403,0.27536,0.4514,0.3498,0.85543,0.47231,0.52769,0.38,0.538,0.35,59.28235588,26.14449109,12.59516936,0.812640317,1.089375702,0.968900738,28.48117332,27.59542986,0.812640317,22.6598,0.7715,61.69,10.7845,3.48469109,0.041140317,-2.40764412,1.81066936,0.866714136,0.949374507,1.040613165,0.856240968,13.11.2023 14:29,A-2,1.26E-06,1,1.4,5.53,5.33,3.77,3.38,1.56,1.920015901,1.406558059,4.123441941,3.409984099,1.206558059,0.981408543,0.393917742,PM6_321136,BTP-4F-12 (Y12)_321125,xylene,Jonas_DonorAcceptor-NoWDonorWH2-AddInt-NewPTQ10BTP4F12-NoBG-ZnOCorr_PM6:BTP-4F-12 (Y12),Jonas_DonorAcceptor-NoWDonorWH2-AddInt-NewPTQ10BTP4F12-NoBG-ZnOCorr,0.376738339,24.10.2023 14:10,25295_187786_OD_x2y1,x2y1,0.005945364,1,1.4,1,1,1,0,0,0,0,1,0,0,0,0,8,1.995934851,0.078295812,2.162360262,0.699746394,0.000712388,0.067696562,1.512131902,0.09311907,1.690178467,0.284731169,0.279839741,0.392929013,0.275362319,0.430393521,0.349804941,0.823322534,0.477248003,0.522751997,-0.001,-0.00062,-0.00057,0.03081,0.00031,0.00053,-0.0025,0.00035,-0.00013,-0.00805,-0.01366,-0.0111,0,-0.02101,0,-0.03211,0.00493
25340,PTVT-T_321032,PTVT-T,BTP-4F-12 (Y12)_321125,Y12,PTVT-T-Y12,25340_B-3,CF,0,18,2000,187.4932575,1.9062,0.09601,2.0723,0.83832,0,0.06491,1.52274,0.0883,1.68829,0.2239,0.30108,0.42541,0.47368,0.46306,0.3498,0.88847,0.47881,0.52119,0.9,0.538,0.35,62.40136615,21.87926243,10.98652441,0.804699163,1.048828742,0.968900738,22.9475993,22.2339459,0.804699163,16.732,0.7586,57.2,7.2594,5.14726243,0.046099163,5.20136615,3.72712441,0.764742415,0.94271255,0.916646598,0.660754915,31.10.2023 09:49,B-3,5.06E-07,1.4,0.6,5.53,5.21,3.77,3.2,1.44,1.823529412,1.406558059,4.123441941,3.386470588,1.086558059,1.088436361,0.281858896,PTVT-T_321032,BTP-4F-12 (Y12)_321125,CF,Jonas_DonorAcceptor-NoWDonorWH2-AddInt-NewPTQ10BTP4F12-NoBG-ZnOCorr_PTVT-T:BTP-4F-12 (Y12),Jonas_DonorAcceptor-NoWDonorWH2-AddInt-NewPTQ10BTP4F12-NoBG-ZnOCorr,0.224069363,25.10.2023 11:22,25340_188570_OD_x3y2,x3y2,0.007220793,1.4,0.6,2,1,0,1,0,0,0,1,0,0,0,0,33,1.893989663,0.10136838,2.069237617,0.787160634,0.000425689,0.064972035,1.494836139,0.090709685,1.669263879,0.242403866,0.312378016,0.460567346,0.473684211,0.480437389,0.349804941,0.941004735,0.489442113,0.510557887,-0.01221,0.00536,-0.00306,-0.05116,0.00043,0.00006,-0.02791,0.00241,-0.01903,0.01851,0.0113,0.03516,0,0.01738,0,0.05253,0.01063
25340,PTVT-T_321032,PTVT-T,BTP-4F-12 (Y12)_321125,Y12,PTVT-T-Y12,25340_A-1,CF,0,18,2000,182.4538869,1.90612,0.09604,2.07226,0.83859,0,0.06491,1.52273,0.0883,1.68815,0.21845,0.29371,0.41506,0.47368,0.45173,0.3498,0.86679,0.47885,0.52115,0.9,0.538,0.35,62.19101289,21.56925279,10.84376508,0.808383369,1.056314415,0.968900738,22.78391263,22.07534977,0.808383369,17.2158,0.765,57.42,7.5623,4.35345279,0.043383369,4.77101289,3.28146508,0.79816395,0.946333175,0.923284528,0.697386926,31.10.2023 09:49,A-1,6.38E-07,0.6,1.4,5.53,5.21,3.77,3.2,1.44,1.823529412,1.406558059,4.123441941,3.386470588,1.086558059,1.093419619,0.27817469,PTVT-T_321032,BTP-4F-12 (Y12)_321125,CF,Jonas_DonorAcceptor-NoWDonorWH2-AddInt-NewPTQ10BTP4F12-NoBG-ZnOCorr_PTVT-T:BTP-4F-12 (Y12),Jonas_DonorAcceptor-NoWDonorWH2-AddInt-NewPTQ10BTP4F12-NoBG-ZnOCorr,0.214962154,25.10.2023 11:22,25340_188570_OD_x1y1,x1y1,0.007180854,0.6,1.4,2,1,0,1,0,0,0,1,0,0,0,0,33,1.893896149,0.101206946,2.06933461,0.795714961,8.66E-24,0.064706234,1.49523601,0.090267383,1.6694963,0.230397611,0.302720291,0.437755462,0.473684211,0.465583808,0.349804941,0.903339269,0.484596958,0.515403042,-0.01222,0.00516,-0.00293,-0.04287,0,-0.00021,-0.02749,0.00197,-0.01865,0.01195,0.00901,0.0227,0,0.01385,0,0.03655,0.00575
25340,PTVT-T_321032,PTVT-T,BTP-4F-12 (Y12)_321125,Y12,PTVT-T-Y12,25340_B-1,CF,0,18,2000,192.1807594,1.90615,0.09602,2.07214,0.83971,0,0.06511,1.52283,0.0885,1.68844,0.22939,0.30696,0.43584,0.47368,0.47211,0.3498,0.90795,0.48003,0.51997,0.9,0.538,0.35,61.49381111,21.79576803,10.78855196,0.8049327,1.041625245,0.968900738,22.70302222,21.99697499,0.8049327,16.5901,0.7594,56.99,7.1797,5.20566803,0.0455327,4.50381111,3.60885196,0.761161524,0.943432911,0.926759929,0.665492462,31.10.2023 09:49,B-1,4.14E-07,0.6,0.6,5.53,5.21,3.77,3.2,1.44,1.823529412,1.406558059,4.123441941,3.386470588,1.086558059,1.088752243,0.281625359,PTVT-T_321032,BTP-4F-12 (Y12)_321125,CF,Jonas_DonorAcceptor-NoWDonorWH2-AddInt-NewPTQ10BTP4F12-NoBG-ZnOCorr_PTVT-T:BTP-4F-12 (Y12),Jonas_DonorAcceptor-NoWDonorWH2-AddInt-NewPTQ10BTP4F12-NoBG-ZnOCorr,0.214311248,25.10.2023 11:22,25340_188570_OD_x1y2,x1y2,0.007037179,0.6,0.6,2,1,0,1,0,0,0,1,0,0,0,0,33,1.893903397,0.101313067,2.069523681,0.79105653,7.06E-15,0.064987702,1.494977116,0.090337111,1.669674247,0.235739106,0.307683907,0.447904301,0.473684211,0.473217849,0.349804941,0.92112215,0.486259397,0.513740603,-0.01225,0.0053,-0.00262,-0.04866,0,-0.00012,-0.02785,0.00184,-0.01876,0.00635,0.00072,0.01206,0,0.00111,0,0.01317,0.00623
25340,PTVT-T_321032,PTVT-T,BTP-4F-12 (Y12)_321125,Y12,PTVT-T-Y12,25340_A-3,CF,0,18,2000,189.4688605,1.90635,0.09593,2.07232,0.83838,0,0.06496,1.52331,0.08836,1.68866,0.22621,0.30373,0.4298,0.47368,0.46714,0.3498,0.89694,0.47919,0.52081,0.9,0.538,0.35,62.0115654,21.30810308,10.65762846,0.806571909,1.045802236,0.968900738,22.28406185,21.59104398,0.806571909,17.1438,0.7608,56.86,7.4159,4.16430308,0.045771909,5.1515654,3.24172846,0.804567161,0.943251298,0.916925732,0.695830224,31.10.2023 09:49,A-3,7.41E-07,1.4,1.4,5.53,5.21,3.77,3.2,1.44,1.823529412,1.406558059,4.123441941,3.386470588,1.086558059,1.090969438,0.27998615,PTVT-T_321032,BTP-4F-12 (Y12)_321125,CF,Jonas_DonorAcceptor-NoWDonorWH2-AddInt-NewPTQ10BTP4F12-NoBG-ZnOCorr_PTVT-T:BTP-4F-12 (Y12),Jonas_DonorAcceptor-NoWDonorWH2-AddInt-NewPTQ10BTP4F12-NoBG-ZnOCorr,0.222042556,25.10.2023 11:22,25340_188570_OD_x3y1,x3y1,0.007121495,1.4,1.4,2,1,0,1,0,0,0,1,0,0,0,0,33,1.89363861,0.101292498,2.069035881,0.795600474,3.07E-26,0.064597075,1.495225579,0.090107472,1.669350611,0.226024326,0.295825177,0.429446219,0.473684211,0.454979122,0.349804941,0.884425341,0.485565258,0.514434742,-0.01271,0.00536,-0.00328,-0.04278,0,-0.00036,-0.02809,0.00175,-0.01931,-0.00019,-0.00791,-0.00036,0,-0.01216,0,-0.01252,0.00638
25341,PTVT-T_321032,PTVT-T,BTP-4F-12 (Y12)_321125,Y12,PTVT-T-Y12,25341_A-3,CF,0,15.5,2000,142.2539213,1.90719,0.09628,2.07299,0.82729,0.01416,0.06493,1.52383,0.08851,1.68893,0.17429,0.23682,0.33115,0.47368,0.36423,0.3498,0.69538,0.47621,0.52379,0.9,0.538,0.35,67.47256553,22.20820379,12.08850896,0.806737191,1.134715739,0.968900738,25.19999837,24.41629703,0.806737191,18.1294,0.7573,57.74,7.9274,4.07880379,0.049437191,9.73256553,4.16110896,0.81633797,0.938719584,0.855755218,0.655779801,31.10.2023 09:51,A-3,7.33E-07,1.4,1.4,5.53,5.21,3.77,3.2,1.44,1.823529412,1.406558059,4.123441941,3.386470588,1.086558059,1.091192998,0.279820868,PTVT-T_321032,BTP-4F-12 (Y12)_321125,CF,Jonas_DonorAcceptor-NoWDonorWH2-AddInt-NewPTQ10BTP4F12-NoBG-ZnOCorr_PTVT-T:BTP-4F-12 (Y12),Jonas_DonorAcceptor-NoWDonorWH2-AddInt-NewPTQ10BTP4F12-NoBG-ZnOCorr,0.155416991,25.10.2023 11:28,25341_188578_OD_x3y1,x3y1,0.007181996,1.4,1.4,2,1,0,1,0,0,0,1,0,0,0,0,34,1.893911948,0.10198788,2.06950601,0.786312634,0.013424434,0.064021817,1.496020439,0.089257163,1.669386188,0.175501277,0.22599009,0.333452426,0.473684211,0.347572759,0.349804941,0.681025185,0.489633032,0.510366968,-0.01328,0.0057,-0.00348,-0.04098,-0.00074,-0.00091,-0.02781,0.00075,-0.01955,0.00121,-0.01083,0.0023,0,-0.01666,0,-0.01436,0.01342
25341,PTVT-T_321032,PTVT-T,BTP-4F-12 (Y12)_321125,Y12,PTVT-T-Y12,25341_A-1,CF,0,15.5,2000,150.4687735,1.90729,0.09619,2.07302,0.83059,0.009,0.06474,1.52416,0.08826,1.68902,0.18362,0.2482,0.34888,0.47368,0.38173,0.3498,0.73061,0.47752,0.52248,0.9,0.538,0.35,66.76225918,22.35916163,12.03166159,0.806007473,1.115347549,0.968900738,24.93823613,24.1626754,0.806007473,17.9591,0.7583,57.21,7.7909,4.40006163,0.047707473,9.55225918,4.24076159,0.803209901,0.940810136,0.856921271,0.647533173,31.10.2023 09:51,A-1,3.10E-06,0.6,1.4,5.53,5.21,3.77,3.2,1.44,1.823529412,1.406558059,4.123441941,3.386470588,1.086558059,1.090205982,0.280550586,PTVT-T_321032,BTP-4F-12 (Y12)_321125,CF,Jonas_DonorAcceptor-NoWDonorWH2-AddInt-NewPTQ10BTP4F12-NoBG-ZnOCorr_PTVT-T:BTP-4F-12 (Y12),Jonas_DonorAcceptor-NoWDonorWH2-AddInt-NewPTQ10BTP4F12-NoBG-ZnOCorr,0.17921221,25.10.2023 11:28,25341_188578_OD_x1y1,x1y1,0.007233885,0.6,1.4,2,1,0,1,0,0,0,1,0,0,0,0,34,1.893741687,0.101899062,2.069224054,0.790098806,0.007617413,0.063985929,1.496048347,0.089228557,1.669227933,0.186644386,0.239479414,0.354624334,0.473684211,0.368319338,0.349804941,0.722943672,0.490528305,0.509471695,-0.01354,0.00571,-0.0038,-0.04049,-0.00139,-0.00075,-0.02811,0.00096,-0.0198,0.00302,-0.00872,0.00574,0,-0.01341,0,-0.00767,0.01301
25341,PTVT-T_321032,PTVT-T,BTP-4F-12 (Y12)_321125,Y12,PTVT-T-Y12,25341_B-3,CF,0,15.5,2000,145.5721815,1.90734,0.09626,2.0731,0.8281,0.01174,0.06489,1.52397,0.08841,1.68907,0.17773,0.24185,0.33768,0.47368,0.37197,0.3498,0.70965,0.47584,0.52416,0.9,0.538,0.35,67.51077983,21.96895273,11.92509642,0.804043268,1.126762412,0.968900738,24.75379017,23.98396557,0.804043268,17.9693,0.7547,57.52,7.8,3.99965273,0.049343268,9.99077983,4.12509642,0.817940674,0.938631079,0.852012081,0.654082762,31.10.2023 09:51,B-3,5.67E-07,1.4,0.6,5.53,5.21,3.77,3.2,1.44,1.823529412,1.406558059,4.123441941,3.386470588,1.086558059,1.087549197,0.282514791,PTVT-T_321032,BTP-4F-12 (Y12)_321125,CF,Jonas_DonorAcceptor-NoWDonorWH2-AddInt-NewPTQ10BTP4F12-NoBG-ZnOCorr_PTVT-T:BTP-4F-12 (Y12),Jonas_DonorAcceptor-NoWDonorWH2-AddInt-NewPTQ10BTP4F12-NoBG-ZnOCorr,0.164893702,25.10.2023 11:28,25341_188578_OD_x3y2,x3y2,0.007168427,1.4,0.6,2,1,0,1,0,0,0,1,0,0,0,0,34,1.894022216,0.102007939,2.069309724,0.78743309,0.013196082,0.064084377,1.496255906,0.089306372,1.669585024,0.174666227,0.226233031,0.331865831,0.473684211,0.347946402,0.349804941,0.679812233,0.488172785,0.511827215,-0.01332,0.00575,-0.00379,-0.04067,0.00146,-0.0008,-0.02772,0.00089,-0.01949,-0.00306,-0.01562,-0.00582,0,-0.02402,0,-0.02984,0.01233
25341,PTVT-T_321032,PTVT-T,BTP-4F-12 (Y12)_321125,Y12,PTVT-T-Y12,25341_B-2,CF,0,15.5,2000,138.2375987,1.90719,0.09638,2.07307,0.82535,0.01697,0.06524,1.52292,0.08874,1.68867,0.1693,0.23175,0.32166,0.47368,0.35643,0.3498,0.67809,0.47437,0.52563,0.9,0.538,0.35,66.96835002,22.09313692,11.8809059,0.803012995,1.14517255,0.968900738,25.30045394,24.5136285,0.803012995,17.428,0.752,56.69,7.4294,4.66513692,0.051012995,10.27835002,4.4515059,0.788842257,0.936473014,0.846519288,0.625322687,31.10.2023 09:51,B-2,7.30E-07,1,0.6,5.53,5.21,3.77,3.2,1.44,1.823529412,1.406558059,4.123441941,3.386470588,1.086558059,1.08615565,0.283545064,PTVT-T_321032,BTP-4F-12 (Y12)_321125,CF,Jonas_DonorAcceptor-NoWDonorWH2-AddInt-NewPTQ10BTP4F12-NoBG-ZnOCorr_PTVT-T:BTP-4F-12 (Y12),Jonas_DonorAcceptor-NoWDonorWH2-AddInt-NewPTQ10BTP4F12-NoBG-ZnOCorr,0.144741861,25.10.2023 11:28,25341_188578_OD_x2y2,x2y2,0.007072959,1,0.6,2,1,0,1,0,0,0,1,0,0,0,0,34,1.894074589,0.101920908,2.0692883,0.788551777,0.012224145,0.064017992,1.496431506,0.089243948,1.669711161,0.176791638,0.228183854,0.335904112,0.473684211,0.350946768,0.349804941,0.68685088,0.489040654,0.510959346,-0.01312,0.00554,-0.00379,-0.0368,-0.00475,-0.00122,-0.02649,0.0005,-0.01895,0.0075,-0.00356,0.01424,0,-0.00548,0,0.00876,0.01468
25342,PTVT-T_321032,PTVT-T,BTP-4F-12 (Y12)_321125,Y12,PTVT-T-Y12,25342_A-1,CF,0,13,2000,113.5162762,1.90856,0.09631,2.07361,0.79075,0.03174,0.06735,1.52161,0.09123,1.69014,0.1401,0.20132,0.26619,0.47368,0.30963,0.3498,0.57581,0.46228,0.53772,0.9,0.538,0.35,68.6259443,23.03983958,12.82796506,0.811315894,1.225785384,0.968900738,28.2418986,27.3635964,0.811315894,20.0996,0.7694,61.32,9.4825,2.94023958,0.041915894,7.3059443,3.34546506,0.872384546,0.948335914,0.893539617,0.739205319,31.10.2023 09:54,A-1,1.03E-06,0.6,1.4,5.53,5.21,3.77,3.2,1.44,1.823529412,1.406558059,4.123441941,3.386470588,1.086558059,1.097386154,0.275242165,PTVT-T_321032,BTP-4F-12 (Y12)_321125,CF,Jonas_DonorAcceptor-NoWDonorWH2-AddInt-NewPTQ10BTP4F12-NoBG-ZnOCorr_PTVT-T:BTP-4F-12 (Y12),Jonas_DonorAcceptor-NoWDonorWH2-AddInt-NewPTQ10BTP4F12-NoBG-ZnOCorr,0.076424497,25.10.2023 11:33,25342_188585_OD_x1y1,x1y1,0.00718616,0.6,1.4,2,1,0,1,0,0,0,1,0,0,0,0,35,1.89528941,0.102417433,2.069664313,0.738794479,0.033083392,0.065122392,1.49598455,0.090813106,1.671095458,0.139115056,0.189233614,0.264318606,0.473684211,0.291041299,0.349804941,0.555359905,0.475941103,0.524058897,-0.01327,0.00611,-0.00394,-0.05196,0.00134,-0.00223,-0.02563,-0.00042,-0.01905,-0.00098,-0.01208,-0.00187,0,-0.01858,0,-0.02045,0.01366
25342,PTVT-T_321032,PTVT-T,BTP-4F-12 (Y12)_321125,Y12,PTVT-T-Y12,25342_A-3,CF,0,13,2000,112.6790196,1.90843,0.09626,2.07334,0.79461,0.03164,0.0675,1.52145,0.09136,1.69014,0.13887,0.20048,0.26385,0.47368,0.30835,0.3498,0.5722,0.46112,0.53888,0.9,0.538,0.35,68.68197221,22.67175128,12.62582963,0.810834275,1.22926152,0.968900738,27.86951143,27.0027902,0.810834275,20.2298,0.7727,61.06,9.5453,2.44195128,0.038134275,7.62197221,3.08052963,0.892291017,0.952969089,0.889025141,0.756013686,31.10.2023 09:54,A-3,2.31E-06,1.4,1.4,5.53,5.21,3.77,3.2,1.44,1.823529412,1.406558059,4.123441941,3.386470588,1.086558059,1.096734716,0.275723784,PTVT-T_321032,BTP-4F-12 (Y12)_321125,CF,Jonas_DonorAcceptor-NoWDonorWH2-AddInt-NewPTQ10BTP4F12-NoBG-ZnOCorr_PTVT-T:BTP-4F-12 (Y12),Jonas_DonorAcceptor-NoWDonorWH2-AddInt-NewPTQ10BTP4F12-NoBG-ZnOCorr,0.074563852,25.10.2023 11:33,25342_188585_OD_x3y1,x3y1,0.007059102,1.4,1.4,2,1,0,1,0,0,0,1,0,0,0,0,35,1.895802576,0.101888133,2.069772132,0.749999286,0.034377245,0.065322781,1.49653471,0.091109122,1.67193885,0.137063748,0.187263878,0.260421122,0.473684211,0.288011845,0.349804941,0.548432967,0.474845856,0.525154144,-0.01263,0.00563,-0.00357,-0.04461,0.00274,-0.00218,-0.02491,-0.00025,-0.0182,-0.0018,-0.01322,-0.00343,0,-0.02033,0,-0.02376,0.01373
25342,PTVT-T_321032,PTVT-T,BTP-4F-12 (Y12)_321125,Y12,PTVT-T-Y12,25342_A-2,CF,0,13,2000,115.8111896,1.90869,0.09616,2.0735,0.79779,0.03043,0.06713,1.52247,0.09104,1.69037,0.14268,0.20403,0.27109,0.47368,0.3138,0.3498,0.58489,0.46349,0.53651,0.9,0.538,0.35,67.8227303,22.95277239,12.62038342,0.810703654,1.216570851,0.968900738,27.92367384,27.0552682,0.810703654,20.1327,0.7696,60.69,9.4041,2.82007239,0.041103654,7.1327303,3.21628342,0.877135871,0.949298793,0.894832746,0.745151687,31.10.2023 09:54,A-2,1.22E-06,1,1.4,5.53,5.21,3.77,3.2,1.44,1.823529412,1.406558059,4.123441941,3.386470588,1.086558059,1.096558038,0.275854405,PTVT-T_321032,BTP-4F-12 (Y12)_321125,CF,Jonas_DonorAcceptor-NoWDonorWH2-AddInt-NewPTQ10BTP4F12-NoBG-ZnOCorr_PTVT-T:BTP-4F-12 (Y12),Jonas_DonorAcceptor-NoWDonorWH2-AddInt-NewPTQ10BTP4F12-NoBG-ZnOCorr,0.080328959,25.10.2023 11:33,25342_188585_OD_x2y1,x2y1,0.007237718,1,1.4,2,1,0,1,0,0,0,1,0,0,0,0,35,1.895545993,0.102152783,2.069718222,0.744396882,0.033730319,0.065222587,1.49625963,0.090961114,1.671517154,0.138089402,0.188248746,0.262369864,0.473684211,0.289526572,0.349804941,0.551896436,0.47539348,0.52460652,-0.01315,0.00599,-0.00378,-0.05339,0.0033,-0.00191,-0.02621,-0.00008,-0.01885,-0.00459,-0.01578,-0.00872,0,-0.02427,0,-0.033,0.0119
25342,PTVT-T_321032,PTVT-T,BTP-4F-12 (Y12)_321125,Y12,PTVT-T-Y12,25342_B-1,CF,0,13,2000,116.1502143,1.90856,0.09624,2.07342,0.79773,0.03036,0.06713,1.52237,0.09089,1.6904,0.14323,0.20432,0.27214,0.47368,0.31425,0.3498,0.58639,0.46409,0.53591,0.9,0.538,0.35,68.75193115,22.63046856,12.60738147,0.810301133,1.215298451,0.968900738,27.50277338,26.64745743,0.810301133,19.8835,0.7676,60.73,9.2694,2.74696856,0.042701133,8.02193115,3.33798147,0.878616364,0.947302143,0.883320643,0.735235943,31.10.2023 09:54,B-1,9.19E-07,0.6,0.6,5.53,5.21,3.77,3.2,1.44,1.823529412,1.406558059,4.123441941,3.386470588,1.086558059,1.096013587,0.276256926,PTVT-T_321032,BTP-4F-12 (Y12)_321125,CF,Jonas_DonorAcceptor-NoWDonorWH2-AddInt-NewPTQ10BTP4F12-NoBG-ZnOCorr_PTVT-T:BTP-4F-12 (Y12),Jonas_DonorAcceptor-NoWDonorWH2-AddInt-NewPTQ10BTP4F12-NoBG-ZnOCorr,0.082526635,25.10.2023 11:33,25342_188585_OD_x1y2,x1y2,0.011529714,0.6,0.6,2,1,0,1,0,0,0,1,0,0,0,0,35,1.895283506,0.102185203,2.069584393,0.748563179,0.032740163,0.065253961,1.496080856,0.090837552,1.671446533,0.139780186,0.189399073,0.265582353,0.473684211,0.291295774,0.349804941,0.556878127,0.476912882,0.523087118,-0.01328,0.00595,-0.00384,-0.04917,0.00238,-0.00187,-0.02629,-0.00006,-0.01895,-0.00345,-0.01493,-0.00655,0,-0.02296,0,-0.02951,0.01282
25343,PTVT-T_321032,PTVT-T,BTP-4F-12 (Y12)_321125,Y12,PTVT-T-Y12,25343_B-3,CF,0,13,1000,164.7203562,1.90513,0.09665,2.07187,0.83421,0.00121,0.06476,1.52118,0.08828,1.68689,0.19886,0.26887,0.37783,0.47368,0.41352,0.3498,0.79136,0.47745,0.52255,0.9,0.538,0.35,65.10870379,21.01118513,10.93646333,0.799442629,1.08721502,0.968900738,22.84367607,22.13325461,0.799442629,18.0431,0.7698,58.54,8.1313,2.96808513,0.029642629,6.56870379,2.80516333,0.858737853,0.96292088,0.899111741,0.743503613,31.10.2023 09:56,B-3,8.20E-07,1.4,0.6,5.53,5.21,3.77,3.2,1.44,1.823529412,1.406558059,4.123441941,3.386470588,1.086558059,1.081326371,0.28711543,PTVT-T_321032,BTP-4F-12 (Y12)_321125,CF,Jonas_DonorAcceptor-NoWDonorWH2-AddInt-NewPTQ10BTP4F12-NoBG-ZnOCorr_PTVT-T:BTP-4F-12 (Y12),Jonas_DonorAcceptor-NoWDonorWH2-AddInt-NewPTQ10BTP4F12-NoBG-ZnOCorr,0.203860095,25.10.2023 11:39,25343_188590_OD_x3y2,x3y2,0.006998746,1.4,0.6,2,1,0,1,0,0,0,1,0,0,0,0,36,1.895706122,0.101134712,2.070819096,0.794031738,0.001795739,0.063708117,1.49928777,0.089614959,1.671690251,0.204638751,0.2650824,0.388813628,0.473684211,0.407696731,0.349804941,0.796510359,0.488146354,0.511853646,-0.00943,0.00448,-0.00105,-0.04018,0.00059,-0.00105,-0.02189,0.00134,-0.0152,0.00578,-0.00379,0.01098,0,-0.00583,0,0.00515,0.0107
25343,PTVT-T_321032,PTVT-T,BTP-4F-12 (Y12)_321125,Y12,PTVT-T-Y12,25343_A-2,CF,0,13,1000,172.7231313,1.90528,0.09644,2.07189,0.83393,0,0.06482,1.52183,0.08825,1.68744,0.20789,0.28006,0.39498,0.47368,0.43074,0.3498,0.82572,0.47835,0.52165,0.9,0.538,0.35,63.2350461,21.35578688,10.79191122,0.799143822,1.07262676,0.968900738,22.90678849,22.19440428,0.799143822,18.2819,0.7696,57.52,8.0926,3.07388688,0.029543822,5.7150461,2.69931122,0.856063048,0.963030657,0.909622172,0.749876443,31.10.2023 09:56,A-2,1.27E-06,1,1.4,5.53,5.21,3.77,3.2,1.44,1.823529412,1.406558059,4.123441941,3.386470588,1.086558059,1.080922205,0.287414237,PTVT-T_321032,BTP-4F-12 (Y12)_321125,CF,Jonas_DonorAcceptor-NoWDonorWH2-AddInt-NewPTQ10BTP4F12-NoBG-ZnOCorr_PTVT-T:BTP-4F-12 (Y12),Jonas_DonorAcceptor-NoWDonorWH2-AddInt-NewPTQ10BTP4F12-NoBG-ZnOCorr,0.214063723,25.10.2023 11:39,25343_188590_OD_x2y1,x2y1,0.007221622,1,1.4,2,1,0,1,0,0,0,1,0,0,0,0,36,1.895902623,0.100584848,2.069955309,0.802643756,0.00014277,0.063896753,1.498950492,0.089935701,1.671378107,0.209448443,0.273701654,0.397952042,0.473684211,0.420953143,0.349804941,0.818905185,0.485942992,0.514057008,-0.00938,0.00415,-0.00193,-0.03129,0.00014,-0.00092,-0.02287,0.00168,-0.01606,0.00156,-0.00636,0.00297,0,-0.00978,0,-0.00682,0.00759
25343,PTVT-T_321032,PTVT-T,BTP-4F-12 (Y12)_321125,Y12,PTVT-T-Y12,25343_A-3,CF,0,13,1000,180.9520224,1.90583,0.09607,2.07226,0.84283,0,0.06482,1.52238,0.0884,1.68787,0.21634,0.29198,0.41105,0.47368,0.44906,0.3498,0.86012,0.4779,0.5221,0.9,0.538,0.35,63.28191475,21.0462315,10.64313689,0.799126796,1.059091156,0.968900738,22.28987765,21.59667891,0.799126796,1.668,0.7706,20.13,0.2587,19.3782315,0.028526796,43.15191475,10.38443689,0.079254094,0.964302541,0.318100362,0.024306744,31.10.2023 09:56,A-3,8.97E-07,1.4,1.4,5.53,5.21,3.77,3.2,1.44,1.823529412,1.406558059,4.123441941,3.386470588,1.086558059,1.080899175,0.287431263,PTVT-T_321032,BTP-4F-12 (Y12)_321125,CF,Jonas_DonorAcceptor-NoWDonorWH2-AddInt-NewPTQ10BTP4F12-NoBG-ZnOCorr_PTVT-T:BTP-4F-12 (Y12),Jonas_DonorAcceptor-NoWDonorWH2-AddInt-NewPTQ10BTP4F12-NoBG-ZnOCorr,0.219061006,25.10.2023 11:39,25343_188590_OD_x3y1,x3y1,0.007174271,1.4,1.4,2,1,0,1,0,0,0,1,0,0,0,0,36,1.896001194,0.100538821,2.070004385,0.802272639,3.46E-22,0.063957531,1.498907297,0.090001508,1.671392513,0.213443664,0.278097774,0.405542961,0.473684211,0.427714376,0.349804941,0.833257338,0.486695938,0.513304062,-0.00983,0.00447,-0.00226,-0.04056,0,-0.00086,-0.02347,0.0016,-0.01648,-0.0029,-0.01388,-0.00551,0,-0.02135,0,-0.02686,0.00879
25343,PTVT-T_321032,PTVT-T,BTP-4F-12 (Y12)_321125,Y12,PTVT-T-Y12,25343_B-1,CF,0,13,1000,178.8199006,1.90551,0.0963,2.07196,0.83675,0,0.06478,1.5222,0.08829,1.68763,0.21489,0.28819,0.40829,0.47368,0.44323,0.3498,0.85153,0.47948,0.52052,0.9,0.538,0.35,63.08607001,21.10831905,10.60913984,0.796696759,1.062374222,0.968900738,22.42493402,21.72753513,0.796696759,18.0407,0.7641,57.24,7.8906,3.06761905,0.032596759,5.84607001,2.71853984,0.854672509,0.959085112,0.90733184,0.743754924,31.10.2023 09:56,B-1,9.00E-07,0.6,0.6,5.53,5.21,3.77,3.2,1.44,1.823529412,1.406558059,4.123441941,3.386470588,1.086558059,1.077612307,0.2898613,PTVT-T_321032,BTP-4F-12 (Y12)_321125,CF,Jonas_DonorAcceptor-NoWDonorWH2-AddInt-NewPTQ10BTP4F12-NoBG-ZnOCorr_PTVT-T:BTP-4F-12 (Y12),Jonas_DonorAcceptor-NoWDonorWH2-AddInt-NewPTQ10BTP4F12-NoBG-ZnOCorr,0.217694912,25.10.2023 11:39,25343_188590_OD_x1y2,x1y2,0.007290853,0.6,0.6,2,1,0,1,0,0,0,1,0,0,0,0,36,1.895784329,0.100077143,2.070093939,0.807496194,3.03E-28,0.06432814,1.497389677,0.090359624,1.670929985,0.226526318,0.30234849,0.430400004,0.473684211,0.465011978,0.349804941,0.895411982,0.480672599,0.519327401,-0.00972,0.00377,-0.00186,-0.02925,0,-0.00045,-0.02481,0.00207,-0.0167,0.01164,0.01416,0.02211,0,0.02178,0,0.04389,0.00119
25344,PTVT-T_321032,PTVT-T,BTP-4F-12 (Y12)_321125,Y12,PTVT-T-Y12,25344_A-2,CF,2,13,1000,177.3458152,1.89659,0.10045,2.06993,0.78718,0,0.06379,1.49982,0.09001,1.67119,0.21172,0.28611,0.40228,0.47368,0.44003,0.3498,0.84231,0.47759,0.52241,0.9,0.538,0.35,63.661527,22.26042205,11.1142159,0.784275021,1.066986071,0.968900738,23.75156026,23.01290427,0.784275021,17.5313,0.7576,56.98,7.5681,4.72912205,0.026675021,6.681527,3.5461159,0.7875547,0.96598767,0.895046077,0.680938725,31.10.2023 09:59,A-2,1.52E-06,1,1.4,5.53,5.21,3.77,3.2,1.44,1.823529412,1.406558059,4.123441941,3.386470588,1.086558059,1.06081066,0.302283038,PTVT-T_321032,BTP-4F-12 (Y12)_321125,CF,Jonas_DonorAcceptor-NoWDonorWH2-AddInt-NewPTQ10BTP4F12-NoBG-ZnOCorr_PTVT-T:BTP-4F-12 (Y12),Jonas_DonorAcceptor-NoWDonorWH2-AddInt-NewPTQ10BTP4F12-NoBG-ZnOCorr,0.172127499,25.10.2023 11:45,25344_188595_OD_x2y1,x2y1,0.006720317,1,1.4,2,1,0,1,0,0,0,1,0,0,0,0,37,1.893595581,0.101796105,2.06902335,0.787523133,0.000267792,0.064341422,1.495507807,0.089742673,1.669290688,0.209095552,0.271537752,0.397281549,0.473684211,0.417625063,0.349804941,0.814906612,0.487517791,0.512482209,-0.003,0.00134,-0.00091,0.00034,0.00027,0.00055,-0.00431,-0.00027,-0.0019,-0.00263,-0.01457,-0.005,0,-0.02241,0,-0.0274,0.00993
25344,PTVT-T_321032,PTVT-T,BTP-4F-12 (Y12)_321125,Y12,PTVT-T-Y12,25344_A-1,CF,2,13,1000,178.8118356,1.89602,0.10077,2.06975,0.77891,0,0.0637,1.49933,0.08986,1.67078,0.2139,0.28814,0.4064,0.47368,0.44316,0.3498,0.84957,0.47837,0.52163,0.9,0.538,0.35,64.64231812,21.84811274,11.08741557,0.7850539,1.064911121,0.968900738,23.26629824,22.54273354,0.7850539,17.3407,0.7612,57.68,7.6142,4.50741274,0.0238539,6.96231812,3.47321557,0.793693268,0.969614953,0.892294733,0.686742546,31.10.2023 09:59,A-1,1.86E-06,0.6,1.4,5.53,5.21,3.77,3.2,1.44,1.823529412,1.406558059,4.123441941,3.386470588,1.086558059,1.061864172,0.301504159,PTVT-T_321032,BTP-4F-12 (Y12)_321125,CF,Jonas_DonorAcceptor-NoWDonorWH2-AddInt-NewPTQ10BTP4F12-NoBG-ZnOCorr_PTVT-T:BTP-4F-12 (Y12),Jonas_DonorAcceptor-NoWDonorWH2-AddInt-NewPTQ10BTP4F12-NoBG-ZnOCorr,0.168442453,25.10.2023 11:45,25344_188595_OD_x1y1,x1y1,0.006607629,0.6,1.4,2,1,0,1,0,0,0,1,0,0,0,0,37,1.893654544,0.101786268,2.069109291,0.787900938,1.30E-10,0.06433229,1.495545058,0.089789031,1.669277237,0.209872395,0.272518096,0.39875755,0.473684211,0.419132831,0.349804941,0.817890381,0.487544002,0.512455998,-0.00236,0.00102,-0.00064,0.00899,0,0.00063,-0.00378,-0.00007,-0.0015,-0.00402,-0.01562,-0.00765,0,-0.02403,0,-0.03167,0.00918
25344,PTVT-T_321032,PTVT-T,BTP-4F-12 (Y12)_321125,Y12,PTVT-T-Y12,25344_B-3,CF,2,13,1000,178.7873422,1.89615,0.10078,2.06969,0.77947,0,0.06365,1.49963,0.08986,1.67098,0.21453,0.28738,0.4076,0.47368,0.44199,0.3498,0.84959,0.47976,0.52024,0.9,0.538,0.35,63.21275914,22.27252385,11.00436477,0.781611243,1.064849959,0.968900738,23.71689611,22.97931815,0.781611243,17.2064,0.7544,57.2,7.4244,5.06612385,0.027211243,6.01275914,3.57996477,0.772539301,0.965185707,0.904880609,0.674677744,31.10.2023 09:59,B-3,1.11E-06,1.4,0.6,5.53,5.21,3.77,3.2,1.44,1.823529412,1.406558059,4.123441941,3.386470588,1.086558059,1.057207633,0.304946816,PTVT-T_321032,BTP-4F-12 (Y12)_321125,CF,Jonas_DonorAcceptor-NoWDonorWH2-AddInt-NewPTQ10BTP4F12-NoBG-ZnOCorr_PTVT-T:BTP-4F-12 (Y12),Jonas_DonorAcceptor-NoWDonorWH2-AddInt-NewPTQ10BTP4F12-NoBG-ZnOCorr,0.168830121,25.10.2023 11:45,25344_188595_OD_x3y2,x3y2,0.00661988,1.4,0.6,2,1,0,1,0,0,0,1,0,0,0,0,37,1.895158855,0.099687482,2.068989524,0.830734824,0.007310877,0.065508267,1.496819233,0.089548884,1.672473409,0.254518419,0.315125213,0.483584995,0.473684211,0.484662578,0.349804941,0.968247573,0.49944354,0.50055646,-0.00099,-0.00109,-0.0007,0.05126,0.00731,0.00186,-0.00282,-0.00031,0.00149,0.03999,0.02775,0.07598,0,0.04268,0,0.11866,0.01968
25344,PTVT-T_321032,PTVT-T,BTP-4F-12 (Y12)_321125,Y12,PTVT-T-Y12,25344_A-3,CF,2,13,1000,179.0726009,1.89615,0.10069,2.06972,0.78116,0,0.06368,1.49946,0.08985,1.67081,0.21442,0.28805,0.40741,0.47368,0.44302,0.3498,0.85043,0.47906,0.52094,0.9,0.538,0.35,63.06094062,21.73860416,10.73716254,0.783244635,1.06432242,0.968900738,23.13688379,22.41734378,0.783244635,17.2787,0.723,46.07,5.7551,4.45990416,0.060244635,16.99094062,4.98206254,0.794839442,0.923083246,0.730563159,0.535998219,31.10.2023 09:59,A-3,1.62E-06,1.4,1.4,5.53,5.21,3.77,3.2,1.44,1.823529412,1.406558059,4.123441941,3.386470588,1.086558059,1.059416959,0.303313424,PTVT-T_321032,BTP-4F-12 (Y12)_321125,CF,Jonas_DonorAcceptor-NoWDonorWH2-AddInt-NewPTQ10BTP4F12-NoBG-ZnOCorr_PTVT-T:BTP-4F-12 (Y12),Jonas_DonorAcceptor-NoWDonorWH2-AddInt-NewPTQ10BTP4F12-NoBG-ZnOCorr,0.168342222,25.10.2023 11:45,25344_188595_OD_x3y1,x3y1,0.006686705,1.4,1.4,2,1,0,1,0,0,0,1,0,0,0,0,37,1.893536619,0.101805942,2.068937408,0.787145329,0.000535584,0.064350555,1.495470557,0.089696316,1.669304139,0.20831871,0.270557409,0.395805549,0.473684211,0.416117295,0.349804941,0.811922844,0.487491579,0.512508421,-0.00261,0.00112,-0.00078,0.00598,0.00054,0.00067,-0.00399,-0.00015,-0.0015,-0.00611,-0.01749,-0.0116,0,-0.0269,0,-0.0385,0.00843
25345,PTVT-T_321032,PTVT-T,BTP-4F-12 (Y12)_321125,Y12,PTVT-T-Y12,25345_A-1,CF,0,13,3000,84.96621482,1.91006,0.09489,2.07482,0.80138,0.04487,0.07056,1.51708,0.09662,1.6899,0.10505,0.16816,0.1996,0.47368,0.25863,0.3498,0.45823,0.43559,0.56441,0.9,0.538,0.35,68.43442646,23.28185088,12.9843212,0.814942778,1.371156617,0.968900738,31.92306389,30.93028017,0.814942778,20.0703,0.775,63.12,9.8185,3.21155088,0.039942778,5.31442646,3.1658212,0.862057751,0.950987015,0.922342792,0.756181232,31.10.2023 10:01,A-1,2.29E-06,0.6,1.4,5.53,5.21,3.77,3.2,1.44,1.823529412,1.406558059,4.123441941,3.386470588,1.086558059,1.102291878,0.271615281,PTVT-T_321032,BTP-4F-12 (Y12)_321125,CF,Jonas_DonorAcceptor-NoWDonorWH2-AddInt-NewPTQ10BTP4F12-NoBG-ZnOCorr_PTVT-T:BTP-4F-12 (Y12),Jonas_DonorAcceptor-NoWDonorWH2-AddInt-NewPTQ10BTP4F12-NoBG-ZnOCorr,0.040748512,25.10.2023 11:51,25345_188604_OD_x1y1,x1y1,0.006510404,0.6,1.4,2,1,0,1,0,0,0,1,0,0,0,0,38,1.894766604,0.101260048,2.069554012,0.740885208,0.049098725,0.068000235,1.490480579,0.095477788,1.670847927,0.101424282,0.152849532,0.192706136,0.473684211,0.23508258,0.349804941,0.427788715,0.450470358,0.549529642,-0.01529,0.00637,-0.00527,-0.06049,0.00423,-0.00256,-0.0266,-0.00114,-0.01905,-0.00363,-0.01531,-0.0069,0,-0.02355,0,-0.03044,0.01488
25345,PTVT-T_321032,PTVT-T,BTP-4F-12 (Y12)_321125,Y12,PTVT-T-Y12,25345_B-1,CF,0,13,3000,82.65965207,1.90866,0.09534,2.07402,0.79689,0.04495,0.07063,1.51473,0.09655,1.68866,0.10282,0.165,0.19535,0.47368,0.25377,0.3498,0.44912,0.43497,0.56503,0.9,0.538,0.35,67.87136023,23.10879752,12.77456517,0.814483379,1.386893962,0.968900738,32.04945175,31.05273747,0.814483379,19.8355,0.777,64.28,9.9066,3.27329752,0.037483379,3.59136023,2.86796517,0.858352754,0.953978952,0.947085778,0.775494106,31.10.2023 10:01,B-1,2.38E-06,0.6,0.6,5.53,5.21,3.77,3.2,1.44,1.823529412,1.406558059,4.123441941,3.386470588,1.086558059,1.101670495,0.27207468,PTVT-T_321032,BTP-4F-12 (Y12)_321125,CF,Jonas_DonorAcceptor-NoWDonorWH2-AddInt-NewPTQ10BTP4F12-NoBG-ZnOCorr_PTVT-T:BTP-4F-12 (Y12),Jonas_DonorAcceptor-NoWDonorWH2-AddInt-NewPTQ10BTP4F12-NoBG-ZnOCorr,0.042848056,25.10.2023 11:51,25345_188604_OD_x1y2,x1y2,0.006226453,0.6,0.6,2,1,0,1,0,0,0,1,0,0,0,0,38,1.894661722,0.101530094,2.069569769,0.734228985,0.049284923,0.06815805,1.490250778,0.095731462,1.671311376,0.099749676,0.15054328,0.189524384,0.473684211,0.231535565,0.349804941,0.421059948,0.45011259,0.54988741,-0.014,0.00619,-0.00445,-0.06267,0.00434,-0.00248,-0.02448,-0.00082,-0.01735,-0.00307,-0.01445,-0.00583,0,-0.02223,0,-0.02806,0.01515
25345,PTVT-T_321032,PTVT-T,BTP-4F-12 (Y12)_321125,Y12,PTVT-T-Y12,25345_B-3,CF,0,13,3000,84.11491932,1.90974,0.09504,2.07448,0.80039,0.04413,0.07057,1.51682,0.0966,1.68986,0.1047,0.16647,0.19893,0.47368,0.25603,0.3498,0.45496,0.43724,0.56276,0.9,0.538,0.35,67.43258747,23.05909238,12.66179881,0.814298013,1.375954638,0.968900738,31.72826511,30.74153949,0.814298013,19.7517,0.7727,62.75,9.5766,3.30739238,0.041598013,4.68258747,3.08519881,0.85656884,0.948915492,0.930558983,0.756338033,31.10.2023 10:01,B-3,1.92E-06,1.4,0.6,5.53,5.21,3.77,3.2,1.44,1.823529412,1.406558059,4.123441941,3.386470588,1.086558059,1.101419769,0.272260046,PTVT-T_321032,BTP-4F-12 (Y12)_321125,CF,Jonas_DonorAcceptor-NoWDonorWH2-AddInt-NewPTQ10BTP4F12-NoBG-ZnOCorr_PTVT-T:BTP-4F-12 (Y12),Jonas_DonorAcceptor-NoWDonorWH2-AddInt-NewPTQ10BTP4F12-NoBG-ZnOCorr,0.041983859,25.10.2023 11:51,25345_188604_OD_x3y2,x3y2,0.006248765,1.4,0.6,2,1,0,1,0,0,0,1,0,0,0,0,38,1.894482934,0.101590786,2.06950589,0.730886648,0.049520214,0.0681171,1.490095184,0.095795963,1.671091015,0.09864886,0.149308985,0.187432835,0.473684211,0.229637219,0.349804941,0.417070053,0.449403723,0.550596277,-0.01525,0.00655,-0.00498,-0.0695,0.00539,-0.00245,-0.02672,-0.0008,-0.01877,-0.00605,-0.01716,-0.01149,0,-0.02639,0,-0.03789,0.01216
25345,PTVT-T_321032,PTVT-T,BTP-4F-12 (Y12)_321125,Y12,PTVT-T-Y12,25345_B-2,CF,0,13,3000,82.42995164,1.90946,0.095,2.0743,0.79999,0.04483,0.07072,1.51592,0.09686,1.68939,0.10233,0.16499,0.19442,0.47368,0.25375,0.3498,0.44817,0.4338,0.5662,0.9,0.538,0.35,67.23442991,23.02453486,12.60462894,0.8142307,1.388183694,0.968900738,31.96228386,30.96828043,0.8142307,19.6206,0.7744,63.48,9.6454,3.40393486,0.0398307,3.75442991,2.95922894,0.852160537,0.9510818,0.944159117,0.76522681,31.10.2023 10:01,B-2,1.62E-05,1,0.6,5.53,5.21,3.77,3.2,1.44,1.823529412,1.406558059,4.123441941,3.386470588,1.086558059,1.101328721,0.272327359,PTVT-T_321032,BTP-4F-12 (Y12)_321125,CF,Jonas_DonorAcceptor-NoWDonorWH2-AddInt-NewPTQ10BTP4F12-NoBG-ZnOCorr_PTVT-T:BTP-4F-12 (Y12),Jonas_DonorAcceptor-NoWDonorWH2-AddInt-NewPTQ10BTP4F12-NoBG-ZnOCorr,0.04020801,25.10.2023 11:51,25345_188604_OD_x2y2,x2y2,0.006256874,1,0.6,2,1,0,1,0,0,0,1,0,0,0,0,38,1.894572328,0.10156044,2.069537829,0.732557817,0.049402568,0.068137575,1.490172981,0.095763712,1.671201195,0.099199268,0.149926132,0.188478609,0.473684211,0.230586392,0.349804941,0.419065001,0.449758156,0.550241844,-0.01489,0.00656,-0.00476,-0.06744,0.00458,-0.00258,-0.02575,-0.00109,-0.01819,-0.00313,-0.01506,-0.00594,0,-0.02317,0,-0.02911,0.01595
25346,PTVT-T_321032,PTVT-T,BTP-4F-12 (Y12)_321125,Y12,PTVT-T-Y12,25346_B-2,CF,2,13,3000,86.4698715,1.89632,0.10027,2.07001,0.744,0.04667,0.0673,1.49497,0.09481,1.67277,0.10923,0.16726,0.20753,0.47368,0.25725,0.3498,0.46478,0.44651,0.55349,0.9,0.538,0.35,56.37505923,23.56960062,10.20693419,0.768167767,1.371707826,0.968900738,32.33060562,31.32514765,0.768167767,19.5917,0.7648,60.78,9.1075,3.97790062,0.003367767,-4.40494077,1.09943419,0.831227492,0.995615844,1.07813634,0.892285561,31.10.2023 10:04,B-2,4.13E-06,1,0.6,5.53,5.21,3.77,3.2,1.44,1.823529412,1.406558059,4.123441941,3.386470588,1.086558059,1.039023982,0.318390292,PTVT-T_321032,BTP-4F-12 (Y12)_321125,CF,Jonas_DonorAcceptor-NoWDonorWH2-AddInt-NewPTQ10BTP4F12-NoBG-ZnOCorr_PTVT-T:BTP-4F-12 (Y12),Jonas_DonorAcceptor-NoWDonorWH2-AddInt-NewPTQ10BTP4F12-NoBG-ZnOCorr,0.057105932,25.10.2023 11:56,25346_188613_OD_x2y2,x2y2,0.006266509,1,0.6,2,1,0,1,0,0,0,1,0,0,0,0,39,1.894356585,0.101823346,2.069390197,0.737058123,0.048010643,0.068044585,1.490793558,0.094894766,1.671483843,0.103581621,0.152688971,0.19680508,0.473684211,0.234835637,0.349804941,0.431640717,0.455950436,0.544049564,-0.00196,0.00155,-0.00061,-0.00694,0.00134,0.00074,-0.00417,0.00008,-0.00128,-0.00564,-0.01458,-0.01072,0,-0.02242,0,-0.03314,0.00944
25346,PTVT-T_321032,PTVT-T,BTP-4F-12 (Y12)_321125,Y12,PTVT-T-Y12,25346_A-3,CF,2,13,3000,89.02286189,1.89674,0.1,2.07153,0.74726,0.0456,0.06701,1.49605,0.09418,1.67281,0.11231,0.16975,0.21339,0.47368,0.26108,0.3498,0.47447,0.44975,0.55025,0.9,0.538,0.35,56.37349444,23.43527084,10.11743131,0.765817579,1.354264318,0.968900738,31.73755107,30.75053666,0.765817579,19.6731,0.7628,58.92,8.8423,3.76217084,0.003017579,-2.54650556,1.27513131,0.839465442,0.996059663,1.045172037,0.873966892,31.10.2023 10:04,A-3,3.10E-05,1.4,1.4,5.53,5.21,3.77,3.2,1.44,1.823529412,1.406558059,4.123441941,3.386470588,1.086558059,1.035845117,0.32074048,PTVT-T_321032,BTP-4F-12 (Y12)_321125,CF,Jonas_DonorAcceptor-NoWDonorWH2-AddInt-NewPTQ10BTP4F12-NoBG-ZnOCorr_PTVT-T:BTP-4F-12 (Y12),Jonas_DonorAcceptor-NoWDonorWH2-AddInt-NewPTQ10BTP4F12-NoBG-ZnOCorr,0.066294632,25.10.2023 11:56,25346_188613_OD_x3y1,x3y1,0.006990613,1.4,1.4,2,1,0,1,0,0,0,1,0,0,0,0,39,1.893669794,0.101955245,2.06930856,0.721892438,0.048800879,0.068099248,1.489646155,0.095316788,1.670608199,0.100775669,0.149843262,0.191473771,0.473684211,0.230458937,0.349804941,0.421932708,0.453801679,0.546198321,-0.00307,0.00196,-0.00222,-0.02537,0.0032,0.00109,-0.0064,0.00113,-0.00221,-0.01154,-0.01991,-0.02192,0,-0.03062,0,-0.05253,0.00405
25346,PTVT-T_321032,PTVT-T,BTP-4F-12 (Y12)_321125,Y12,PTVT-T-Y12,25346_B-1,CF,2,13,3000,81.23544964,1.89589,0.10066,2.07046,0.72807,0.04812,0.06749,1.49395,0.09549,1.67229,0.10431,0.16023,0.19818,0.47368,0.24643,0.3498,0.44461,0.44574,0.55426,0.9,0.538,0.35,55.69258764,23.48450086,9.985322208,0.763454839,1.406069196,0.968900738,33.02083324,31.99390971,0.763454839,19.9671,0.767,61.19,9.3716,3.51740086,-0.003545161,-5.49741236,0.613722208,0.850224585,1.004643577,1.098709947,0.938537566,31.10.2023 10:04,B-1,9.04E-06,0.6,0.6,5.53,5.21,3.77,3.2,1.44,1.823529412,1.406558059,4.123441941,3.386470588,1.086558059,1.032649274,0.32310322,PTVT-T_321032,BTP-4F-12 (Y12)_321125,CF,Jonas_DonorAcceptor-NoWDonorWH2-AddInt-NewPTQ10BTP4F12-NoBG-ZnOCorr_PTVT-T:BTP-4F-12 (Y12),Jonas_DonorAcceptor-NoWDonorWH2-AddInt-NewPTQ10BTP4F12-NoBG-ZnOCorr,0.055328498,25.10.2023 11:56,25346_188613_OD_x1y2,x1y2,0.011300862,0.6,0.6,2,1,0,1,0,0,0,1,0,0,0,0,39,1.894569631,0.101675907,2.06946681,0.741273488,0.048472434,0.067867425,1.490804916,0.094934645,1.67121716,0.103577969,0.153511701,0.196798142,0.473684211,0.236100996,0.349804941,0.432899138,0.454605067,0.545394933,-0.00132,0.00102,-0.00099,0.0132,0.00035,0.00038,-0.00315,-0.00056,-0.00107,-0.00073,-0.00672,-0.00138,0,-0.01033,0,-0.01171,0.00887
25346,PTVT-T_321032,PTVT-T,BTP-4F-12 (Y12)_321125,Y12,PTVT-T-Y12,25346_A-1,CF,2,13,3000,80.61982858,1.8957,0.10032,2.06979,0.73682,0.04795,0.06778,1.4938,0.09559,1.67243,0.10313,0.15996,0.19594,0.47368,0.24601,0.3498,0.44195,0.44335,0.55665,0.9,0.538,0.35,54.05775539,23.65953085,9.716169575,0.759680447,1.41089328,0.968900738,33.38107307,32.34294635,0.759680447,19.6963,0.7604,56.42,8.4493,3.96323085,-0.000719553,-2.36224461,1.266869575,0.832489035,1.000947179,1.043698533,0.869612241,31.10.2023 10:04,A-1,5.18E-05,0.6,1.4,5.53,5.21,3.77,3.2,1.44,1.823529412,1.406558059,4.123441941,3.386470588,1.086558059,1.02754403,0.326877612,PTVT-T_321032,BTP-4F-12 (Y12)_321125,CF,Jonas_DonorAcceptor-NoWDonorWH2-AddInt-NewPTQ10BTP4F12-NoBG-ZnOCorr_PTVT-T:BTP-4F-12 (Y12),Jonas_DonorAcceptor-NoWDonorWH2-AddInt-NewPTQ10BTP4F12-NoBG-ZnOCorr,0.052254074,25.10.2023 11:56,25346_188613_OD_x1y1,x1y1,0.011104854,0.6,1.4,2,1,0,1,0,0,0,1,0,0,0,0,39,1.893468543,0.101879963,2.068862347,0.723538277,0.049795744,0.068442668,1.488818408,0.096052294,1.670791432,0.095347669,0.145238216,0.181160571,0.473684211,0.223376376,0.349804941,0.404536948,0.447822065,0.552177935,-0.00223,0.00156,-0.00093,-0.01328,0.00184,0.00067,-0.00498,0.00047,-0.00163,-0.00778,-0.01472,-0.01478,0,-0.02264,0,-0.03742,0.00447
25347,PTVT-T_321032,PTVT-T,BTP-4F-12 (Y12)_321125,Y12,PTVT-T-Y12,25347_A-1,CF,1,13,2000,117.7300396,1.8973,0.10071,2.07044,0.76094,0.03135,0.06444,1.50026,0.09078,1.67281,0.14588,0.20416,0.27718,0.47368,0.314,0.3498,0.59117,0.46886,0.53114,0.9,0.538,0.35,68.02968305,23.32462614,12.55461306,0.791207131,1.216478511,0.968900738,28.37390649,27.49149894,0.791207131,19.9851,0.7756,62.17,9.6362,3.33952614,0.015607131,5.85968305,2.91841306,0.856824023,0.980274279,0.913865789,0.767542572,31.10.2023 10:06,A-1,3.29E-06,0.6,1.4,5.53,5.21,3.77,3.2,1.44,1.823529412,1.406558059,4.123441941,3.386470588,1.086558059,1.070187034,0.295350928,PTVT-T_321032,BTP-4F-12 (Y12)_321125,CF,Jonas_DonorAcceptor-NoWDonorWH2-AddInt-NewPTQ10BTP4F12-NoBG-ZnOCorr_PTVT-T:BTP-4F-12 (Y12),Jonas_DonorAcceptor-NoWDonorWH2-AddInt-NewPTQ10BTP4F12-NoBG-ZnOCorr,0.10589787,25.10.2023 12:02,25347_188618_OD_x1y1,x1y1,0.00738681,0.6,1.4,2,1,0,1,0,0,0,1,0,0,0,0,40,1.895670083,0.100294734,2.069913922,0.805802761,0.034791706,0.065555689,1.496621868,0.091297909,1.672728718,0.134649489,0.187059905,0.25583403,0.473684211,0.287698134,0.349804941,0.543532164,0.470687931,0.529312069,-0.00163,-0.00042,-0.00053,0.04487,0.00344,0.00112,-0.00364,0.00052,-0.00008,-0.01123,-0.0171,-0.02134,0,-0.0263,0,-0.04764,0.00183
25347,PTVT-T_321032,PTVT-T,BTP-4F-12 (Y12)_321125,Y12,PTVT-T-Y12,25347_B-3,CF,1,13,2000,115.3679186,1.8975,0.10062,2.07032,0.76222,0.03256,0.06451,1.5002,0.09095,1.67292,0.14315,0.20124,0.27198,0.47368,0.3095,0.3498,0.58148,0.46774,0.53226,0.9,0.538,0.35,67.71104017,22.85983246,12.217798,0.789333276,1.225676261,0.968900738,28.01875397,27.1473914,0.789333276,20.332,0.7777,62.57,9.8941,2.52783246,0.011633276,5.14104017,2.323698,0.889420342,0.985261896,0.924073827,0.809810409,31.10.2023 10:06,B-3,2.39E-06,1.4,0.6,5.53,5.21,3.77,3.2,1.44,1.823529412,1.406558059,4.123441941,3.386470588,1.086558059,1.067652457,0.297224783,PTVT-T_321032,BTP-4F-12 (Y12)_321125,CF,Jonas_DonorAcceptor-NoWDonorWH2-AddInt-NewPTQ10BTP4F12-NoBG-ZnOCorr_PTVT-T:BTP-4F-12 (Y12),Jonas_DonorAcceptor-NoWDonorWH2-AddInt-NewPTQ10BTP4F12-NoBG-ZnOCorr,0.099857964,25.10.2023 12:02,25347_188618_OD_x3y2,x3y2,0.007392999,1.4,0.6,2,1,0,1,0,0,0,1,0,0,0,0,40,1.895552211,0.099910584,2.069875255,0.821885973,0.036467888,0.065907041,1.496931419,0.091563297,1.673072442,0.132755546,0.185759008,0.252235537,0.473684211,0.285697354,0.349804941,0.53793289,0.468897777,0.531102223,-0.00195,-0.00071,-0.00044,0.05967,0.00391,0.00139,-0.00327,0.00061,0.00015,-0.01039,-0.01548,-0.01974,0,-0.0238,0,-0.04355,0.00116
25347,PTVT-T_321032,PTVT-T,BTP-4F-12 (Y12)_321125,Y12,PTVT-T-Y12,25347_B-1,CF,1,13,2000,116.7093811,1.8974,0.10069,2.07041,0.76214,0.03193,0.06451,1.50022,0.09088,1.67294,0.14451,0.20305,0.27457,0.47368,0.31228,0.3498,0.58686,0.46787,0.53213,0.9,0.538,0.35,66.63196807,23.00199745,12.11451279,0.790419709,1.220407572,0.968900738,28.07181185,27.19879923,0.790419709,20.3246,0.7738,61.39,9.655,2.67739745,0.016619709,5.24196807,2.45951279,0.883601524,0.978973565,0.921329533,0.796977986,31.10.2023 10:06,B-1,9.44E-05,0.6,0.6,5.53,5.21,3.77,3.2,1.44,1.823529412,1.406558059,4.123441941,3.386470588,1.086558059,1.069121967,0.29613835,PTVT-T_321032,BTP-4F-12 (Y12)_321125,CF,Jonas_DonorAcceptor-NoWDonorWH2-AddInt-NewPTQ10BTP4F12-NoBG-ZnOCorr_PTVT-T:BTP-4F-12 (Y12),Jonas_DonorAcceptor-NoWDonorWH2-AddInt-NewPTQ10BTP4F12-NoBG-ZnOCorr,0.104847611,25.10.2023 12:02,25347_188618_OD_x1y2,x1y2,0.00741939,0.6,0.6,2,1,0,1,0,0,0,1,0,0,0,0,40,1.895773956,0.100838002,2.069810986,0.795936201,0.034246137,0.065266266,1.497425085,0.09089423,1.672687423,0.137589841,0.187616013,0.261420698,0.473684211,0.288553428,0.349804941,0.549974126,0.475332721,0.524667279,-0.00163,0.00015,-0.00059,0.03379,0.00231,0.00075,-0.00279,0.00001,-0.00025,-0.00692,-0.01543,-0.01315,0,-0.02373,0,-0.03688,0.00746
25347,PTVT-T_321032,PTVT-T,BTP-4F-12 (Y12)_321125,Y12,PTVT-T-Y12,25347_A-2,CF,1,13,2000,117.4591185,1.89732,0.10066,2.0704,0.76202,0.03168,0.06447,1.50023,0.09082,1.67291,0.14504,0.20424,0.27558,0.47368,0.31412,0.3498,0.5897,0.46733,0.53267,0.9,0.538,0.35,66.24480529,23.05260392,12.05080311,0.789122042,1.217637747,0.968900738,28.06972069,27.1967731,0.789122042,20.1001,0.7739,61.42,9.5543,2.95250392,0.015222042,4.82480529,2.49650311,0.871923192,0.980710155,0.927167039,0.792835126,31.10.2023 10:06,A-2,8.75E-06,1,1.4,5.53,5.21,3.77,3.2,1.44,1.823529412,1.406558059,4.123441941,3.386470588,1.086558059,1.067366742,0.297436017,PTVT-T_321032,BTP-4F-12 (Y12)_321125,CF,Jonas_DonorAcceptor-NoWDonorWH2-AddInt-NewPTQ10BTP4F12-NoBG-ZnOCorr_PTVT-T:BTP-4F-12 (Y12),Jonas_DonorAcceptor-NoWDonorWH2-AddInt-NewPTQ10BTP4F12-NoBG-ZnOCorr,0.106060599,25.10.2023 12:02,25347_188618_OD_x2y1,x2y1,0.007456998,1,1.4,2,1,0,1,0,0,0,1,0,0,0,0,40,1.895596037,0.099772335,2.069798181,0.820813154,0.035035851,0.065812049,1.496416908,0.091594572,1.672865957,0.132820559,0.186480311,0.252359062,0.473684211,0.286806718,0.349804941,0.53916578,0.468033172,0.531966828,-0.00173,-0.00088,-0.00061,0.05879,0.00335,0.00134,-0.00382,0.00078,-0.00004,-0.01222,-0.01776,-0.02322,0,-0.02731,0,-0.05053,0.00071
25364,PTVT-T_321032,PTVT-T,PY-IT_321127,PY-IT,PTVT-T-PY-IT,25364_A-1,CF,0,18,2000,128.143978,1.90401,0.10212,2.07674,0.7,0.03311,0.05709,1.53522,0.07089,1.68978,0.12751,0.20372,0.24227,0.47368,0.26891,0.24242,0.51118,0.47394,0.52606,0.9,0.32,0.39,56.37384929,16.03516975,7.92884396,0.877119203,1.170700029,1,18.7723737,18.7723737,0.877119203,11.1005,0.8798,48.16,4.7034,4.93466975,-0.002680797,8.21384929,3.22544396,0.692259588,1.003056366,0.854296817,0.593201231,16.11.2023 18:06,A-1,1.26E-06,0.6,1.4,5.48,5.21,3.64,3.2,1.57,1.823529412,1.454557964,4.025442036,3.386470588,1.184557964,1.082582556,0.307438761,PTVT-T_321032,PY-IT_321127,CF,Jonas_DonorAcceptor-NoWDonorWH2-AddInt-NewPTQ10BTP4F12-NoBG-ZnOCorr_PTVT-T:PY-IT,Jonas_DonorAcceptor-NoWDonorWH2-AddInt-NewPTQ10BTP4F12-NoBG-ZnOCorr,0.23027417,25.10.2023 15:20,25364_188902_OD_x1y1,x1y1,0.012218945,0.6,1.4,2,5,0,1,0,0,0,0,0,0,0,1,57,1.895932644,0.102965024,2.074630145,0.723867061,0.020228028,0.057743037,1.532440235,0.069985397,1.687151892,0.137711712,0.2220741,0.261652253,0.473684211,0.293137812,0.242424242,0.554790065,0.471623897,0.528376103,-0.00807,0.00085,-0.00211,0.02387,-0.01288,0.00065,-0.00278,-0.00091,-0.00263,0.0102,0.01835,0.01938,0,0.02423,0,0.04361,-0.00232
25364,PTVT-T_321032,PTVT-T,PY-IT_321127,PY-IT,PTVT-T-PY-IT,25364_B-3,CF,0,18,2000,143.1057667,1.90409,0.10207,2.07759,0.7058,0.02271,0.0558,1.53655,0.06957,1.68903,0.14318,0.22092,0.27205,0.47368,0.29161,0.24242,0.56366,0.48264,0.51736,0.9,0.32,0.39,55.96893525,15.63363731,7.66150008,0.875601976,1.12707191,1,17.62023346,17.62023346,0.875601976,10.6337,0.8805,47.93,4.4882,4.99993731,-0.004898024,8.03893525,3.17330008,0.680180804,1.005593893,0.856367908,0.585812172,16.11.2023 18:06,B-3,1.20E-06,1.4,0.6,5.48,5.21,3.64,3.2,1.57,1.823529412,1.454557964,4.025442036,3.386470588,1.184557964,1.080709922,0.308955988,PTVT-T_321032,PY-IT_321127,CF,Jonas_DonorAcceptor-NoWDonorWH2-AddInt-NewPTQ10BTP4F12-NoBG-ZnOCorr_PTVT-T:PY-IT,Jonas_DonorAcceptor-NoWDonorWH2-AddInt-NewPTQ10BTP4F12-NoBG-ZnOCorr,0.347995212,25.10.2023 15:20,25364_188902_OD_x3y2,x3y2,0.011661297,1.4,0.6,2,5,0,1,0,0,0,0,0,0,0,1,57,1.893759362,0.104201166,2.072972902,0.720226608,0.009259819,0.0561327,1.532927174,0.068930563,1.685064839,0.159555352,0.240576927,0.303155169,0.473684211,0.317561543,0.242424242,0.620716712,0.488395371,0.511604629,-0.01033,0.00213,-0.00462,0.01443,-0.01345,0.00033,-0.00362,-0.00064,-0.00397,0.01637,0.01966,0.03111,0,0.02595,0,0.05706,0.00575
25364,PTVT-T_321032,PTVT-T,PY-IT_321127,PY-IT,PTVT-T-PY-IT,25364_B-1,CF,0,18,2000,148.9779651,1.90571,0.10082,2.07782,0.7357,0.01894,0.0559,1.53702,0.06955,1.68969,0.14703,0.22937,0.27937,0.47368,0.30277,0.24242,0.58213,0.4799,0.5201,0.9,0.32,0.39,55.17077213,15.63901227,7.532592567,0.873023823,1.112046616,1,17.39131067,17.39131067,0.873023823,10.5923,0.8821,43.21,4.0379,5.04671227,-0.009076177,11.96077213,3.494692567,0.677299808,1.010396254,0.783204554,0.536057136,16.11.2023 18:06,B-1,1.29E-05,0.6,0.6,5.48,5.21,3.64,3.2,1.57,1.823529412,1.454557964,4.025442036,3.386470588,1.184557964,1.077527842,0.311534141,PTVT-T_321032,PY-IT_321127,CF,Jonas_DonorAcceptor-NoWDonorWH2-AddInt-NewPTQ10BTP4F12-NoBG-ZnOCorr_PTVT-T:PY-IT,Jonas_DonorAcceptor-NoWDonorWH2-AddInt-NewPTQ10BTP4F12-NoBG-ZnOCorr,0.383865721,25.10.2023 15:20,25364_188902_OD_x1y2,x1y2,0.011520809,0.6,0.6,2,5,0,1,0,0,0,0,0,0,0,1,57,1.894148899,0.10447404,2.073353335,0.712242722,0.013492003,0.056172396,1.533006619,0.068987225,1.685154785,0.151013329,0.232274697,0.286925325,0.473684211,0.306602601,0.242424242,0.593527926,0.483423463,0.516576537,-0.01156,0.00365,-0.00447,-0.02345,-0.00545,0.00027,-0.00401,-0.00056,-0.00454,0.00398,0.00291,0.00756,0,0.00384,0,0.0114,0.00352
25364,PTVT-T_321032,PTVT-T,PY-IT_321127,PY-IT,PTVT-T-PY-IT,25364_A-2,CF,0,18,2000,144.7164819,1.90483,0.10143,2.07879,0.72301,0.02082,0.05624,1.5369,0.06963,1.68979,0.14318,0.22445,0.27205,0.47368,0.29627,0.24242,0.56832,0.47869,0.52131,0.9,0.32,0.39,55.417195,15.44173883,7.504832209,0.877001314,1.122592496,1,17.33478014,17.33478014,0.877001314,10.8069,0.8786,47.48,4.5077,4.63483883,-0.001598686,7.937195,2.997132209,0.69984994,1.0018229,0.856773787,0.600639678,16.11.2023 18:06,A-2,1.41E-06,1,1.4,5.48,5.21,3.64,3.2,1.57,1.823529412,1.454557964,4.025442036,3.386470588,1.184557964,1.082437052,0.30755665,PTVT-T_321032,PY-IT_321127,CF,Jonas_DonorAcceptor-NoWDonorWH2-AddInt-NewPTQ10BTP4F12-NoBG-ZnOCorr_PTVT-T:PY-IT,Jonas_DonorAcceptor-NoWDonorWH2-AddInt-NewPTQ10BTP4F12-NoBG-ZnOCorr,0.366168342,25.10.2023 15:20,25364_188902_OD_x2y1,x2y1,0.011696694,1,1.4,2,5,0,1,0,0,0,0,0,0,0,1,57,1.895278958,0.10360899,2.074083713,0.720138901,0.020366379,0.057250593,1.532458613,0.069704386,1.68636163,0.140341301,0.220444779,0.266648472,0.473684211,0.290987109,0.242424242,0.557635581,0.478143665,0.521856335,-0.00955,0.00217,-0.00471,-0.00287,-0.00046,0.00101,-0.00444,0.00008,-0.00343,-0.00284,-0.004,-0.0054,0,-0.00528,0,-0.01068,-0.00055
25365,PTVT-T_321032,PTVT-T,PY-IT_321127,PY-IT,PTVT-T-PY-IT,25365_B-3,CF,0,15.5,2000,116.7220348,1.9105,0.09783,2.08155,0.77988,0.03711,0.06052,1.53442,0.07302,1.69471,0.10773,0.19788,0.20469,0.47368,0.2612,0.24242,0.46589,0.43936,0.56064,0.9,0.32,0.39,54.85430391,18.79161591,8.858274607,0.859358356,1.210699195,1,22.75099425,22.75099425,0.859358356,12.6673,0.8667,49.89,5.4778,6.12431591,-0.007341644,4.96430391,3.380474607,0.674093173,1.008543169,0.909500193,0.618382275,16.11.2023 18:08,B-3,2.71E-06,1.4,0.6,5.48,5.21,3.64,3.2,1.57,1.823529412,1.454557964,4.025442036,3.386470588,1.184557964,1.060661267,0.325199608,PTVT-T_321032,PY-IT_321127,CF,Jonas_DonorAcceptor-NoWDonorWH2-AddInt-NewPTQ10BTP4F12-NoBG-ZnOCorr_PTVT-T:PY-IT,Jonas_DonorAcceptor-NoWDonorWH2-AddInt-NewPTQ10BTP4F12-NoBG-ZnOCorr,0.16070777,25.10.2023 15:26,25365_188905_OD_x3y2,x3y2,0.012592151,1.4,0.6,2,5,0,1,0,0,0,0,0,0,0,1,58,1.900302292,0.100518637,2.077625693,0.716648292,0.041588906,0.061167432,1.529232296,0.074079676,1.690174369,0.099871474,0.181763427,0.189755801,0.473684211,0.239927724,0.242424242,0.429683524,0.441617586,0.558382414,-0.0102,0.00269,-0.00392,-0.06323,0.00448,0.00064,-0.00519,0.00106,-0.00453,-0.00786,-0.01611,-0.01493,0,-0.02127,0,-0.0362,0.00226
25365,PTVT-T_321032,PTVT-T,PY-IT_321127,PY-IT,PTVT-T-PY-IT,25365_B-1,CF,0,15.5,2000,104.0239455,1.90863,0.09612,2.08036,0.80542,0.03867,0.06178,1.53191,0.07427,1.69532,0.0967,0.18316,0.18372,0.47368,0.24177,0.24242,0.42549,0.43179,0.56821,0.9,0.32,0.39,55.01328109,18.54209378,8.758984083,0.858672227,1.265392931,1,23.4630344,23.4630344,0.858672227,12.5884,0.8667,50.66,5.5277,5.95369378,-0.008027773,4.35328109,3.231284083,0.678909305,1.009349054,0.920868543,0.631089171,16.11.2023 18:08,B-1,9.15E-06,0.6,0.6,5.48,5.21,3.64,3.2,1.57,1.823529412,1.454557964,4.025442036,3.386470588,1.184557964,1.059814414,0.325885737,PTVT-T_321032,PY-IT_321127,CF,Jonas_DonorAcceptor-NoWDonorWH2-AddInt-NewPTQ10BTP4F12-NoBG-ZnOCorr_PTVT-T:PY-IT,Jonas_DonorAcceptor-NoWDonorWH2-AddInt-NewPTQ10BTP4F12-NoBG-ZnOCorr,0.16708772,25.10.2023 15:26,25365_188905_OD_x1y2,x1y2,0.011805566,0.6,0.6,2,5,0,1,0,0,0,0,0,0,0,1,58,1.900108277,0.101115041,2.076915455,0.741831674,0.033585141,0.059334347,1.531914249,0.071685741,1.689345817,0.117929917,0.201153102,0.224066842,0.473684211,0.265522095,0.242424242,0.489588937,0.457663205,0.542336795,-0.00852,0.005,-0.00345,-0.06359,-0.00508,-0.00245,0,-0.00259,-0.00597,0.02123,0.018,0.04034,0,0.02375,0,0.0641,0.02587
25365,PTVT-T_321032,PTVT-T,PY-IT_321127,PY-IT,PTVT-T-PY-IT,25365_A-3,CF,0,15.5,2000,119.0637071,1.9091,0.09882,2.08004,0.73563,0.03794,0.05884,1.53433,0.0729,1.6923,0.11468,0.19737,0.21789,0.47368,0.26053,0.24242,0.47842,0.45543,0.54457,0.9,0.32,0.39,55.72082649,17.86573136,8.611506519,0.865049154,1.202769048,1,21.4883487,21.4883487,0.865049154,11.7458,0.8671,49.66,5.0577,6.11993136,-0.002050846,6.06082649,3.553806519,0.657448596,1.002370786,0.891228704,0.587318838,16.11.2023 18:08,A-3,2.23E-06,1.4,1.4,5.48,5.21,3.64,3.2,1.57,1.823529412,1.454557964,4.025442036,3.386470588,1.184557964,1.067685123,0.31950881,PTVT-T_321032,PY-IT_321127,CF,Jonas_DonorAcceptor-NoWDonorWH2-AddInt-NewPTQ10BTP4F12-NoBG-ZnOCorr_PTVT-T:PY-IT,Jonas_DonorAcceptor-NoWDonorWH2-AddInt-NewPTQ10BTP4F12-NoBG-ZnOCorr,0.173603617,25.10.2023 15:26,25365_188905_OD_x3y1,x3y1,0.012818346,1.4,1.4,2,5,0,1,0,0,0,0,0,0,0,1,58,1.899634712,0.100546015,2.076502628,0.746192901,0.036571942,0.060327197,1.530644668,0.072686987,1.689768314,0.111268441,0.195559506,0.211410037,0.473684211,0.258138548,0.242424242,0.469548585,0.450241027,0.549758973,-0.00947,0.00173,-0.00353,0.01056,-0.00136,0.00149,-0.00369,-0.00021,-0.00253,-0.00341,-0.00181,-0.00648,0,-0.00239,0,-0.00887,-0.00519
25365,PTVT-T_321032,PTVT-T,PY-IT_321127,PY-IT,PTVT-T-PY-IT,25365_A-1,CF,0,15.5,2000,118.9773467,1.90792,0.1001,2.08046,0.71128,0.03847,0.05876,1.53454,0.07239,1.69157,0.11432,0.19716,0.21721,0.47368,0.26024,0.24242,0.47746,0.45494,0.54506,0.9,0.32,0.39,55.53109647,17.78036874,8.542989733,0.865232596,1.203086961,1,21.39132979,21.39132979,0.865232596,11.6778,0.8739,49.44,5.0454,6.10256874,-0.008667404,6.09109647,3.497589733,0.65678053,1.010017427,0.890311972,0.590589496,16.11.2023 18:08,A-1,5.53E-06,0.6,1.4,5.48,5.21,3.64,3.2,1.57,1.823529412,1.454557964,4.025442036,3.386470588,1.184557964,1.067911536,0.319325368,PTVT-T_321032,PY-IT_321127,CF,Jonas_DonorAcceptor-NoWDonorWH2-AddInt-NewPTQ10BTP4F12-NoBG-ZnOCorr_PTVT-T:PY-IT,Jonas_DonorAcceptor-NoWDonorWH2-AddInt-NewPTQ10BTP4F12-NoBG-ZnOCorr,0.17174763,25.10.2023 15:26,25365_188905_OD_x1y1,x1y1,0.013131845,0.6,1.4,2,5,0,1,0,0,0,0,0,0,0,1,58,1.900372254,0.100565386,2.077240493,0.745229123,0.037660574,0.060521462,1.53059061,0.072852154,1.690123279,0.108514156,0.192703706,0.206176897,0.473684211,0.254368892,0.242424242,0.460545788,0.447679475,0.552320525,-0.00755,0.00047,-0.00322,0.03395,-0.00081,0.00176,-0.00395,0.00046,-0.00144,-0.00581,-0.00445,-0.01104,0,-0.00588,0,-0.01691,-0.00726
25366,PTVT-T_321032,PTVT-T,PY-IT_321127,PY-IT,PTVT-T-PY-IT,25366_B-3,CF,0,13,2000,94.99897016,1.91275,0.0969,2.08329,0.72417,0.04483,0.06091,1.5318,0.07562,1.69297,0.09026,0.17177,0.17149,0.47368,0.22674,0.24242,0.39823,0.43064,0.56936,0.9,0.32,0.39,55.80286379,19.0629177,9.099213182,0.85537781,1.313904568,1,25.04685464,25.04685464,0.85537781,15.1667,0.8257,44.81,5.6118,3.8962177,0.02967781,10.99286379,3.487413182,0.79561273,0.965304442,0.803005383,0.616734644,16.11.2023 18:11,B-3,3.42E-06,1.4,0.6,5.48,5.21,3.64,3.2,1.57,1.823529412,1.454557964,4.025442036,3.386470588,1.184557964,1.055748287,0.329180154,PTVT-T_321032,PY-IT_321127,CF,Jonas_DonorAcceptor-NoWDonorWH2-AddInt-NewPTQ10BTP4F12-NoBG-ZnOCorr_PTVT-T:PY-IT,Jonas_DonorAcceptor-NoWDonorWH2-AddInt-NewPTQ10BTP4F12-NoBG-ZnOCorr,0.110739609,25.10.2023 15:32,25366_188910_OD_x3y2,x3y2,0.011740511,1.4,0.6,2,5,0,1,0,0,0,0,0,0,0,1,59,1.902734806,0.099501656,2.079302749,0.7085301,0.049687086,0.062739716,1.527160479,0.075990794,1.691052759,0.08529391,0.166273792,0.162058428,0.473684211,0.219481405,0.242424242,0.381539833,0.424748385,0.575251615,-0.01002,0.0026,-0.00399,-0.01564,0.00486,0.00183,-0.00464,0.00037,-0.00192,-0.00497,-0.0055,-0.00943,0,-0.00725,0,-0.01669,-0.00589
25366,PTVT-T_321032,PTVT-T,PY-IT_321127,PY-IT,PTVT-T-PY-IT,25366_B-2,CF,0,13,2000,81.94798354,1.91038,0.09654,2.08188,0.74165,0.04496,0.0621,1.5288,0.07679,1.69292,0.0782,0.15635,0.14857,0.47368,0.20638,0.24242,0.35495,0.41856,0.58144,0.9,0.32,0.39,55.45374777,18.95602133,8.986435608,0.854888304,1.394868953,1,26.44116562,26.44116562,0.854888304,14.8131,0.8613,52.72,6.7256,4.14292133,-0.006411696,2.73374777,2.260835608,0.781445628,1.007500039,0.9507022,0.748416869,16.11.2023 18:11,B-2,4.32E-06,1,0.6,5.48,5.21,3.64,3.2,1.57,1.823529412,1.454557964,4.025442036,3.386470588,1.184557964,1.055144115,0.32966966,PTVT-T_321032,PY-IT_321127,CF,Jonas_DonorAcceptor-NoWDonorWH2-AddInt-NewPTQ10BTP4F12-NoBG-ZnOCorr_PTVT-T:PY-IT,Jonas_DonorAcceptor-NoWDonorWH2-AddInt-NewPTQ10BTP4F12-NoBG-ZnOCorr,0.098330754,25.10.2023 15:32,25366_188910_OD_x2y2,x2y2,0.010270621,1,0.6,2,5,0,1,0,0,0,0,0,0,0,1,59,1.902380489,0.098243743,2.079026311,0.739682552,0.047831989,0.063310666,1.526720764,0.0760217,1.691893888,0.080768604,0.161767239,0.153460347,0.473684211,0.213532755,0.242424242,0.366993103,0.41788385,0.58211615,-0.008,0.0017,-0.00286,-0.00197,0.00287,0.00121,-0.00208,-0.00077,-0.00103,0.00257,0.00542,0.00489,0,0.00715,0,0.01204,-0.00068
25366,PTVT-T_321032,PTVT-T,PY-IT_321127,PY-IT,PTVT-T-PY-IT,25366_A-2,CF,0,13,2000,82.55219588,1.90999,0.096,2.08148,0.76833,0.04452,0.06191,1.52939,0.0762,1.69298,0.07814,0.15677,0.14847,0.47368,0.20694,0.24242,0.35541,0.41774,0.58226,0.9,0.32,0.39,55.33825981,18.56660067,8.741513886,0.850802499,1.389807641,1,25.80400347,25.80400347,0.850802499,14.9906,0.8644,54.51,7.0631,3.57600067,-0.013597501,0.82825981,1.678413886,0.807396048,1.015981971,0.985032782,0.807995056,16.11.2023 18:11,A-2,3.13E-06,1,1.4,5.48,5.21,3.64,3.2,1.57,1.823529412,1.454557964,4.025442036,3.386470588,1.184557964,1.050101219,0.333755465,PTVT-T_321032,PY-IT_321127,CF,Jonas_DonorAcceptor-NoWDonorWH2-AddInt-NewPTQ10BTP4F12-NoBG-ZnOCorr_PTVT-T:PY-IT,Jonas_DonorAcceptor-NoWDonorWH2-AddInt-NewPTQ10BTP4F12-NoBG-ZnOCorr,0.113262154,25.10.2023 15:32,25366_188910_OD_x2y1,x2y1,0.010665797,1,1.4,2,5,0,1,0,0,0,0,0,0,0,1,59,1.901415777,0.099774288,2.078302117,0.701344767,0.049453309,0.062937895,1.525572211,0.076764252,1.690162788,0.07885375,0.156932575,0.149822125,0.473684211,0.207150999,0.242424242,0.356973124,0.419712496,0.580287504,-0.00858,0.00378,-0.00318,-0.06699,0.00494,0.00103,-0.00381,0.00056,-0.00282,0.00071,0.00016,0.00135,0,0.00021,0,0.00156,0.00197
25367,PTVT-T_321032,PTVT-T,PY-IT_321127,PY-IT,PTVT-T-PY-IT,25367_A-2,CF,0,13,1000,106.6905567,1.90818,0.09631,2.08071,0.77812,0.03672,0.06069,1.53227,0.07384,1.69372,0.09867,0.18639,0.18748,0.47368,0.24603,0.24242,0.43351,0.43247,0.56753,0.9,0.32,0.39,54.33472655,17.85654004,8.376811534,0.863383902,1.254316865,1,22.39775932,22.39775932,0.863383902,13.5689,0.8701,50.12,5.9174,4.28764004,-0.006716098,4.21472655,2.459411534,0.759884052,1.007778808,0.922430335,0.706402427,16.11.2023 18:14,A-2,2.65E-06,1,1.4,5.48,5.21,3.64,3.2,1.57,1.823529412,1.454557964,4.025442036,3.386470588,1.184557964,1.065629789,0.321174062,PTVT-T_321032,PY-IT_321127,CF,Jonas_DonorAcceptor-NoWDonorWH2-AddInt-NewPTQ10BTP4F12-NoBG-ZnOCorr_PTVT-T:PY-IT,Jonas_DonorAcceptor-NoWDonorWH2-AddInt-NewPTQ10BTP4F12-NoBG-ZnOCorr,0.189826876,25.10.2023 15:37,25367_188916_OD_x2y1,x2y1,0.012161794,1,1.4,2,5,0,1,0,0,0,0,0,0,0,1,60,1.899623681,0.100677426,2.076462854,0.756918456,0.036312195,0.059946718,1.531227884,0.072184833,1.689662103,0.113238475,0.197064414,0.215153103,0.473684211,0.260125026,0.242424242,0.475278128,0.452582236,0.547417764,-0.00856,0.00437,-0.00424,-0.0212,-0.00041,-0.00074,-0.00104,-0.00165,-0.00406,0.01457,0.01068,0.02767,0,0.0141,0,0.04177,0.02011
25367,PTVT-T_321032,PTVT-T,PY-IT_321127,PY-IT,PTVT-T-PY-IT,25367_B-2,CF,0,13,1000,123.913249,1.90777,0.09867,2.08038,0.74991,0.03403,0.05852,1.53501,0.07194,1.69231,0.11719,0.20463,0.22266,0.47368,0.27011,0.24242,0.49277,0.45185,0.54815,0.9,0.32,0.39,55.16270359,17.46282979,8.340194172,0.865796842,1.185243248,1,20.6977011,20.6977011,0.865796842,13.3588,0.8763,50.15,5.8709,4.10402979,-0.010503158,5.01270359,2.469294172,0.764984837,1.012131204,0.909128754,0.703928455,16.11.2023 18:14,B-2,2.72E-06,1,0.6,5.48,5.21,3.64,3.2,1.57,1.823529412,1.454557964,4.025442036,3.386470588,1.184557964,1.068607955,0.318761122,PTVT-T_321032,PY-IT_321127,CF,Jonas_DonorAcceptor-NoWDonorWH2-AddInt-NewPTQ10BTP4F12-NoBG-ZnOCorr_PTVT-T:PY-IT,Jonas_DonorAcceptor-NoWDonorWH2-AddInt-NewPTQ10BTP4F12-NoBG-ZnOCorr,0.226343929,25.10.2023 15:37,25367_188916_OD_x2y2,x2y2,0.012545015,1,0.6,2,5,0,1,0,0,0,0,0,0,0,1,60,1.899635789,0.101262589,2.077496942,0.749001851,0.027393345,0.05877031,1.53297086,0.071105888,1.688876657,0.126197439,0.213269953,0.239775134,0.473684211,0.281516338,0.242424242,0.521291472,0.459836435,0.540163565,-0.00813,0.00259,-0.00288,-0.00091,-0.00663,0.00025,-0.00204,-0.00084,-0.00343,0.00901,0.00864,0.01712,0,0.0114,0,0.02852,0.00799
25367,PTVT-T_321032,PTVT-T,PY-IT_321127,PY-IT,PTVT-T-PY-IT,25367_A-1,CF,0,13,1000,130.5546144,1.90774,0.09897,2.08023,0.75253,0.03276,0.05854,1.53541,0.07174,1.69248,0.12245,0.21351,0.23266,0.47368,0.28184,0.24242,0.5145,0.45221,0.54779,0.9,0.32,0.39,55.24373189,16.86442248,8.105640189,0.870027217,1.163223206,1,19.61708759,19.61708759,0.870027217,11.2799,0.8768,37.22,3.6812,5.58452248,-0.006772783,18.02373189,4.424440189,0.668857769,1.007784565,0.673741594,0.4541529,16.11.2023 18:14,A-1,1.47E-06,0.6,1.4,5.48,5.21,3.64,3.2,1.57,1.823529412,1.454557964,4.025442036,3.386470588,1.184557964,1.073829287,0.314530747,PTVT-T_321032,PY-IT_321127,CF,Jonas_DonorAcceptor-NoWDonorWH2-AddInt-NewPTQ10BTP4F12-NoBG-ZnOCorr_PTVT-T:PY-IT,Jonas_DonorAcceptor-NoWDonorWH2-AddInt-NewPTQ10BTP4F12-NoBG-ZnOCorr,0.222706497,25.10.2023 15:37,25367_188916_OD_x1y1,x1y1,0.012390483,0.6,1.4,2,5,0,1,0,0,0,0,0,0,0,1,60,1.898736405,0.10193737,2.075760655,0.735917175,0.035532019,0.058874021,1.531598219,0.071627553,1.688109149,0.116744511,0.196852585,0.221814571,0.473684211,0.259845413,0.242424242,0.481659984,0.46052107,0.53947893,-0.00901,0.00297,-0.00447,-0.01661,0.00277,0.00034,-0.00381,-0.00011,-0.00437,-0.00571,-0.01666,-0.01085,0,-0.02199,0,-0.03284,0.00831
25367,PTVT-T_321032,PTVT-T,PY-IT_321127,PY-IT,PTVT-T-PY-IT,25367_B-3,CF,0,13,1000,134.2721512,1.90478,0.10095,2.07812,0.72915,0.0298,0.05718,1.53562,0.07088,1.69049,0.12936,0.21473,0.24578,0.47368,0.28345,0.24242,0.52923,0.46441,0.53559,0.9,0.32,0.39,54.46274293,16.26706864,7.698013754,0.868900153,1.152038669,1,18.7402921,18.7402921,0.868900153,12.545,0.8821,48.35,5.35,3.72206864,-0.013199847,6.11274293,2.348013754,0.771189959,1.015191443,0.887762852,0.694984469,16.11.2023 18:14,B-3,1.15E-05,1.4,0.6,5.48,5.21,3.64,3.2,1.57,1.823529412,1.454557964,4.025442036,3.386470588,1.184557964,1.07243821,0.315657811,PTVT-T_321032,PY-IT_321127,CF,Jonas_DonorAcceptor-NoWDonorWH2-AddInt-NewPTQ10BTP4F12-NoBG-ZnOCorr_PTVT-T:PY-IT,Jonas_DonorAcceptor-NoWDonorWH2-AddInt-NewPTQ10BTP4F12-NoBG-ZnOCorr,0.26466812,25.10.2023 15:37,25367_188916_OD_x3y2,x3y2,0.011706727,1.4,0.6,2,5,0,1,0,0,0,0,0,0,0,1,60,1.8990391,0.101882176,2.07751334,0.735474844,0.024197497,0.057919099,1.533543317,0.070757035,1.687659706,0.130470364,0.215061732,0.247893691,0.473684211,0.283881486,0.242424242,0.531775176,0.466162585,0.533837415,-0.00574,0.00093,-0.00061,0.00633,-0.0056,0.00074,-0.00207,-0.00012,-0.00283,0.00111,0.00033,0.00211,0,0.00043,0,0.00254,0.00175
25368,PTVT-T_321032,PTVT-T,PY-IT_321127,PY-IT,PTVT-T-PY-IT,25368_B-3,CF,2,13,1000,131.582552,1.90154,0.10069,2.07801,0.73798,0.03028,0.05914,1.53215,0.07197,1.68919,0.12442,0.21424,0.23639,0.47368,0.2828,0.24242,0.51919,0.45531,0.54469,0.9,0.32,0.39,54.33520864,16.88105699,7.93870645,0.86550338,1.161017485,1,19.59920233,19.59920233,0.86550338,11.9089,0.6657,36.36,2.8831,4.97215699,0.19980338,17.97520864,5.05560645,0.70545938,0.769147776,0.669179357,0.363169997,16.11.2023 18:16,B-3,2.62E-06,1.4,0.6,5.48,5.21,3.64,3.2,1.57,1.823529412,1.454557964,4.025442036,3.386470588,1.184557964,1.06824575,0.319054584,PTVT-T_321032,PY-IT_321127,CF,Jonas_DonorAcceptor-NoWDonorWH2-AddInt-NewPTQ10BTP4F12-NoBG-ZnOCorr_PTVT-T:PY-IT,Jonas_DonorAcceptor-NoWDonorWH2-AddInt-NewPTQ10BTP4F12-NoBG-ZnOCorr,0.217345021,25.10.2023 15:43,25368_188922_OD_x3y2,x3y2,0.011540736,1.4,0.6,2,5,0,1,0,0,0,0,0,0,0,1,61,1.896583414,0.102408185,2.075145573,0.749084759,0.025527594,0.057783968,1.532315376,0.07028565,1.687184917,0.131634773,0.215549105,0.250106069,0.473684211,0.284524819,0.242424242,0.534630888,0.467810736,0.532189264,-0.00496,0.00172,-0.00287,0.0111,-0.00475,-0.00136,0.00016,-0.00168,-0.002,0.00722,0.00131,0.01372,0,0.00172,0,0.01544,0.01251
25368,PTVT-T_321032,PTVT-T,PY-IT_321127,PY-IT,PTVT-T-PY-IT,25368_A-2,CF,2,13,1000,132.3097813,1.90086,0.10041,2.07737,0.75495,0.031,0.05913,1.53209,0.07166,1.68942,0.12466,0.21498,0.23685,0.47368,0.28377,0.24242,0.52062,0.45493,0.54507,0.9,0.32,0.39,53.87166398,16.97656965,7.89657884,0.863433005,1.158352112,1,19.66484531,19.66484531,0.863433005,12.918,0.873,47.92,5.4041,4.05856965,-0.009566995,5.95166398,2.49247884,0.760931111,1.011080182,0.889521438,0.684359659,16.11.2023 18:16,A-2,2.97E-06,1,1.4,5.48,5.21,3.64,3.2,1.57,1.823529412,1.454557964,4.025442036,3.386470588,1.184557964,1.065690394,0.321124959,PTVT-T_321032,PY-IT_321127,CF,Jonas_DonorAcceptor-NoWDonorWH2-AddInt-NewPTQ10BTP4F12-NoBG-ZnOCorr_PTVT-T:PY-IT,Jonas_DonorAcceptor-NoWDonorWH2-AddInt-NewPTQ10BTP4F12-NoBG-ZnOCorr,0.232387585,25.10.2023 15:43,25368_188922_OD_x2y1,x2y1,0.011794628,1,1.4,2,5,0,1,0,0,0,0,0,0,0,1,61,1.898748302,0.100470005,2.074765563,0.793898782,0.024079474,0.058431378,1.532741934,0.070788467,1.688716182,0.132943018,0.219546471,0.252591734,0.473684211,0.289801342,0.242424242,0.542393076,0.465280061,0.534719939,-0.00211,0.00006,-0.00261,0.03895,-0.00692,-0.0007,0.00065,-0.00087,-0.0007,0.00829,0.00457,0.01575,0,0.00603,0,0.02178,0.01035
25368,PTVT-T_321032,PTVT-T,PY-IT_321127,PY-IT,PTVT-T-PY-IT,25368_B-1,CF,2,13,1000,131.1057057,1.8993,0.10268,2.07669,0.70883,0.03176,0.05812,1.53197,0.07134,1.68747,0.127,0.21097,0.2413,0.47368,0.27848,0.24242,0.51979,0.46423,0.53577,0.9,0.32,0.39,55.09498964,16.43554871,7.855373879,0.867502124,1.16282688,1,19.11169783,19.11169783,0.867502124,12.0572,0.8802,48.68,5.1659,4.37834871,-0.012697876,6.41498964,2.689473879,0.733604957,1.014637285,0.883564918,0.657626242,16.11.2023 18:16,B-1,2.37E-06,0.6,0.6,5.48,5.21,3.64,3.2,1.57,1.823529412,1.454557964,4.025442036,3.386470588,1.184557964,1.070712696,0.31705584,PTVT-T_321032,PY-IT_321127,CF,Jonas_DonorAcceptor-NoWDonorWH2-AddInt-NewPTQ10BTP4F12-NoBG-ZnOCorr_PTVT-T:PY-IT,Jonas_DonorAcceptor-NoWDonorWH2-AddInt-NewPTQ10BTP4F12-NoBG-ZnOCorr,0.229589788,25.10.2023 15:43,25368_188922_OD_x1y2,x1y2,0.012058187,0.6,0.6,2,5,0,1,0,0,0,0,0,0,0,1,61,1.900493738,0.099442821,2.076971312,0.802397419,0.023808196,0.059161768,1.532562543,0.071000615,1.689898562,0.129378559,0.220813942,0.245819261,0.473684211,0.291474403,0.242424242,0.537293665,0.457513791,0.542486209,0.0012,-0.00324,0.00028,0.09357,-0.00795,0.00104,0.00059,-0.00034,0.00243,0.00238,0.00984,0.00452,0,0.01299,0,0.01751,-0.00672
25368,PTVT-T_321032,PTVT-T,PY-IT_321127,PY-IT,PTVT-T-PY-IT,25368_B-2,CF,2,13,1000,143.5978348,1.89906,0.10256,2.07616,0.72418,0.02307,0.0572,1.53308,0.07033,1.68705,0.13994,0.22489,0.26588,0.47368,0.29685,0.24242,0.56273,0.47248,0.52752,0.9,0.32,0.39,54.16970059,16.57866709,7.769183994,0.865106074,1.126516277,1,18.67613833,18.67613833,0.865106074,11.7995,0.6938,35.26,2.8862,4.77916709,0.171306074,18.90970059,4.882983994,0.711727905,0.801982579,0.650917388,0.371493326,16.11.2023 18:16,B-2,2.35E-06,1,0.6,5.48,5.21,3.64,3.2,1.57,1.823529412,1.454557964,4.025442036,3.386470588,1.184557964,1.067755376,0.31945189,PTVT-T_321032,PY-IT_321127,CF,Jonas_DonorAcceptor-NoWDonorWH2-AddInt-NewPTQ10BTP4F12-NoBG-ZnOCorr_PTVT-T:PY-IT,Jonas_DonorAcceptor-NoWDonorWH2-AddInt-NewPTQ10BTP4F12-NoBG-ZnOCorr,0.324662392,25.10.2023 15:43,25368_188922_OD_x2y2,x2y2,0.011456141,1,0.6,2,5,0,1,0,0,0,0,0,0,0,1,61,1.898538576,0.100925503,2.076058443,0.775741089,0.024667895,0.058472868,1.53243896,0.070643132,1.688541739,0.130506666,0.218181524,0.247962665,0.473684211,0.287999611,0.242424242,0.535962276,0.462662263,0.537337737,-0.00052,-0.00164,-0.0001,0.05156,0.0016,0.00128,-0.00064,0.00032,0.00149,-0.00943,-0.00671,-0.01792,0,-0.00886,0,-0.02677,-0.00982
25369,PTVT-T_321032,PTVT-T,PY-IT_321127,PY-IT,PTVT-T-PY-IT,25369_B-1,CF,0,13,3000,68.43133403,1.90815,0.09807,2.07977,0.7,0.04102,0.06151,1.52714,0.07733,1.69099,0.06899,0.13828,0.13108,0.47368,0.18253,0.24242,0.31361,0.41798,0.58202,0.9,0.32,0.39,56.48848353,18.6240766,8.9692023,0.852548617,1.501792481,1,27.9694982,27.9694982,0.852548617,14.5646,0.8637,55.95,7.0379,4.0594766,-0.011151383,0.53848353,1.9313023,0.782030718,1.013080055,0.990467375,0.784674017,16.11.2023 18:19,B-1,6.28E-06,0.6,0.6,5.48,5.21,3.64,3.2,1.57,1.823529412,1.454557964,4.025442036,3.386470588,1.184557964,1.052256361,0.332009347,PTVT-T_321032,PY-IT_321127,CF,Jonas_DonorAcceptor-NoWDonorWH2-AddInt-NewPTQ10BTP4F12-NoBG-ZnOCorr_PTVT-T:PY-IT,Jonas_DonorAcceptor-NoWDonorWH2-AddInt-NewPTQ10BTP4F12-NoBG-ZnOCorr,0.090012284,25.10.2023 15:49,25369_188924_OD_x1y2,x1y2,0.00839308,0.6,0.6,2,5,0,1,0,0,0,0,0,0,0,1,62,1.899499694,0.098794638,2.075431557,0.7,0.043089294,0.062924582,1.523361908,0.077457501,1.689799239,0.063340372,0.132686801,0.120346706,0.473684211,0.175146578,0.242424242,0.295493284,0.407273914,0.592726086,-0.00865,0.00072,-0.00434,0,0.00207,0.00142,-0.00377,0.00013,-0.00119,-0.00565,-0.00559,-0.01074,0,-0.00738,0,-0.01812,-0.0107
25369,PTVT-T_321032,PTVT-T,PY-IT_321127,PY-IT,PTVT-T-PY-IT,25369_B-3,CF,0,13,3000,65.66376192,1.90914,0.09763,2.08103,0.7,0.03988,0.06154,1.52717,0.07737,1.69117,0.06648,0.13504,0.12631,0.47368,0.17826,0.24242,0.30456,0.41471,0.58529,0.9,0.32,0.39,56.5137758,18.60814775,8.95143832,0.851207327,1.526743807,1,28.40987434,28.40987434,0.851207327,14.9504,0.8588,55.05,7.0683,3.65774775,-0.007592673,1.4637758,1.88313832,0.803433002,1.008919887,0.974098779,0.789627292,16.11.2023 18:19,B-3,2.53E-06,1.4,0.6,5.48,5.21,3.64,3.2,1.57,1.823529412,1.454557964,4.025442036,3.386470588,1.184557964,1.050600877,0.333350637,PTVT-T_321032,PY-IT_321127,CF,Jonas_DonorAcceptor-NoWDonorWH2-AddInt-NewPTQ10BTP4F12-NoBG-ZnOCorr_PTVT-T:PY-IT,Jonas_DonorAcceptor-NoWDonorWH2-AddInt-NewPTQ10BTP4F12-NoBG-ZnOCorr,0.095325727,25.10.2023 15:49,25369_188924_OD_x3y2,x3y2,0.00809374,1.4,0.6,2,5,0,1,0,0,0,0,0,0,0,1,62,1.89867975,0.099101796,2.075435349,0.7,0.042842159,0.063108793,1.523074071,0.077332405,1.689892951,0.063385336,0.133710084,0.120432139,0.473684211,0.17649731,0.242424242,0.296929449,0.405591763,0.594408237,-0.01046,0.00147,-0.0056,0,0.00296,0.00157,-0.00409,-0.00004,-0.00128,-0.00309,-0.00133,-0.00587,0,-0.00176,0,-0.00763,-0.00912
25369,PTVT-T_321032,PTVT-T,PY-IT_321127,PY-IT,PTVT-T-PY-IT,25369_A-2,CF,0,13,3000,68.76652433,1.90807,0.09807,2.0796,0.7,0.04283,0.06142,1.52696,0.07759,1.69063,0.06874,0.13893,0.13062,0.47368,0.18339,0.24242,0.31401,0.41596,0.58404,0.9,0.32,0.39,56.49190664,18.39642373,8.875332262,0.854013987,1.499754003,1,27.59011012,27.59011012,0.854013987,13.5936,0.8593,55.02,6.4269,4.80282373,-0.005286013,1.47190664,2.448432262,0.738926228,1.006189609,0.973944823,0.724130636,16.11.2023 18:19,A-2,3.73E-06,1,1.4,5.48,5.21,3.64,3.2,1.57,1.823529412,1.454557964,4.025442036,3.386470588,1.184557964,1.054064991,0.330543977,PTVT-T_321032,PY-IT_321127,CF,Jonas_DonorAcceptor-NoWDonorWH2-AddInt-NewPTQ10BTP4F12-NoBG-ZnOCorr_PTVT-T:PY-IT,Jonas_DonorAcceptor-NoWDonorWH2-AddInt-NewPTQ10BTP4F12-NoBG-ZnOCorr,0.085330088,25.10.2023 15:49,25369_188924_OD_x2y1,x2y1,0.00857194,1,1.4,2,5,0,1,0,0,0,0,0,0,0,1,62,1.898698279,0.099062101,2.075182249,0.7,0.044687434,0.063094181,1.523041246,0.077509173,1.689511394,0.064685046,0.136618131,0.122901587,0.473684211,0.180335932,0.242424242,0.303237519,0.405298849,0.594701151,-0.00937,0.00099,-0.00442,0,0.00185,0.00167,-0.00392,-0.00008,-0.00112,-0.00406,-0.00231,-0.00771,0,-0.00305,0,-0.01077,-0.01067
25369,PTVT-T_321032,PTVT-T,PY-IT_321127,PY-IT,PTVT-T-PY-IT,25369_A-3,CF,0,13,3000,65.26644182,1.90911,0.09736,2.08142,0.7,0.04037,0.06157,1.52677,0.07751,1.69111,0.06585,0.13459,0.12511,0.47368,0.17766,0.24242,0.30277,0.41322,0.58678,0.9,0.32,0.39,56.70394266,18.33138781,8.86750781,0.85308632,1.530505748,1,28.05629442,28.05629442,0.85308632,13.4085,0.8601,56.48,6.5133,4.92288781,-0.00701368,0.22394266,2.35420781,0.731450348,1.008221536,0.996050669,0.734513027,16.11.2023 18:19,A-3,2.00E-06,1.4,1.4,5.48,5.21,3.64,3.2,1.57,1.823529412,1.454557964,4.025442036,3.386470588,1.184557964,1.05292002,0.331471644,PTVT-T_321032,PY-IT_321127,CF,Jonas_DonorAcceptor-NoWDonorWH2-AddInt-NewPTQ10BTP4F12-NoBG-ZnOCorr_PTVT-T:PY-IT,Jonas_DonorAcceptor-NoWDonorWH2-AddInt-NewPTQ10BTP4F12-NoBG-ZnOCorr,0.095006547,25.10.2023 15:49,25369_188924_OD_x3y1,x3y1,0.008061055,1.4,1.4,2,5,0,1,0,0,0,0,0,0,0,1,62,1.898634196,0.098939404,2.075458859,0.7,0.044714745,0.063216831,1.522980937,0.077500609,1.689688937,0.064736452,0.13696318,0.122999259,0.473684211,0.180791398,0.242424242,0.303790657,0.404881639,0.595118361,-0.01047,0.00158,-0.00596,0,0.00434,0.00165,-0.00379,-0.00001,-0.00142,-0.00111,0.00237,-0.00211,0,0.00313,0,0.00102,-0.00833
25370,PTVT-T_321032,PTVT-T,PY-IT_321127,PY-IT,PTVT-T-PY-IT,25370_B-2,CF,2,13,3000,71.40362386,1.90136,0.09913,2.07798,0.7,0.04105,0.06247,1.52362,0.07755,1.68847,0.07072,0.14296,0.13437,0.47368,0.18871,0.24242,0.32308,0.41591,0.58409,0.9,0.32,0.39,55.24956791,18.83991189,8.753581197,0.840965174,1.479577332,1,27.87510658,27.87510658,0.840965174,14.6384,0.2431,27.21,0.9684,4.20151189,0.597865174,28.03956791,7.785181197,0.776988772,0.289072613,0.492492539,0.110629008,16.11.2023 18:21,B-2,6.73E-06,1,0.6,5.48,5.21,3.64,3.2,1.57,1.823529412,1.454557964,4.025442036,3.386470588,1.184557964,1.037959521,0.34359279,PTVT-T_321032,PY-IT_321127,CF,Jonas_DonorAcceptor-NoWDonorWH2-AddInt-NewPTQ10BTP4F12-NoBG-ZnOCorr_PTVT-T:PY-IT,Jonas_DonorAcceptor-NoWDonorWH2-AddInt-NewPTQ10BTP4F12-NoBG-ZnOCorr,0.088642571,25.10.2023 15:55,25370_188941_OD_x2y2,x2y2,0.008573076,1,0.6,2,5,0,1,0,0,0,0,0,0,0,1,63,1.896566379,0.100191768,2.07279643,0.7,0.045409609,0.062832737,1.522203204,0.077594272,1.688323449,0.064528377,0.134814189,0.122603917,0.473684211,0.17795473,0.242424242,0.300558647,0.407922323,0.592077677,-0.0048,0.00106,-0.00518,0,0.00436,0.00036,-0.00142,0.00004,-0.00014,-0.00619,-0.00815,-0.01177,0,-0.01075,0,-0.02252,-0.00798
25370,PTVT-T_321032,PTVT-T,PY-IT_321127,PY-IT,PTVT-T-PY-IT,25370_B-1,CF,2,13,3000,70.35114498,1.89962,0.10006,2.07564,0.7,0.04114,0.06228,1.52313,0.07759,1.68765,0.07021,0.14131,0.13341,0.47368,0.18653,0.24242,0.31994,0.41697,0.58303,0.9,0.32,0.39,55.32768449,18.71531407,8.719059524,0.842034775,1.48939834,1,27.8745577,27.8745577,0.842034775,15.2782,0.6606,35.57,3.5906,3.43711407,0.181434775,19.75768449,5.128459524,0.816347508,0.784528169,0.642896957,0.41181047,16.11.2023 18:21,B-1,9.25E-06,0.6,0.6,5.48,5.21,3.64,3.2,1.57,1.823529412,1.454557964,4.025442036,3.386470588,1.184557964,1.039279673,0.342523189,PTVT-T_321032,PY-IT_321127,CF,Jonas_DonorAcceptor-NoWDonorWH2-AddInt-NewPTQ10BTP4F12-NoBG-ZnOCorr_PTVT-T:PY-IT,Jonas_DonorAcceptor-NoWDonorWH2-AddInt-NewPTQ10BTP4F12-NoBG-ZnOCorr,0.085123952,25.10.2023 15:55,25370_188941_OD_x1y2,x1y2,0.008450668,0.6,0.6,2,5,0,1,0,0,0,0,0,0,0,1,63,1.896838084,0.100095627,2.073047146,0.7,0.045202057,0.062871828,1.522334922,0.077582468,1.688450565,0.064808792,0.135630373,0.123136705,0.473684211,0.179032092,0.242424242,0.302168797,0.407509665,0.592490335,-0.00279,0.00003,-0.00259,0,0.00406,0.00059,-0.0008,-0.00001,0.0008,-0.0054,-0.00568,-0.01027,0,-0.0075,0,-0.01777,-0.00946
25370,PTVT-T_321032,PTVT-T,PY-IT_321127,PY-IT,PTVT-T-PY-IT,25370_A-2,CF,2,13,3000,72.38775995,1.89982,0.10003,2.07582,0.7,0.04241,0.06232,1.52339,0.07771,1.68765,0.07162,0.14408,0.13607,0.47368,0.19019,0.24242,0.32626,0.41706,0.58294,0.9,0.32,0.39,55.228876,18.52760284,8.594099461,0.83987555,1.472586944,1,27.28350604,27.28350604,0.83987555,14.0046,0.8563,55.28,6.6288,4.52300284,-0.01642445,-0.051124,1.965299461,0.755877602,1.019555814,1.000925675,0.771319907,16.11.2023 18:21,A-2,4.91E-06,1,1.4,5.48,5.21,3.64,3.2,1.57,1.823529412,1.454557964,4.025442036,3.386470588,1.184557964,1.036614654,0.344682414,PTVT-T_321032,PY-IT_321127,CF,Jonas_DonorAcceptor-NoWDonorWH2-AddInt-NewPTQ10BTP4F12-NoBG-ZnOCorr_PTVT-T:PY-IT,Jonas_DonorAcceptor-NoWDonorWH2-AddInt-NewPTQ10BTP4F12-NoBG-ZnOCorr,0.078091037,25.10.2023 15:55,25370_188941_OD_x2y1,x2y1,0.008709455,1,1.4,2,5,0,1,0,0,0,0,0,0,0,1,63,1.897126174,0.100132064,2.073467411,0.7,0.046243564,0.06299133,1.522497358,0.07761219,1.688613098,0.066206383,0.138808411,0.125792128,0.473684211,0.183227102,0.242424242,0.30901923,0.407072252,0.592927748,-0.00269,0.0001,-0.00236,0,0.00383,0.00067,-0.0009,-0.0001,0.00096,-0.00541,-0.00527,-0.01028,0,-0.00696,0,-0.01724,-0.00999
25370,PTVT-T_321032,PTVT-T,PY-IT_321127,PY-IT,PTVT-T-PY-IT,25370_A-3,CF,2,13,3000,67.23937375,1.89913,0.10023,2.07492,0.7,0.04185,0.06203,1.52253,0.07776,1.68673,0.06803,0.1369,0.12926,0.47368,0.18071,0.24242,0.30997,0.41701,0.58299,0.9,0.32,0.39,55.12338592,18.36585724,8.533580342,0.842915794,1.517304221,1,27.86659272,27.86659272,0.842915794,13.461,0.8563,55.52,6.4001,4.90485724,-0.013384206,-0.39661408,2.133480342,0.732936112,1.015878462,1.007195024,0.749990009,16.11.2023 18:21,A-3,3.11E-06,1.4,1.4,5.48,5.21,3.64,3.2,1.57,1.823529412,1.454557964,4.025442036,3.386470588,1.184557964,1.040367069,0.34164217,PTVT-T_321032,PY-IT_321127,CF,Jonas_DonorAcceptor-NoWDonorWH2-AddInt-NewPTQ10BTP4F12-NoBG-ZnOCorr_PTVT-T:PY-IT,Jonas_DonorAcceptor-NoWDonorWH2-AddInt-NewPTQ10BTP4F12-NoBG-ZnOCorr,0.081449766,25.10.2023 15:55,25370_188941_OD_x3y1,x3y1,0.008285435,1.4,1.4,2,5,0,1,0,0,0,0,0,0,0,1,63,1.896444987,0.100289192,2.072742657,0.7,0.046268791,0.062930288,1.522361771,0.077579606,1.688198235,0.065974764,0.137948286,0.125352053,0.473684211,0.182091738,0.242424242,0.307443791,0.407723481,0.592276519,-0.00269,0.00006,-0.00217,0,0.00442,0.0009,-0.00017,-0.00018,0.00147,-0.00206,0.00105,-0.00391,0,0.00138,0,-0.00252,-0.00929
25371,PTVT-T_321032,PTVT-T,PY-IT_321127,PY-IT,PTVT-T-PY-IT,25371_B-3,CF,1,13,2000,90.64957323,1.90246,0.09988,2.07908,0.7,0.04491,0.06218,1.5265,0.0764,1.68953,0.08625,0.16673,0.16387,0.47368,0.22008,0.24242,0.38395,0.42681,0.57319,0.9,0.32,0.39,56.89748739,18.43923703,9.007515544,0.858556707,1.341685975,1,24.73966571,24.73966571,0.858556707,14.5575,0.8659,52.11,6.5695,3.88173703,-0.007343293,4.78748739,2.438015544,0.789484943,1.008553067,0.915857666,0.729335405,16.11.2023 18:24,B-3,2.79E-06,1.4,0.6,5.48,5.21,3.64,3.2,1.57,1.823529412,1.454557964,4.025442036,3.386470588,1.184557964,1.059671834,0.326001257,PTVT-T_321032,PY-IT_321127,CF,Jonas_DonorAcceptor-NoWDonorWH2-AddInt-NewPTQ10BTP4F12-NoBG-ZnOCorr_PTVT-T:PY-IT,Jonas_DonorAcceptor-NoWDonorWH2-AddInt-NewPTQ10BTP4F12-NoBG-ZnOCorr,0.08954832,25.10.2023 16:01,25371_188952_OD_x3y2,x3y2,0.010870998,1.4,0.6,2,5,0,1,0,0,0,0,0,0,0,1,64,1.900850967,0.100319687,2.078017365,0.7,0.048278094,0.062369387,1.526321191,0.076405113,1.689605043,0.081277781,0.160225055,0.154427783,0.473684211,0.211497073,0.242424242,0.365924856,0.42202048,0.57797952,-0.00161,0.00044,-0.00106,0,0.00336,0.00019,-0.00018,0,0.00008,-0.00497,-0.0065,-0.00945,0,-0.00858,0,-0.01803,-0.00479
25371,PTVT-T_321032,PTVT-T,PY-IT_321127,PY-IT,PTVT-T-PY-IT,25371_A-1,CF,1,13,2000,93.59887502,1.90355,0.10014,2.07915,0.7,0.04575,0.06178,1.52761,0.07609,1.68957,0.08972,0.17047,0.17047,0.47368,0.22503,0.24242,0.39549,0.43102,0.56898,0.9,0.32,0.39,56.61151274,18.34686234,8.915306107,0.858360446,1.325262492,1,24.3144085,24.3144085,0.858360446,14.4096,0.8702,53.09,6.6565,3.93726234,-0.011839554,3.52151274,2.258806107,0.7853986,1.013793219,0.937795113,0.746637291,16.11.2023 18:24,A-1,9.22E-06,0.6,1.4,5.48,5.21,3.64,3.2,1.57,1.823529412,1.454557964,4.025442036,3.386470588,1.184557964,1.059429599,0.326197518,PTVT-T_321032,PY-IT_321127,CF,Jonas_DonorAcceptor-NoWDonorWH2-AddInt-NewPTQ10BTP4F12-NoBG-ZnOCorr_PTVT-T:PY-IT,Jonas_DonorAcceptor-NoWDonorWH2-AddInt-NewPTQ10BTP4F12-NoBG-ZnOCorr,0.083450884,25.10.2023 16:01,25371_188952_OD_x1y1,x1y1,0.011396552,0.6,1.4,2,5,0,1,0,0,0,0,0,0,0,1,64,1.900913683,0.099799464,2.07863791,0.718415827,0.047955852,0.062644793,1.527293578,0.075799922,1.690501119,0.084890625,0.165352202,0.161292188,0.473684211,0.218264907,0.242424242,0.379557095,0.424948421,0.575051579,-0.00264,-0.00034,-0.00051,0.01842,0.00221,0.00086,-0.00032,-0.00029,0.00093,-0.00483,-0.00512,-0.00917,0,-0.00676,0,-0.01593,-0.00607
25371,PTVT-T_321032,PTVT-T,PY-IT_321127,PY-IT,PTVT-T-PY-IT,25371_B-2,CF,1,13,2000,91.84339741,1.90266,0.1001,2.07856,0.7,0.04578,0.06188,1.52687,0.07637,1.68917,0.08718,0.16842,0.16564,0.47368,0.22232,0.24242,0.38796,0.42696,0.57304,0.9,0.32,0.39,56.65754378,18.29254702,8.899261641,0.858661621,1.335347828,1,24.42691294,24.42691294,0.858661621,14.3049,0.8703,53.45,6.6548,3.98764702,-0.011638379,3.20754378,2.244461641,0.78200701,1.013554092,0.943387172,0.747792375,16.11.2023 18:24,B-2,4.48E-06,1,0.6,5.48,5.21,3.64,3.2,1.57,1.823529412,1.454557964,4.025442036,3.386470588,1.184557964,1.059801324,0.325896343,PTVT-T_321032,PY-IT_321127,CF,Jonas_DonorAcceptor-NoWDonorWH2-AddInt-NewPTQ10BTP4F12-NoBG-ZnOCorr_PTVT-T:PY-IT,Jonas_DonorAcceptor-NoWDonorWH2-AddInt-NewPTQ10BTP4F12-NoBG-ZnOCorr,0.081889077,25.10.2023 16:01,25371_188952_OD_x2y2,x2y2,0.01110869,1,0.6,2,5,0,1,0,0,0,0,0,0,0,1,64,1.900347125,0.100577176,2.07756339,0.7,0.048184205,0.062340022,1.526320175,0.076236924,1.689564212,0.082262909,0.161480562,0.156299527,0.473684211,0.213154342,0.242424242,0.369453868,0.423045802,0.576954198,-0.00231,0.00047,-0.001,0,0.00241,0.00046,-0.00055,-0.00013,0.00039,-0.00492,-0.00694,-0.00935,0,-0.00917,0,-0.01851,-0.00391
25371,PTVT-T_321032,PTVT-T,PY-IT_321127,PY-IT,PTVT-T-PY-IT,25371_B-1,CF,1,13,2000,91.09908236,1.90247,0.10014,2.07832,0.7,0.04558,0.06214,1.52639,0.07654,1.68916,0.08674,0.16673,0.1648,0.47368,0.22009,0.24242,0.38489,0.42818,0.57182,0.9,0.32,0.39,55.23398395,18.43540625,8.687021091,0.853123282,1.338670453,1,24.67893364,24.67893364,0.853123282,14.1005,0.8203,45.14,5.221,4.33490625,0.032823282,10.09398395,3.466021091,0.764859738,0.961525746,0.817250482,0.601011549,16.11.2023 18:24,B-1,2.83E-05,0.6,0.6,5.48,5.21,3.64,3.2,1.57,1.823529412,1.454557964,4.025442036,3.386470588,1.184557964,1.05296564,0.331434682,PTVT-T_321032,PY-IT_321127,CF,Jonas_DonorAcceptor-NoWDonorWH2-AddInt-NewPTQ10BTP4F12-NoBG-ZnOCorr_PTVT-T:PY-IT,Jonas_DonorAcceptor-NoWDonorWH2-AddInt-NewPTQ10BTP4F12-NoBG-ZnOCorr,0.08473827,25.10.2023 16:01,25371_188952_OD_x1y2,x1y2,0.010912897,0.6,0.6,2,5,0,1,0,0,0,0,0,0,0,1,64,1.899843283,0.100834665,2.077109415,0.7,0.048090316,0.062310658,1.526319159,0.076068735,1.68952338,0.083248037,0.162736069,0.15817127,0.473684211,0.214811611,0.242424242,0.37298288,0.424071125,0.575928875,-0.00263,0.00069,-0.00121,0,0.00251,0.00017,-0.00007,-0.00047,0.00036,-0.00349,-0.004,-0.00663,0,-0.00528,0,-0.01191,-0.0041
25372,PTVT-T_321032,PTVT-T,L8-BO_321144,L8-BO,PTVT-T-L8-BO,25372_A-1,CF,0,18,2000,171.7229632,1.89885,0.09815,2.07544,0.81778,0,0.0608,1.54405,0.08431,1.70184,0.19687,0.35691,0.37405,0.47368,0.55321,0.35484,0.92726,0.40339,0.59661,0.9,0.55,0.22,62.792998,19.68584513,10.3521724,0.837464127,1.053759698,1,20.74415021,20.74415021,0.837464127,13.0696,0.821,48.05,5.1559,6.61624513,0.016464127,14.742998,5.1962724,0.663908504,0.980340499,0.765212707,0.498050052,16.11.2023 17:38,A-1,2.18E-06,0.6,1.4,5.45,5.21,3.77,3.2,1.44,1.823529412,1.454557964,3.995442036,3.386470588,1.214557964,1.003296729,0.377093837,PTVT-T_321032,L8-BO_321144,CF,Jonas_DonorAcceptor-NoWDonorWH2-AddInt-NewPTQ10BTP4F12-NoBG-ZnOCorr_PTVT-T:L8-BO,Jonas_DonorAcceptor-NoWDonorWH2-AddInt-NewPTQ10BTP4F12-NoBG-ZnOCorr,0.875471642,25.10.2023 16:19,25372_188979_OD_x1y1,x1y1,0.02140308,0.6,1.4,2,4,0,1,0,0,0,0,0,0,1,0,65,1.887309773,0.102770929,2.071383711,0.768067343,1.48E-23,0.05649443,1.530239747,0.083291225,1.688038413,0.202238673,0.346106355,0.384253479,0.473684211,0.536464851,0.35483871,0.92071833,0.417340968,0.582659032,-0.01154,0.00462,-0.00405,-0.04971,0,-0.00431,-0.01381,-0.00102,-0.0138,0.00537,-0.01081,0.0102,0,-0.01675,0,-0.00654,0.01395
25372,PTVT-T_321032,PTVT-T,L8-BO_321144,L8-BO,PTVT-T-L8-BO,25372_B-1,CF,0,18,2000,177.2565868,1.89817,0.09795,2.07539,0.8258,0,0.06045,1.54251,0.08421,1.70031,0.2023,0.3667,0.38438,0.47368,0.56839,0.35484,0.95277,0.40343,0.59657,0.9,0.55,0.22,62.86793728,19.53896813,10.26920401,0.835999362,1.045034689,1,20.41889949,20.41889949,0.835999362,13.9064,0.8223,53.25,6.0894,5.63256813,0.013699362,9.61793728,4.17980401,0.711726428,0.983613191,0.847013634,0.592976826,16.11.2023 17:38,B-1,1.51E-06,0.6,0.6,5.45,5.21,3.77,3.2,1.44,1.823529412,1.454557964,3.995442036,3.386470588,1.214557964,1.001541914,0.378558602,PTVT-T_321032,L8-BO_321144,CF,Jonas_DonorAcceptor-NoWDonorWH2-AddInt-NewPTQ10BTP4F12-NoBG-ZnOCorr_PTVT-T:L8-BO,Jonas_DonorAcceptor-NoWDonorWH2-AddInt-NewPTQ10BTP4F12-NoBG-ZnOCorr,0.895781118,25.10.2023 16:19,25372_188979_OD_x1y2,x1y2,0.022036559,0.6,0.6,2,4,0,1,0,0,0,0,0,0,1,0,65,1.889341147,0.102420547,2.072243819,0.764856815,1.29E-23,0.057984898,1.53318573,0.084068224,1.691513442,0.20669215,0.353886988,0.392715084,0.473684211,0.548524831,0.35483871,0.941239916,0.417231651,0.582768349,-0.00883,0.00447,-0.00314,-0.06094,0,-0.00246,-0.00932,-0.00014,-0.0088,0.00439,-0.01281,0.00834,0,-0.01986,0,-0.01153,0.0138
25372,PTVT-T_321032,PTVT-T,L8-BO_321144,L8-BO,PTVT-T-L8-BO,25372_B-3,CF,0,18,2000,182.9731572,1.89569,0.09708,2.07629,0.86448,0,0.05637,1.53272,0.08272,1.69081,0.19946,0.38075,0.37898,0.47368,0.59016,0.35484,0.96914,0.39105,0.60895,0.9,0.55,0.22,60.9919408,20.19425602,10.24708354,0.831955249,1.039878425,1,20.99957114,20.99957114,0.831955249,13.8653,0.819,52.62,5.9747,6.32895602,0.012955249,8.3719408,4.27238354,0.686596227,0.98442795,0.862736934,0.583063462,16.11.2023 17:38,B-3,2.34E-06,1.4,0.6,5.45,5.21,3.77,3.2,1.44,1.823529412,1.454557964,3.995442036,3.386470588,1.214557964,0.996696996,0.382602715,PTVT-T_321032,L8-BO_321144,CF,Jonas_DonorAcceptor-NoWDonorWH2-AddInt-NewPTQ10BTP4F12-NoBG-ZnOCorr_PTVT-T:L8-BO,Jonas_DonorAcceptor-NoWDonorWH2-AddInt-NewPTQ10BTP4F12-NoBG-ZnOCorr,1.354381137,25.10.2023 16:19,25372_188979_OD_x3y2,x3y2,0.028064359,1.4,0.6,2,4,0,1,0,0,0,0,0,0,1,0,65,1.893498349,0.101905185,2.074327146,0.74827075,6.36E-22,0.061829458,1.540676861,0.086608003,1.699685225,0.226977204,0.373633593,0.431256688,0.473684211,0.579132069,0.35483871,1.010388756,0.426822532,0.573177468,-0.00219,0.00482,-0.00197,-0.11621,0,0.00546,0.00795,0.00389,0.00888,0.02751,-0.00712,0.05227,0,-0.01103,0,0.04124,0.03577
25372,PTVT-T_321032,PTVT-T,L8-BO_321144,L8-BO,PTVT-T-L8-BO,25372_A-2,CF,0,18,2000,173.6596668,1.90305,0.09779,2.0765,0.81029,0,0.06304,1.55409,0.08642,1.71187,0.20185,0.36095,0.38351,0.47368,0.55947,0.35484,0.94298,0.4067,0.5933,0.9,0.55,0.22,61.32094482,19.74207453,10.14408521,0.837936799,1.048438798,1,20.69835689,20.69835689,0.837936799,13.7873,0.8181,51.49,5.8083,5.95477453,0.019836799,9.83094482,4.33578521,0.698371388,0.976326617,0.839680474,0.572579969,16.11.2023 17:38,A-2,1.83E-06,1,1.4,5.45,5.21,3.77,3.2,1.44,1.823529412,1.454557964,3.995442036,3.386470588,1.214557964,1.003862998,0.376621165,PTVT-T_321032,L8-BO_321144,CF,Jonas_DonorAcceptor-NoWDonorWH2-AddInt-NewPTQ10BTP4F12-NoBG-ZnOCorr_PTVT-T:L8-BO,Jonas_DonorAcceptor-NoWDonorWH2-AddInt-NewPTQ10BTP4F12-NoBG-ZnOCorr,0.354696492,25.10.2023 16:19,25372_188979_OD_x2y1,x2y1,0.01366576,1,1.4,2,4,0,1,0,0,0,0,0,0,1,0,65,1.892362304,0.10141781,2.072360622,0.78102947,1.88E-22,0.06023248,1.53776812,0.086128838,1.697710272,0.212498951,0.365579273,0.403748007,0.473684211,0.566647873,0.35483871,0.97039588,0.41612738,0.58387262,-0.01069,0.00363,-0.00414,-0.02926,0,-0.00281,-0.01633,-0.00029,-0.01416,0.01065,0.00463,0.02024,0,0.00718,0,0.02741,0.00943
25373,PTVT-T_321032,PTVT-T,L8-BO_321144,L8-BO,PTVT-T-L8-BO,25373_A-1,CF,0,15.5,2000,130.3198824,1.90263,0.09832,2.07673,0.78902,0,0.06284,1.54919,0.08672,1.70789,0.15108,0.28144,0.28705,0.47368,0.43623,0.35484,0.72328,0.39687,0.60313,0.9,0.55,0.22,67.62032367,20.14288724,11.44865399,0.840534344,1.139725918,1,22.95737065,22.95737065,0.840534344,4.3333,0.8157,48.94,1.7299,15.80958724,0.024834344,18.68032367,9.71875399,0.215128047,0.9704541,0.723746905,0.151100732,16.11.2023 17:41,A-1,2.67E-06,0.6,1.4,5.45,5.21,3.77,3.2,1.44,1.823529412,1.454557964,3.995442036,3.386470588,1.214557964,1.006974902,0.37402362,PTVT-T_321032,L8-BO_321144,CF,Jonas_DonorAcceptor-NoWDonorWH2-AddInt-NewPTQ10BTP4F12-NoBG-ZnOCorr_PTVT-T:L8-BO,Jonas_DonorAcceptor-NoWDonorWH2-AddInt-NewPTQ10BTP4F12-NoBG-ZnOCorr,0.3545607,25.10.2023 16:25,25373_188982_OD_x1y1,x1y1,0.011892444,0.6,1.4,2,4,0,1,0,0,0,0,0,0,1,0,66,1.892976414,0.103926213,2.072131391,0.722557794,3.66E-24,0.062063358,1.543743354,0.086579326,1.702496968,0.16983096,0.27681818,0.322678824,0.473684211,0.429068179,0.35483871,0.751747003,0.429238591,0.570761409,-0.00966,0.00561,-0.0046,-0.06646,0,-0.00077,-0.00545,-0.00014,-0.00539,0.01875,-0.00462,0.03563,0,-0.00716,0,0.02847,0.03237
25373,PTVT-T_321032,PTVT-T,L8-BO_321144,L8-BO,PTVT-T-L8-BO,25373_B-1,CF,0,15.5,2000,133.3108557,1.90069,0.09866,2.07644,0.7869,0,0.06173,1.54628,0.08555,1.70454,0.15471,0.28605,0.29394,0.47368,0.44337,0.35484,0.73732,0.39867,0.60133,0.9,0.55,0.22,68.05053739,19.97856899,11.40831673,0.839123016,1.132468279,1,22.62509565,22.62509565,0.839123016,11.8144,0.8146,52.1,5.0144,8.16416899,0.024523016,15.95053739,6.39391673,0.591353665,0.970775422,0.765607473,0.439538989,16.11.2023 17:41,B-1,1.93E-06,0.6,0.6,5.45,5.21,3.77,3.2,1.44,1.823529412,1.454557964,3.995442036,3.386470588,1.214557964,1.005284107,0.375434948,PTVT-T_321032,L8-BO_321144,CF,Jonas_DonorAcceptor-NoWDonorWH2-AddInt-NewPTQ10BTP4F12-NoBG-ZnOCorr_PTVT-T:L8-BO,Jonas_DonorAcceptor-NoWDonorWH2-AddInt-NewPTQ10BTP4F12-NoBG-ZnOCorr,0.493207471,25.10.2023 16:25,25373_188982_OD_x1y2,x1y2,0.014309166,0.6,0.6,2,4,0,1,0,0,0,0,0,0,1,0,66,1.889488249,0.104171107,2.071454205,0.726629346,1.89E-20,0.059463487,1.535958186,0.084653645,1.694508187,0.159066112,0.268277008,0.302225613,0.473684211,0.415829363,0.35483871,0.718054976,0.42089481,0.57910519,-0.0112,0.00552,-0.00498,-0.06027,0,-0.00226,-0.01032,-0.0009,-0.01004,0.00436,-0.01777,0.00828,0,-0.02754,0,-0.01926,0.02223
25373,PTVT-T_321032,PTVT-T,L8-BO_321144,L8-BO,PTVT-T-L8-BO,25373_A-3,CF,0,15.5,2000,124.1007252,1.90223,0.0986,2.07787,0.7743,0,0.06291,1.54614,0.08701,1.7057,0.14339,0.27053,0.27244,0.47368,0.41933,0.35484,0.69177,0.39384,0.60616,0.9,0.55,0.22,67.87483084,19.95989746,11.4014401,0.841574648,1.15896483,1,23.13281917,23.13281917,0.841574648,1.4205,0.8105,46.38,0.534,18.53939746,0.031074648,21.49483084,10.8674401,0.0711677,0.963075589,0.68331662,0.046836189,16.11.2023 17:41,A-3,1.36E-06,1.4,1.4,5.45,5.21,3.77,3.2,1.44,1.823529412,1.454557964,3.995442036,3.386470588,1.214557964,1.008221205,0.372983316,PTVT-T_321032,L8-BO_321144,CF,Jonas_DonorAcceptor-NoWDonorWH2-AddInt-NewPTQ10BTP4F12-NoBG-ZnOCorr_PTVT-T:L8-BO,Jonas_DonorAcceptor-NoWDonorWH2-AddInt-NewPTQ10BTP4F12-NoBG-ZnOCorr,0.385818361,25.10.2023 16:25,25373_188982_OD_x3y1,x3y1,0.01225182,1.4,1.4,2,4,0,1,0,0,0,0,0,0,1,0,66,1.893755704,0.103778884,2.073122153,0.714109087,0.005976715,0.063326881,1.541449861,0.088257792,1.702507729,0.144875183,0.247760531,0.275262847,0.473684211,0.384028822,0.35483871,0.659291669,0.417513006,0.582486994,-0.00848,0.00517,-0.00474,-0.06019,0.00598,0.00042,-0.00469,0.00125,-0.00319,0.00148,-0.02277,0.00282,0,-0.0353,0,-0.03248,0.02368
25373,PTVT-T_321032,PTVT-T,L8-BO_321144,L8-BO,PTVT-T-L8-BO,25373_A-2,CF,0,15.5,2000,133.9708079,1.90624,0.09686,2.07875,0.80863,0,0.06365,1.55572,0.08758,1.71479,0.15408,0.29003,0.29274,0.47368,0.44955,0.35484,0.74229,0.39438,0.60562,0.9,0.55,0.22,65.59898365,20.47675328,11.26499785,0.838634848,1.127653089,1,23.09067409,23.09067409,0.838634848,0.0258,0.1607,24.97,0.001,20.45095328,0.677934848,40.62898365,11.26399785,0.001259965,0.191620943,0.380646141,8.88E-05,16.11.2023 17:41,A-2,2.02E-06,1,1.4,5.45,5.21,3.77,3.2,1.44,1.823529412,1.454557964,3.995442036,3.386470588,1.214557964,1.004699273,0.375923116,PTVT-T_321032,L8-BO_321144,CF,Jonas_DonorAcceptor-NoWDonorWH2-AddInt-NewPTQ10BTP4F12-NoBG-ZnOCorr_PTVT-T:L8-BO,Jonas_DonorAcceptor-NoWDonorWH2-AddInt-NewPTQ10BTP4F12-NoBG-ZnOCorr,0.205161078,25.10.2023 16:25,25373_188982_OD_x2y1,x2y1,0.008235514,1,1.4,2,4,0,1,0,0,0,0,0,0,1,0,66,1.893366059,0.103852548,2.072626772,0.718333441,0.002988358,0.06269512,1.542596607,0.087418559,1.702502348,0.157353071,0.262289355,0.298970836,0.473684211,0.406548501,0.35483871,0.705519336,0.423375799,0.576624201,-0.01287,0.00699,-0.00612,-0.0903,0.00299,-0.00096,-0.01313,-0.00016,-0.01229,0.00328,-0.02774,0.00623,0,-0.043,0,-0.03677,0.029
25374,PTVT-T_321032,PTVT-T,L8-BO_321144,L8-BO,PTVT-T-L8-BO,25374_A-1,CF,0,13,2000,87.2299703,1.90854,0.09687,2.08104,0.7615,0.0681,0.06817,1.54899,0.09449,1.71417,0.09878,0.2083,0.18768,0.47368,0.32287,0.35484,0.51054,0.3676,0.6324,0.9,0.55,0.22,69.40330437,20.4268043,12.01541403,0.847536019,1.322130365,1,27.00689822,27.00689822,0.847536019,14.124,0.819,59.6,6.8949,6.3028043,0.028536019,9.80330437,5.12051403,0.691444427,0.966330612,0.858748737,0.573837904,16.11.2023 17:43,A-1,5.41E-06,0.6,1.4,5.45,5.21,3.77,3.2,1.44,1.823529412,1.454557964,3.995442036,3.386470588,1.214557964,1.015363032,0.367021945,PTVT-T_321032,L8-BO_321144,CF,Jonas_DonorAcceptor-NoWDonorWH2-AddInt-NewPTQ10BTP4F12-NoBG-ZnOCorr_PTVT-T:L8-BO,Jonas_DonorAcceptor-NoWDonorWH2-AddInt-NewPTQ10BTP4F12-NoBG-ZnOCorr,0.036756081,25.10.2023 16:31,25374_188989_OD_x1y1,x1y1,0.00605898,0.6,1.4,2,4,0,1,0,0,0,0,0,0,1,0,67,1.898118223,0.102075296,2.074740094,0.716267405,0.067727635,0.06662751,1.542033497,0.093077868,1.707002581,0.10884879,0.197987286,0.2068127,0.473684211,0.306880294,0.35483871,0.513692994,0.402599807,0.597400193,-0.01042,0.00521,-0.0063,-0.04523,-0.00037,-0.00154,-0.00696,-0.00141,-0.00716,0.01007,-0.01031,0.01914,0,-0.01599,0,0.00315,0.035
25374,PTVT-T_321032,PTVT-T,L8-BO_321144,L8-BO,PTVT-T-L8-BO,25374_B-1,CF,0,13,2000,83.58240408,1.90926,0.09643,2.08139,0.7651,0.0703,0.0688,1.54882,0.09555,1.71493,0.09397,0.20311,0.17854,0.47368,0.31482,0.35484,0.49336,0.36188,0.63812,0.9,0.55,0.22,69.69114167,20.33997966,12.01303725,0.847470775,1.346340381,1,27.38453596,27.38453596,0.847470775,14.2277,0.8218,61.07,7.1403,6.11227966,0.025670775,8.62114167,4.87273725,0.699494308,0.969708955,0.876295014,0.594379244,16.11.2023 17:43,B-1,6.97E-06,0.6,0.6,5.45,5.21,3.77,3.2,1.44,1.823529412,1.454557964,3.995442036,3.386470588,1.214557964,1.015284869,0.367087189,PTVT-T_321032,L8-BO_321144,CF,Jonas_DonorAcceptor-NoWDonorWH2-AddInt-NewPTQ10BTP4F12-NoBG-ZnOCorr_PTVT-T:L8-BO,Jonas_DonorAcceptor-NoWDonorWH2-AddInt-NewPTQ10BTP4F12-NoBG-ZnOCorr,0.033221958,25.10.2023 16:31,25374_188989_OD_x1y2,x1y2,0.005826172,0.6,0.6,2,4,0,1,0,0,0,0,0,0,1,0,67,1.897452319,0.10196138,2.075361634,0.7,0.069603409,0.068279842,1.537773502,0.09603865,1.706080158,0.090637053,0.18450173,0.172210401,0.473684211,0.285977681,0.35483871,0.458188083,0.375850896,0.624149104,-0.01181,0.00553,-0.00602,-0.0651,-0.00069,-0.00052,-0.01104,0.00049,-0.00885,-0.00333,-0.01861,-0.00632,0,-0.02884,0,-0.03517,0.01397
25374,PTVT-T_321032,PTVT-T,L8-BO_321144,L8-BO,PTVT-T-L8-BO,25374_B-3,CF,0,13,2000,83.59790804,1.91089,0.09569,2.08198,0.7707,0.07252,0.06901,1.55086,0.09593,1.71702,0.09384,0.20349,0.1783,0.47368,0.31542,0.35484,0.49372,0.36114,0.63886,0.9,0.55,0.22,68.6043578,20.5801492,11.96086014,0.847153657,1.345208925,1,27.68460038,27.68460038,0.847153657,15.2331,0.8247,60.82,7.64,5.3470492,0.022453657,7.7843578,4.32086014,0.740184138,0.973495178,0.886532604,0.638750049,16.11.2023 17:43,B-3,2.36E-06,1.4,0.6,5.45,5.21,3.77,3.2,1.44,1.823529412,1.454557964,3.995442036,3.386470588,1.214557964,1.014904956,0.367404307,PTVT-T_321032,L8-BO_321144,CF,Jonas_DonorAcceptor-NoWDonorWH2-AddInt-NewPTQ10BTP4F12-NoBG-ZnOCorr_PTVT-T:L8-BO,Jonas_DonorAcceptor-NoWDonorWH2-AddInt-NewPTQ10BTP4F12-NoBG-ZnOCorr,0.032196564,25.10.2023 16:31,25374_188989_OD_x3y2,x3y2,0.006122544,1.4,0.6,2,4,0,1,0,0,0,0,0,0,1,0,67,1.898131541,0.101757667,2.0757634,0.700000001,0.072941612,0.068023861,1.540063169,0.095487317,1.70754525,0.094442537,0.189353701,0.17944082,0.473684211,0.293498236,0.35483871,0.472939056,0.379416371,0.620583629,-0.01276,0.00607,-0.00622,-0.0707,0.00042,-0.00099,-0.01079,-0.00045,-0.00947,0.0006,-0.01414,0.00114,0,-0.02192,0,-0.02078,0.01827
25374,PTVT-T_321032,PTVT-T,L8-BO_321144,L8-BO,PTVT-T-L8-BO,25374_A-2,CF,0,13,2000,87.66873251,1.91119,0.09565,2.0828,0.76498,0.07119,0.06825,1.55138,0.09488,1.71673,0.09937,0.2089,0.1888,0.47368,0.32379,0.35484,0.5126,0.36833,0.63167,0.9,0.55,0.22,68.17229366,20.65573233,11.9093288,0.845743722,1.31704593,1,27.2045482,27.2045482,0.845743722,14.4692,0.8173,58.57,6.9266,6.18653233,0.028443722,9.60229366,4.9827288,0.700493198,0.966368391,0.859146683,0.581611283,16.11.2023 17:43,A-2,6.44E-06,1,1.4,5.45,5.21,3.77,3.2,1.44,1.823529412,1.454557964,3.995442036,3.386470588,1.214557964,1.013215829,0.368814242,PTVT-T_321032,L8-BO_321144,CF,Jonas_DonorAcceptor-NoWDonorWH2-AddInt-NewPTQ10BTP4F12-NoBG-ZnOCorr_PTVT-T:L8-BO,Jonas_DonorAcceptor-NoWDonorWH2-AddInt-NewPTQ10BTP4F12-NoBG-ZnOCorr,0.037521785,25.10.2023 16:31,25374_188989_OD_x2y1,x2y1,0.006643752,1,1.4,2,4,0,1,0,0,0,0,0,0,1,0,67,1.897954403,0.102704632,2.075307783,0.708133828,0.045267633,0.065367084,1.543661278,0.091105364,1.706048334,0.130628907,0.209335279,0.248194923,0.473684211,0.324469683,0.35483871,0.572664606,0.430527692,0.569472308,-0.01323,0.00705,-0.00749,-0.05684,-0.02592,-0.00289,-0.00772,-0.00378,-0.01068,0.03126,0.00044,0.05939,0,0.00068,0,0.06007,0.0622
25375,PTVT-T_321032,PTVT-T,L8-BO_321144,L8-BO,PTVT-T-L8-BO,25375_B-2,CF,0,13,1000,127.6524252,1.90403,0.09838,2.07811,0.78415,0,0.06397,1.55123,0.08822,1.71046,0.14666,0.27765,0.27866,0.47368,0.43035,0.35484,0.70902,0.39303,0.60697,0.9,0.55,0.22,66.35271694,19.69548003,10.94833777,0.837766339,1.145775017,1,22.56658896,22.56658896,0.837766339,14.6126,0.821,54.91,6.5872,5.08288003,0.016766339,11.44271694,4.36113777,0.741926573,0.979986855,0.827547123,0.60166211,16.11.2023 17:46,B-2,3.59E-06,1,0.6,5.45,5.21,3.77,3.2,1.44,1.823529412,1.454557964,3.995442036,3.386470588,1.214557964,1.003658784,0.376791625,PTVT-T_321032,L8-BO_321144,CF,Jonas_DonorAcceptor-NoWDonorWH2-AddInt-NewPTQ10BTP4F12-NoBG-ZnOCorr_PTVT-T:L8-BO,Jonas_DonorAcceptor-NoWDonorWH2-AddInt-NewPTQ10BTP4F12-NoBG-ZnOCorr,0.239735733,25.10.2023 16:36,25375_188994_OD_x2y2,x2y2,0.009099152,1,0.6,2,4,0,1,0,0,0,0,0,0,1,0,68,1.893281844,0.102702149,2.073688732,0.755346768,0.000526401,0.060890914,1.539812412,0.086771592,1.698976144,0.151858737,0.266458383,0.288531599,0.473684211,0.413010494,0.35483871,0.701542093,0.41127635,0.58872365,-0.01075,0.00432,-0.00442,-0.0288,0.00053,-0.00308,-0.01142,-0.00145,-0.01149,0.00519,-0.01119,0.00987,0,-0.01734,0,-0.00747,0.01825
25375,PTVT-T_321032,PTVT-T,L8-BO_321144,L8-BO,PTVT-T-L8-BO,25375_B-3,CF,0,13,1000,133.371838,1.90489,0.09817,2.07836,0.78362,0,0.06359,1.55433,0.08782,1.71273,0.15504,0.2868,0.29457,0.47368,0.44454,0.35484,0.73911,0.39854,0.60146,0.9,0.55,0.22,66.23803243,19.45169875,10.79217204,0.837613949,1.128583747,1,21.95287106,21.95287106,0.837613949,14.625,0.8229,54.13,6.5143,4.82669875,0.014713949,12.10803243,4.27787204,0.751862353,0.982433496,0.817204226,0.603613432,16.11.2023 17:46,B-3,3.11E-06,1.4,0.6,5.45,5.21,3.77,3.2,1.44,1.823529412,1.454557964,3.995442036,3.386470588,1.214557964,1.003476218,0.376944015,PTVT-T_321032,L8-BO_321144,CF,Jonas_DonorAcceptor-NoWDonorWH2-AddInt-NewPTQ10BTP4F12-NoBG-ZnOCorr_PTVT-T:L8-BO,Jonas_DonorAcceptor-NoWDonorWH2-AddInt-NewPTQ10BTP4F12-NoBG-ZnOCorr,0.206489555,25.10.2023 16:36,25375_188994_OD_x3y2,x3y2,0.008357801,1.4,0.6,2,4,0,1,0,0,0,0,0,0,1,0,68,1.895573595,0.102629083,2.073884515,0.742689987,0.001052802,0.063232948,1.546278054,0.088268297,1.705800472,0.152983497,0.266612059,0.290668645,0.473684211,0.413248691,0.35483871,0.703917336,0.412930084,0.587069916,-0.00931,0.00446,-0.00447,-0.04093,0.00105,-0.00036,-0.00806,0.00045,-0.00693,-0.00205,-0.02019,-0.0039,0,-0.0313,0,-0.03519,0.01439
25375,PTVT-T_321032,PTVT-T,L8-BO_321144,L8-BO,PTVT-T-L8-BO,25375_A-3,CF,0,13,1000,213.557571,1.9079,0.09477,2.07569,0.93105,0,0.06567,1.55655,0.08956,1.71756,0.23133,0.43898,0.43953,0.47368,0.68042,0.35484,1.11994,0.39245,0.60755,0.9,0.55,0.22,63.49772473,20.10500362,10.58445486,0.829098588,0.991009501,1,19.92424961,19.92424961,0.829098588,14.7028,0.8241,54.63,6.6199,5.40220362,0.004998588,8.86772473,3.96455486,0.73130054,0.993971057,0.860345788,0.625436084,16.11.2023 17:46,A-3,2.05E-06,1.4,1.4,5.45,5.21,3.77,3.2,1.44,1.823529412,1.454557964,3.995442036,3.386470588,1.214557964,0.993274666,0.385459376,PTVT-T_321032,L8-BO_321144,CF,Jonas_DonorAcceptor-NoWDonorWH2-AddInt-NewPTQ10BTP4F12-NoBG-ZnOCorr_PTVT-T:L8-BO,Jonas_DonorAcceptor-NoWDonorWH2-AddInt-NewPTQ10BTP4F12-NoBG-ZnOCorr,0.187305278,25.10.2023 16:36,25375_188994_OD_x3y1,x3y1,0.010983663,1.4,1.4,2,4,0,1,0,0,0,0,0,0,1,0,68,1.888201772,0.08,2.070584561,0.7,2.16E-40,0.069619345,1.517734608,0.12,1.71805644,0.005504325,0.009849428,0.010458217,0.473684211,0.015266613,0.35483871,0.02572483,0.406541724,0.593458276,-0.0197,-0.01477,-0.0051,-0.23105,0,0.00394,-0.03881,0.03044,0.0005,-0.22583,-0.42913,-0.42907,0,-0.66515,0,-1.09422,0.01409
25376,PTVT-T_321032,PTVT-T,L8-BO_321144,L8-BO,PTVT-T-L8-BO,25376_A-2,CF,2,13,1000,125.5676587,1.89702,0.10241,2.0752,0.7,0.00805,0.06353,1.54653,0.08834,1.70665,0.15265,0.26736,0.29003,0.47368,0.41441,0.35484,0.70444,0.41172,0.58828,0.9,0.6,0.25,65.49610737,20.65537624,11.17725828,0.826202847,1.15240707,1,23.80340162,23.80340162,0.826202847,14.9238,0.8178,54.72,6.6782,5.73157624,0.008402847,10.77610737,4.49905828,0.722514072,0.989829559,0.835469499,0.597481049,16.11.2023 17:49,A-2,4.70E-06,1,1.4,5.45,5.21,3.77,3.2,1.44,1.823529412,1.454557964,3.995442036,3.386470588,1.214557964,0.989805517,0.388355117,PTVT-T_321032,L8-BO_321144,CF,Jonas_DonorAcceptor-NoWDonorWH2-AddInt-NewPTQ10BTP4F12-NoBG-ZnOCorr_PTVT-T:L8-BO,Jonas_DonorAcceptor-NoWDonorWH2-AddInt-NewPTQ10BTP4F12-NoBG-ZnOCorr,0.138664346,25.10.2023 16:42,25376_188999_OD_x2y1,x2y1,0.007444284,1,1.4,2,4,0,1,0,0,0,0,0,0,1,0,69,1.894311555,0.103471918,2.073576935,0.723191692,1.53E-24,0.062584747,1.542730374,0.087489289,1.702870513,0.152410218,0.261206357,0.289579413,0.473684211,0.404869853,0.35483871,0.694449266,0.416869617,0.583130383,-0.00271,0.00107,-0.00163,0.02319,-0.00805,-0.00095,-0.0038,-0.00085,-0.00378,-0.00024,-0.00615,-0.00045,0,-0.00954,0,-0.00999,0.00515
25376,PTVT-T_321032,PTVT-T,L8-BO_321144,L8-BO,PTVT-T-L8-BO,25376_B-2,CF,2,13,1000,183.7052027,1.8947,0.10172,2.07935,0.7,0,0.06215,1.54219,0.08606,1.70111,0.2406,0.34755,0.45715,0.47368,0.53871,0.35484,0.99586,0.45905,0.54095,0.9,0.6,0.25,63.70604656,21.04093193,11.00246056,0.82081294,1.023219374,1,21.52948919,21.52948919,0.82081294,14.0585,0.8133,53.34,6.0988,6.98243193,0.00751294,10.36604656,4.90366056,0.668150063,0.990846952,0.83728316,0.554312371,16.11.2023 17:49,B-2,3.89E-06,1,0.6,5.45,5.21,3.77,3.2,1.44,1.823529412,1.454557964,3.995442036,3.386470588,1.214557964,0.983348314,0.393745024,PTVT-T_321032,L8-BO_321144,CF,Jonas_DonorAcceptor-NoWDonorWH2-AddInt-NewPTQ10BTP4F12-NoBG-ZnOCorr_PTVT-T:L8-BO,Jonas_DonorAcceptor-NoWDonorWH2-AddInt-NewPTQ10BTP4F12-NoBG-ZnOCorr,0.382687436,25.10.2023 16:42,25376_188999_OD_x2y2,x2y2,0.02074544,1,0.6,2,4,0,1,0,0,0,0,0,0,1,0,69,1.890023118,0.103757827,2.072203134,0.741824426,6.81E-22,0.058631068,1.535327296,0.084163753,1.693495803,0.196981732,0.319504503,0.37426529,0.473684211,0.49523198,0.35483871,0.86949727,0.430551474,0.569448526,-0.00468,0.00203,-0.00714,0.04182,0,-0.00352,-0.00686,-0.0019,-0.00761,-0.04362,-0.02805,-0.08288,0,-0.04348,0,-0.12636,-0.0285
25376,PTVT-T_321032,PTVT-T,L8-BO_321144,L8-BO,PTVT-T-L8-BO,25376_A-1,CF,2,13,1000,146.2310852,1.89216,0.10348,2.07125,0.72551,0,0.06006,1.54018,0.08534,1.69727,0.17846,0.3008,0.33907,0.47368,0.46624,0.35484,0.80531,0.42105,0.57895,0.9,0.6,0.25,65.31134793,20.31340953,10.96417057,0.826426647,1.101035328,1,22.36578152,22.36578152,0.826426647,14.6138,0.8198,54.67,6.5503,5.69960953,0.006626647,10.64134793,4.41387057,0.719416402,0.991981567,0.837067397,0.597427772,16.11.2023 17:49,A-1,3.71E-06,0.6,1.4,5.45,5.21,3.77,3.2,1.44,1.823529412,1.454557964,3.995442036,3.386470588,1.214557964,0.990073634,0.388131317,PTVT-T_321032,L8-BO_321144,CF,Jonas_DonorAcceptor-NoWDonorWH2-AddInt-NewPTQ10BTP4F12-NoBG-ZnOCorr_PTVT-T:L8-BO,Jonas_DonorAcceptor-NoWDonorWH2-AddInt-NewPTQ10BTP4F12-NoBG-ZnOCorr,0.48286841,25.10.2023 16:42,25376_188999_OD_x1y1,x1y1,0.015182846,0.6,1.4,2,4,0,1,0,0,0,0,0,0,1,0,69,1.895166005,0.103239575,2.073391915,0.730893474,3.84E-27,0.062859968,1.545994559,0.087340341,1.705726051,0.160927919,0.273196013,0.305763047,0.473684211,0.423453819,0.35483871,0.729216866,0.419303312,0.580696688,0.003,-0.00024,0.00215,0.00539,0,0.0028,0.00582,0.002,0.00845,-0.01753,-0.0276,-0.03331,0,-0.04278,0,-0.07609,-0.00174
25376,PTVT-T_321032,PTVT-T,L8-BO_321144,L8-BO,PTVT-T-L8-BO,25376_B-1,CF,2,13,1000,138.9530071,1.8883,0.1028,2.07276,0.73771,0,0.05502,1.52945,0.08311,1.6862,0.16244,0.29162,0.30864,0.47368,0.45201,0.35484,0.76065,0.40576,0.59424,0.9,0.6,0.25,65.66253978,19.96969338,10.82943664,0.825879699,1.124854229,1,22.46299405,22.46299405,0.825879699,14.3149,0.4538,31.46,2.0436,5.65479338,0.372079699,34.20253978,8.78583664,0.716831237,0.5494747,0.479116405,0.188707877,16.11.2023 17:49,B-1,6.02E-06,0.6,0.6,5.45,5.21,3.77,3.2,1.44,1.823529412,1.454557964,3.995442036,3.386470588,1.214557964,0.98941838,0.388678265,PTVT-T_321032,L8-BO_321144,CF,Jonas_DonorAcceptor-NoWDonorWH2-AddInt-NewPTQ10BTP4F12-NoBG-ZnOCorr_PTVT-T:L8-BO,Jonas_DonorAcceptor-NoWDonorWH2-AddInt-NewPTQ10BTP4F12-NoBG-ZnOCorr,1.082438854,25.10.2023 16:42,25376_188999_OD_x1y2,x1y2,0.024384734,0.6,0.6,2,4,0,1,0,0,0,0,0,0,1,0,69,1.890176394,0.104074683,2.072370977,0.729019316,1.35E-21,0.059154828,1.536756317,0.084235217,1.694504188,0.195078253,0.309654299,0.370648681,0.473684211,0.479964163,0.35483871,0.850612845,0.435743104,0.564256896,0.00187,0.00127,-0.00039,-0.00869,0,0.00414,0.00731,0.00112,0.0083,0.03263,0.01803,0.06201,0,0.02795,0,0.08996,0.02998
25377,PTVT-T_321032,PTVT-T,L8-BO_321144,L8-BO,PTVT-T-L8-BO,25377_B-2,CF,0,13,3000,70.14356702,1.9098,0.0957,2.08238,0.77606,0.06646,0.07048,1.54632,0.09866,1.71548,0.07795,0.18141,0.14811,0.47368,0.28119,0.35484,0.4293,0.34501,0.65499,0.9,0.55,0.22,68.88243336,19.60410313,11.44483166,0.847527795,1.447870649,1,28.38420553,28.38420553,0.847527795,14.376,0.8147,53.7,6.2892,5.22810313,0.032827795,15.18243336,5.15563166,0.733315873,0.961266409,0.779589184,0.549523155,16.11.2023 17:51,B-2,2.64E-05,1,0.6,5.45,5.21,3.77,3.2,1.44,1.823529412,1.454557964,3.995442036,3.386470588,1.214557964,1.015353179,0.367030169,PTVT-T_321032,L8-BO_321144,CF,Jonas_DonorAcceptor-NoWDonorWH2-AddInt-NewPTQ10BTP4F12-NoBG-ZnOCorr_PTVT-T:L8-BO,Jonas_DonorAcceptor-NoWDonorWH2-AddInt-NewPTQ10BTP4F12-NoBG-ZnOCorr,0.030833243,25.10.2023 16:48,25377_189000_OD_x2y2,x2y2,0.004587608,1,0.6,2,4,0,1,0,0,0,0,0,0,1,0,70,1.897497222,0.101359181,2.075907813,0.700000001,0.063725775,0.069857776,1.535763888,0.099064874,1.706980532,0.074639556,0.165457355,0.141815157,0.473684211,0.2564589,0.35483871,0.398274057,0.356059491,0.643940509,-0.0123,0.00566,-0.00647,-0.07606,-0.00274,-0.00063,-0.01055,0.00041,-0.0085,-0.00331,-0.01595,-0.0063,0,-0.02473,0,-0.03102,0.01105
25377,PTVT-T_321032,PTVT-T,L8-BO_321144,L8-BO,PTVT-T-L8-BO,25377_B-3,CF,0,13,3000,66.73398667,1.91022,0.09532,2.0826,0.77874,0.0619,0.0708,1.54559,0.09946,1.71546,0.07414,0.17609,0.14086,0.47368,0.27294,0.35484,0.41381,0.34041,0.65959,0.9,0.55,0.22,69.64868084,19.29900876,11.4072913,0.84866176,1.479000546,1,28.54324449,28.54324449,0.84866176,14.1434,0.8276,62.49,7.3146,5.15560876,0.02106176,7.15868084,4.0926913,0.732856292,0.975182386,0.89721728,0.641221462,16.11.2023 17:51,B-3,5.39E-06,1.4,0.6,5.45,5.21,3.77,3.2,1.44,1.823529412,1.454557964,3.995442036,3.386470588,1.214557964,1.016711689,0.365896204,PTVT-T_321032,L8-BO_321144,CF,Jonas_DonorAcceptor-NoWDonorWH2-AddInt-NewPTQ10BTP4F12-NoBG-ZnOCorr_PTVT-T:L8-BO,Jonas_DonorAcceptor-NoWDonorWH2-AddInt-NewPTQ10BTP4F12-NoBG-ZnOCorr,0.031555046,25.10.2023 16:48,25377_189000_OD_x3y2,x3y2,0.004101107,1.4,0.6,2,4,0,1,0,0,0,0,0,0,1,0,70,1.897603866,0.101224693,2.076100755,0.700000002,0.063426617,0.069924025,1.535644414,0.099300951,1.707129804,0.073676549,0.16494455,0.139985443,0.473684211,0.255664053,0.35483871,0.395649496,0.353811757,0.646188243,-0.01262,0.0059,-0.0065,-0.07874,0.00153,-0.00088,-0.00994,-0.00016,-0.00833,-0.00046,-0.01115,-0.00088,0,-0.01728,0,-0.01816,0.0134
25377,PTVT-T_321032,PTVT-T,L8-BO_321144,L8-BO,PTVT-T-L8-BO,25377_A-1,CF,0,13,3000,78.35782619,1.91147,0.09505,2.08269,0.7904,0.07463,0.06963,1.55057,0.09713,1.7178,0.08685,0.19469,0.16502,0.47368,0.30177,0.35484,0.46679,0.35352,0.64648,0.9,0.55,0.22,69.72608794,19.19951328,11.36335865,0.848830929,1.379823543,1,26.49194044,26.49194044,0.848830929,14.5009,0.8302,62.96,7.5796,4.69861328,0.018630929,6.76608794,3.78375865,0.755274355,0.978051072,0.902961888,0.667021101,16.11.2023 17:51,A-1,5.39E-06,0.6,1.4,5.45,5.21,3.77,3.2,1.44,1.823529412,1.454557964,3.995442036,3.386470588,1.214557964,1.016914357,0.365727035,PTVT-T_321032,L8-BO_321144,CF,Jonas_DonorAcceptor-NoWDonorWH2-AddInt-NewPTQ10BTP4F12-NoBG-ZnOCorr_PTVT-T:L8-BO,Jonas_DonorAcceptor-NoWDonorWH2-AddInt-NewPTQ10BTP4F12-NoBG-ZnOCorr,0.033543507,25.10.2023 16:48,25377_189000_OD_x1y1,x1y1,0.008539654,0.6,1.4,2,4,0,1,0,0,0,0,0,0,1,0,70,1.898349697,0.100760018,2.07685556,0.700000209,0.068200358,0.069796387,1.536988211,0.099057723,1.708312326,0.075326376,0.169012018,0.143120114,0.473684211,0.261968628,0.35483871,0.405088742,0.353305583,0.646694417,-0.01312,0.00571,-0.00584,-0.0904,-0.00643,0.00017,-0.01359,0.00193,-0.00949,-0.01153,-0.02568,-0.0219,0,-0.03981,0,-0.0617,-0.00021
25377,PTVT-T_321032,PTVT-T,L8-BO_321144,L8-BO,PTVT-T-L8-BO,25377_B-1,CF,0,13,3000,64.97325302,1.91026,0.09555,2.08278,0.7742,0.06295,0.07087,1.54548,0.09972,1.71557,0.07278,0.17253,0.13828,0.47368,0.26743,0.35484,0.40571,0.34084,0.65916,0.9,0.55,0.22,69.99414047,19.10212451,11.34823237,0.848759921,1.49458772,1,28.54980072,28.54980072,0.848759921,14.2962,0.8277,60.8,7.194,4.80592451,0.021059921,9.19414047,4.15423237,0.7484089,0.975187423,0.868644141,0.633931327,16.11.2023 17:51,B-1,4.89E-06,0.6,0.6,5.45,5.21,3.77,3.2,1.44,1.823529412,1.454557964,3.995442036,3.386470588,1.214557964,1.016829288,0.365798043,PTVT-T_321032,L8-BO_321144,CF,Jonas_DonorAcceptor-NoWDonorWH2-AddInt-NewPTQ10BTP4F12-NoBG-ZnOCorr_PTVT-T:L8-BO,Jonas_DonorAcceptor-NoWDonorWH2-AddInt-NewPTQ10BTP4F12-NoBG-ZnOCorr,0.0321733,25.10.2023 16:48,25377_189000_OD_x1y2,x1y2,0.004206175,0.6,0.6,2,4,0,1,0,0,0,0,0,0,1,0,70,1.897390578,0.10149367,2.075714872,0.700000001,0.064024933,0.069791527,1.535883362,0.098828797,1.70683126,0.075602564,0.165970159,0.143644871,0.473684211,0.257253746,0.35483871,0.400898618,0.358307225,0.641692775,-0.01287,0.00594,-0.00707,-0.0742,0.00108,-0.00108,-0.00959,-0.00089,-0.00874,0.00282,-0.00656,0.00536,0,-0.01018,0,-0.00481,0.01747
25378,PTVT-T_321032,PTVT-T,L8-BO_321144,L8-BO,PTVT-T-L8-BO,25378_A-1,CF,2,13,3000,68.68412709,1.89807,0.10112,2.07737,0.7,0.0554,0.06965,1.53592,0.09833,1.70634,0.08095,0.1749,0.15381,0.47368,0.27109,0.35484,0.4249,0.36198,0.63802,0.9,0.6,0.25,68.65177227,20.13265779,11.47193485,0.830010922,1.464101477,1,29.476254,29.476254,0.830010922,13.7329,0.8157,60.57,6.7848,6.39975779,0.014310922,8.08177227,4.68713485,0.68212057,0.982758152,0.882278753,0.591425953,16.11.2023 17:54,A-1,7.61E-06,0.6,1.4,5.45,5.21,3.77,3.2,1.44,1.823529412,1.454557964,3.995442036,3.386470588,1.214557964,0.994367658,0.384547042,PTVT-T_321032,L8-BO_321144,CF,Jonas_DonorAcceptor-NoWDonorWH2-AddInt-NewPTQ10BTP4F12-NoBG-ZnOCorr_PTVT-T:L8-BO,Jonas_DonorAcceptor-NoWDonorWH2-AddInt-NewPTQ10BTP4F12-NoBG-ZnOCorr,0.033604501,25.10.2023 16:54,25378_189010_OD_x1y1,x1y1,0.003652192,0.6,1.4,2,4,0,1,0,0,0,0,0,0,1,0,71,1.895028603,0.102508208,2.074237408,0.7,0.058438258,0.069997337,1.533800324,0.098627315,1.7056919,0.075242305,0.165404026,0.142960379,0.473684211,0.256376241,0.35483871,0.399336619,0.357994664,0.642005336,-0.00304,0.00139,-0.00313,0,0.00304,0.00035,-0.00212,0.0003,-0.00065,-0.00571,-0.00949,-0.01084,0,-0.01472,0,-0.02556,-0.00399
25378,PTVT-T_321032,PTVT-T,L8-BO_321144,L8-BO,PTVT-T-L8-BO,25378_A-2,CF,2,13,3000,68.91410258,1.89832,0.10092,2.07751,0.7,0.05539,0.06969,1.53605,0.09842,1.70651,0.08064,0.17605,0.15321,0.47368,0.27287,0.35484,0.42608,0.35957,0.64043,0.9,0.6,0.25,67.93916912,20.22940883,11.40756198,0.830021638,1.463407032,1,29.60385914,29.60385914,0.830021638,13.6865,0.8186,63.4,7.1026,6.54290883,0.011421638,4.53916912,4.30496198,0.676564506,0.986239349,0.933187745,0.622622083,16.11.2023 17:54,A-2,7.98E-06,1,1.4,5.45,5.21,3.77,3.2,1.44,1.823529412,1.454557964,3.995442036,3.386470588,1.214557964,0.994380496,0.384536326,PTVT-T_321032,L8-BO_321144,CF,Jonas_DonorAcceptor-NoWDonorWH2-AddInt-NewPTQ10BTP4F12-NoBG-ZnOCorr_PTVT-T:L8-BO,Jonas_DonorAcceptor-NoWDonorWH2-AddInt-NewPTQ10BTP4F12-NoBG-ZnOCorr,0.032799133,25.10.2023 16:54,25378_189010_OD_x2y1,x2y1,0.003678126,1,1.4,2,4,0,1,0,0,0,0,0,0,1,0,71,1.895064227,0.102450339,2.074286526,0.7,0.057145476,0.070076273,1.533486954,0.098854232,1.705586866,0.074438846,0.164529046,0.141433807,0.473684211,0.255020021,0.35483871,0.396453828,0.356738098,0.643261902,-0.00325,0.00153,-0.00323,0,0.00175,0.00039,-0.00257,0.00044,-0.00093,-0.0062,-0.01152,-0.01177,0,-0.01785,0,-0.02963,-0.00283
25378,PTVT-T_321032,PTVT-T,L8-BO_321144,L8-BO,PTVT-T-L8-BO,25378_B-3,CF,2,13,3000,66.43088415,1.89808,0.10104,2.07764,0.7,0.05215,0.06983,1.5352,0.09882,1.70606,0.07804,0.1718,0.14828,0.47368,0.26629,0.35484,0.41457,0.35767,0.64233,0.9,0.6,0.25,68.1342078,20.0741822,11.33475352,0.828722267,1.485992873,1,29.83009167,29.83009167,0.828722267,14.2171,0.8178,61.6,7.1616,5.8570822,0.010922267,6.5342078,4.17315352,0.708228104,0.986820353,0.904097985,0.631826708,16.11.2023 17:54,B-3,9.20E-06,1.4,0.6,5.45,5.21,3.77,3.2,1.44,1.823529412,1.454557964,3.995442036,3.386470588,1.214557964,0.992823827,0.385835697,PTVT-T_321032,L8-BO_321144,CF,Jonas_DonorAcceptor-NoWDonorWH2-AddInt-NewPTQ10BTP4F12-NoBG-ZnOCorr_PTVT-T:L8-BO,Jonas_DonorAcceptor-NoWDonorWH2-AddInt-NewPTQ10BTP4F12-NoBG-ZnOCorr,0.032328761,25.10.2023 16:54,25378_189010_OD_x3y2,x3y2,0.003418271,1.4,0.6,2,4,0,1,0,0,0,0,0,0,1,0,71,1.895060555,0.102395445,2.074565087,0.7,0.056954784,0.070051138,1.533297962,0.099010572,1.705468107,0.073498496,0.163118571,0.139647142,0.473684211,0.252833785,0.35483871,0.392480927,0.355806188,0.644193812,-0.00302,0.00136,-0.00308,0,0.0048,0.00022,-0.00191,0.00019,-0.0006,-0.00454,-0.00868,-0.00863,0,-0.01345,0,-0.02209,-0.00187
25378,PTVT-T_321032,PTVT-T,L8-BO_321144,L8-BO,PTVT-T-L8-BO,25378_B-2,CF,2,13,3000,68.07714685,1.89811,0.10099,2.07744,0.7,0.05435,0.06973,1.53598,0.0985,1.70654,0.07994,0.17439,0.15188,0.47368,0.27031,0.35484,0.42219,0.35975,0.64025,0.9,0.6,0.25,67.92500144,20.08468016,11.30493266,0.828654328,1.470306036,1,29.53062648,29.53062648,0.828654328,14.0522,0.8186,63.03,7.2497,6.03248016,0.010054328,4.89500144,4.05523266,0.699647686,0.98786668,0.927935203,0.641286438,16.11.2023 17:54,B-2,7.91E-06,1,0.6,5.45,5.21,3.77,3.2,1.44,1.823529412,1.454557964,3.995442036,3.386470588,1.214557964,0.992742435,0.385903636,PTVT-T_321032,L8-BO_321144,CF,Jonas_DonorAcceptor-NoWDonorWH2-AddInt-NewPTQ10BTP4F12-NoBG-ZnOCorr_PTVT-T:L8-BO,Jonas_DonorAcceptor-NoWDonorWH2-AddInt-NewPTQ10BTP4F12-NoBG-ZnOCorr,0.032552077,25.10.2023 16:54,25378_189010_OD_x2y2,x2y2,0.008255633,1,0.6,2,4,0,1,0,0,0,0,0,0,1,0,71,1.896028428,0.101925616,2.075329785,0.700000032,0.059128777,0.070111278,1.534028642,0.099067211,1.706298851,0.073838144,0.163865259,0.140292473,0.473684211,0.253991152,0.35483871,0.394283625,0.355816083,0.644183917,-0.00209,0.00093,-0.00211,0,0.00478,0.00038,-0.00195,0.00057,-0.00024,-0.0061,-0.01053,-0.01159,0,-0.01632,0,-0.02791,-0.00394
25379,PTVT-T_321032,PTVT-T,L8-BO_321144,L8-BO,PTVT-T-L8-BO,25379_A-1,CF,1,13,2000,80.32941377,1.89944,0.10077,2.0771,0.7,0.06929,0.06803,1.54017,0.09574,1.70747,0.09462,0.19333,0.17979,0.47368,0.29966,0.35484,0.47945,0.37499,0.62501,0.9,0.6,0.25,69.18930122,20.76195456,11.94930565,0.831831743,1.370443038,1,28.45307609,28.45307609,0.831831743,14.7635,0.8231,62.28,7.5679,5.99845456,0.008731743,6.90930122,4.38140565,0.711084304,0.989502994,0.900139167,0.633333871,16.11.2023 17:56,A-1,4.63E-06,0.6,1.4,5.45,5.21,3.77,3.2,1.44,1.823529412,1.454557964,3.995442036,3.386470588,1.214557964,0.996549034,0.382726221,PTVT-T_321032,L8-BO_321144,CF,Jonas_DonorAcceptor-NoWDonorWH2-AddInt-NewPTQ10BTP4F12-NoBG-ZnOCorr_PTVT-T:L8-BO,Jonas_DonorAcceptor-NoWDonorWH2-AddInt-NewPTQ10BTP4F12-NoBG-ZnOCorr,0.033184958,25.10.2023 16:59,25379_189015_OD_x1y1,x1y1,0.005311,0.6,1.4,2,4,0,1,0,0,0,0,0,0,1,0,72,1.89581299,0.10316144,2.074709013,0.7,0.068510705,0.067932992,1.537316391,0.095345304,1.705193869,0.088180358,0.177818173,0.167542681,0.473684211,0.275618168,0.35483871,0.443160849,0.378062912,0.621937088,-0.00363,0.00239,-0.00239,0,-0.00078,-0.0001,-0.00285,-0.00039,-0.00228,-0.00644,-0.01551,-0.01224,0,-0.02404,0,-0.03629,0.00307
25379,PTVT-T_321032,PTVT-T,L8-BO_321144,L8-BO,PTVT-T-L8-BO,25379_A-2,CF,1,13,2000,79.65266569,1.89652,0.10116,2.07595,0.7,0.05679,0.06775,1.53808,0.09404,1.70489,0.09552,0.19034,0.18148,0.47368,0.29502,0.35484,0.47651,0.38086,0.61914,0.9,0.6,0.25,68.59526917,20.49547528,11.68143541,0.830890997,1.372547471,1,28.13101276,28.13101276,0.830890997,14.6024,0.5343,31.77,2.4788,5.89307528,0.296590997,36.82526917,9.20263541,0.71246945,0.643044638,0.463151474,0.212199949,16.11.2023 17:56,A-2,1.52E-05,1,1.4,5.45,5.21,3.77,3.2,1.44,1.823529412,1.454557964,3.995442036,3.386470588,1.214557964,0.995422003,0.383666967,PTVT-T_321032,L8-BO_321144,CF,Jonas_DonorAcceptor-NoWDonorWH2-AddInt-NewPTQ10BTP4F12-NoBG-ZnOCorr_PTVT-T:L8-BO,Jonas_DonorAcceptor-NoWDonorWH2-AddInt-NewPTQ10BTP4F12-NoBG-ZnOCorr,0.079951854,25.10.2023 16:59,25379_189015_OD_x2y1,x2y1,0.006399664,1,1.4,2,4,0,1,0,0,0,0,0,0,1,0,72,1.89710274,0.102736373,2.076625773,0.700000001,0.063549403,0.067104185,1.540017316,0.094223047,1.706718263,0.097322531,0.189658948,0.184912809,0.473684211,0.293971369,0.35483871,0.478884178,0.385572445,0.614427555,0.00058,0.00158,0.00068,0,0.00676,-0.00065,0.00194,0.00018,0.00182,0.0018,-0.00068,0.00343,0,-0.00105,0,0.00238,0.00471
25379,PTVT-T_321032,PTVT-T,L8-BO_321144,L8-BO,PTVT-T-L8-BO,25379_B-3,CF,1,13,2000,83.47310112,1.89847,0.10127,2.07694,0.70065,0.06222,0.06741,1.53886,0.09478,1.70573,0.09825,0.19796,0.18667,0.47368,0.30683,0.35484,0.4935,0.37826,0.62174,0.9,0.6,0.25,69.90200542,19.93204799,11.59952939,0.832527926,1.34822883,1,26.87296174,26.87296174,0.832527926,14.6953,0.8258,62.01,7.5251,5.23674799,0.006727926,7.89200542,4.07442939,0.737269949,0.991918678,0.887099013,0.648741837,16.11.2023 17:56,B-3,2.79E-06,1.4,0.6,5.45,5.21,3.77,3.2,1.44,1.823529412,1.454557964,3.995442036,3.386470588,1.214557964,0.997383073,0.382030038,PTVT-T_321032,L8-BO_321144,CF,Jonas_DonorAcceptor-NoWDonorWH2-AddInt-NewPTQ10BTP4F12-NoBG-ZnOCorr_PTVT-T:L8-BO,Jonas_DonorAcceptor-NoWDonorWH2-AddInt-NewPTQ10BTP4F12-NoBG-ZnOCorr,0.048548899,25.10.2023 16:59,25379_189015_OD_x3y2,x3y2,0.005275231,1.4,0.6,2,4,0,1,0,0,0,0,0,0,1,0,72,1.895828166,0.103105148,2.075533215,0.7,0.060499916,0.066982448,1.537314857,0.094083742,1.704179148,0.093383808,0.184961714,0.177429235,0.473684211,0.286690656,0.35483871,0.464119891,0.382291814,0.617708186,-0.00265,0.00184,-0.00141,-0.00065,-0.00172,-0.00043,-0.00155,-0.00069,-0.00155,-0.00487,-0.01299,-0.00924,0,-0.02014,0,-0.02938,0.00403
25379,PTVT-T_321032,PTVT-T,L8-BO_321144,L8-BO,PTVT-T-L8-BO,25379_B-2,CF,1,13,2000,85.51678214,1.8982,0.10146,2.07642,0.7,0.05959,0.0669,1.53924,0.09413,1.70532,0.10094,0.20144,0.19179,0.47368,0.31222,0.35484,0.50402,0.38053,0.61947,0.9,0.6,0.25,69.20661441,20.10536118,11.57862167,0.832141881,1.335951424,1,26.8597859,26.8597859,0.832141881,15.0549,0.8267,62,7.7169,5.05046118,0.005441881,7.20661441,3.86172167,0.748800276,0.993460393,0.895868127,0.666478292,16.11.2023 17:56,B-2,9.56E-06,1,0.6,5.45,5.21,3.77,3.2,1.44,1.823529412,1.454557964,3.995442036,3.386470588,1.214557964,0.996920584,0.382416083,PTVT-T_321032,L8-BO_321144,CF,Jonas_DonorAcceptor-NoWDonorWH2-AddInt-NewPTQ10BTP4F12-NoBG-ZnOCorr_PTVT-T:L8-BO,Jonas_DonorAcceptor-NoWDonorWH2-AddInt-NewPTQ10BTP4F12-NoBG-ZnOCorr,0.054221958,25.10.2023 16:59,25379_189015_OD_x2y2,x2y2,0.005342422,1,0.6,2,4,0,1,0,0,0,0,0,0,1,0,72,1.896122325,0.103048477,2.075578913,0.7,0.062421895,0.067024511,1.538302455,0.093978916,1.704977139,0.094719924,0.18668914,0.179967856,0.473684211,0.289368167,0.35483871,0.469336023,0.383439288,0.616560712,-0.00208,0.00159,-0.00084,0,0.00284,0.00012,-0.00094,-0.00015,-0.00034,-0.00622,-0.01475,-0.01182,0,-0.02286,0,-0.03468,0.00291
25388,PTQ10_321145,PTQ10,ITIC_120057,ITIC,PTQ10-ITIC,25388_B-1,xylene,0,30,2000,94.99668329,2.05396,0.08695,2.21932,0.95221,0.04634,0.08326,1.78145,0.07606,1.95496,0.08768,0.24748,0.1566,0.44009,0.30936,0.2,0.46596,0.33609,0.66391,0.786,0.25,0.15,58.99711192,15.21630602,9.170203109,1.021501406,1.489095934,1.163251702,22.65853943,26.35758454,1.021501406,5.694,0.8986,38.54,1.9718,9.52230602,0.122901406,20.45711192,7.198403109,0.374203831,0.879685524,0.653252316,0.2150225,08.11.2023 18:07,B-1,9.34E-07,0.6,0.6,5.45,5.34,3.81,3.64,1.53,1.984,1.66442953,3.78557047,3.356,1.55442953,0.804495534,0.532928124,PTQ10_321145,ITIC_120057,xylene,Jonas_DonorAcceptor-NoWDonorWH2-AddInt-NewPTQ10BTP4F12-NoBG-ZnOCorr_PTQ10:ITIC,Jonas_DonorAcceptor-NoWDonorWH2-AddInt-NewPTQ10BTP4F12-NoBG-ZnOCorr,0.218819758,26.10.2023 12:27,25388_189235_OD_x1y2,x1y2,0.010962042,0.6,0.6,3,2,0,0,1,0,0,0,1,0,0,0,73,2.046781936,0.092077202,2.212998018,1,0.047562484,0.085093194,1.776196094,0.077375456,1.943808784,0.090843372,0.192218744,0.162246262,0.440089586,0.24027343,0.2,0.402519692,0.403076583,0.596923417,-0.00718,0.00512,-0.00632,0.04779,0.00123,0.00184,-0.00526,0.00131,-0.01115,0.00316,-0.05527,0.00564,0,-0.06908,0,-0.06344,0.06699
25388,PTQ10_321145,PTQ10,ITIC_120057,ITIC,PTQ10-ITIC,25388_B-3,xylene,0,30,2000,94.14747557,2.05336,0.08778,2.21908,0.92523,0.04134,0.08222,1.78179,0.07547,1.95379,0.08957,0.24577,0.15996,0.44009,0.30721,0.2,0.46717,0.34241,0.65759,0.786,0.25,0.15,57.93271929,15.38411466,9.081451125,1.018963969,1.496247884,1.163251702,23.01844901,26.77624998,1.018963969,5.6239,0.8875,37.14,1.8536,9.76021466,0.131463969,20.79271929,7.227851125,0.365565398,0.870982711,0.641088498,0.204108349,08.11.2023 18:07,B-3,2.28E-06,1.4,0.6,5.45,5.34,3.81,3.64,1.53,1.984,1.66442953,3.78557047,3.356,1.55442953,0.802497146,0.535465561,PTQ10_321145,ITIC_120057,xylene,Jonas_DonorAcceptor-NoWDonorWH2-AddInt-NewPTQ10BTP4F12-NoBG-ZnOCorr_PTQ10:ITIC,Jonas_DonorAcceptor-NoWDonorWH2-AddInt-NewPTQ10BTP4F12-NoBG-ZnOCorr,0.207000675,26.10.2023 12:27,25388_189235_OD_x3y2,x3y2,0.009891037,1.4,0.6,3,2,0,0,1,0,0,0,1,0,0,0,73,2.046372803,0.092484781,2.212498731,1,0.047759912,0.084535287,1.776842785,0.077147697,1.943565452,0.09296288,0.192086814,0.166031704,0.440089586,0.240108518,0.2,0.406140222,0.408803893,0.591196107,-0.00699,0.0047,-0.00658,0.07477,0.00642,0.00232,-0.00495,0.00168,-0.01022,0.0034,-0.05368,0.00607,0,-0.0671,0,-0.06103,0.06639
25388,PTQ10_321145,PTQ10,ITIC_120057,ITIC,PTQ10-ITIC,25388_B-2,xylene,0,30,2000,93.69235386,2.05312,0.08769,2.21895,0.92409,0.04193,0.08227,1.78178,0.07565,1.95386,0.08895,0.24465,0.15886,0.44009,0.30582,0.2,0.46468,0.34188,0.65812,0.786,0.25,0.15,57.93797615,15.29648761,9.037858833,1.019789448,1.499536154,1.163251702,22.9376362,26.68224434,1.019789448,5.1584,0.8752,36.97,1.6693,10.13808761,0.144589448,20.96797615,7.368558833,0.337227743,0.858216372,0.638096158,0.184700827,08.11.2023 18:07,B-2,7.25E-07,1,0.6,5.45,5.34,3.81,3.64,1.53,1.984,1.66442953,3.78557047,3.356,1.55442953,0.803147261,0.534640082,PTQ10_321145,ITIC_120057,xylene,Jonas_DonorAcceptor-NoWDonorWH2-AddInt-NewPTQ10BTP4F12-NoBG-ZnOCorr_PTQ10:ITIC,Jonas_DonorAcceptor-NoWDonorWH2-AddInt-NewPTQ10BTP4F12-NoBG-ZnOCorr,0.209512237,26.10.2023 12:27,25388_189235_OD_x2y2,x2y2,0.009940903,1,0.6,3,2,0,0,1,0,0,0,1,0,0,0,73,2.04657737,0.092280991,2.212748374,1,0.047661198,0.084814241,1.776519439,0.077261576,1.943687118,0.091903126,0.192152779,0.164138983,0.440089586,0.240190974,0.2,0.404329957,0.405940238,0.594059762,-0.00654,0.0046,-0.0062,0.07591,0.00574,0.00254,-0.00526,0.00162,-0.01017,0.00295,-0.0525,0.00527,0,-0.06563,0,-0.06035,0.06406
25388,PTQ10_321145,PTQ10,ITIC_120057,ITIC,PTQ10-ITIC,25388_A-3,xylene,0,30,2000,90.84625555,2.05337,0.08732,2.21946,0.92818,0.0409,0.08287,1.78067,0.07618,1.95394,0.08527,0.23977,0.1523,0.44009,0.29971,0.2,0.45201,0.33694,0.66306,0.786,0.25,0.15,57.11710728,15.30831769,8.892655017,1.01703939,1.520206963,1.163251702,23.27181115,27.07097392,1.01703939,5.9658,0.869,34.48,1.7878,9.34251769,0.14803939,22.63710728,7.104855017,0.389709707,0.854440849,0.603672028,0.20104232,08.11.2023 18:07,A-3,2.51E-06,1.4,1.4,5.45,5.34,3.81,3.64,1.53,1.984,1.66442953,3.78557047,3.356,1.55442953,0.800981421,0.53739014,PTQ10_321145,ITIC_120057,xylene,Jonas_DonorAcceptor-NoWDonorWH2-AddInt-NewPTQ10BTP4F12-NoBG-ZnOCorr_PTQ10:ITIC,Jonas_DonorAcceptor-NoWDonorWH2-AddInt-NewPTQ10BTP4F12-NoBG-ZnOCorr,0.200194764,26.10.2023 12:27,25388_189235_OD_x3y1,x3y1,0.009421787,1.4,1.4,3,2,0,0,1,0,0,0,1,0,0,0,73,2.046316322,0.092951024,2.211976315,1,0.04780477,0.083459769,1.777995244,0.075987465,1.942785196,0.098456473,0.195081689,0.175843261,0.440089586,0.243852111,0.2,0.419695372,0.418978318,0.581021682,-0.00705,0.00563,-0.00748,0.07182,0.00691,0.00059,-0.00267,-0.00019,-0.01115,0.01318,-0.04469,0.02354,0,-0.05586,0,-0.03232,0.08204
25389,PTQ10_321145,PTQ10,ITIC_120057,ITIC,PTQ10-ITIC,25389_A-1,xylene,0,28,2000,89.26003291,2.05309,0.0875,2.21923,0.91903,0.04037,0.08302,1.78115,0.0763,1.95433,0.08422,0.23575,0.15041,0.44009,0.29469,0.2,0.4451,0.33793,0.66207,0.786,0.25,0.15,58.09523635,15.92495669,9.350581633,1.010694363,1.532018447,1.163251702,24.39732742,28.38023263,1.010694363,5.8442,0.895,36.65,1.917,10.08075669,0.115694363,21.44523635,7.433581633,0.36698373,0.885529823,0.630860675,0.205013985,08.11.2023 18:09,A-1,1.03E-06,0.6,1.4,5.45,5.34,3.81,3.64,1.53,1.984,1.66442953,3.78557047,3.356,1.55442953,0.795984319,0.543735167,PTQ10_321145,ITIC_120057,xylene,Jonas_DonorAcceptor-NoWDonorWH2-AddInt-NewPTQ10BTP4F12-NoBG-ZnOCorr_PTQ10:ITIC,Jonas_DonorAcceptor-NoWDonorWH2-AddInt-NewPTQ10BTP4F12-NoBG-ZnOCorr,0.18703066,26.10.2023 12:33,25389_189240_OD_x1y1,x1y1,0.009121905,0.6,1.4,3,2,0,0,1,0,0,0,1,0,0,0,74,2.047848963,0.090702472,2.214121213,1,0.046313332,0.085988825,1.775728597,0.0781758,1.947264428,0.083581013,0.186998423,0.14927569,0.440089586,0.233748029,0.2,0.383023719,0.389729624,0.610270376,-0.00524,0.0032,-0.00511,0.08097,0.00594,0.00297,-0.00542,0.00188,-0.00706,-0.00064,-0.04875,-0.00113,0,-0.06094,0,-0.06208,0.0518
25389,PTQ10_321145,PTQ10,ITIC_120057,ITIC,PTQ10-ITIC,25389_B-3,xylene,0,28,2000,89.48794657,2.05338,0.08725,2.21957,0.92232,0.03993,0.08303,1.78108,0.07635,1.95454,0.08437,0.23649,0.15068,0.44009,0.29561,0.2,0.44629,0.33764,0.66236,0.786,0.25,0.15,58.35967233,15.73934121,9.278250753,1.010105441,1.53001693,1.163251702,24.08145852,28.0127976,1.010105441,5.7845,0.9076,38.04,1.9971,9.95484121,0.102505441,20.31967233,7.281150753,0.367518559,0.898520059,0.651819972,0.215245314,08.11.2023 18:09,B-3,2.10E-06,1.4,0.6,5.45,5.34,3.81,3.64,1.53,1.984,1.66442953,3.78557047,3.356,1.55442953,0.795520507,0.544324089,PTQ10_321145,ITIC_120057,xylene,Jonas_DonorAcceptor-NoWDonorWH2-AddInt-NewPTQ10BTP4F12-NoBG-ZnOCorr_PTQ10:ITIC,Jonas_DonorAcceptor-NoWDonorWH2-AddInt-NewPTQ10BTP4F12-NoBG-ZnOCorr,0.194773484,26.10.2023 12:33,25389_189240_OD_x3y2,x3y2,0.009111766,1.4,0.6,3,2,0,0,1,0,0,0,1,0,0,0,74,2.047892769,0.090569303,2.214115126,0.999999997,0.045977333,0.08587084,1.775916211,0.078251202,1.947605116,0.08355342,0.18763119,0.149226408,0.440089586,0.234538987,0.2,0.383765395,0.388848004,0.611151996,-0.00549,0.00332,-0.00545,0.07768,0.00605,0.00284,-0.00517,0.0019,-0.00694,-0.00082,-0.04885,-0.00146,0,-0.06107,0,-0.06253,0.05121
25389,PTQ10_321145,PTQ10,ITIC_120057,ITIC,PTQ10-ITIC,25389_B-1,xylene,0,28,2000,91.39804652,2.05309,0.08758,2.21918,0.92111,0.04148,0.08249,1.78141,0.07609,1.95397,0.08705,0.23897,0.15548,0.44009,0.29871,0.2,0.45418,0.34232,0.65768,0.786,0.25,0.15,57.91321844,15.82721823,9.25970976,1.010217954,1.515268939,1.163251702,23.98249217,27.89767482,1.010217954,5.8923,0.8991,37.34,1.9782,9.93491823,0.111117954,20.57321844,7.28150976,0.372289048,0.89000596,0.644757812,0.213635206,08.11.2023 18:09,B-1,1.22E-06,0.6,0.6,5.45,5.34,3.81,3.64,1.53,1.984,1.66442953,3.78557047,3.356,1.55442953,0.795609118,0.544211576,PTQ10_321145,ITIC_120057,xylene,Jonas_DonorAcceptor-NoWDonorWH2-AddInt-NewPTQ10BTP4F12-NoBG-ZnOCorr_PTQ10:ITIC,Jonas_DonorAcceptor-NoWDonorWH2-AddInt-NewPTQ10BTP4F12-NoBG-ZnOCorr,0.1952188,26.10.2023 12:33,25389_189240_OD_x1y2,x1y2,0.009519562,0.6,0.6,3,2,0,0,1,0,0,0,1,0,0,0,74,2.04770474,0.090722385,2.213996883,0.999999996,0.046411569,0.085822166,1.775868245,0.078383656,1.947180797,0.084113055,0.187255013,0.150225916,0.440089586,0.234068766,0.2,0.384294682,0.390913335,0.609086665,-0.00538,0.00314,-0.00518,0.07889,0.00494,0.00333,-0.00554,0.00229,-0.00679,-0.00294,-0.05171,-0.00525,0,-0.06464,0,-0.06989,0.04859
25389,PTQ10_321145,PTQ10,ITIC_120057,ITIC,PTQ10-ITIC,25389_B-2,xylene,0,28,2000,89.00389464,2.05356,0.08715,2.21965,0.92433,0.04092,0.08318,1.78088,0.07647,1.95471,0.08354,0.23553,0.1492,0.44009,0.29441,0.2,0.44362,0.33633,0.66367,0.786,0.25,0.15,57.88272789,15.78730413,9.226043232,1.009621335,1.533854083,1.163251702,24.2154209,28.16862957,1.009621335,5.6337,0.8832,36.08,1.795,10.15360413,0.126421335,21.80272789,7.431043232,0.356850033,0.874783416,0.623329296,0.194557944,08.11.2023 18:09,B-2,1.90E-06,1,0.6,5.45,5.34,3.81,3.64,1.53,1.984,1.66442953,3.78557047,3.356,1.55442953,0.795139244,0.544808195,PTQ10_321145,ITIC_120057,xylene,Jonas_DonorAcceptor-NoWDonorWH2-AddInt-NewPTQ10BTP4F12-NoBG-ZnOCorr_PTQ10:ITIC,Jonas_DonorAcceptor-NoWDonorWH2-AddInt-NewPTQ10BTP4F12-NoBG-ZnOCorr,0.194985704,26.10.2023 12:33,25389_189240_OD_x2y2,x2y2,0.009266356,1,0.6,3,2,0,0,1,0,0,0,1,0,0,0,74,2.047798754,0.090645844,2.214056005,0.999999997,0.046194451,0.085846503,1.775892228,0.078317429,1.947392957,0.083833237,0.187443101,0.149726162,0.440089586,0.234303877,0.2,0.384030038,0.38988067,0.61011933,-0.00576,0.0035,-0.0056,0.07567,0.00527,0.00267,-0.00499,0.00185,-0.00731,0.00029,-0.04809,0.00052,0,-0.06011,0,-0.05959,0.05355
25390,PTQ10_321145,PTQ10,ITIC_120057,ITIC,PTQ10-ITIC,25390_B-1,xylene,0,26,2000,82.78425076,2.05191,0.08785,2.21913,0.89532,0.03769,0.08389,1.77872,0.07742,1.95253,0.07797,0.22242,0.13926,0.44009,0.27802,0.2,0.41728,0.33373,0.66627,0.786,0.25,0.15,57.7004004,16.30767248,9.456308531,1.004964744,1.585202539,1.163251702,25.85096383,30.07117766,1.004964744,7.8291,0.9285,37.43,2.7209,8.47857248,0.076464744,20.2704004,6.735408531,0.480086904,0.923913008,0.648695672,0.287733844,08.11.2023 18:12,B-1,7.29E-06,0.6,0.6,5.45,5.34,3.81,3.64,1.53,1.984,1.66442953,3.78557047,3.356,1.55442953,0.79147189,0.549464786,PTQ10_321145,ITIC_120057,xylene,Jonas_DonorAcceptor-NoWDonorWH2-AddInt-NewPTQ10BTP4F12-NoBG-ZnOCorr_PTQ10:ITIC,Jonas_DonorAcceptor-NoWDonorWH2-AddInt-NewPTQ10BTP4F12-NoBG-ZnOCorr,0.156145024,26.10.2023 12:38,25390_189269_OD_x1y2,x1y2,0.007808587,0.6,0.6,3,2,0,0,1,0,0,0,1,0,0,0,75,2.047905281,0.090151076,2.21452049,0.986820022,0.0434826,0.085887548,1.77424352,0.078595765,1.948105324,0.07687726,0.183107968,0.137302787,0.440089586,0.228884961,0.2,0.366187748,0.374951888,0.625048112,-0.00401,0.0023,-0.00461,0.0915,0.0058,0.002,-0.00448,0.00118,-0.00443,-0.0011,-0.03931,-0.00196,0,-0.04914,0,-0.05109,0.04122
25390,PTQ10_321145,PTQ10,ITIC_120057,ITIC,PTQ10-ITIC,25390_A-1,xylene,0,26,2000,81.83202324,2.05185,0.08815,2.21905,0.88594,0.03711,0.08397,1.77843,0.07745,1.95221,0.07736,0.22025,0.13816,0.44009,0.27532,0.2,0.41348,0.33415,0.66585,0.786,0.25,0.15,57.04339722,16.24902176,9.285419933,1.001772135,1.593607592,1.163251702,25.89456444,30.12189615,1.001772135,7.7479,0.9271,37.81,2.7158,8.50112176,0.074672135,19.23339722,6.569619933,0.476822551,0.92545996,0.662828686,0.292480041,08.11.2023 18:12,A-1,6.43E-06,0.6,1.4,5.45,5.34,3.81,3.64,1.53,1.984,1.66442953,3.78557047,3.356,1.55442953,0.788957513,0.552657395,PTQ10_321145,ITIC_120057,xylene,Jonas_DonorAcceptor-NoWDonorWH2-AddInt-NewPTQ10BTP4F12-NoBG-ZnOCorr_PTQ10:ITIC,Jonas_DonorAcceptor-NoWDonorWH2-AddInt-NewPTQ10BTP4F12-NoBG-ZnOCorr,0.149638442,26.10.2023 12:38,25390_189269_OD_x1y1,x1y1,0.007593314,0.6,1.4,3,2,0,0,1,0,0,0,1,0,0,0,75,2.047826383,0.090060908,2.214499555,0.987127123,0.043310225,0.08589124,1.774436882,0.078437978,1.948359374,0.077138308,0.183669512,0.137769019,0.440089586,0.22958689,0.2,0.367355909,0.375028727,0.624971273,-0.00403,0.00191,-0.00455,0.10119,0.0062,0.00192,-0.00399,0.00099,-0.00385,-0.00022,-0.03658,-0.00039,0,-0.04573,0,-0.04612,0.04088
25390,PTQ10_321145,PTQ10,ITIC_120057,ITIC,PTQ10-ITIC,25390_B-2,xylene,0,26,2000,84.59838706,2.0524,0.08765,2.21924,0.90458,0.03802,0.0836,1.77979,0.0771,1.95355,0.08009,0.22565,0.14304,0.44009,0.28207,0.2,0.4251,0.33648,0.66352,0.786,0.25,0.15,56.78032467,16.08202088,9.151171683,1.002162643,1.568960908,1.163251702,25.23206209,29.35123916,1.002162643,7.7735,0.9178,36.79,2.625,8.30852088,0.084362643,19.99032467,6.526171683,0.483365869,0.91581941,0.64793571,0.286848514,08.11.2023 18:12,B-2,5.16E-06,1,0.6,5.45,5.34,3.81,3.64,1.53,1.984,1.66442953,3.78557047,3.356,1.55442953,0.789265062,0.552266887,PTQ10_321145,ITIC_120057,xylene,Jonas_DonorAcceptor-NoWDonorWH2-AddInt-NewPTQ10BTP4F12-NoBG-ZnOCorr_PTQ10:ITIC,Jonas_DonorAcceptor-NoWDonorWH2-AddInt-NewPTQ10BTP4F12-NoBG-ZnOCorr,0.164293961,26.10.2023 12:38,25390_189269_OD_x2y2,x2y2,0.008146353,1,0.6,3,2,0,0,1,0,0,0,1,0,0,0,75,2.048170221,0.08989408,2.214738284,0.993410011,0.04354455,0.085956519,1.774361102,0.078528303,1.948498817,0.076865386,0.183889946,0.13728158,0.440089586,0.229862433,0.2,0.367144012,0.37392021,0.62607979,-0.00423,0.00224,-0.00451,0.08883,0.00552,0.00235,-0.00542,0.00143,-0.00505,-0.00322,-0.04176,-0.00576,0,-0.0522,0,-0.05796,0.03744
25390,PTQ10_321145,PTQ10,ITIC_120057,ITIC,PTQ10-ITIC,25390_A-2,xylene,0,26,2000,84.34471845,2.05168,0.08802,2.21877,0.89483,0.03766,0.0835,1.7798,0.07718,1.95282,0.0805,0.22451,0.14377,0.44009,0.28063,0.2,0.4244,0.33876,0.66124,0.786,0.25,0.15,56.37353095,16.11511216,9.089969912,1.000584741,1.571062562,1.163251702,25.31784939,29.45103138,1.000584741,8.1246,0.9313,37.96,2.8725,7.99051216,0.069284741,18.41353095,6.217469912,0.504160314,0.930755749,0.673365662,0.316007647,08.11.2023 18:12,A-2,4.82E-06,1,1.4,5.45,5.34,3.81,3.64,1.53,1.984,1.66442953,3.78557047,3.356,1.55442953,0.788022367,0.553844789,PTQ10_321145,ITIC_120057,xylene,Jonas_DonorAcceptor-NoWDonorWH2-AddInt-NewPTQ10BTP4F12-NoBG-ZnOCorr_PTQ10:ITIC,Jonas_DonorAcceptor-NoWDonorWH2-AddInt-NewPTQ10BTP4F12-NoBG-ZnOCorr,0.159638485,26.10.2023 12:38,25390_189269_OD_x2y1,x2y1,0.007958843,1,1.4,3,2,0,0,1,0,0,0,1,0,0,0,75,2.048150889,0.089835366,2.214665211,0.993563533,0.043329428,0.085935439,1.774440058,0.07848978,1.948814455,0.076554005,0.184103586,0.136725454,0.440089586,0.230129483,0.2,0.366854936,0.372693046,0.627306954,-0.00353,0.00182,-0.00411,0.09874,0.00567,0.00244,-0.00536,0.00131,-0.00401,-0.00395,-0.0404,-0.00705,0,-0.0505,0,-0.05755,0.03393
25391,PTQ10_321145,PTQ10,ITIC_120057,ITIC,PTQ10-ITIC,25391_A-3,xylene,0,26,1000,120.8514773,2.03707,0.10072,2.2079,0.7346,0.03123,0.07198,1.77971,0.06661,1.92291,0.1495,0.26931,0.26701,0.44009,0.33664,0.2,0.60365,0.44233,0.55767,0.786,0.25,0.15,53.98992893,15.39305811,8.367749393,1.006864434,1.351583902,1.163251702,20.80500955,24.20146276,1.006864434,6.8402,0.9643,41.75,2.7538,8.55285811,0.042564434,12.23992893,5.613949393,0.44436914,0.957725755,0.773292368,0.329096854,08.11.2023 18:14,A-3,1.06E-06,1.4,1.4,5.45,5.34,3.81,3.64,1.53,1.984,1.66442953,3.78557047,3.356,1.55442953,0.792968013,0.547565096,PTQ10_321145,ITIC_120057,xylene,Jonas_DonorAcceptor-NoWDonorWH2-AddInt-NewPTQ10BTP4F12-NoBG-ZnOCorr_PTQ10:ITIC,Jonas_DonorAcceptor-NoWDonorWH2-AddInt-NewPTQ10BTP4F12-NoBG-ZnOCorr,0.056101734,26.10.2023 12:44,25391_189274_OD_x3y1,x3y1,0.008619884,1.4,1.4,3,2,0,0,1,0,0,0,1,0,0,0,76,2.038165999,0.09927281,2.206403075,0.859847754,0.04068118,0.073868802,1.778361649,0.067141704,1.924128528,0.141781249,0.22892308,0.253221312,0.440089586,0.286153851,0.2,0.539375162,0.469471584,0.530528416,0.0011,-0.00144,-0.00149,0.12525,0.00945,0.00189,-0.00135,0.00053,0.00121,-0.00772,-0.04039,-0.01379,0,-0.05049,0,-0.06428,0.02714
25391,PTQ10_321145,PTQ10,ITIC_120057,ITIC,PTQ10-ITIC,25391_B-2,xylene,0,26,1000,121.7338489,2.03766,0.10025,2.20747,0.74814,0.03177,0.07251,1.77999,0.06729,1.92426,0.14886,0.27232,0.26587,0.44009,0.3404,0.2,0.60627,0.43853,0.56147,0.786,0.25,0.15,53.85773981,15.39483927,8.356601227,1.007874356,1.347515244,1.163251702,20.7447806,24.13140133,1.007874356,6.8705,0.9579,41,2.6984,8.52433927,0.049974356,12.85773981,5.658201227,0.44628592,0.950416085,0.761264772,0.322906398,08.11.2023 18:14,B-2,2.10E-06,1,0.6,5.45,5.34,3.81,3.64,1.53,1.984,1.66442953,3.78557047,3.356,1.55442953,0.79376339,0.546555174,PTQ10_321145,ITIC_120057,xylene,Jonas_DonorAcceptor-NoWDonorWH2-AddInt-NewPTQ10BTP4F12-NoBG-ZnOCorr_PTQ10:ITIC,Jonas_DonorAcceptor-NoWDonorWH2-AddInt-NewPTQ10BTP4F12-NoBG-ZnOCorr,0.064655171,26.10.2023 12:44,25391_189274_OD_x2y2,x2y2,0.00894334,1,0.6,3,2,0,0,1,0,0,0,1,0,0,0,76,2.036219289,0.100025969,2.205403755,0.83934266,0.037711657,0.07277909,1.777910576,0.065891325,1.920299583,0.151017321,0.233766202,0.269716935,0.440089586,0.292207752,0.2,0.561924687,0.479988235,0.520011765,-0.00144,-0.00022,-0.00207,0.09121,0.00594,0.00027,-0.00208,-0.00139,-0.00396,0.00215,-0.03855,0.00385,0,-0.04819,0,-0.04435,0.04145
25391,PTQ10_321145,PTQ10,ITIC_120057,ITIC,PTQ10-ITIC,25391_A-2,xylene,0,26,1000,124.4338849,2.03413,0.10211,2.20618,0.71536,0.02999,0.07041,1.77875,0.06497,1.91752,0.15852,0.27134,0.28312,0.44009,0.33917,0.2,0.62229,0.45496,0.54504,0.786,0.25,0.15,52.97302943,15.65185112,8.340402582,1.00592707,1.337824057,1.163251702,20.93942297,24.3578194,1.00592707,6.8606,0.9546,41.56,2.722,8.79125112,0.05132707,11.41302943,5.618402582,0.438325151,0.948975357,0.784550184,0.326363143,08.11.2023 18:14,A-2,4.45E-06,1,1.4,5.45,5.34,3.81,3.64,1.53,1.984,1.66442953,3.78557047,3.356,1.55442953,0.792229781,0.54850246,PTQ10_321145,ITIC_120057,xylene,Jonas_DonorAcceptor-NoWDonorWH2-AddInt-NewPTQ10BTP4F12-NoBG-ZnOCorr_PTQ10:ITIC,Jonas_DonorAcceptor-NoWDonorWH2-AddInt-NewPTQ10BTP4F12-NoBG-ZnOCorr,0.040482357,26.10.2023 12:44,25391_189274_OD_x2y1,x2y1,0.007851135,1,1.4,3,2,0,0,1,0,0,0,1,0,0,0,76,2.035771519,0.100919773,2.204962298,0.828034897,0.033098347,0.072070119,1.777161988,0.064415473,1.91896984,0.159940259,0.244395171,0.285653303,0.440089586,0.305493964,0.2,0.591147267,0.482111519,0.517888481,0.00164,-0.00119,-0.00122,0.11267,0.00311,0.00166,-0.00159,-0.00055,0.00145,0.00142,-0.02694,0.00253,0,-0.03368,0,-0.03115,0.02715
25391,PTQ10_321145,PTQ10,ITIC_120057,ITIC,PTQ10-ITIC,25391_B-1,xylene,0,26,1000,130.7159757,2.0324,0.103,2.20394,0.71521,0.02461,0.06969,1.77829,0.06436,1.91449,0.16992,0.28128,0.30347,0.44009,0.3516,0.2,0.65507,0.46326,0.53674,0.786,0.25,0.15,52.6707416,15.39230055,8.156787664,1.006111676,1.315930719,1.163251702,20.25520114,23.56189719,1.006111676,6.6543,0.9543,41.72,2.6492,8.73800055,0.051811676,10.9507416,5.507587664,0.432313544,0.948503057,0.792090613,0.32478472,08.11.2023 18:14,B-1,2.52E-06,0.6,0.6,5.45,5.34,3.81,3.64,1.53,1.984,1.66442953,3.78557047,3.356,1.55442953,0.79237517,0.548317854,PTQ10_321145,ITIC_120057,xylene,Jonas_DonorAcceptor-NoWDonorWH2-AddInt-NewPTQ10BTP4F12-NoBG-ZnOCorr_PTQ10:ITIC,Jonas_DonorAcceptor-NoWDonorWH2-AddInt-NewPTQ10BTP4F12-NoBG-ZnOCorr,0.02652173,26.10.2023 12:44,25391_189274_OD_x1y2,x1y2,0.006884789,0.6,0.6,3,2,0,0,1,0,0,0,1,0,0,0,76,2.036358515,0.099974172,2.205520822,0.841411224,0.037857865,0.072888375,1.777607556,0.065760777,1.920526174,0.151058024,0.234249417,0.26978963,0.440089586,0.292811772,0.2,0.562601402,0.479539563,0.520460437,0.00396,-0.00303,0.00158,0.12621,0.01325,0.0032,-0.00068,0.0014,0.00603,-0.01886,-0.04703,-0.03368,0,-0.05879,0,-0.09247,0.01628
25392,PTQ10_321145,PTQ10,ITIC_120057,ITIC,PTQ10-ITIC,25392_B-2,xylene,2,26,1000,126.5404986,2.0397,0.10084,2.20947,0.7393,0.03324,0.07483,1.77619,0.06665,1.92518,0.15095,0.28691,0.2696,0.44009,0.35864,0.2,0.62824,0.42914,0.57086,0.786,0.25,0.15,54.91342376,15.9715459,8.927294528,1.017874858,1.32563172,1.163251702,21.17238786,24.62881621,1.017874858,5.008,0.8917,37.21,1.6617,10.9635459,0.126174858,17.70342376,7.265594528,0.313557625,0.876040893,0.677612093,0.18613702,08.11.2023 18:17,B-2,2.38E-06,1,0.6,5.45,5.34,3.81,3.64,1.53,1.984,1.66442953,3.78557047,3.356,1.55442953,0.801639403,0.536554672,PTQ10_321145,ITIC_120057,xylene,Jonas_DonorAcceptor-NoWDonorWH2-AddInt-NewPTQ10BTP4F12-NoBG-ZnOCorr_PTQ10:ITIC,Jonas_DonorAcceptor-NoWDonorWH2-AddInt-NewPTQ10BTP4F12-NoBG-ZnOCorr,0.071455558,26.10.2023 12:50,25392_189279_OD_x2y2,x2y2,0.009371692,1,0.6,3,2,0,0,1,0,0,0,1,0,0,0,77,2.038459276,0.099754621,2.206396825,0.875683217,0.041139103,0.075135153,1.777296614,0.065973334,1.921779683,0.151687864,0.223903915,0.270914525,0.440089586,0.279879894,0.2,0.550794419,0.491797354,0.508202646,-0.00124,-0.00108,-0.00307,0.13638,0.0079,0.00031,0.00111,-0.00067,-0.0034,0.00074,-0.06301,0.00131,0,-0.07876,0,-0.07745,0.06266
25392,PTQ10_321145,PTQ10,ITIC_120057,ITIC,PTQ10-ITIC,25392_B-3,xylene,2,26,1000,128.0787394,2.03326,0.1032,2.20485,0.7,0.0249,0.07012,1.77692,0.06433,1.91538,0.16885,0.27372,0.30156,0.44009,0.34215,0.2,0.64371,0.46848,0.53152,0.786,0.25,0.15,54.41343569,16.23053681,8.92203911,1.010241233,1.324073866,1.163251702,21.49042963,24.99877883,1.010241233,5.2931,0.8912,38.15,1.7997,10.93743681,0.119041233,16.26343569,7.12233911,0.326119836,0.882165537,0.701113604,0.201713978,08.11.2023 18:17,B-3,2.68E-06,1.4,0.6,5.45,5.34,3.81,3.64,1.53,1.984,1.66442953,3.78557047,3.356,1.55442953,0.795627452,0.544188297,PTQ10_321145,ITIC_120057,xylene,Jonas_DonorAcceptor-NoWDonorWH2-AddInt-NewPTQ10BTP4F12-NoBG-ZnOCorr_PTQ10:ITIC,Jonas_DonorAcceptor-NoWDonorWH2-AddInt-NewPTQ10BTP4F12-NoBG-ZnOCorr,0.034321993,26.10.2023 12:50,25392_189279_OD_x3y2,x3y2,0.006882766,1.4,0.6,3,2,0,0,1,0,0,0,1,0,0,0,77,2.039457379,0.099039861,2.20711303,0.888210726,0.042273179,0.075961207,1.777692457,0.066909838,1.923637969,0.147151717,0.219538272,0.262812966,0.440089586,0.274422841,0.2,0.537235806,0.489194805,0.510805195,0.0062,-0.00416,0.00226,0.18821,0.01737,0.00584,0.00077,0.00258,0.00826,-0.0217,-0.05418,-0.03875,0,-0.06772,0,-0.10648,0.02072
25392,PTQ10_321145,PTQ10,ITIC_120057,ITIC,PTQ10-ITIC,25392_A-2,xylene,2,26,1000,123.4114487,2.03476,0.10255,2.20626,0.7,0.02996,0.07133,1.7772,0.0657,1.91828,0.15886,0.26795,0.28372,0.44009,0.33493,0.2,0.61866,0.45861,0.54139,0.786,0.25,0.15,53.91643826,16.12858123,8.801802234,1.012171828,1.340722719,1.163251702,21.62395528,25.15410278,1.012171828,4.9312,0.8838,37.9,1.6516,11.19738123,0.128371828,16.01643826,7.150202234,0.30574295,0.873171902,0.702939608,0.187643389,08.11.2023 18:17,A-2,2.35E-06,1,1.4,5.45,5.34,3.81,3.64,1.53,1.984,1.66442953,3.78557047,3.356,1.55442953,0.797147914,0.542257702,PTQ10_321145,ITIC_120057,xylene,Jonas_DonorAcceptor-NoWDonorWH2-AddInt-NewPTQ10BTP4F12-NoBG-ZnOCorr_PTQ10:ITIC,Jonas_DonorAcceptor-NoWDonorWH2-AddInt-NewPTQ10BTP4F12-NoBG-ZnOCorr,0.048246242,26.10.2023 12:50,25392_189279_OD_x2y1,x2y1,0.007931949,1,1.4,3,2,0,0,1,0,0,0,1,0,0,0,77,2.038177771,0.099691719,2.206081156,0.874314651,0.041071781,0.074712242,1.77881804,0.066002788,1.921170296,0.153278824,0.216503491,0.27375598,0.440089586,0.270629364,0.2,0.544385345,0.502710832,0.497289168,0.00342,-0.00286,-0.00018,0.17431,0.01112,0.00339,0.00162,0.00031,0.00289,-0.00558,-0.05144,-0.00997,0,-0.0643,0,-0.07427,0.0441
25392,PTQ10_321145,PTQ10,ITIC_120057,ITIC,PTQ10-ITIC,25392_A-3,xylene,2,26,1000,128.2703139,2.03335,0.1032,2.20494,0.7,0.02501,0.07022,1.77692,0.06445,1.91562,0.16874,0.27455,0.30138,0.44009,0.34318,0.2,0.64456,0.46757,0.53243,0.786,0.25,0.15,53.4978078,16.14592945,8.725771687,1.010194056,1.323340551,1.163251702,21.36656318,24.85469097,1.010194056,5.267,0.8922,38.54,1.8109,10.87892945,0.117994056,14.9578078,6.914871687,0.326212252,0.883196644,0.720403351,0.207534653,08.11.2023 18:17,A-3,2.11E-06,1.4,1.4,5.45,5.34,3.81,3.64,1.53,1.984,1.66442953,3.78557047,3.356,1.55442953,0.795590297,0.544235474,PTQ10_321145,ITIC_120057,xylene,Jonas_DonorAcceptor-NoWDonorWH2-AddInt-NewPTQ10BTP4F12-NoBG-ZnOCorr_PTQ10:ITIC,Jonas_DonorAcceptor-NoWDonorWH2-AddInt-NewPTQ10BTP4F12-NoBG-ZnOCorr,0.035459512,26.10.2023 12:50,25392_189279_OD_x3y1,x3y1,0.006965465,1.4,1.4,3,2,0,0,1,0,0,0,1,0,0,0,77,2.039499155,0.098891619,2.206882442,0.890997884,0.043462798,0.076119031,1.779058239,0.067350388,1.923695599,0.147054538,0.212362435,0.262639404,0.440089586,0.265453044,0.2,0.528092448,0.497336035,0.502663965,0.00615,-0.00431,0.00195,0.191,0.01846,0.0059,0.00214,0.0029,0.00808,-0.02169,-0.06218,-0.03874,0,-0.07773,0,-0.11647,0.02977
25393,PTQ10_321145,PTQ10,ITIC_120057,ITIC,PTQ10-ITIC,25393_B-1,xylene,0,26,3000,61.82183875,2.04476,0.09264,2.21665,0.77337,0.02822,0.08276,1.77092,0.07752,1.94105,0.06073,0.17591,0.10847,0.44009,0.21988,0.2,0.32835,0.33034,0.66966,0.786,0.25,0.15,57.88325199,14.7784869,8.350109425,0.976133625,1.815951583,1.163251702,26.83701669,31.21820533,0.976133625,8.531,0.9284,36.91,2.9238,6.2474869,0.047733625,20.97325199,5.426309425,0.577258014,0.951099292,0.63766286,0.3501511,08.11.2023 18:19,B-1,7.32E-06,0.6,0.6,5.45,5.34,3.81,3.64,1.53,1.984,1.66442953,3.78557047,3.356,1.55442953,0.768765601,0.578295905,PTQ10_321145,ITIC_120057,xylene,Jonas_DonorAcceptor-NoWDonorWH2-AddInt-NewPTQ10BTP4F12-NoBG-ZnOCorr_PTQ10:ITIC,Jonas_DonorAcceptor-NoWDonorWH2-AddInt-NewPTQ10BTP4F12-NoBG-ZnOCorr,0.046329663,26.10.2023 12:55,25393_189280_OD_x1y2,x1y2,0.004202609,0.6,0.6,3,2,0,0,1,0,0,0,1,0,0,0,78,2.039929838,0.097336359,2.210461099,0.789549246,0.035935742,0.083571521,1.766412702,0.07628305,1.933603461,0.059349221,0.141755039,0.105997709,0.440089586,0.177193798,0.2,0.283191507,0.374296919,0.625703081,-0.00484,0.00469,-0.00619,0.01618,0.00772,0.00081,-0.0045,-0.00124,-0.00745,-0.00138,-0.03415,-0.00247,0,-0.04269,0,-0.04516,0.04395
25393,PTQ10_321145,PTQ10,ITIC_120057,ITIC,PTQ10-ITIC,25393_B-2,xylene,0,26,3000,62.07127368,2.04427,0.09284,2.21612,0.76933,0.02795,0.08275,1.77173,0.07751,1.94124,0.06161,0.17579,0.11004,0.44009,0.21974,0.2,0.32977,0.33368,0.66632,0.786,0.25,0.15,57.30490388,14.73451034,8.222829322,0.973853836,1.811800016,1.163251702,26.69598607,31.05415122,0.973853836,8.5038,0.9272,37.13,2.9272,6.23071034,0.046653836,20.17490388,5.295629322,0.57713489,0.952093595,0.647937567,0.355984526,08.11.2023 18:19,B-2,1.19E-06,1,0.6,5.45,5.34,3.81,3.64,1.53,1.984,1.66442953,3.78557047,3.356,1.55442953,0.766970126,0.580575694,PTQ10_321145,ITIC_120057,xylene,Jonas_DonorAcceptor-NoWDonorWH2-AddInt-NewPTQ10BTP4F12-NoBG-ZnOCorr_PTQ10:ITIC,Jonas_DonorAcceptor-NoWDonorWH2-AddInt-NewPTQ10BTP4F12-NoBG-ZnOCorr,0.045550563,26.10.2023 12:55,25393_189280_OD_x2y2,x2y2,0.00416774,1,0.6,3,2,0,0,1,0,0,0,1,0,0,0,78,2.039826551,0.097401027,2.210371109,0.786142833,0.035812336,0.083500997,1.766360357,0.07615827,1.933408178,0.059363332,0.141553091,0.106022911,0.440089586,0.176941364,0.2,0.282964275,0.374686875,0.625313125,-0.00445,0.00456,-0.00575,0.01681,0.00786,0.00075,-0.00537,-0.00136,-0.00783,-0.00225,-0.03424,-0.00402,0,-0.04279,0,-0.04681,0.04101
25393,PTQ10_321145,PTQ10,ITIC_120057,ITIC,PTQ10-ITIC,25393_B-3,xylene,0,26,3000,62.02329185,2.04483,0.09252,2.21651,0.77724,0.02708,0.08271,1.77135,0.07752,1.9414,0.06114,0.17633,0.10919,0.44009,0.22042,0.2,0.32961,0.33127,0.66873,0.786,0.25,0.15,56.98316507,14.56436449,8.02980516,0.967535481,1.812455366,1.163251702,26.39726058,30.70665828,0.967535481,8.2566,0.385,27.93,0.8877,6.30776449,0.582535481,29.05316507,7.14210516,0.566904241,0.397918224,0.490144764,0.110550628,08.11.2023 18:19,B-3,3.07E-06,1.4,0.6,5.45,5.34,3.81,3.64,1.53,1.984,1.66442953,3.78557047,3.356,1.55442953,0.761994031,0.586894049,PTQ10_321145,ITIC_120057,xylene,Jonas_DonorAcceptor-NoWDonorWH2-AddInt-NewPTQ10BTP4F12-NoBG-ZnOCorr_PTQ10:ITIC,Jonas_DonorAcceptor-NoWDonorWH2-AddInt-NewPTQ10BTP4F12-NoBG-ZnOCorr,0.045351584,26.10.2023 12:55,25393_189280_OD_x3y2,x3y2,0.004105615,1.4,0.6,3,2,0,0,1,0,0,0,1,0,0,0,78,2.039723265,0.097465696,2.21028112,0.78273642,0.03568893,0.083430473,1.766308012,0.07603349,1.933212895,0.059377444,0.141351144,0.106048114,0.440089586,0.17668893,0.2,0.282737044,0.375076831,0.624923169,-0.00511,0.00495,-0.00623,0.00549,0.00861,0.00072,-0.00504,-0.00149,-0.00818,-0.00176,-0.03498,-0.00314,0,-0.04373,0,-0.04687,0.04381
25393,PTQ10_321145,PTQ10,ITIC_120057,ITIC,PTQ10-ITIC,25393_A-2,xylene,0,26,3000,63.03902472,2.04521,0.09222,2.2167,0.78337,0.02918,0.083,1.77171,0.07769,1.94221,0.06183,0.17837,0.11042,0.44009,0.22297,0.2,0.33339,0.33121,0.66879,0.786,0.25,0.15,55.58302535,14.84372767,7.948932607,0.963437742,1.799184808,1.163251702,26.70660932,31.06650873,0.963437742,7.8041,0.9172,37.23,2.6646,7.03962767,0.046237742,18.35302535,5.284332607,0.525750686,0.952007545,0.669808809,0.335214818,08.11.2023 18:19,A-2,1.54E-06,1,1.4,5.45,5.34,3.81,3.64,1.53,1.984,1.66442953,3.78557047,3.356,1.55442953,0.758766808,0.590991788,PTQ10_321145,ITIC_120057,xylene,Jonas_DonorAcceptor-NoWDonorWH2-AddInt-NewPTQ10BTP4F12-NoBG-ZnOCorr_PTQ10:ITIC,Jonas_DonorAcceptor-NoWDonorWH2-AddInt-NewPTQ10BTP4F12-NoBG-ZnOCorr,0.051373816,26.10.2023 12:55,25393_189280_OD_x2y1,x2y1,0.004393919,1,1.4,3,2,0,0,1,0,0,0,1,0,0,0,78,2.039833453,0.097553907,2.210309507,0.78690187,0.03615267,0.083745253,1.766497408,0.076143478,1.933141233,0.06012823,0.14095209,0.107389019,0.440089586,0.176190113,0.2,0.283579132,0.378692989,0.621307011,-0.00537,0.00534,-0.00639,0.00354,0.00698,0.00075,-0.00521,-0.00155,-0.00907,-0.0017,-0.03742,-0.00303,0,-0.04678,0,-0.04981,0.04748
25394,PTQ10_321145,PTQ10,ITIC_120057,ITIC,PTQ10-ITIC,25394_B-1,xylene,2,26,3000,60.50092737,2.04192,0.09599,2.2146,0.70111,0.02676,0.08228,1.76942,0.07633,1.93755,0.06416,0.16885,0.11459,0.44009,0.21106,0.2,0.32565,0.35189,0.64811,0.786,0.25,0.15,59.13940465,14.63189696,8.467302506,0.978515014,1.832342418,1.163251702,26.81064546,31.18752895,0.978515014,9.057,0.9586,39.24,3.4068,5.57489696,0.019915014,19.89940465,5.060502506,0.618990144,0.979647717,0.663516994,0.402347737,08.11.2023 18:22,B-1,3.28E-06,0.6,0.6,5.45,5.34,3.81,3.64,1.53,1.984,1.66442953,3.78557047,3.356,1.55442953,0.770641092,0.575914516,PTQ10_321145,ITIC_120057,xylene,Jonas_DonorAcceptor-NoWDonorWH2-AddInt-NewPTQ10BTP4F12-NoBG-ZnOCorr_PTQ10:ITIC,Jonas_DonorAcceptor-NoWDonorWH2-AddInt-NewPTQ10BTP4F12-NoBG-ZnOCorr,0.040229005,26.10.2023 13:01,25394_189281_OD_x1y2,x1y2,0.004005039,0.6,0.6,3,2,0,0,1,0,0,0,1,0,0,0,79,2.039376825,0.097562238,2.210345046,0.805120316,0.035720297,0.083126834,1.76566309,0.075802742,1.93213988,0.058511411,0.13843198,0.10450138,0.440089586,0.173039974,0.2,0.277541355,0.376525439,0.623474561,-0.00254,0.00157,-0.00425,0.10401,0.00896,0.00085,-0.00376,-0.00052,-0.00541,-0.00565,-0.03041,-0.01009,0,-0.03802,0,-0.04811,0.02464
25394,PTQ10_321145,PTQ10,ITIC_120057,ITIC,PTQ10-ITIC,25394_A-1,xylene,2,26,3000,60.23420488,2.04162,0.09611,2.21437,0.7,0.02728,0.08226,1.76906,0.07632,1.93708,0.06361,0.16845,0.1136,0.44009,0.21057,0.2,0.32416,0.35044,0.64956,0.786,0.25,0.15,58.46898173,14.65625064,8.331831202,0.97228156,1.836913775,1.163251702,26.92226869,31.31737486,0.97228156,8.3011,0.867,33.35,2.4002,6.35515064,0.10528156,25.11898173,5.931631202,0.566386329,0.891717004,0.570387905,0.288075927,08.11.2023 18:22,A-1,1.07E-05,0.6,1.4,5.45,5.34,3.81,3.64,1.53,1.984,1.66442953,3.78557047,3.356,1.55442953,0.765731861,0.58214797,PTQ10_321145,ITIC_120057,xylene,Jonas_DonorAcceptor-NoWDonorWH2-AddInt-NewPTQ10BTP4F12-NoBG-ZnOCorr_PTQ10:ITIC,Jonas_DonorAcceptor-NoWDonorWH2-AddInt-NewPTQ10BTP4F12-NoBG-ZnOCorr,0.037962638,26.10.2023 13:01,25394_189281_OD_x1y1,x1y1,0.004059533,0.6,1.4,3,2,0,0,1,0,0,0,1,0,0,0,79,2.039114561,0.098202924,2.209968481,0.797166288,0.035854438,0.083101356,1.7653455,0.075722492,1.931282786,0.058885892,0.137731724,0.105170203,0.440089586,0.172164655,0.2,0.277334858,0.379217397,0.620782603,-0.00251,0.00209,-0.0044,0.09717,0.00857,0.00084,-0.00372,-0.0006,-0.0058,-0.00472,-0.03072,-0.00843,0,-0.0384,0,-0.04683,0.02878
25394,PTQ10_321145,PTQ10,ITIC_120057,ITIC,PTQ10-ITIC,25394_A-2,xylene,2,26,3000,61.96402019,2.0423,0.09545,2.21454,0.71557,0.02977,0.08257,1.76972,0.07644,1.93844,0.06493,0.17171,0.11597,0.44009,0.21464,0.2,0.33061,0.35077,0.64923,0.786,0.25,0.15,57.87156203,14.67178267,8.264042565,0.973294917,1.812374528,1.163251702,26.59076519,30.93175285,0.973294917,8.1459,0.8898,33.6,2.4351,6.52588267,0.083494917,24.27156203,5.828942565,0.555208606,0.914214165,0.580596044,0.294662083,08.11.2023 18:22,A-2,4.55E-06,1,1.4,5.45,5.34,3.81,3.64,1.53,1.984,1.66442953,3.78557047,3.356,1.55442953,0.766529943,0.581134613,PTQ10_321145,ITIC_120057,xylene,Jonas_DonorAcceptor-NoWDonorWH2-AddInt-NewPTQ10BTP4F12-NoBG-ZnOCorr_PTQ10:ITIC,Jonas_DonorAcceptor-NoWDonorWH2-AddInt-NewPTQ10BTP4F12-NoBG-ZnOCorr,0.040693616,26.10.2023 13:01,25394_189281_OD_x2y1,x2y1,0.004475874,1,1.4,3,2,0,0,1,0,0,0,1,0,0,0,79,2.039296498,0.097879666,2.21009597,0.799671061,0.035906193,0.08314499,1.765516037,0.075803449,1.931752932,0.058890662,0.13827931,0.105178722,0.440089586,0.172849137,0.2,0.278027859,0.37830509,0.62169491,-0.003,0.00243,-0.00444,0.0841,0.00614,0.00058,-0.0042,-0.00064,-0.00669,-0.00604,-0.03343,-0.01079,0,-0.04179,0,-0.05258,0.02753
25394,PTQ10_321145,PTQ10,ITIC_120057,ITIC,PTQ10-ITIC,25394_B-2,xylene,2,26,3000,60.33934153,2.04172,0.09616,2.21414,0.7,0.02669,0.0822,1.76972,0.0762,1.9376,0.06425,0.16823,0.11475,0.44009,0.21029,0.2,0.32504,0.35304,0.64696,0.786,0.25,0.15,58.09048905,14.53762505,8.203998836,0.971464856,1.834337043,1.163251702,26.66690414,31.02032162,0.971464856,8.96,0.9412,37.3,3.1454,5.57762505,0.030264856,20.79048905,5.058598836,0.616331758,0.968846165,0.642101669,0.383398397,08.11.2023 18:22,B-2,2.63E-06,1,0.6,5.45,5.34,3.81,3.64,1.53,1.984,1.66442953,3.78557047,3.356,1.55442953,0.765088656,0.582964674,PTQ10_321145,ITIC_120057,xylene,Jonas_DonorAcceptor-NoWDonorWH2-AddInt-NewPTQ10BTP4F12-NoBG-ZnOCorr_PTQ10:ITIC,Jonas_DonorAcceptor-NoWDonorWH2-AddInt-NewPTQ10BTP4F12-NoBG-ZnOCorr,0.037917178,26.10.2023 13:01,25394_189281_OD_x2y2,x2y2,0.003972952,1,0.6,3,2,0,0,1,0,0,0,1,0,0,0,79,2.039601935,0.097339669,2.2104468,0.808462527,0.035576493,0.083177621,1.765718527,0.076003823,1.932712886,0.058392046,0.139292294,0.104288193,0.440089586,0.174115368,0.2,0.278403561,0.374599568,0.625400432,-0.00212,0.00118,-0.00369,0.10846,0.00889,0.00098,-0.004,-0.00019,-0.00488,-0.00586,-0.02894,-0.01046,0,-0.03617,0,-0.04663,0.02156
25395,PTQ10_321145,PTQ10,ITIC_120057,ITIC,PTQ10-ITIC,25395_A-1,xylene,1,26,2000,73.8659821,2.0476,0.09051,2.21775,0.81472,0.03526,0.08386,1.77337,0.07789,1.94686,0.07279,0.20025,0.13,0.44009,0.25032,0.2,0.38032,0.34183,0.65817,0.786,0.25,0.15,60.49887856,15.49935208,9.429915981,1.005650225,1.671195012,1.163251702,25.90243989,30.13105728,1.005650225,9.2171,0.959,36.98,3.2687,6.28225208,0.046650225,23.51887856,6.161215981,0.594676471,0.953611878,0.611251,0.346630872,08.11.2023 18:24,A-1,2.16E-06,0.6,1.4,5.45,5.34,3.81,3.64,1.53,1.984,1.66442953,3.78557047,3.356,1.55442953,0.792011749,0.548779305,PTQ10_321145,ITIC_120057,xylene,Jonas_DonorAcceptor-NoWDonorWH2-AddInt-NewPTQ10BTP4F12-NoBG-ZnOCorr_PTQ10:ITIC,Jonas_DonorAcceptor-NoWDonorWH2-AddInt-NewPTQ10BTP4F12-NoBG-ZnOCorr,0.093382396,26.10.2023 13:07,25395_189285_OD_x1y1,x1y1,0.006226766,0.6,1.4,3,2,0,0,1,0,0,0,1,0,0,0,80,2.045452268,0.091818022,2.214522374,0.914009438,0.041772403,0.085292446,1.770167335,0.078556341,1.9434821,0.066851854,0.168101927,0.119397411,0.440089586,0.210127408,0.2,0.32952482,0.362332074,0.637667926,-0.00215,0.00131,-0.00323,0.09929,0.00652,0.00143,-0.00321,0.00066,-0.00338,-0.00594,-0.03215,-0.01061,0,-0.04019,0,-0.0508,0.02051
25395,PTQ10_321145,PTQ10,ITIC_120057,ITIC,PTQ10-ITIC,25395_B-3,xylene,1,26,2000,73.41650531,2.04747,0.09106,2.21744,0.80553,0.03331,0.08372,1.77381,0.07751,1.9466,0.07323,0.19902,0.13078,0.44009,0.24878,0.2,0.37956,0.34456,0.65544,0.786,0.25,0.15,59.8360382,15.26167064,9.143986632,1.001314891,1.675496823,1.163251702,25.57088068,29.74537046,1.001314891,10.1163,0.9846,40.53,4.0366,5.14537064,0.016714891,19.3060382,5.107386632,0.662856658,0.983307058,0.677350995,0.441448589,08.11.2023 18:24,B-3,1.53E-06,1.4,0.6,5.45,5.34,3.81,3.64,1.53,1.984,1.66442953,3.78557047,3.356,1.55442953,0.788597405,0.553114639,PTQ10_321145,ITIC_120057,xylene,Jonas_DonorAcceptor-NoWDonorWH2-AddInt-NewPTQ10BTP4F12-NoBG-ZnOCorr_PTQ10:ITIC,Jonas_DonorAcceptor-NoWDonorWH2-AddInt-NewPTQ10BTP4F12-NoBG-ZnOCorr,0.083487214,26.10.2023 13:07,25395_189285_OD_x3y2,x3y2,0.005872884,1.4,0.6,3,2,0,0,1,0,0,0,1,0,0,0,80,2.045819574,0.091251723,2.21451798,0.931719999,0.040718477,0.085180152,1.770789179,0.078508667,1.944555868,0.066812871,0.169167348,0.119327787,0.440089586,0.211459185,0.2,0.330786972,0.360739077,0.639260923,-0.00165,0.00019,-0.00292,0.12619,0.0074,0.00146,-0.00302,0.00099,-0.00205,-0.00641,-0.02985,-0.01145,0,-0.03732,0,-0.04877,0.01618
25395,PTQ10_321145,PTQ10,ITIC_120057,ITIC,PTQ10-ITIC,25395_A-2,xylene,1,26,2000,73.67193796,2.04718,0.09125,2.2174,0.79858,0.03483,0.08372,1.77365,0.07765,1.94609,0.07354,0.19917,0.13134,0.44009,0.24896,0.2,0.38031,0.34536,0.65464,0.786,0.25,0.15,59.01334998,15.40965851,9.09232016,0.999842139,1.673196427,1.163251702,25.78338556,29.99256712,0.999842139,9.6092,0.9653,37.99,3.524,5.80045851,0.034542139,21.02334998,5.56832016,0.62358293,0.965452407,0.643752643,0.387579841,08.11.2023 18:24,A-2,4.37E-06,1,1.4,5.45,5.34,3.81,3.64,1.53,1.984,1.66442953,3.78557047,3.356,1.55442953,0.787437522,0.554587391,PTQ10_321145,ITIC_120057,xylene,Jonas_DonorAcceptor-NoWDonorWH2-AddInt-NewPTQ10BTP4F12-NoBG-ZnOCorr_PTQ10:ITIC,Jonas_DonorAcceptor-NoWDonorWH2-AddInt-NewPTQ10BTP4F12-NoBG-ZnOCorr,0.094493105,26.10.2023 13:07,25395_189285_OD_x2y1,x2y1,0.006167533,1,1.4,3,2,0,0,1,0,0,0,1,0,0,0,80,2.045973214,0.091199224,2.214802102,0.926091099,0.042332824,0.085349726,1.770693175,0.078770188,1.944735108,0.06710471,0.170094695,0.119849012,0.440089586,0.212618369,0.2,0.33246738,0.360499738,0.639500262,-0.00121,-0.00005,-0.0026,0.12751,0.0075,0.00163,-0.00296,0.00113,-0.00136,-0.00644,-0.02908,-0.01149,0,-0.03635,0,-0.04784,0.01514
25395,PTQ10_321145,PTQ10,ITIC_120057,ITIC,PTQ10-ITIC,25395_B-2,xylene,1,26,2000,73.02559457,2.04697,0.09147,2.2171,0.79719,0.03379,0.08361,1.77378,0.07738,1.94606,0.07312,0.19787,0.13059,0.44009,0.24733,0.2,0.37792,0.34555,0.65445,0.786,0.25,0.15,59.25066596,15.21130685,8.994892205,0.998013003,1.68000425,1.163251702,25.55506016,29.72696722,0.998013003,9.9474,0.9389,34.7,3.2412,5.26390685,0.059113003,24.55066596,5.753692205,0.653947757,0.940769306,0.585647426,0.360337837,08.11.2023 18:24,B-2,1.88E-06,1,0.6,5.45,5.34,3.81,3.64,1.53,1.984,1.66442953,3.78557047,3.356,1.55442953,0.785996964,0.556416527,PTQ10_321145,ITIC_120057,xylene,Jonas_DonorAcceptor-NoWDonorWH2-AddInt-NewPTQ10BTP4F12-NoBG-ZnOCorr_PTQ10:ITIC,Jonas_DonorAcceptor-NoWDonorWH2-AddInt-NewPTQ10BTP4F12-NoBG-ZnOCorr,0.086234378,26.10.2023 13:07,25395_189285_OD_x2y2,x2y2,0.005972659,1,0.6,3,2,0,0,1,0,0,0,1,0,0,0,80,2.045814733,0.091347866,2.214479661,0.930624759,0.04055219,0.085194766,1.770721252,0.078443322,1.944374461,0.066852786,0.168427289,0.119399075,0.440089586,0.210534111,0.2,0.329933187,0.361891632,0.638108368,-0.00116,-0.00012,-0.00262,0.13343,0.00676,0.00158,-0.00306,0.00106,-0.00168,-0.00627,-0.02944,-0.01119,0,-0.0368,0,-0.04799,0.01634
25396,PTQ10_321145,PTQ10,ITIC-4F_120033,ITIC-4F,PTQ10-ITIC-4F,25396_A-1,xylene,0,30,2000,90.69246046,2.05149,0.08812,2.21354,0.92667,0.06061,0.07888,1.73035,0.07943,1.89325,0.12173,0.18009,0.21741,0.44009,0.23735,0.24127,0.45476,0.47807,0.52193,0.786,0.318,0.15,61.34446956,19.2354088,10.96548787,0.929289698,1.450358629,1.111298409,27.89824113,31.00327098,0.929289698,5.8488,0.7946,38.94,1.81,13.3866088,0.134689698,22.40446956,9.15548787,0.304064242,0.855061669,0.634776049,0.165063335,26.10.2023 16:36,A-1,6.63E-07,0.6,1.4,5.47,5.34,3.97,3.64,1.37,1.984,1.604329004,3.865670996,3.356,1.474329004,0.821768613,0.545039306,PTQ10_321145,ITIC-4F_120033,xylene,Jonas_DonorAcceptor-NoWDonorWH2-AddInt-NewPTQ10BTP4F12-NoBG-ZnOCorr_PTQ10:ITIC-4F,Jonas_DonorAcceptor-NoWDonorWH2-AddInt-NewPTQ10BTP4F12-NoBG-ZnOCorr,0.105712503,26.10.2023 13:36,25396_189312_OD_x1y1,x1y1,0.005737361,0.6,1.4,3,3,0,0,1,0,0,0,0,1,0,0,81,2.045561134,0.090420729,2.210884521,0.970103714,0.056780017,0.081827715,1.707157067,0.076751378,1.873260736,0.12366354,0.166327585,0.220863083,0.440089586,0.219219756,0.241274659,0.440082839,0.501867065,0.498132935,-0.00593,0.0023,-0.00266,0.04343,-0.00383,0.00294,-0.02319,-0.00268,-0.01999,0.00194,-0.01376,0.00346,0,-0.01813,0,-0.01468,0.0238
25396,PTQ10_321145,PTQ10,ITIC-4F_120033,ITIC-4F,PTQ10-ITIC-4F,25396_A-3,xylene,0,30,2000,92.00042701,2.05133,0.08816,2.21332,0.93425,0.05702,0.07873,1.73093,0.07938,1.89344,0.12357,0.18227,0.22069,0.44009,0.24023,0.24127,0.46092,0.47881,0.52119,0.786,0.318,0.15,61.28574289,18.95748708,10.77946697,0.927805756,1.442006503,1.111298409,27.33681965,30.37936418,0.927805756,9.116,0.7748,39.43,2.7849,9.84148708,0.153005756,21.85574289,7.99456697,0.480865421,0.835088589,0.643379653,0.258352292,26.10.2023 16:36,A-3,1.60E-07,1.4,1.4,5.47,5.34,3.97,3.64,1.37,1.984,1.604329004,3.865670996,3.356,1.474329004,0.820456366,0.546523248,PTQ10_321145,ITIC-4F_120033,xylene,Jonas_DonorAcceptor-NoWDonorWH2-AddInt-NewPTQ10BTP4F12-NoBG-ZnOCorr_PTQ10:ITIC-4F,Jonas_DonorAcceptor-NoWDonorWH2-AddInt-NewPTQ10BTP4F12-NoBG-ZnOCorr,0.112157124,26.10.2023 13:36,25396_189312_OD_x3y1,x3y1,0.00435782,1.4,1.4,3,3,0,0,1,0,0,0,0,1,0,0,81,2.045776481,0.090299835,2.211073953,0.970479202,0.053887167,0.081979439,1.70632462,0.076635156,1.872885979,0.127533542,0.170514309,0.227774907,0.440089586,0.224737859,0.241274659,0.452512766,0.503355759,0.496644241,-0.00555,0.00214,-0.00225,0.03622,-0.00314,0.00325,-0.0246,-0.00275,-0.02055,0.00396,-0.01175,0.00708,0,-0.01549,0,-0.00841,0.02455
25396,PTQ10_321145,PTQ10,ITIC-4F_120033,ITIC-4F,PTQ10-ITIC-4F,25396_B-1,xylene,0,30,2000,90.87009889,2.05147,0.08798,2.21338,0.93026,0.06004,0.07879,1.73036,0.07925,1.89317,0.12184,0.18057,0.21761,0.44009,0.23798,0.24127,0.45559,0.47764,0.52236,0.786,0.318,0.15,61.31265228,18.96306853,10.77208922,0.92649104,1.449356795,1.111298409,27.48425222,30.54320576,0.92649104,4.256,0.784,26.99,0.9005,14.70706853,0.14249104,34.32265228,9.87158922,0.224436251,0.846203542,0.44020278,0.083595669,26.10.2023 16:36,B-1,3.02E-07,0.6,0.6,5.47,5.34,3.97,3.64,1.37,1.984,1.604329004,3.865670996,3.356,1.474329004,0.819293766,0.547837964,PTQ10_321145,ITIC-4F_120033,xylene,Jonas_DonorAcceptor-NoWDonorWH2-AddInt-NewPTQ10BTP4F12-NoBG-ZnOCorr_PTQ10:ITIC-4F,Jonas_DonorAcceptor-NoWDonorWH2-AddInt-NewPTQ10BTP4F12-NoBG-ZnOCorr,0.105028805,26.10.2023 13:36,25396_189312_OD_x1y2,x1y2,0.004343654,0.6,0.6,3,3,0,0,1,0,0,0,0,1,0,0,81,2.045921284,0.090370199,2.211117184,0.969202573,0.056893389,0.082280664,1.707032574,0.077145444,1.873885584,0.121033243,0.164506962,0.216165371,0.440089586,0.216820176,0.241274659,0.432985547,0.499243849,0.500756151,-0.00555,0.00239,-0.00226,0.03895,-0.00315,0.00349,-0.02332,-0.0021,-0.01929,-0.00081,-0.01606,-0.00144,0,-0.02116,0,-0.02261,0.02161
25396,PTQ10_321145,PTQ10,ITIC-4F_120033,ITIC-4F,PTQ10-ITIC-4F,25396_A-2,xylene,0,30,2000,90.76704698,2.05149,0.08838,2.21379,0.92414,0.0593,0.07886,1.73007,0.07928,1.89331,0.12196,0.18036,0.21782,0.44009,0.23772,0.24127,0.45554,0.47816,0.52184,0.786,0.318,0.15,60.47768113,19.10403334,10.71843086,0.927707382,1.44981422,1.111298409,27.6972992,30.77996453,0.927707382,7.7333,0.7702,38.12,2.2703,11.37073334,0.157507382,22.35768113,8.44813086,0.404799335,0.830218682,0.630315172,0.211812721,26.10.2023 16:36,A-2,2.82E-07,1,1.4,5.47,5.34,3.97,3.64,1.37,1.984,1.604329004,3.865670996,3.356,1.474329004,0.820369374,0.546621622,PTQ10_321145,ITIC-4F_120033,xylene,Jonas_DonorAcceptor-NoWDonorWH2-AddInt-NewPTQ10BTP4F12-NoBG-ZnOCorr_PTQ10:ITIC-4F,Jonas_DonorAcceptor-NoWDonorWH2-AddInt-NewPTQ10BTP4F12-NoBG-ZnOCorr,0.09850971,26.10.2023 13:36,25396_189312_OD_x2y1,x2y1,0.005554737,1,1.4,3,3,0,0,1,0,0,0,0,1,0,0,81,2.045668808,0.090360282,2.210979237,0.970291458,0.055333592,0.081903577,1.706740844,0.076693267,1.873073357,0.125598541,0.168420947,0.224318995,0.440089586,0.221978808,0.241274659,0.446297803,0.502611412,0.497388588,-0.00582,0.00198,-0.00282,0.04615,-0.00397,0.00304,-0.02333,-0.00258,-0.02024,0.00364,-0.01194,0.0065,0,-0.01574,0,-0.00924,0.02445
25397,PTQ10_321145,PTQ10,ITIC-4F_120033,ITIC-4F,PTQ10-ITIC-4F,25397_A-1,xylene,0,28,2000,84.03696455,2.05168,0.08794,2.21352,0.91368,0.05643,0.08019,1.72884,0.08098,1.89378,0.11299,0.17141,0.2018,0.44009,0.22592,0.24127,0.42772,0.4718,0.5282,0.786,0.318,0.15,61.32865911,20.82221826,11.75831578,0.920777409,1.495428372,1.111298409,31.13813596,34.60376095,0.920777409,9.62,0.7859,39.77,3.0069,11.20221826,0.134877409,21.55865911,8.75141578,0.462006491,0.853517899,0.648473333,0.255725399,26.10.2023 16:38,A-1,1.53E-06,0.6,1.4,5.47,5.34,3.97,3.64,1.37,1.984,1.604329004,3.865670996,3.356,1.474329004,0.814241216,0.553551595,PTQ10_321145,ITIC-4F_120033,xylene,Jonas_DonorAcceptor-NoWDonorWH2-AddInt-NewPTQ10BTP4F12-NoBG-ZnOCorr_PTQ10:ITIC-4F,Jonas_DonorAcceptor-NoWDonorWH2-AddInt-NewPTQ10BTP4F12-NoBG-ZnOCorr,0.111909469,26.10.2023 13:42,25397_189345_OD_x1y1,x1y1,0.003566027,0.6,1.4,3,3,0,0,1,0,0,0,0,1,0,0,82,2.045957735,0.09041905,2.211100119,0.943854086,0.054962171,0.08271224,1.707365847,0.0781344,1.874581358,0.113871241,0.155376194,0.203374037,0.440089586,0.204785824,0.241274659,0.408159861,0.498270546,0.501729454,-0.00572,0.00248,-0.00242,0.03017,-0.00146,0.00252,-0.02147,-0.00285,-0.0192,0.00088,-0.01604,0.00158,0,-0.02114,0,-0.01956,0.02647
25397,PTQ10_321145,PTQ10,ITIC-4F_120033,ITIC-4F,PTQ10-ITIC-4F,25397_A-3,xylene,0,28,2000,85.09739032,2.05192,0.08785,2.21369,0.91669,0.05494,0.08002,1.72921,0.08076,1.89389,0.11444,0.173,0.2044,0.44009,0.22801,0.24127,0.43241,0.4727,0.5273,0.786,0.318,0.15,61.34916692,20.78441148,11.73838518,0.920580889,1.487645405,1.111298409,30.91983424,34.3611626,0.920580889,10.183,0.5684,31.43,1.8189,10.60141148,0.352180889,29.91916692,9.91948518,0.489934488,0.617436237,0.512313395,0.15495317,26.10.2023 16:38,A-3,1.16E-06,1.4,1.4,5.47,5.34,3.97,3.64,1.37,1.984,1.604329004,3.865670996,3.356,1.474329004,0.814067434,0.553748115,PTQ10_321145,ITIC-4F_120033,xylene,Jonas_DonorAcceptor-NoWDonorWH2-AddInt-NewPTQ10BTP4F12-NoBG-ZnOCorr_PTQ10:ITIC-4F,Jonas_DonorAcceptor-NoWDonorWH2-AddInt-NewPTQ10BTP4F12-NoBG-ZnOCorr,0.111310411,26.10.2023 13:42,25397_189345_OD_x3y1,x3y1,0.004997717,1.4,1.4,3,3,0,0,1,0,0,0,0,1,0,0,82,2.045932474,0.090347439,2.211060128,0.950138829,0.054990312,0.082709798,1.707216449,0.07803419,1.874395724,0.115696284,0.157415134,0.206633563,0.440089586,0.207473146,0.241274659,0.414106709,0.498986271,0.501013729,-0.00599,0.00249,-0.00263,0.03345,0.00005,0.00269,-0.022,-0.00273,-0.01949,0.00125,-0.01558,0.00224,0,-0.02054,0,-0.0183,0.02629
25397,PTQ10_321145,PTQ10,ITIC-4F_120033,ITIC-4F,PTQ10-ITIC-4F,25397_A-2,xylene,0,28,2000,83.84347198,2.05169,0.08782,2.21348,0.91261,0.05545,0.0803,1.72863,0.08078,1.89388,0.11271,0.17134,0.2013,0.44009,0.22583,0.24127,0.42713,0.47128,0.52872,0.786,0.318,0.15,60.79648407,20.83669277,11.65743664,0.920228779,1.496865744,1.111298409,31.18973162,34.66109912,0.920228779,9.5003,0.7789,39.08,2.8919,11.33639277,0.141328779,21.71648407,8.76553664,0.455940878,0.846419953,0.64280033,0.248073405,26.10.2023 16:38,A-2,6.75E-07,1,1.4,5.47,5.34,3.97,3.64,1.37,1.984,1.604329004,3.865670996,3.356,1.474329004,0.813756064,0.554100225,PTQ10_321145,ITIC-4F_120033,xylene,Jonas_DonorAcceptor-NoWDonorWH2-AddInt-NewPTQ10BTP4F12-NoBG-ZnOCorr_PTQ10:ITIC-4F,Jonas_DonorAcceptor-NoWDonorWH2-AddInt-NewPTQ10BTP4F12-NoBG-ZnOCorr,0.109080802,26.10.2023 13:42,25397_189345_OD_x2y1,x2y1,0.003477003,1,1.4,3,3,0,0,1,0,0,0,0,1,0,0,82,2.045945104,0.090383245,2.211080124,0.946996458,0.054976241,0.082711019,1.707291148,0.078084295,1.874488541,0.114783762,0.156395664,0.2050038,0.440089586,0.206129485,0.241274659,0.411133285,0.498628409,0.501371591,-0.00575,0.00256,-0.0024,0.03438,-0.00047,0.00242,-0.02134,-0.00269,-0.01939,0.00207,-0.01495,0.0037,0,-0.0197,0,-0.016,0.02734
25397,PTQ10_321145,PTQ10,ITIC-4F_120033,ITIC-4F,PTQ10-ITIC-4F,25397_B-1,xylene,0,28,2000,82.73548378,2.05177,0.08803,2.21377,0.90803,0.05665,0.08035,1.72809,0.08129,1.89347,0.11122,0.16988,0.19865,0.44009,0.2239,0.24127,0.42255,0.47012,0.52988,0.786,0.318,0.15,61.45394548,20.58105483,11.65055335,0.921147446,1.505376177,1.111298409,30.98222963,34.4305025,0.921147446,9.1954,0.7863,39.37,2.8464,11.38565483,0.134847446,22.08394548,8.80415335,0.446789539,0.853609271,0.640642349,0.244314576,26.10.2023 16:38,B-1,2.01E-06,0.6,0.6,5.47,5.34,3.97,3.64,1.37,1.984,1.604329004,3.865670996,3.356,1.474329004,0.814568439,0.553181558,PTQ10_321145,ITIC-4F_120033,xylene,Jonas_DonorAcceptor-NoWDonorWH2-AddInt-NewPTQ10BTP4F12-NoBG-ZnOCorr_PTQ10:ITIC-4F,Jonas_DonorAcceptor-NoWDonorWH2-AddInt-NewPTQ10BTP4F12-NoBG-ZnOCorr,0.1073359,26.10.2023 13:42,25397_189345_OD_x1y2,x1y2,0.003593532,0.6,0.6,3,3,0,0,1,0,0,0,0,1,0,0,82,2.046089029,0.090362791,2.211238934,0.947554444,0.054619634,0.08246644,1.707282755,0.077896896,1.874254578,0.115948533,0.157211702,0.207084079,0.440089586,0.207205023,0.241274659,0.414289102,0.499854035,0.500145965,-0.00568,0.00233,-0.00253,0.03952,-0.00203,0.00212,-0.02081,-0.00339,-0.01922,0.00472,-0.01267,0.00844,0,-0.0167,0,-0.00826,0.02974
25398,PTQ10_321145,PTQ10,ITIC-4F_120033,ITIC-4F,PTQ10-ITIC-4F,25398_B-1,xylene,0,26,2000,71.38644179,2.05146,0.08778,2.21361,0.90203,0.0526,0.08131,1.72641,0.08212,1.89445,0.09661,0.15384,0.17255,0.44009,0.20277,0.24127,0.37532,0.45975,0.54025,0.786,0.318,0.15,61.32271859,19.51181905,10.98185207,0.917817702,1.599915259,1.111298409,31.21725702,34.69168806,0.917817702,11.2067,0.7867,40,3.5269,8.30511905,0.131117702,21.32271859,7.45495207,0.574354445,0.85714189,0.652286802,0.321157122,26.10.2023 16:40,B-1,5.01E-06,0.6,0.6,5.47,5.34,3.97,3.64,1.37,1.984,1.604329004,3.865670996,3.356,1.474329004,0.811623954,0.556511302,PTQ10_321145,ITIC-4F_120033,xylene,Jonas_DonorAcceptor-NoWDonorWH2-AddInt-NewPTQ10BTP4F12-NoBG-ZnOCorr_PTQ10:ITIC-4F,Jonas_DonorAcceptor-NoWDonorWH2-AddInt-NewPTQ10BTP4F12-NoBG-ZnOCorr,0.090354038,26.10.2023 13:48,25398_189356_OD_x1y2,x1y2,0.002828891,0.6,0.6,3,3,0,0,1,0,0,0,0,1,0,0,83,2.045533382,0.090370852,2.21099886,0.90843828,0.053124736,0.083558815,1.706883594,0.07995888,1.876923845,0.093278372,0.136690946,0.166595172,0.440089586,0.180158667,0.241274659,0.346753839,0.480442185,0.519557815,-0.00593,0.00259,-0.00261,0.00641,0.00052,0.00225,-0.01953,-0.00216,-0.01753,-0.00334,-0.01715,-0.00596,0,-0.02261,0,-0.02857,0.02069
25398,PTQ10_321145,PTQ10,ITIC-4F_120033,ITIC-4F,PTQ10-ITIC-4F,25398_A-1,xylene,0,26,2000,70.20963222,2.05131,0.08779,2.21354,0.90118,0.05333,0.08142,1.72609,0.08224,1.89447,0.095,0.15213,0.16968,0.44009,0.2005,0.24127,0.37018,0.45837,0.54163,0.786,0.318,0.15,60.95041272,19.55155864,10.94281053,0.918270947,1.611004037,1.111298409,31.49763989,35.0032771,0.918270947,11.4094,0.7853,39.58,3.5465,8.14215864,0.132970947,21.37041272,7.39631053,0.583554499,0.855194213,0.649380344,0.32409407,26.10.2023 16:40,A-1,1.44E-06,0.6,1.4,5.47,5.34,3.97,3.64,1.37,1.984,1.604329004,3.865670996,3.356,1.474329004,0.812024758,0.556058057,PTQ10_321145,ITIC-4F_120033,xylene,Jonas_DonorAcceptor-NoWDonorWH2-AddInt-NewPTQ10BTP4F12-NoBG-ZnOCorr_PTQ10:ITIC-4F,Jonas_DonorAcceptor-NoWDonorWH2-AddInt-NewPTQ10BTP4F12-NoBG-ZnOCorr,0.086262091,26.10.2023 13:48,25398_189356_OD_x1y1,x1y1,0.002804367,0.6,1.4,3,3,0,0,1,0,0,0,0,1,0,0,83,2.04539848,0.090289945,2.210665014,0.914965344,0.052729095,0.083685847,1.706691704,0.080108181,1.876924556,0.092437344,0.135680312,0.165093096,0.440089586,0.178826651,0.241274659,0.343919747,0.48003378,0.51996622,-0.00591,0.0025,-0.00287,0.01378,-0.0006,0.00226,-0.0194,-0.00213,-0.01754,-0.00257,-0.01645,-0.00459,0,-0.02168,0,-0.02626,0.02167
25398,PTQ10_321145,PTQ10,ITIC-4F_120033,ITIC-4F,PTQ10-ITIC-4F,25398_B-3,xylene,0,26,2000,70.78038126,2.05145,0.08784,2.21365,0.89721,0.05003,0.08125,1.72636,0.08207,1.89432,0.09597,0.15339,0.17141,0.44009,0.20217,0.24127,0.37358,0.45882,0.54118,0.786,0.318,0.15,61.10133573,19.33023905,10.82776661,0.91675008,1.605675993,1.111298409,31.03810078,34.49259201,0.91675008,12.1588,0.8178,41.88,4.1644,7.17143905,0.09895008,19.22133573,6.66336661,0.62900412,0.89206428,0.685418731,0.384603783,26.10.2023 16:40,B-3,4.78E-07,1.4,0.6,5.47,5.34,3.97,3.64,1.37,1.984,1.604329004,3.865670996,3.356,1.474329004,0.810679859,0.557578924,PTQ10_321145,ITIC-4F_120033,xylene,Jonas_DonorAcceptor-NoWDonorWH2-AddInt-NewPTQ10BTP4F12-NoBG-ZnOCorr_PTQ10:ITIC-4F,Jonas_DonorAcceptor-NoWDonorWH2-AddInt-NewPTQ10BTP4F12-NoBG-ZnOCorr,0.090062494,26.10.2023 13:48,25398_189356_OD_x3y2,x3y2,0.002682315,1.4,0.6,3,3,0,0,1,0,0,0,0,1,0,0,83,2.045486486,0.090315402,2.210670364,0.904765417,0.053110045,0.083525123,1.707465639,0.080074889,1.877724042,0.091856846,0.136552302,0.164056327,0.440089586,0.179975934,0.241274659,0.344032261,0.476863205,0.523136795,-0.00597,0.00248,-0.00298,0.00755,0.00308,0.00227,-0.01889,-0.002,-0.0166,-0.00411,-0.01684,-0.00735,0,-0.0222,0,-0.02954,0.01804
25398,PTQ10_321145,PTQ10,ITIC-4F_120033,ITIC-4F,PTQ10-ITIC-4F,25398_A-3,xylene,0,26,2000,68.4350495,2.0508,0.08805,2.21316,0.88927,0.04759,0.08126,1.72618,0.0818,1.89461,0.09324,0.15027,0.16653,0.44009,0.19806,0.24127,0.36459,0.45677,0.54323,0.786,0.318,0.15,60.57097249,19.23173094,10.66909832,0.91589312,1.628421509,1.111298409,31.31736432,34.80293714,0.91589312,12.5367,0.798,40.07,4.0086,6.69503094,0.11789312,20.50097249,6.66049832,0.6518758,0.871280701,0.661538,0.375720598,26.10.2023 16:40,A-3,8.79E-07,1.4,1.4,5.47,5.34,3.97,3.64,1.37,1.984,1.604329004,3.865670996,3.356,1.474329004,0.809922051,0.558435884,PTQ10_321145,ITIC-4F_120033,xylene,Jonas_DonorAcceptor-NoWDonorWH2-AddInt-NewPTQ10BTP4F12-NoBG-ZnOCorr_PTQ10:ITIC-4F,Jonas_DonorAcceptor-NoWDonorWH2-AddInt-NewPTQ10BTP4F12-NoBG-ZnOCorr,0.079062017,26.10.2023 13:48,25398_189356_OD_x3y1,x3y1,0.002363831,1.4,1.4,3,3,0,0,1,0,0,0,0,1,0,0,83,2.045741588,0.090224307,2.210818456,0.916526804,0.054393113,0.083530313,1.707968847,0.080131027,1.877855217,0.093207899,0.136555493,0.166469308,0.440089586,0.179980139,0.241274659,0.346449448,0.480501007,0.519498993,-0.00506,0.00218,-0.00235,0.02726,0.00681,0.00227,-0.01821,-0.00166,-0.01675,-0.00004,-0.01372,-0.00007,0,-0.01808,0,-0.01814,0.02373
25399,PTQ10_321145,PTQ10,ITIC-4F_120033,ITIC-4F,PTQ10-ITIC-4F,25399_A-1,xylene,0,26,1000,102.3221928,2.05011,0.08867,2.21238,0.9329,0.05345,0.07659,1.7318,0.07687,1.89098,0.14088,0.19293,0.2516,0.44009,0.25428,0.24127,0.50589,0.49735,0.50265,0.786,0.318,0.15,58.88497035,19.09630584,10.27442877,0.913700501,1.383059192,1.111298409,26.41132133,29.35085937,0.913700501,9.003,0.8182,42.97,3.1654,10.09330584,0.095500501,15.91497035,7.10902877,0.471452441,0.895479426,0.729727802,0.308085254,26.10.2023 16:43,A-1,5.47E-07,0.6,1.4,5.47,5.34,3.97,3.64,1.37,1.984,1.604329004,3.865670996,3.356,1.474329004,0.807983124,0.560628503,PTQ10_321145,ITIC-4F_120033,xylene,Jonas_DonorAcceptor-NoWDonorWH2-AddInt-NewPTQ10BTP4F12-NoBG-ZnOCorr_PTQ10:ITIC-4F,Jonas_DonorAcceptor-NoWDonorWH2-AddInt-NewPTQ10BTP4F12-NoBG-ZnOCorr,0.093156804,26.10.2023 13:53,25399_189366_OD_x1y1,x1y1,0.005787155,0.6,1.4,3,3,0,0,1,0,0,0,0,1,0,0,84,2.046353853,0.090290205,2.210825638,0.966098101,0.05983012,0.07930522,1.716729392,0.075744424,1.878264899,0.136277813,0.169015373,0.243392174,0.440089586,0.222762262,0.241274659,0.466154435,0.522127765,0.477872235,-0.00376,0.00162,-0.00156,0.0332,0.00638,0.00271,-0.01507,-0.00112,-0.01271,-0.0046,-0.02392,-0.00821,0,-0.03152,0,-0.03974,0.02478
25399,PTQ10_321145,PTQ10,ITIC-4F_120033,ITIC-4F,PTQ10-ITIC-4F,25399_B-2,xylene,0,26,1000,98.82311202,2.05026,0.08875,2.2127,0.92384,0.05187,0.07717,1.73151,0.07722,1.89143,0.13576,0.18879,0.24247,0.44009,0.24882,0.24127,0.49129,0.49354,0.50646,0.786,0.318,0.15,59.15737723,18.85388497,10.18082444,0.912794856,1.401569008,1.111298409,26.42502085,29.36608362,0.912794856,9.1183,0.8272,43.68,3.2946,9.73558497,0.085594856,15.47737723,6.88622444,0.483629767,0.906227719,0.738369448,0.32360837,26.10.2023 16:43,B-2,4.67E-07,1,0.6,5.47,5.34,3.97,3.64,1.37,1.984,1.604329004,3.865670996,3.356,1.474329004,0.807182264,0.561534148,PTQ10_321145,ITIC-4F_120033,xylene,Jonas_DonorAcceptor-NoWDonorWH2-AddInt-NewPTQ10BTP4F12-NoBG-ZnOCorr_PTQ10:ITIC-4F,Jonas_DonorAcceptor-NoWDonorWH2-AddInt-NewPTQ10BTP4F12-NoBG-ZnOCorr,0.086951252,26.10.2023 13:53,25399_189366_OD_x2y2,x2y2,0.005439353,1,0.6,3,3,0,0,1,0,0,0,0,1,0,0,84,2.046539256,0.090173282,2.210977828,0.96725825,0.058809921,0.078986451,1.717529615,0.075685735,1.878960302,0.135431255,0.171453229,0.241880221,0.440089586,0.225975355,0.241274659,0.467855577,0.516978397,0.483021603,-0.00372,0.00142,-0.00173,0.04342,0.00694,0.00182,-0.01398,-0.00154,-0.01247,-0.00033,-0.01733,-0.00059,0,-0.02285,0,-0.02344,0.02344
25399,PTQ10_321145,PTQ10,ITIC-4F_120033,ITIC-4F,PTQ10-ITIC-4F,25399_B-1,xylene,0,26,1000,104.11299,2.05063,0.08905,2.21293,0.92912,0.05171,0.07637,1.73227,0.07668,1.89157,0.14272,0.19711,0.25489,0.44009,0.2598,0.24127,0.51469,0.49524,0.50476,0.786,0.318,0.15,58.96014815,18.83087628,10.14067007,0.913350681,1.374373803,1.111298409,25.88066305,28.76113967,0.913350681,8.9601,0.8116,41.93,3.0494,9.87077628,0.101750681,17.03014815,7.09127007,0.475819599,0.888596261,0.711158322,0.300709912,26.10.2023 16:43,B-1,2.78E-07,0.6,0.6,5.47,5.34,3.97,3.64,1.37,1.984,1.604329004,3.865670996,3.356,1.474329004,0.807673779,0.560978323,PTQ10_321145,ITIC-4F_120033,xylene,Jonas_DonorAcceptor-NoWDonorWH2-AddInt-NewPTQ10BTP4F12-NoBG-ZnOCorr_PTQ10:ITIC-4F,Jonas_DonorAcceptor-NoWDonorWH2-AddInt-NewPTQ10BTP4F12-NoBG-ZnOCorr,0.076172231,26.10.2023 13:53,25399_189366_OD_x1y2,x1y2,0.004434294,0.6,0.6,3,3,0,0,1,0,0,0,0,1,0,0,84,2.046624879,0.090301752,2.210889267,0.963724951,0.057682702,0.079008183,1.717423219,0.075630751,1.87882213,0.137134635,0.171922738,0.244922458,0.440089586,0.226594168,0.241274659,0.471516626,0.519435465,0.480564535,-0.004,0.00125,-0.00204,0.03461,0.00598,0.00263,-0.01485,-0.00105,-0.01275,-0.00558,-0.02519,-0.00997,0,-0.0332,0,-0.04317,0.0242
25399,PTQ10_321145,PTQ10,ITIC-4F_120033,ITIC-4F,PTQ10-ITIC-4F,25399_A-2,xylene,0,26,1000,99.53726897,2.0504,0.08882,2.21276,0.92646,0.05407,0.07708,1.73157,0.07726,1.89137,0.13777,0.18807,0.24606,0.44009,0.24788,0.24127,0.49394,0.49815,0.50185,0.786,0.318,0.15,58.42459678,18.92712633,10.10544835,0.913850559,1.397388548,1.111298409,26.44854958,29.39223106,0.913850559,8.948,0.8236,43.3,3.1912,9.97912633,0.090250559,15.12459678,6.91424835,0.472760621,0.901241447,0.74112621,0.315790046,26.10.2023 16:43,A-2,3.97E-07,1,1.4,5.47,5.34,3.97,3.64,1.37,1.984,1.604329004,3.865670996,3.356,1.474329004,0.80811582,0.560478445,PTQ10_321145,ITIC-4F_120033,xylene,Jonas_DonorAcceptor-NoWDonorWH2-AddInt-NewPTQ10BTP4F12-NoBG-ZnOCorr_PTQ10:ITIC-4F,Jonas_DonorAcceptor-NoWDonorWH2-AddInt-NewPTQ10BTP4F12-NoBG-ZnOCorr,0.093713185,26.10.2023 13:53,25399_189366_OD_x2y1,x2y1,0.00564528,1,1.4,3,3,0,0,1,0,0,0,0,1,0,0,84,2.04632011,0.090237363,2.210810655,0.969198394,0.057912283,0.078649641,1.717893065,0.075200585,1.87871395,0.140768225,0.172794477,0.25141205,0.440089586,0.227743121,0.241274659,0.479155171,0.524630695,0.475369305,-0.00408,0.00142,-0.00194,0.04274,0.00384,0.00157,-0.01368,-0.00206,-0.01266,0.003,-0.01528,0.00536,0,-0.02014,0,-0.01478,0.02648
25400,PTQ10_321145,PTQ10,ITIC-4F_120033,ITIC-4F,PTQ10-ITIC-4F,25400_A-2,xylene,2,26,1000,96.05079945,2.0479,0.09009,2.21226,0.89858,0.04587,0.07921,1.72116,0.07629,1.88307,0.13456,0.18162,0.24033,0.44009,0.23938,0.24127,0.47971,0.50099,0.49901,0.786,0.318,0.15,59.41473514,19.17563746,10.33563207,0.907179161,1.416132396,1.111298409,27.15524143,30.1775766,0.907179161,3.8182,0.7732,36.49,1.0773,15.35743746,0.133979161,22.92473514,9.25833207,0.19911724,0.852312347,0.614157413,0.104231652,26.10.2023 16:45,A-2,1.60E-06,1,1.4,5.47,5.34,3.97,3.64,1.37,1.984,1.604329004,3.865670996,3.356,1.474329004,0.802216319,0.567149843,PTQ10_321145,ITIC-4F_120033,xylene,Jonas_DonorAcceptor-NoWDonorWH2-AddInt-NewPTQ10BTP4F12-NoBG-ZnOCorr_PTQ10:ITIC-4F,Jonas_DonorAcceptor-NoWDonorWH2-AddInt-NewPTQ10BTP4F12-NoBG-ZnOCorr,0.073829279,26.10.2023 13:59,25400_189372_OD_x2y1,x2y1,0.00241343,1,1.4,3,3,0,0,1,0,0,0,0,1,0,0,85,2.045861038,0.090539827,2.21119485,0.978376175,0.05033294,0.081727866,1.708314619,0.075857151,1.873572341,0.132356249,0.166187867,0.23638826,0.440089586,0.219035608,0.241274659,0.455423869,0.519046702,0.480953298,-0.00204,0.00045,-0.00107,0.0798,0.00447,0.00252,-0.01284,-0.00043,-0.00949,-0.00221,-0.01544,-0.00394,0,-0.02034,0,-0.02429,0.01805
25400,PTQ10_321145,PTQ10,ITIC-4F_120033,ITIC-4F,PTQ10-ITIC-4F,25400_B-2,xylene,2,26,1000,100.028387,2.04782,0.09027,2.21236,0.89716,0.04417,0.07832,1.72176,0.07546,1.88252,0.14135,0.18597,0.25245,0.44009,0.24511,0.24127,0.49756,0.50737,0.49263,0.786,0.318,0.15,59.21380589,19.06044045,10.24155516,0.907423454,1.393917679,1.111298409,26.56868491,29.52573727,0.907423454,0.0126,0.1803,25.16,0.0006,19.04784045,0.727123454,34.05380589,10.24095516,0.000661055,0.198694445,0.42490091,5.86E-05,26.10.2023 16:45,B-2,2.64E-06,1,0.6,5.47,5.34,3.97,3.64,1.37,1.984,1.604329004,3.865670996,3.356,1.474329004,0.802432346,0.56690555,PTQ10_321145,ITIC-4F_120033,xylene,Jonas_DonorAcceptor-NoWDonorWH2-AddInt-NewPTQ10BTP4F12-NoBG-ZnOCorr_PTQ10:ITIC-4F,Jonas_DonorAcceptor-NoWDonorWH2-AddInt-NewPTQ10BTP4F12-NoBG-ZnOCorr,0.068448563,26.10.2023 13:59,25400_189372_OD_x2y2,x2y2,0.007899171,1,0.6,3,3,0,0,1,0,0,0,0,1,0,0,85,2.045915508,0.090598699,2.211160283,0.980946646,0.049396692,0.08042902,1.710964139,0.075060895,1.874278498,0.141050162,0.171340722,0.251915589,0.440089586,0.225827071,0.241274659,0.477742661,0.527252807,0.472747193,-0.0019,0.00032,-0.0012,0.08378,0.00523,0.00211,-0.0108,-0.00039,-0.00824,-0.0003,-0.01463,-0.00053,0,-0.01929,0,-0.01982,0.01988
25400,PTQ10_321145,PTQ10,ITIC-4F_120033,ITIC-4F,PTQ10-ITIC-4F,25400_B-1,xylene,2,26,1000,103.7112316,2.04806,0.09019,2.21234,0.9055,0.04332,0.0779,1.72228,0.07527,1.88282,0.14584,0.19199,0.26048,0.44009,0.25304,0.24127,0.51352,0.50724,0.49276,0.786,0.318,0.15,59.67674164,18.86112627,10.22232046,0.908190106,1.374945306,1.111298409,25.93301704,28.81932058,0.908190106,3.3611,0.8042,39.35,1.0637,15.50002627,0.103990106,20.32674164,9.15862046,0.178202508,0.885497425,0.659385867,0.104056609,26.10.2023 16:45,B-1,1.73E-06,0.6,0.6,5.47,5.34,3.97,3.64,1.37,1.984,1.604329004,3.865670996,3.356,1.474329004,0.803110295,0.566138898,PTQ10_321145,ITIC-4F_120033,xylene,Jonas_DonorAcceptor-NoWDonorWH2-AddInt-NewPTQ10BTP4F12-NoBG-ZnOCorr_PTQ10:ITIC-4F,Jonas_DonorAcceptor-NoWDonorWH2-AddInt-NewPTQ10BTP4F12-NoBG-ZnOCorr,0.068608062,26.10.2023 13:59,25400_189372_OD_x1y2,x1y2,0.002768351,0.6,0.6,3,3,0,0,1,0,0,0,0,1,0,0,85,2.045931339,0.090603279,2.211186497,0.980674607,0.051433291,0.080578036,1.710907315,0.075344259,1.874337007,0.137491266,0.16873128,0.245559401,0.440089586,0.222387827,0.241274659,0.467947228,0.524758746,0.475241254,-0.00212,0.00042,-0.00115,0.07517,0.00811,0.00268,-0.01137,0.00007,-0.00848,-0.00835,-0.02326,-0.01492,0,-0.03066,0,-0.04558,0.01752
25400,PTQ10_321145,PTQ10,ITIC-4F_120033,ITIC-4F,PTQ10-ITIC-4F,25400_A-1,xylene,2,26,1000,101.0776428,2.04823,0.08991,2.21229,0.90519,0.04501,0.0785,1.72193,0.07612,1.88356,0.14038,0.19043,0.25073,0.44009,0.25099,0.24127,0.50171,0.49974,0.50026,0.786,0.318,0.15,59.72602141,18.79364948,10.19784824,0.908518629,1.388738147,1.111298409,26.09945795,29.00428609,0.908518629,5.0433,0.7983,39.17,1.5772,13.75034948,0.110218629,20.55602141,8.62064824,0.268351286,0.878683138,0.655828047,0.154660078,26.10.2023 16:45,A-1,1.68E-06,0.6,1.4,5.47,5.34,3.97,3.64,1.37,1.984,1.604329004,3.865670996,3.356,1.474329004,0.803400807,0.565810375,PTQ10_321145,ITIC-4F_120033,xylene,Jonas_DonorAcceptor-NoWDonorWH2-AddInt-NewPTQ10BTP4F12-NoBG-ZnOCorr_PTQ10:ITIC-4F,Jonas_DonorAcceptor-NoWDonorWH2-AddInt-NewPTQ10BTP4F12-NoBG-ZnOCorr,0.071682348,26.10.2023 13:59,25400_189372_OD_x1y1,x1y1,0.002957002,0.6,1.4,3,3,0,0,1,0,0,0,0,1,0,0,85,2.045861852,0.090523774,2.21105474,0.976469835,0.050393839,0.08166788,1.709311208,0.075922212,1.874297746,0.131499774,0.165742666,0.234858597,0.440089586,0.218448833,0.241274659,0.453307431,0.518100038,0.481899962,-0.00237,0.00061,-0.00124,0.07128,0.00538,0.00317,-0.01262,-0.0002,-0.00926,-0.00888,-0.02469,-0.01587,0,-0.03254,0,-0.0484,0.01836
25401,PTQ10_321145,PTQ10,ITIC-4F_120033,ITIC-4F,PTQ10-ITIC-4F,25401_B-1,xylene,0,26,3000,51.17133233,2.04695,0.08962,2.21049,0.80946,0.03326,0.08028,1.72383,0.08036,1.89284,0.07477,0.1241,0.13353,0.44009,0.16356,0.24127,0.29709,0.44947,0.55053,0.786,0.318,0.15,52.44801603,17.99807889,8.351173467,0.884692385,1.834094641,1.111298409,33.01018005,36.68416057,0.884692385,11.9975,0.8207,43.43,4.2762,6.00057889,0.063992385,9.01801603,4.074973467,0.666598923,0.927667078,0.828058014,0.5120478,26.10.2023 16:47,B-1,3.42E-06,0.6,0.6,5.47,5.34,3.97,3.64,1.37,1.984,1.604329004,3.865670996,3.356,1.474329004,0.782331317,0.589636619,PTQ10_321145,ITIC-4F_120033,xylene,Jonas_DonorAcceptor-NoWDonorWH2-AddInt-NewPTQ10BTP4F12-NoBG-ZnOCorr_PTQ10:ITIC-4F,Jonas_DonorAcceptor-NoWDonorWH2-AddInt-NewPTQ10BTP4F12-NoBG-ZnOCorr,0.045337417,26.10.2023 14:05,25401_189373_OD_x1y2,x1y2,0.00454562,0.6,0.6,3,3,0,0,1,0,0,0,0,1,0,0,86,2.039990685,0.092870702,2.206876573,0.77760932,0.033563506,0.082994874,1.705369336,0.078659467,1.877545412,0.069796451,0.109176425,0.124656462,0.440089586,0.143894528,0.241274659,0.26855099,0.464181725,0.535818275,-0.00696,0.00325,-0.00361,-0.03186,0.00031,0.00272,-0.01846,-0.0017,-0.01529,-0.00497,-0.01492,-0.00888,0,-0.01967,0,-0.02854,0.01471
25401,PTQ10_321145,PTQ10,ITIC-4F_120033,ITIC-4F,PTQ10-ITIC-4F,25401_A-1,xylene,0,26,3000,50.76380887,2.04678,0.08967,2.21074,0.8063,0.0338,0.08032,1.72336,0.08043,1.89251,0.07435,0.12329,0.1328,0.44009,0.16249,0.24127,0.29529,0.44972,0.55028,0.786,0.318,0.15,52.38307321,18.02099126,8.343858876,0.883888127,1.840091846,1.111298409,33.16027907,36.85096537,0.883888127,12.0906,0.8042,43.01,4.1821,5.93039126,0.079688127,9.37307321,4.161758876,0.670917589,0.90984365,0.821066756,0.501218928,26.10.2023 16:47,A-1,2.15E-06,0.6,1.4,5.47,5.34,3.97,3.64,1.37,1.984,1.604329004,3.865670996,3.356,1.474329004,0.781620114,0.590440877,PTQ10_321145,ITIC-4F_120033,xylene,Jonas_DonorAcceptor-NoWDonorWH2-AddInt-NewPTQ10BTP4F12-NoBG-ZnOCorr_PTQ10:ITIC-4F,Jonas_DonorAcceptor-NoWDonorWH2-AddInt-NewPTQ10BTP4F12-NoBG-ZnOCorr,0.046864218,26.10.2023 14:05,25401_189373_OD_x1y1,x1y1,0.004517202,0.6,1.4,3,3,0,0,1,0,0,0,0,1,0,0,86,2.039510803,0.092999281,2.207039805,0.774712102,0.034197962,0.083283129,1.704004568,0.078618003,1.876455843,0.070080808,0.108674449,0.125164324,0.440089586,0.143232923,0.241274659,0.268397247,0.46633982,0.53366018,-0.00726,0.00333,-0.0037,-0.03159,0.0004,0.00296,-0.01935,-0.00182,-0.01605,-0.00427,-0.01461,-0.00763,0,-0.01926,0,-0.02689,0.01662
25401,PTQ10_321145,PTQ10,ITIC-4F_120033,ITIC-4F,PTQ10-ITIC-4F,25401_A-2,xylene,0,26,3000,51.18682615,2.04645,0.09012,2.20966,0.81291,0.03521,0.08025,1.72311,0.08022,1.89171,0.07419,0.12457,0.1325,0.44009,0.16418,0.24127,0.29669,0.44661,0.55339,0.786,0.318,0.15,51.75332327,18.03285267,8.226706653,0.881502066,1.835177377,1.111298409,33.09348326,36.7767353,0.881502066,11.6816,0.8118,43.1,4.087,6.35125267,0.069702066,8.65332327,4.139706653,0.647795455,0.920928074,0.832796761,0.496796613,26.10.2023 16:47,A-2,2.26E-06,1,1.4,5.47,5.34,3.97,3.64,1.37,1.984,1.604329004,3.865670996,3.356,1.474329004,0.779510126,0.592826938,PTQ10_321145,ITIC-4F_120033,xylene,Jonas_DonorAcceptor-NoWDonorWH2-AddInt-NewPTQ10BTP4F12-NoBG-ZnOCorr_PTQ10:ITIC-4F,Jonas_DonorAcceptor-NoWDonorWH2-AddInt-NewPTQ10BTP4F12-NoBG-ZnOCorr,0.053781731,26.10.2023 14:05,25401_189373_OD_x2y1,x2y1,0.00465116,1,1.4,3,3,0,0,1,0,0,0,0,1,0,0,86,2.039817763,0.092958078,2.207257562,0.780015859,0.034541491,0.083306448,1.703961337,0.078700782,1.876533923,0.070471678,0.109500502,0.125862417,0.440089586,0.144321661,0.241274659,0.270184078,0.46584279,0.53415721,-0.00663,0.00284,-0.0024,-0.0329,-0.00067,0.00306,-0.01915,-0.00152,-0.01518,-0.00372,-0.01507,-0.00664,0,-0.01986,0,-0.0265,0.01924
25401,PTQ10_321145,PTQ10,ITIC-4F_120033,ITIC-4F,PTQ10-ITIC-4F,25401_A-3,xylene,0,26,3000,50.5620289,2.04703,0.08938,2.21078,0.8126,0.03146,0.08035,1.7231,0.08066,1.89259,0.07348,0.12394,0.13123,0.44009,0.16335,0.24127,0.29458,0.44548,0.55452,0.786,0.318,0.15,51.8165636,17.76133003,8.09836538,0.879940436,1.843474324,1.111298409,32.74255587,36.38675024,0.879940436,11.9418,0.805,42.52,4.0872,5.81953003,0.074940436,9.2965636,4.01116538,0.672348297,0.914834649,0.820587029,0.504694442,26.10.2023 16:47,A-3,2.30E-06,1.4,1.4,5.47,5.34,3.97,3.64,1.37,1.984,1.604329004,3.865670996,3.356,1.474329004,0.778129181,0.594388568,PTQ10_321145,ITIC-4F_120033,xylene,Jonas_DonorAcceptor-NoWDonorWH2-AddInt-NewPTQ10BTP4F12-NoBG-ZnOCorr_PTQ10:ITIC-4F,Jonas_DonorAcceptor-NoWDonorWH2-AddInt-NewPTQ10BTP4F12-NoBG-ZnOCorr,0.047086124,26.10.2023 14:05,25401_189373_OD_x3y1,x3y1,0.001347123,1.4,1.4,3,3,0,0,1,0,0,0,0,1,0,0,86,2.040124724,0.092916875,2.207475319,0.785319615,0.03488502,0.083329768,1.703918107,0.078783561,1.876612003,0.070862547,0.110326555,0.126560509,0.440089586,0.1454104,0.241274659,0.271970909,0.46534576,0.53465424,-0.00691,0.00353,-0.0033,-0.02728,0.00342,0.00298,-0.01918,-0.00188,-0.01597,-0.00262,-0.01361,-0.00467,0,-0.01794,0,-0.02261,0.01986
25402,PTQ10_321145,PTQ10,ITIC-4F_120033,ITIC-4F,PTQ10-ITIC-4F,25402_A-3,xylene,2,26,3000,52.07249606,2.04267,0.0922,2.20859,0.76214,0.02375,0.08184,1.71418,0.07832,1.88356,0.07932,0.12239,0.14167,0.44009,0.16131,0.24127,0.30298,0.46758,0.53242,0.786,0.318,0.15,51.05801948,18.04362462,7.992253876,0.867524049,1.821702316,1.111298409,32.87011275,36.528504,0.867524049,12.4837,0.822,40.7,4.1766,5.55992462,0.045524049,10.35801948,3.815653876,0.691862099,0.947524165,0.797132369,0.522580997,26.10.2023 16:49,A-3,4.39E-06,1.4,1.4,5.47,5.34,3.97,3.64,1.37,1.984,1.604329004,3.865670996,3.356,1.474329004,0.7671494,0.606804955,PTQ10_321145,ITIC-4F_120033,xylene,Jonas_DonorAcceptor-NoWDonorWH2-AddInt-NewPTQ10BTP4F12-NoBG-ZnOCorr_PTQ10:ITIC-4F,Jonas_DonorAcceptor-NoWDonorWH2-AddInt-NewPTQ10BTP4F12-NoBG-ZnOCorr,0.04322702,26.10.2023 14:11,25402_189376_OD_x3y1,x3y1,0.003515208,1.4,1.4,3,3,0,0,1,0,0,0,0,1,0,0,87,2.040439568,0.092868387,2.207168207,0.775716515,0.036048339,0.08299912,1.70741927,0.078254075,1.878831774,0.072913433,0.108359239,0.130223392,0.440089586,0.142817477,0.241274659,0.273040868,0.476937362,0.523062638,-0.00223,0.00067,-0.00142,0.01357,0.0123,0.00116,-0.00676,-0.00007,-0.00473,-0.00641,-0.01403,-0.01144,0,-0.01849,0,-0.02994,0.00936
25402,PTQ10_321145,PTQ10,ITIC-4F_120033,ITIC-4F,PTQ10-ITIC-4F,25402_B-2,xylene,2,26,3000,53.31524444,2.04296,0.09212,2.20878,0.76577,0.02652,0.0819,1.71492,0.07825,1.8842,0.08107,0.12367,0.14479,0.44009,0.16299,0.24127,0.30778,0.47042,0.52958,0.786,0.318,0.15,50.0382302,18.08926177,7.843826297,0.866573059,1.804044876,1.111298409,32.63384001,36.26593448,0.866573059,12.592,0.8407,42.2,4.4667,5.49726177,0.025873059,7.8382302,3.377126297,0.696103587,0.970143246,0.843355167,0.569454222,26.10.2023 16:49,B-2,3.96E-06,1,0.6,5.47,5.34,3.97,3.64,1.37,1.984,1.604329004,3.865670996,3.356,1.474329004,0.766308442,0.607755945,PTQ10_321145,ITIC-4F_120033,xylene,Jonas_DonorAcceptor-NoWDonorWH2-AddInt-NewPTQ10BTP4F12-NoBG-ZnOCorr_PTQ10:ITIC-4F,Jonas_DonorAcceptor-NoWDonorWH2-AddInt-NewPTQ10BTP4F12-NoBG-ZnOCorr,0.043527451,26.10.2023 14:11,25402_189376_OD_x2y2,x2y2,0.003695782,1,0.6,3,3,0,0,1,0,0,0,0,1,0,0,87,2.040588557,0.092711939,2.206901237,0.781240195,0.035179704,0.082912492,1.708587258,0.078110002,1.879374574,0.074313063,0.108486281,0.13272313,0.440089586,0.142984918,0.241274659,0.275708049,0.481385811,0.518614189,-0.00237,0.00059,-0.00188,0.01547,0.00866,0.00101,-0.00633,-0.00014,-0.00482,-0.00675,-0.01518,-0.01206,0,-0.02001,0,-0.03207,0.01096
25402,PTQ10_321145,PTQ10,ITIC-4F_120033,ITIC-4F,PTQ10-ITIC-4F,25402_B-1,xylene,2,26,3000,51.6498391,2.04241,0.09228,2.20823,0.7582,0.02532,0.08177,1.71478,0.07811,1.88404,0.07881,0.12166,0.14076,0.44009,0.16035,0.24127,0.30112,0.46747,0.53253,0.786,0.318,0.15,48.86598296,18.02024074,7.545043057,0.856829666,1.827709962,1.111298409,32.93577352,36.60147271,0.856829666,12.4121,0.8208,41.11,4.1879,5.60814074,0.036029666,7.75598296,3.357143057,0.688786581,0.957950025,0.841280529,0.555053161,26.10.2023 16:49,B-1,7.09E-06,0.6,0.6,5.47,5.34,3.97,3.64,1.37,1.984,1.604329004,3.865670996,3.356,1.474329004,0.757692383,0.617499338,PTQ10_321145,ITIC-4F_120033,xylene,Jonas_DonorAcceptor-NoWDonorWH2-AddInt-NewPTQ10BTP4F12-NoBG-ZnOCorr_PTQ10:ITIC-4F,Jonas_DonorAcceptor-NoWDonorWH2-AddInt-NewPTQ10BTP4F12-NoBG-ZnOCorr,0.042183859,26.10.2023 14:11,25402_189376_OD_x1y2,x1y2,0.003555803,0.6,0.6,3,3,0,0,1,0,0,0,0,1,0,0,87,2.040783932,0.092822804,2.207198134,0.785154808,0.035414869,0.083002737,1.708490442,0.078221642,1.879371636,0.074769485,0.108655511,0.1335383,0.440089586,0.143207963,0.241274659,0.276746263,0.482529731,0.517470269,-0.00163,0.00055,-0.00104,0.02696,0.01009,0.00123,-0.00629,0.00011,-0.00466,-0.00404,-0.01301,-0.00722,0,-0.01715,0,-0.02437,0.01506
25402,PTQ10_321145,PTQ10,ITIC-4F_120033,ITIC-4F,PTQ10-ITIC-4F,25402_B-3,xylene,2,26,3000,50.80848872,2.04235,0.09232,2.20843,0.75543,0.02196,0.08167,1.71422,0.07807,1.88355,0.07786,0.12071,0.13905,0.44009,0.1591,0.24127,0.29815,0.46638,0.53362,0.786,0.318,0.15,48.80235798,17.8315803,7.434537062,0.854325345,1.839728747,1.111298409,32.80527089,36.45644534,0.854325345,12.7421,0.8347,41.68,4.4331,5.0894803,0.019625345,7.12235798,3.001437062,0.714580524,0.977028254,0.854057093,0.596284606,26.10.2023 16:49,B-3,3.62E-06,1.4,0.6,5.47,5.34,3.97,3.64,1.37,1.984,1.604329004,3.865670996,3.356,1.474329004,0.755477818,0.620003659,PTQ10_321145,ITIC-4F_120033,xylene,Jonas_DonorAcceptor-NoWDonorWH2-AddInt-NewPTQ10BTP4F12-NoBG-ZnOCorr_PTQ10:ITIC-4F,Jonas_DonorAcceptor-NoWDonorWH2-AddInt-NewPTQ10BTP4F12-NoBG-ZnOCorr,0.044163894,26.10.2023 14:11,25402_189376_OD_x3y2,x3y2,0.003413733,1.4,0.6,3,3,0,0,1,0,0,0,0,1,0,0,87,2.040393183,0.092601074,2.20660434,0.777325582,0.034944539,0.082822246,1.708684075,0.077998361,1.879377511,0.073856641,0.108317051,0.131907961,0.440089586,0.142761874,0.241274659,0.274669835,0.480241892,0.519758108,-0.00196,0.00029,-0.00182,0.02189,0.01299,0.00115,-0.00554,-0.00008,-0.00417,-0.004,-0.0124,-0.00714,0,-0.01634,0,-0.02348,0.01386
25609,D18CL_323001,D18CL,BTP-4F-12 (Y12)_321125,Y12,D18CL-Y12,25609_B-2,CF,0,18,2000,225.5930843,2.09789,0.12145,2.27338,0.95,0.00419,0.07172,1.54538,0.09695,1.71141,0.32512,0.40913,0.63398,0.48718,0.62924,0.3498,1.26322,0.50187,0.49813,0.95,0.538,0.35,43.631411,24.76582966,9.609114002,0.889265014,0.975953204,0.968900738,24.17029079,23.41861259,0.889265014,17.8295,0.8317,37.59,5.574,6.93632966,0.057565014,6.041411,4.035114002,0.719923388,0.935266751,0.861535282,0.580074292,03.11.2023 13:46,B-2,7.53E-07,1,0.6,5.53,5.34,3.77,3.31,1.57,2.032786885,1.406558059,4.123441941,3.307213115,1.216558059,1.063207105,0.327293045,D18CL_323001,BTP-4F-12 (Y12)_321125,CF,Jonas_DonorAcceptor-NoWDonorWH2-AddInt-NewPTQ10BTP4F12-NoBG-ZnOCorr_D18CL:BTP-4F-12 (Y12),Jonas_DonorAcceptor-NoWDonorWH2-AddInt-NewPTQ10BTP4F12-NoBG-ZnOCorr,0.08059945,03.11.2023 10:37,25609_192625_OD_x2y2,x2y2,0.00601964,1,0.6,5,1,0,0,0,0,1,1,0,0,0,0,121,2.10410901,0.121734298,2.282827366,0.826039112,0.003133222,0.073740736,1.518990867,0.10004512,1.699039446,0.334006111,0.414473697,0.651311917,0.487179487,0.637460547,0.349804941,1.288772463,0.505374023,0.494625977,0.00622,0.00029,0.00945,-0.12396,-0.00106,0.00202,-0.02639,0.00309,-0.01237,0.00889,0.00534,0.01734,0,0.00822,0,0.02556,0.0035
25609,D18CL_323001,D18CL,BTP-4F-12 (Y12)_321125,Y12,D18CL-Y12,25609_B-3,CF,0,18,2000,244.6848268,2.09932,0.12125,2.27466,0.95,0.01094,0.07143,1.54767,0.09667,1.71243,0.35742,0.43707,0.69697,0.48718,0.67221,0.3498,1.36918,0.50904,0.49096,0.95,0.538,0.35,40.78553829,23.93506213,8.674791548,0.888624515,0.956038345,0.968900738,22.8828372,22.17119785,0.888624515,17.1977,0.8325,36.29,5.1952,6.73736213,0.056124515,4.49553829,3.479591548,0.718514951,0.936841136,0.889776169,0.598884708,03.11.2023 13:46,B-3,8.84E-07,1.4,0.6,5.53,5.34,3.77,3.31,1.57,2.032786885,1.406558059,4.123441941,3.307213115,1.216558059,1.062441324,0.327933544,D18CL_323001,BTP-4F-12 (Y12)_321125,CF,Jonas_DonorAcceptor-NoWDonorWH2-AddInt-NewPTQ10BTP4F12-NoBG-ZnOCorr_D18CL:BTP-4F-12 (Y12),Jonas_DonorAcceptor-NoWDonorWH2-AddInt-NewPTQ10BTP4F12-NoBG-ZnOCorr,0.077436897,03.11.2023 10:37,25609_192625_OD_x3y2,x3y2,0.008319468,1.4,0.6,5,1,0,0,0,0,1,1,0,0,0,0,121,2.104644734,0.121840169,2.283686518,0.817927701,0.003982282,0.073741617,1.518742757,0.10010647,1.699018973,0.338887244,0.420548984,0.660830125,0.487179487,0.646804338,0.349804941,1.307634463,0.505363038,0.494636962,0.00532,0.00059,0.00903,-0.13207,-0.00696,0.00231,-0.02892,0.00344,-0.01341,-0.01853,-0.01652,-0.03614,0,-0.02541,0,-0.06155,-0.00368
25610,D18CL_323001,D18CL,BTP-4F-12 (Y12)_321125,Y12,D18CL-Y12,25610_A-3,CF,0,15.5,2000,192.7325492,2.0964,0.12169,2.27205,0.95,0,0.0704,1.54563,0.09578,1.71176,0.28015,0.35018,0.54629,0.48718,0.53858,0.3498,1.08487,0.50355,0.49645,0.95,0.538,0.35,50.92519935,24.7636075,11.2246651,0.890075286,1.019877998,0.968900738,25.25585844,24.47041988,0.890075286,0.5359,0.83,36.54,0.1625,24.2277075,0.060075286,14.38519935,11.0621651,0.021640627,0.932505388,0.717522964,0.014477047,03.11.2023 13:48,A-3,2.66E-07,1.4,1.4,5.53,5.34,3.77,3.31,1.57,2.032786885,1.406558059,4.123441941,3.307213115,1.216558059,1.064175868,0.326482773,D18CL_323001,BTP-4F-12 (Y12)_321125,CF,Jonas_DonorAcceptor-NoWDonorWH2-AddInt-NewPTQ10BTP4F12-NoBG-ZnOCorr_D18CL:BTP-4F-12 (Y12),Jonas_DonorAcceptor-NoWDonorWH2-AddInt-NewPTQ10BTP4F12-NoBG-ZnOCorr,0.107022771,03.11.2023 10:43,25610_192635_OD_x3y1,x3y1,0.005638531,1.4,1.4,5,1,0,0,0,0,1,1,0,0,0,0,122,2.105065856,0.122364284,2.284287359,0.779256054,1.52E-19,0.073122835,1.517162268,0.099524482,1.698929932,0.292766315,0.354755783,0.570894314,0.487179487,0.545614394,0.349804941,1.116508709,0.511320969,0.488679031,0.00867,0.00067,0.01224,-0.17074,0,0.00272,-0.02847,0.00375,-0.01283,0.01262,0.00457,0.02461,0,0.00703,0,0.03164,0.00777
25610,D18CL_323001,D18CL,BTP-4F-12 (Y12)_321125,Y12,D18CL-Y12,25610_A-2,CF,0,15.5,2000,200.6629243,2.0966,0.12155,2.27191,0.95,0,0.07095,1.5454,0.09609,1.71161,0.29074,0.36469,0.56694,0.48718,0.5609,0.3498,1.12783,0.50268,0.49732,0.95,0.538,0.35,49.05253792,25.0278333,10.90810542,0.888514645,1.00787489,0.968900738,25.22492474,24.4404482,0.888514645,0.0044,0.2811,25.02,0.0003,25.0234333,0.607414645,24.03253792,10.90780542,0.000175804,0.3163707,0.510065352,2.75E-05,03.11.2023 13:48,A-2,5.25E-07,1,1.4,5.53,5.34,3.77,3.31,1.57,2.032786885,1.406558059,4.123441941,3.307213115,1.216558059,1.062309963,0.328043414,D18CL_323001,BTP-4F-12 (Y12)_321125,CF,Jonas_DonorAcceptor-NoWDonorWH2-AddInt-NewPTQ10BTP4F12-NoBG-ZnOCorr_D18CL:BTP-4F-12 (Y12),Jonas_DonorAcceptor-NoWDonorWH2-AddInt-NewPTQ10BTP4F12-NoBG-ZnOCorr,0.093850603,03.11.2023 10:43,25610_192635_OD_x2y1,x2y1,0.005176896,1,1.4,5,1,0,0,0,0,1,1,0,0,0,0,122,2.104711336,0.1223978,2.284047103,0.783040386,7.61E-20,0.073108543,1.517366109,0.099485521,1.698996544,0.29311136,0.35550901,0.571567153,0.487179487,0.546772857,0.349804941,1.11834001,0.511085697,0.488914303,0.00812,0.00085,0.01213,-0.16696,0,0.00216,-0.02803,0.00339,-0.01262,0.00237,-0.00918,0.00463,0,-0.01412,0,-0.00949,0.00841
25611,D18CL_323001,D18CL,BTP-4F-12 (Y12)_321125,Y12,D18CL-Y12,25611_A-1,CF,0,11.5,2000,116.5218704,2.09843,0.12339,2.27357,0.93612,0.03128,0.07181,1.54384,0.0973,1.71015,0.16574,0.2155,0.32319,0.48718,0.33144,0.3498,0.65463,0.4937,0.5063,0.95,0.538,0.35,64.07587115,25.21062706,14.53426193,0.899735415,1.21813293,0.968900738,30.70989502,29.75483995,0.899735415,19.7129,0.8453,52.88,8.8119,5.49772706,0.054435415,11.19587115,5.72236193,0.781928191,0.939498419,0.825271651,0.606284656,03.11.2023 13:51,A-1,4.29E-06,0.6,1.4,5.53,5.34,3.77,3.31,1.57,2.032786885,1.406558059,4.123441941,3.307213115,1.216558059,1.075725539,0.316822644,D18CL_323001,BTP-4F-12 (Y12)_321125,CF,Jonas_DonorAcceptor-NoWDonorWH2-AddInt-NewPTQ10BTP4F12-NoBG-ZnOCorr_D18CL:BTP-4F-12 (Y12),Jonas_DonorAcceptor-NoWDonorWH2-AddInt-NewPTQ10BTP4F12-NoBG-ZnOCorr,0.028519347,03.11.2023 10:48,25611_192640_OD_x1y1,x1y1,0.007290576,0.6,1.4,5,1,0,0,0,0,1,1,0,0,0,0,123,2.105617242,0.123190271,2.284257514,0.845548584,0.021543028,0.073162546,1.517640273,0.099683334,1.698713327,0.172351422,0.211949692,0.336085273,0.487179487,0.325978626,0.349804941,0.662063899,0.507632683,0.492367317,0.00718,-0.0002,0.01069,-0.09058,-0.00973,0.00136,-0.0262,0.00238,-0.01144,0.00661,-0.00355,0.01289,0,-0.00546,0,0.00744,0.01393
25611,D18CL_323001,D18CL,BTP-4F-12 (Y12)_321125,Y12,D18CL-Y12,25611_B-3,CF,0,11.5,2000,120.5460332,2.09862,0.1229,2.27327,0.94865,0.02763,0.07099,1.54462,0.09664,1.71057,0.17289,0.22127,0.33714,0.48718,0.34032,0.3498,0.67746,0.49766,0.50234,0.95,0.538,0.35,63.88413277,24.75979527,14.2107504,0.898414926,1.200524133,0.968900738,29.72473174,28.80031452,0.898414926,21.2764,0.8472,53.19,9.5869,3.48339527,0.051214926,10.69413277,4.6238504,0.859312436,0.942994128,0.832601112,0.674623066,03.11.2023 13:51,B-3,2.05E-06,1.4,0.6,5.53,5.34,3.77,3.31,1.57,2.032786885,1.406558059,4.123441941,3.307213115,1.216558059,1.074146759,0.318143133,D18CL_323001,BTP-4F-12 (Y12)_321125,CF,Jonas_DonorAcceptor-NoWDonorWH2-AddInt-NewPTQ10BTP4F12-NoBG-ZnOCorr_D18CL:BTP-4F-12 (Y12),Jonas_DonorAcceptor-NoWDonorWH2-AddInt-NewPTQ10BTP4F12-NoBG-ZnOCorr,0.033950773,03.11.2023 10:48,25611_192640_OD_x3y2,x3y2,0.006934692,1.4,0.6,5,1,0,0,0,0,1,1,0,0,0,0,123,2.104924884,0.123635444,2.284074224,0.843048118,0.02334544,0.07303906,1.518093431,0.099688855,1.698547562,0.168896646,0.208762151,0.32934846,0.487179487,0.321076188,0.349804941,0.650424648,0.506359132,0.493640868,0.0063,0.00074,0.01081,-0.1056,-0.00428,0.00204,-0.02653,0.00305,-0.01202,-0.004,-0.01251,-0.00779,0,-0.01924,0,-0.02704,0.0087
25611,D18CL_323001,D18CL,BTP-4F-12 (Y12)_321125,Y12,D18CL-Y12,25611_A-2,CF,0,11.5,2000,119.6639337,2.09887,0.12296,2.27364,0.95,0.02914,0.07049,1.54599,0.09651,1.71096,0.17088,0.22035,0.33321,0.48718,0.3389,0.3498,0.67211,0.49577,0.50423,0.95,0.538,0.35,63.02906363,24.94668325,14.15162046,0.900020713,1.204451766,0.968900738,30.04707669,29.11263479,0.900020713,20.6273,0.8443,52.1,9.0725,4.31938325,0.055720713,10.92906363,5.07912046,0.82685541,0.938089522,0.826602792,0.64109266,03.11.2023 13:51,A-2,2.81E-06,1,1.4,5.53,5.34,3.77,3.31,1.57,2.032786885,1.406558059,4.123441941,3.307213115,1.216558059,1.076066642,0.316537346,D18CL_323001,BTP-4F-12 (Y12)_321125,CF,Jonas_DonorAcceptor-NoWDonorWH2-AddInt-NewPTQ10BTP4F12-NoBG-ZnOCorr_D18CL:BTP-4F-12 (Y12),Jonas_DonorAcceptor-NoWDonorWH2-AddInt-NewPTQ10BTP4F12-NoBG-ZnOCorr,0.031999026,03.11.2023 10:48,25611_192640_OD_x2y1,x2y1,0.007118301,1,1.4,5,1,0,0,0,0,1,1,0,0,0,0,123,2.105362402,0.123161906,2.283939423,0.850717069,0.021573842,0.072971505,1.517951128,0.099625203,1.698770382,0.172468887,0.212337295,0.336314329,0.487179487,0.32657476,0.349804941,0.66288909,0.50734666,0.49265334,0.00649,0.0002,0.0103,-0.09928,-0.00757,0.00248,-0.02804,0.00312,-0.01219,0.00159,-0.00801,0.0031,0,-0.01232,0,-0.00922,0.01158
25611,D18CL_323001,D18CL,BTP-4F-12 (Y12)_321125,Y12,D18CL-Y12,25611_B-1,CF,0,11.5,2000,119.5004538,2.0985,0.12318,2.2734,0.94464,0.0291,0.07135,1.54489,0.09687,1.71077,0.17054,0.2203,0.33254,0.48718,0.33882,0.3498,0.67136,0.49533,0.50467,0.95,0.538,0.35,63.09553782,24.84121445,14.07027894,0.897700024,1.205060363,0.968900738,29.9351629,29.00420143,0.897700024,20.0891,0.8443,51.82,8.7886,4.75211445,0.053400024,11.27553782,5.28167894,0.808700397,0.940514623,0.821294212,0.62462159,03.11.2023 13:51,B-1,3.94E-06,0.6,0.6,5.53,5.34,3.77,3.31,1.57,2.032786885,1.406558059,4.123441941,3.307213115,1.216558059,1.073292021,0.318858035,D18CL_323001,BTP-4F-12 (Y12)_321125,CF,Jonas_DonorAcceptor-NoWDonorWH2-AddInt-NewPTQ10BTP4F12-NoBG-ZnOCorr_D18CL:BTP-4F-12 (Y12),Jonas_DonorAcceptor-NoWDonorWH2-AddInt-NewPTQ10BTP4F12-NoBG-ZnOCorr,0.031773664,03.11.2023 10:48,25611_192640_OD_x1y2,x1y2,0.007099182,0.6,0.6,5,1,0,0,0,0,1,1,0,0,0,0,123,2.105204192,0.122768217,2.282947141,0.865078365,0.021064153,0.07335825,1.518284845,0.099731487,1.69943112,0.17186344,0.212071319,0.335133709,0.487179487,0.326165688,0.349804941,0.661299397,0.506780605,0.493219395,0.0067,-0.00041,0.00955,-0.07956,-0.00804,0.00201,-0.0266,0.00286,-0.01133,0.00133,-0.00823,0.00259,0,-0.01265,0,-0.01006,0.01145
25612,D18CL_323001,D18CL,BTP-4F-12 (Y12)_321125,Y12,D18CL-Y12,25612_A-2,CF,0,11.5,1000,164.9832919,2.09649,0.12322,2.27307,0.95,0,0.0696,1.54544,0.09511,1.71159,0.24194,0.29937,0.47178,0.48718,0.46044,0.3498,0.93221,0.50608,0.49392,0.95,0.538,0.35,54.15392183,24.84243333,11.99082861,0.89130255,1.069690919,0.968900738,26.57372535,25.74730211,0.89130255,21.7067,0.8463,45.87,8.4267,3.13573333,0.04500255,8.28392183,3.56412861,0.873775113,0.949509232,0.847030066,0.702762109,03.11.2023 13:53,A-2,1.58E-06,1,1.4,5.53,5.34,3.77,3.31,1.57,2.032786885,1.406558059,4.123441941,3.307213115,1.216558059,1.065643188,0.325255509,D18CL_323001,BTP-4F-12 (Y12)_321125,CF,Jonas_DonorAcceptor-NoWDonorWH2-AddInt-NewPTQ10BTP4F12-NoBG-ZnOCorr_D18CL:BTP-4F-12 (Y12),Jonas_DonorAcceptor-NoWDonorWH2-AddInt-NewPTQ10BTP4F12-NoBG-ZnOCorr,0.112374061,03.11.2023 10:54,25612_192648_OD_x2y1,x2y1,0.00659642,1,1.4,5,1,0,0,0,0,1,1,0,0,0,0,124,2.100806652,0.1217171,2.279251475,0.861796736,2.05E-25,0.0710249,1.521632137,0.098231144,1.700114289,0.260174521,0.316986829,0.507340315,0.487179487,0.487525742,0.349804941,0.994866057,0.509956261,0.490043739,0.00432,-0.0015,0.00618,-0.0882,0,0.00142,-0.02381,0.00312,-0.01148,0.01824,0.01761,0.03556,0,0.02709,0,0.06265,0.00387
25612,D18CL_323001,D18CL,BTP-4F-12 (Y12)_321125,Y12,D18CL-Y12,25612_A-1,CF,0,11.5,1000,182.4277209,2.09645,0.12186,2.27208,0.95,0,0.06941,1.54664,0.0951,1.71207,0.26632,0.33116,0.51932,0.48718,0.50933,0.3498,1.02865,0.50486,0.49514,0.95,0.538,0.35,52.87844801,25.41606416,11.99010519,0.892146128,1.0369957,0.968900738,26.35634923,25.53668623,0.892146128,22.2442,0.8459,45.18,8.5,3.17186416,0.046246128,7.69844801,3.49010519,0.875202386,0.948163057,0.854412368,0.708917884,03.11.2023 13:53,A-1,7.39E-06,0.6,1.4,5.53,5.34,3.77,3.31,1.57,2.032786885,1.406558059,4.123441941,3.307213115,1.216558059,1.066651771,0.324411931,D18CL_323001,BTP-4F-12 (Y12)_321125,CF,Jonas_DonorAcceptor-NoWDonorWH2-AddInt-NewPTQ10BTP4F12-NoBG-ZnOCorr_D18CL:BTP-4F-12 (Y12),Jonas_DonorAcceptor-NoWDonorWH2-AddInt-NewPTQ10BTP4F12-NoBG-ZnOCorr,0.112985741,03.11.2023 10:54,25612_192648_OD_x1y1,x1y1,0.006180838,0.6,1.4,5,1,0,0,0,0,1,1,0,0,0,0,124,2.101195875,0.12176601,2.279768809,0.853961999,3.07E-25,0.071062975,1.521615358,0.098379515,1.700300301,0.261579881,0.318086356,0.510080768,0.487179487,0.489216816,0.349804941,0.999297584,0.510439309,0.489560691,0.00475,-0.0001,0.00768,-0.09604,0,0.00166,-0.02503,0.00328,-0.01177,-0.00474,-0.01308,-0.00924,0,-0.02011,0,-0.02935,0.00558
25612,D18CL_323001,D18CL,BTP-4F-12 (Y12)_321125,Y12,D18CL-Y12,25612_B-2,CF,0,11.5,1000,183.2882538,2.09643,0.12194,2.27184,0.95,0,0.07,1.5458,0.09539,1.71185,0.26762,0.33248,0.52185,0.48718,0.51136,0.3498,1.03321,0.50508,0.49492,0.95,0.538,0.35,51.77429149,24.64803243,11.32777502,0.887663156,1.035164192,0.968900738,25.51476056,24.72127035,0.887663156,22.1581,0.8464,44.54,8.3533,2.48993243,0.041263156,7.23429149,2.97447502,0.898980479,0.953514849,0.860272516,0.737417541,03.11.2023 13:53,B-2,2.43E-06,1,0.6,5.53,5.34,3.77,3.31,1.57,2.032786885,1.406558059,4.123441941,3.307213115,1.216558059,1.061291921,0.328894903,D18CL_323001,BTP-4F-12 (Y12)_321125,CF,Jonas_DonorAcceptor-NoWDonorWH2-AddInt-NewPTQ10BTP4F12-NoBG-ZnOCorr_D18CL:BTP-4F-12 (Y12),Jonas_DonorAcceptor-NoWDonorWH2-AddInt-NewPTQ10BTP4F12-NoBG-ZnOCorr,0.112134699,03.11.2023 10:54,25612_192648_OD_x2y2,x2y2,0.006159148,1,0.6,5,1,0,0,0,0,1,1,0,0,0,0,124,2.08938632,0.12312533,2.276422142,0.910108083,1.57E-17,0.076667938,1.517215661,0.100757436,1.707849653,0.231352158,0.310631163,0.451136708,0.487179487,0.477750728,0.349804941,0.928887436,0.482556091,0.517443909,-0.00705,0.00119,0.00459,-0.03989,0,0.00666,-0.02859,0.00537,-0.004,-0.03626,-0.02185,-0.07072,0,-0.03361,0,-0.10432,-0.02252
25613,D18CL_323001,D18CL,BTP-4F-12 (Y12)_321125,Y12,D18CL-Y12,25613_A-2,CF,2,11.5,1000,155.9303899,2.10545,0.10609,2.28606,0.85496,0,0.07025,1.52383,0.09793,1.69997,0.26374,0.2862,0.44836,0.41176,0.44017,0.3498,0.88853,0.50461,0.49539,0.7,0.538,0.35,57.54494539,24.63533609,12.3602318,0.871888484,1.095664194,0.968900738,26.99205567,26.15262267,0.871888484,21.8728,0.8392,46.79,8.5886,2.76253609,0.032688484,10.75494539,3.7716318,0.887862862,0.962508412,0.813103561,0.694857519,03.11.2023 13:56,A-2,3.65E-06,1,1.4,5.53,5.34,3.77,3.31,1.57,2.032786885,1.406558059,4.123441941,3.307213115,1.216558059,1.04243169,0.344669575,D18CL_323001,BTP-4F-12 (Y12)_321125,CF,Jonas_DonorAcceptor-NoWDonorWH2-AddInt-NewPTQ10BTP4F12-NoBG-ZnOCorr_D18CL:BTP-4F-12 (Y12),Jonas_DonorAcceptor-NoWDonorWH2-AddInt-NewPTQ10BTP4F12-NoBG-ZnOCorr,0.125910459,03.11.2023 11:00,25613_192659_OD_x2y1,x2y1,0.006140164,1,1.4,5,1,0,0,0,0,1,1,0,0,0,0,125,2.102054796,0.105228549,2.284310192,0.901907343,9.98E-21,0.073401429,1.521275424,0.099941819,1.702791774,0.293273244,0.31744278,0.498564516,0.411764706,0.488226996,0.349804941,0.986791511,0.505379432,0.494620568,-0.00339,-0.00086,-0.00175,0.04695,0,0.00315,-0.00255,0.00201,0.00282,0.02953,0.03125,0.0502,0,0.04806,0,0.09826,0.00077
25613,D18CL_323001,D18CL,BTP-4F-12 (Y12)_321125,Y12,D18CL-Y12,25613_B-2,CF,2,11.5,1000,188.485798,2.10458,0.10571,2.28541,0.85104,0,0.07091,1.52304,0.09826,1.6997,0.31851,0.3448,0.54147,0.41176,0.5303,0.3498,1.07178,0.50521,0.49479,0.7,0.538,0.35,51.46410148,24.61885863,11.00461885,0.868565742,1.029702639,0.968900738,25.35010369,24.56173418,0.868565742,20.3264,0.8366,41.76,7.1009,4.29245863,0.031965742,9.70410148,3.90371885,0.825643475,0.963197096,0.811439407,0.64526542,03.11.2023 13:56,B-2,3.11E-06,1,0.6,5.53,5.34,3.77,3.31,1.57,2.032786885,1.406558059,4.123441941,3.307213115,1.216558059,1.038459013,0.347992317,D18CL_323001,BTP-4F-12 (Y12)_321125,CF,Jonas_DonorAcceptor-NoWDonorWH2-AddInt-NewPTQ10BTP4F12-NoBG-ZnOCorr_D18CL:BTP-4F-12 (Y12),Jonas_DonorAcceptor-NoWDonorWH2-AddInt-NewPTQ10BTP4F12-NoBG-ZnOCorr,0.140639154,03.11.2023 11:00,25613_192659_OD_x2y2,x2y2,0.006195818,1,0.6,5,1,0,0,0,0,1,1,0,0,0,0,125,2.10504833,0.105852092,2.286401058,0.849081697,2.10E-24,0.072385597,1.520420401,0.099478869,1.700364651,0.321697291,0.342664861,0.546885395,0.411764706,0.527018556,0.349804941,1.073903951,0.509256084,0.490743916,0.00047,0.00014,0.00099,-0.00195,0,0.00148,-0.00262,0.00122,0.00067,0.00318,-0.00214,0.00541,0,-0.00328,0,0.00213,0.00405
25614,D18CL_323001,D18CL,BTP-4F-12 (Y12)_321125,Y12,D18CL-Y12,25614_A-3,CF,0,11.5,3000,93.58462151,2.09579,0.1245,2.26911,0.8968,0.04206,0.07453,1.53837,0.10067,1.70663,0.12817,0.17907,0.24993,0.48718,0.2754,0.3498,0.52533,0.47575,0.52425,0.95,0.538,0.35,65.36217902,26.34011454,15.54640782,0.902996101,1.347009821,0.968900738,35.48039298,34.37697895,0.902996101,19.6423,0.849,56.59,9.437,6.69781454,0.053996101,8.77217902,6.10940782,0.745718094,0.940203395,0.865791209,0.607021256,03.11.2023 13:58,A-3,2.08E-06,1.4,1.4,5.53,5.34,3.77,3.31,1.57,2.032786885,1.406558059,4.123441941,3.307213115,1.216558059,1.079624022,0.313561958,D18CL_323001,BTP-4F-12 (Y12)_321125,CF,Jonas_DonorAcceptor-NoWDonorWH2-AddInt-NewPTQ10BTP4F12-NoBG-ZnOCorr_D18CL:BTP-4F-12 (Y12),Jonas_DonorAcceptor-NoWDonorWH2-AddInt-NewPTQ10BTP4F12-NoBG-ZnOCorr,0.021196503,03.11.2023 11:06,25614_192668_OD_x3y1,x3y1,0.006665051,1.4,1.4,5,1,0,0,0,0,1,1,0,0,0,0,126,2.103048897,0.124573698,2.280030962,0.833133302,0.036296508,0.075571518,1.512051581,0.102837219,1.696199897,0.127932837,0.171393425,0.249469033,0.487179487,0.263603087,0.349804941,0.51307212,0.486226055,0.513773945,0.00726,0.00008,0.01092,-0.06367,-0.00577,0.00104,-0.02632,0.00217,-0.01043,-0.00023,-0.00767,-0.00046,0,-0.0118,0,-0.01226,0.01048
25614,D18CL_323001,D18CL,BTP-4F-12 (Y12)_321125,Y12,D18CL-Y12,25614_A-1,CF,0,11.5,3000,97.42427033,2.0967,0.12412,2.27074,0.90209,0.04109,0.0743,1.53982,0.10021,1.70752,0.13569,0.18381,0.2646,0.48718,0.2827,0.3498,0.54731,0.48346,0.51654,0.95,0.538,0.35,65.15944944,26.25488763,15.44520478,0.902830248,1.319579154,0.968900738,34.6454024,33.56795596,0.902830248,21.1233,0.8524,56.05,10.0926,5.13158763,0.050430248,9.10944944,5.35260478,0.80454734,0.944142049,0.860197569,0.653445528,03.11.2023 13:58,A-1,3.26E-06,0.6,1.4,5.53,5.34,3.77,3.31,1.57,2.032786885,1.406558059,4.123441941,3.307213115,1.216558059,1.079425728,0.313727811,D18CL_323001,BTP-4F-12 (Y12)_321125,CF,Jonas_DonorAcceptor-NoWDonorWH2-AddInt-NewPTQ10BTP4F12-NoBG-ZnOCorr_D18CL:BTP-4F-12 (Y12),Jonas_DonorAcceptor-NoWDonorWH2-AddInt-NewPTQ10BTP4F12-NoBG-ZnOCorr,0.020998061,03.11.2023 11:06,25614_192668_OD_x1y1,x1y1,0.006852262,0.6,1.4,5,1,0,0,0,0,1,1,0,0,0,0,126,2.102435195,0.124404884,2.279251545,0.844189583,0.036307028,0.075719888,1.512017535,0.102999359,1.696168784,0.126097656,0.170160844,0.24589043,0.487179487,0.261707377,0.349804941,0.507597807,0.484419803,0.515580197,0.00574,0.00029,0.00851,-0.0579,-0.00478,0.00142,-0.0278,0.00279,-0.01135,-0.0096,-0.01365,-0.01871,0,-0.021,0,-0.03971,0.00096
25614,D18CL_323001,D18CL,BTP-4F-12 (Y12)_321125,Y12,D18CL-Y12,25614_B-3,CF,0,11.5,3000,92.70225579,2.09571,0.12438,2.26898,0.90069,0.04188,0.07457,1.53793,0.1007,1.70631,0.12669,0.17763,0.24705,0.48718,0.27319,0.3498,0.52024,0.47488,0.52512,0.95,0.538,0.35,65.1777302,26.15746873,15.37961584,0.902091396,1.353269992,0.968900738,35.39811751,34.29726219,0.902091396,20.0683,0.8493,56.7,9.6635,6.08916873,0.052791396,8.4777302,5.71611584,0.767211086,0.941478883,0.869929036,0.628331689,03.11.2023 13:58,B-3,7.77E-06,1.4,0.6,5.53,5.34,3.77,3.31,1.57,2.032786885,1.406558059,4.123441941,3.307213115,1.216558059,1.078542355,0.314466663,D18CL_323001,BTP-4F-12 (Y12)_321125,CF,Jonas_DonorAcceptor-NoWDonorWH2-AddInt-NewPTQ10BTP4F12-NoBG-ZnOCorr_D18CL:BTP-4F-12 (Y12),Jonas_DonorAcceptor-NoWDonorWH2-AddInt-NewPTQ10BTP4F12-NoBG-ZnOCorr,0.020816207,03.11.2023 11:06,25614_192668_OD_x3y2,x3y2,0.006574988,1.4,0.6,5,1,0,0,0,0,1,1,0,0,0,0,126,2.102221648,0.124529782,2.278865247,0.842503569,0.037423947,0.075530239,1.510973574,0.103242059,1.695391307,0.122325481,0.166980354,0.238534687,0.487179487,0.256815785,0.349804941,0.495350472,0.48154731,0.51845269,0.00651,0.00015,0.00989,-0.05819,-0.00445,0.00096,-0.02696,0.00254,-0.01091,-0.00437,-0.01065,-0.00851,0,-0.01637,0,-0.02489,0.00667
25614,D18CL_323001,D18CL,BTP-4F-12 (Y12)_321125,Y12,D18CL-Y12,25614_A-2,CF,0,11.5,3000,96.59409038,2.09629,0.12421,2.26966,0.91031,0.04173,0.07413,1.53943,0.10021,1.70725,0.13242,0.18408,0.25823,0.48718,0.28312,0.3498,0.54135,0.47701,0.52299,0.95,0.538,0.35,64.33378981,26.43011818,15.34650171,0.902549752,1.326898169,0.968900738,35.07007542,33.97942197,0.902549752,19.6442,0.8487,55.93,9.3238,6.78591818,0.053849752,8.40378981,6.02270171,0.743250555,0.940335974,0.86937207,0.607552143,03.11.2023 13:58,A-2,2.34E-06,1,1.4,5.53,5.34,3.77,3.31,1.57,2.032786885,1.406558059,4.123441941,3.307213115,1.216558059,1.079090366,0.314008307,D18CL_323001,BTP-4F-12 (Y12)_321125,CF,Jonas_DonorAcceptor-NoWDonorWH2-AddInt-NewPTQ10BTP4F12-NoBG-ZnOCorr_D18CL:BTP-4F-12 (Y12),Jonas_DonorAcceptor-NoWDonorWH2-AddInt-NewPTQ10BTP4F12-NoBG-ZnOCorr,0.021629285,03.11.2023 11:06,25614_192668_OD_x2y1,x2y1,0.006921158,1,1.4,5,1,0,0,0,0,1,1,0,0,0,0,126,2.102742046,0.124489291,2.279641253,0.838661443,0.036301768,0.075645703,1.512034558,0.102918289,1.69618434,0.127015247,0.170777134,0.247679731,0.487179487,0.262655232,0.349804941,0.510334964,0.485322929,0.514677071,0.00645,0.00028,0.00998,-0.07164,-0.00543,0.00152,-0.02739,0.00271,-0.01106,-0.00541,-0.01331,-0.01055,0,-0.02047,0,-0.03101,0.00832
25615,D18CL_323001,D18CL,BTP-4F-12 (Y12)_321125,Y12,D18CL-Y12,25615_A-1,CF,2,11.5,3000,99.39428361,2.10438,0.10664,2.28145,0.85234,0.03508,0.07376,1.51873,0.10188,1.69711,0.16198,0.18683,0.27536,0.41176,0.28735,0.3498,0.56271,0.48935,0.51065,0.7,0.538,0.35,63.17058234,26.67671347,14.81934336,0.879390473,1.315423982,0.968900738,35.09118867,33.99987861,0.879390473,18.4855,0.847,54.92,8.6,8.19121347,0.032390473,8.25058234,6.21934336,0.692945179,0.963167132,0.869392017,0.580322609,03.11.2023 14:01,A-1,5.78E-06,0.6,1.4,5.53,5.34,3.77,3.31,1.57,2.032786885,1.406558059,4.123441941,3.307213115,1.216558059,1.051401084,0.337167586,D18CL_323001,BTP-4F-12 (Y12)_321125,CF,Jonas_DonorAcceptor-NoWDonorWH2-AddInt-NewPTQ10BTP4F12-NoBG-ZnOCorr_D18CL:BTP-4F-12 (Y12),Jonas_DonorAcceptor-NoWDonorWH2-AddInt-NewPTQ10BTP4F12-NoBG-ZnOCorr,0.038928803,03.11.2023 11:11,25615_192721_OD_x1y1,x1y1,0.007071034,0.6,1.4,5,1,0,0,0,0,1,1,0,0,0,0,127,2.105403091,0.108082486,2.285303785,0.823103192,0.037336437,0.075659507,1.510980297,0.103461499,1.695050759,0.143102317,0.167981073,0.243273939,0.411764706,0.258354891,0.349804941,0.50162883,0.484968017,0.515031983,0.00102,0.00144,0.00385,-0.02924,0.00225,0.00189,-0.00774,0.00158,-0.00206,-0.01887,-0.01885,-0.03209,0,-0.02899,0,-0.06108,-0.00438
25615,D18CL_323001,D18CL,BTP-4F-12 (Y12)_321125,Y12,D18CL-Y12,25615_B-1,CF,2,11.5,3000,92.62850343,2.10294,0.10786,2.28347,0.79784,0.03734,0.07442,1.51521,0.10307,1.69549,0.14759,0.17954,0.25091,0.41176,0.27613,0.3498,0.52704,0.47607,0.52393,0.7,0.538,0.35,63.10958752,26.35404816,14.59552983,0.877560745,1.365369278,0.968900738,35.9830077,34.86396272,0.877560745,19.006,0.8481,56.97,9.1829,7.34804816,0.029460745,6.13958752,5.41262983,0.721179528,0.966428825,0.902715455,0.629158387,03.11.2023 14:01,B-1,7.81E-06,0.6,0.6,5.53,5.34,3.77,3.31,1.57,2.032786885,1.406558059,4.123441941,3.307213115,1.216558059,1.049213457,0.338997314,D18CL_323001,BTP-4F-12 (Y12)_321125,CF,Jonas_DonorAcceptor-NoWDonorWH2-AddInt-NewPTQ10BTP4F12-NoBG-ZnOCorr_D18CL:BTP-4F-12 (Y12),Jonas_DonorAcceptor-NoWDonorWH2-AddInt-NewPTQ10BTP4F12-NoBG-ZnOCorr,0.029802676,03.11.2023 11:11,25615_192721_OD_x1y2,x1y2,0.006332838,0.6,0.6,5,1,0,0,0,0,1,1,0,0,0,0,127,2.104844988,0.107962855,2.284505902,0.829367406,0.037534353,0.075752943,1.510671419,0.103774128,1.694991352,0.13878272,0.164936967,0.235930624,0.411764706,0.253673055,0.349804941,0.489603679,0.481880824,0.518119176,0.0019,0.0001,0.00104,0.03153,0.00019,0.00133,-0.00454,0.0007,-0.0005,-0.00881,-0.0146,-0.01498,0,-0.02246,0,-0.03744,0.00581
25615,D18CL_323001,D18CL,BTP-4F-12 (Y12)_321125,Y12,D18CL-Y12,25615_A-3,CF,2,11.5,3000,93.61683825,2.10316,0.10759,2.28299,0.80833,0.03678,0.07432,1.5157,0.10289,1.69578,0.14962,0.18061,0.25435,0.41176,0.27777,0.3498,0.53213,0.47799,0.52201,0.7,0.538,0.35,63.21486289,26.23418339,14.5645028,0.878231303,1.357542494,0.968900738,35.61401875,34.50644906,0.878231303,18.9728,0.8466,56.61,9.0938,7.26138339,0.031631303,6.60486289,5.4707028,0.723209094,0.963982947,0.895517247,0.624381081,03.11.2023 14:01,A-3,4.00E-06,1.4,1.4,5.53,5.34,3.77,3.31,1.57,2.032786885,1.406558059,4.123441941,3.307213115,1.216558059,1.050015178,0.338326756,D18CL_323001,BTP-4F-12 (Y12)_321125,CF,Jonas_DonorAcceptor-NoWDonorWH2-AddInt-NewPTQ10BTP4F12-NoBG-ZnOCorr_D18CL:BTP-4F-12 (Y12),Jonas_DonorAcceptor-NoWDonorWH2-AddInt-NewPTQ10BTP4F12-NoBG-ZnOCorr,0.031592297,03.11.2023 11:11,25615_192721_OD_x3y1,x3y1,0.006435379,1.4,1.4,5,1,0,0,0,0,1,1,0,0,0,0,127,2.105957554,0.10797227,2.28609692,0.825220161,0.037102692,0.075424004,1.511489512,0.103212972,1.695193733,0.146986882,0.170908895,0.2498777,0.411764706,0.26285788,0.349804941,0.51273558,0.487342228,0.512657772,0.0028,0.00038,0.00311,0.01689,0.00032,0.00111,-0.00421,0.00032,-0.00058,-0.00263,-0.0097,-0.00447,0,-0.01492,0,-0.01939,0.00935
25615,D18CL_323001,D18CL,BTP-4F-12 (Y12)_321125,Y12,D18CL-Y12,25615_A-2,CF,2,11.5,3000,94.74921647,2.10331,0.1075,2.28326,0.80944,0.03685,0.07424,1.51598,0.1027,1.69595,0.15159,0.18247,0.2577,0.41176,0.28064,0.3498,0.53834,0.47869,0.52131,0.7,0.538,0.35,62.56902869,26.45380875,14.53410805,0.878093499,1.349693652,0.968900738,35.70453774,34.59415298,0.878093499,17.9745,0.8439,55.31,8.3904,8.47930875,0.034193499,7.25902869,6.14370805,0.679467375,0.961059387,0.883983676,0.577290328,03.11.2023 14:01,A-2,4.63E-06,1,1.4,5.53,5.34,3.77,3.31,1.57,2.032786885,1.406558059,4.123441941,3.307213115,1.216558059,1.049850419,0.33846456,D18CL_323001,BTP-4F-12 (Y12)_321125,CF,Jonas_DonorAcceptor-NoWDonorWH2-AddInt-NewPTQ10BTP4F12-NoBG-ZnOCorr_D18CL:BTP-4F-12 (Y12),Jonas_DonorAcceptor-NoWDonorWH2-AddInt-NewPTQ10BTP4F12-NoBG-ZnOCorr,0.032322813,03.11.2023 11:11,25615_192721_OD_x2y1,x2y1,0.006564966,1,1.4,5,1,0,0,0,0,1,1,0,0,0,0,127,2.105680323,0.108027378,2.285700353,0.824161676,0.037219564,0.075541755,1.511234905,0.103337236,1.695122246,0.1450446,0.169444984,0.246575819,0.411764706,0.260606385,0.349804941,0.507182205,0.486155123,0.513844877,0.00237,0.00053,0.00244,0.01472,0.00037,0.0013,-0.00475,0.00064,-0.00083,-0.00654,-0.01303,-0.01112,0,-0.02004,0,-0.03116,0.00747
25616,D18CL_323001,D18CL,BTP-4F-12 (Y12)_321125,Y12,D18CL-Y12,25616_A-1,CF,1,11.5,2000,118.6162243,2.10604,0.1066,2.28636,0.85728,0.02407,0.0715,1.52244,0.0993,1.69892,0.19633,0.22043,0.33375,0.41176,0.33902,0.3498,0.67278,0.49608,0.50392,0.7,0.538,0.35,63.42948568,25.48007547,14.17983164,0.877362715,1.217204364,0.968900738,31.01445905,30.04993227,0.877362715,21.984,0.8482,53.95,10.0589,3.49607547,0.029162715,9.47948568,4.12093164,0.862791793,0.966760936,0.850550803,0.709380778,03.11.2023 14:03,A-1,4.99E-06,0.6,1.4,5.53,5.34,3.77,3.31,1.57,2.032786885,1.406558059,4.123441941,3.307213115,1.216558059,1.048976692,0.339195344,D18CL_323001,BTP-4F-12 (Y12)_321125,CF,Jonas_DonorAcceptor-NoWDonorWH2-AddInt-NewPTQ10BTP4F12-NoBG-ZnOCorr_D18CL:BTP-4F-12 (Y12),Jonas_DonorAcceptor-NoWDonorWH2-AddInt-NewPTQ10BTP4F12-NoBG-ZnOCorr,0.064471199,03.11.2023 11:17,25616_192738_OD_x1y1,x1y1,0.007129479,0.6,1.4,5,1,0,0,0,0,1,1,0,0,0,0,128,2.107138359,0.106254245,2.287719101,0.884956797,0.02417827,0.072607817,1.518441176,0.09998007,1.69847809,0.191955403,0.208217081,0.326324186,0.411764706,0.320237871,0.349804941,0.646562057,0.504706675,0.495293325,0.00109,-0.00034,0.00136,0.02767,0.0001,0.00111,-0.004,0.00068,-0.00044,-0.00437,-0.01221,-0.00743,0,-0.01878,0,-0.02622,0.00862
25616,D18CL_323001,D18CL,BTP-4F-12 (Y12)_321125,Y12,D18CL-Y12,25616_A-2,CF,1,11.5,2000,118.4005586,2.10611,0.10629,2.2862,0.8654,0.02407,0.07134,1.52217,0.09936,1.69884,0.19504,0.2204,0.33157,0.41176,0.33897,0.3498,0.67054,0.49448,0.50552,0.7,0.538,0.35,62.4028733,25.18689874,13.77240817,0.876255188,1.218436699,0.968900738,30.68864175,29.73424765,0.876255188,22.2421,0.8458,53.08,9.9859,2.94479874,0.030455188,9.3228733,3.78650817,0.883082123,0.965243928,0.850601858,0.725065644,03.11.2023 14:03,A-2,3.29E-06,1,1.4,5.53,5.34,3.77,3.31,1.57,2.032786885,1.406558059,4.123441941,3.307213115,1.216558059,1.04765253,0.340302871,D18CL_323001,BTP-4F-12 (Y12)_321125,CF,Jonas_DonorAcceptor-NoWDonorWH2-AddInt-NewPTQ10BTP4F12-NoBG-ZnOCorr_D18CL:BTP-4F-12 (Y12),Jonas_DonorAcceptor-NoWDonorWH2-AddInt-NewPTQ10BTP4F12-NoBG-ZnOCorr,0.06418729,03.11.2023 11:17,25616_192738_OD_x2y1,x2y1,0.007076204,1,1.4,5,1,0,0,0,0,1,1,0,0,0,0,128,2.107230278,0.106209729,2.287829284,0.885259048,0.023204472,0.072546298,1.518616981,0.099939706,1.698617976,0.194170061,0.209700185,0.330089104,0.411764706,0.322518884,0.349804941,0.652607988,0.505789939,0.494210061,0.00112,-0.00008,0.00163,0.01986,-0.00087,0.00121,-0.00355,0.00058,-0.00022,-0.00087,-0.0107,-0.00148,0,-0.01645,0,-0.01794,0.01131
25616,D18CL_323001,D18CL,BTP-4F-12 (Y12)_321125,Y12,D18CL-Y12,25616_B-1,CF,1,11.5,2000,117.1254682,2.10595,0.10656,2.28633,0.85585,0.02515,0.07166,1.52231,0.09945,1.69884,0.19388,0.21766,0.32959,0.41176,0.33476,0.3498,0.66435,0.49611,0.50389,0.7,0.538,0.35,61.89587352,25.28472635,13.7047732,0.875693041,1.223545495,0.968900738,30.93701303,29.97489476,0.875693041,22.4459,0.8084,45.9,8.3281,2.83882635,0.067293041,15.99587352,5.3766732,0.887725645,0.923154533,0.741568014,0.60767879,03.11.2023 14:03,B-1,1.60E-05,0.6,0.6,5.53,5.34,3.77,3.31,1.57,2.032786885,1.406558059,4.123441941,3.307213115,1.216558059,1.046980426,0.340865018,D18CL_323001,BTP-4F-12 (Y12)_321125,CF,Jonas_DonorAcceptor-NoWDonorWH2-AddInt-NewPTQ10BTP4F12-NoBG-ZnOCorr_D18CL:BTP-4F-12 (Y12),Jonas_DonorAcceptor-NoWDonorWH2-AddInt-NewPTQ10BTP4F12-NoBG-ZnOCorr,0.060692805,03.11.2023 11:17,25616_192738_OD_x1y2,x1y2,0.007133502,0.6,0.6,5,1,0,0,0,0,1,1,0,0,0,0,128,2.106949921,0.10628462,2.287432167,0.891119812,0.025498509,0.072829897,1.518815537,0.100215813,1.698711275,0.188914662,0.206074864,0.321154925,0.411764706,0.31694314,0.349804941,0.638098065,0.503300264,0.496699736,0.001,-0.00028,0.0011,0.03527,0.00035,0.00117,-0.0035,0.00077,-0.00013,-0.00496,-0.01159,-0.00844,0,-0.01782,0,-0.02625,0.00719
25616,D18CL_323001,D18CL,BTP-4F-12 (Y12)_321125,Y12,D18CL-Y12,25616_A-3,CF,1,11.5,2000,118.2205709,2.10596,0.10649,2.28625,0.85922,0.02399,0.07149,1.52224,0.09933,1.69885,0.19535,0.21984,0.33209,0.41176,0.33811,0.3498,0.6702,0.49551,0.50449,0.7,0.538,0.35,62.94069412,24.81899319,13.6936232,0.876602461,1.218987496,0.968900738,30.25404237,29.31316398,0.876602461,22.4554,0.849,54.12,10.3179,2.36359319,0.027602461,8.82069412,3.3757232,0.904766758,0.968511997,0.859857057,0.753482103,03.11.2023 14:03,A-3,2.93E-06,1.4,1.4,5.53,5.34,3.77,3.31,1.57,2.032786885,1.406558059,4.123441941,3.307213115,1.216558059,1.048067731,0.339955598,D18CL_323001,BTP-4F-12 (Y12)_321125,CF,Jonas_DonorAcceptor-NoWDonorWH2-AddInt-NewPTQ10BTP4F12-NoBG-ZnOCorr_D18CL:BTP-4F-12 (Y12),Jonas_DonorAcceptor-NoWDonorWH2-AddInt-NewPTQ10BTP4F12-NoBG-ZnOCorr,0.063699345,03.11.2023 11:17,25616_192738_OD_x3y1,x3y1,0.007078575,1.4,1.4,5,1,0,0,0,0,1,1,0,0,0,0,128,2.107322197,0.106165213,2.287939467,0.8855613,0.022230675,0.072484778,1.518792785,0.099899341,1.698757861,0.196384719,0.211183288,0.333854022,0.411764706,0.324799897,0.349804941,0.658653918,0.506873204,0.493126796,0.00136,-0.00032,0.00169,0.02634,-0.00176,0.001,-0.00345,0.00057,-0.00009,0.00104,-0.00865,0.00176,0,-0.01331,0,-0.01155,0.01136
25617,D18CL_323001,D18CL,ITIC_120057,ITIC,D18CL-ITIC,25617_A-3,CF,0,15,2000,121.0133973,2.08458,0.10642,2.26722,0.95,0.02453,0.07352,1.77864,0.06365,1.93653,0.1466,0.38923,0.28588,0.48718,0.48654,0.2,0.77242,0.37011,0.62989,0.95,0.25,0.15,51.97805524,14.20184867,7.577219924,1.026466986,1.240777201,1.163251702,17.62133005,20.49804216,1.026466986,6.2048,0.9419,37.46,2.1889,7.99704867,0.084566986,14.51805524,5.388319924,0.436900867,0.917613535,0.720688757,0.288879038,03.11.2023 16:32,A-3,1.25E-06,1.4,1.4,5.45,5.34,3.81,3.31,1.53,2.032786885,1.66442953,3.78557047,3.307213115,1.55442953,0.808406236,0.527962544,D18CL_323001,ITIC_120057,CF,Jonas_DonorAcceptor-NoWDonorWH2-AddInt-NewPTQ10BTP4F12-NoBG-ZnOCorr_D18CL:ITIC,Jonas_DonorAcceptor-NoWDonorWH2-AddInt-NewPTQ10BTP4F12-NoBG-ZnOCorr,0.187041705,03.11.2023 11:29,25617_192758_OD_x3y1,x3y1,0.012965817,1.4,1.4,5,2,0,0,0,0,1,0,1,0,0,0,129,2.088085427,0.109358689,2.271925609,0.95,0.023119063,0.074072152,1.780001119,0.062566868,1.935509784,0.159766963,0.334366574,0.311545579,0.487179487,0.417958217,0.2,0.729503796,0.427065055,0.572934945,0.00351,0.00294,0.0047,0,-0.00141,0.00055,0.00136,-0.00108,-0.00103,0.01316,-0.05487,0.02567,0,-0.06858,0,-0.04291,0.05696
25617,D18CL_323001,D18CL,ITIC_120057,ITIC,D18CL-ITIC,25617_B-2,CF,0,15,2000,126.0773923,2.08299,0.10649,2.26675,0.95,0.01824,0.07321,1.77907,0.06335,1.93628,0.15446,0.40615,0.3012,0.48718,0.50769,0.2,0.8089,0.37236,0.62764,0.95,0.25,0.15,50.7800227,14.05580867,7.323845657,1.026101815,1.225705834,1.163251702,17.22828668,20.0408338,1.026101815,5.9253,0.93,37.7,2.0776,8.13050867,0.096101815,13.0800227,5.246245657,0.421555254,0.906342808,0.742417943,0.283676104,03.11.2023 16:32,B-2,1.17E-06,1,0.6,5.45,5.34,3.81,3.31,1.53,2.032786885,1.66442953,3.78557047,3.307213115,1.55442953,0.808118641,0.528327715,D18CL_323001,ITIC_120057,CF,Jonas_DonorAcceptor-NoWDonorWH2-AddInt-NewPTQ10BTP4F12-NoBG-ZnOCorr_D18CL:ITIC,Jonas_DonorAcceptor-NoWDonorWH2-AddInt-NewPTQ10BTP4F12-NoBG-ZnOCorr,0.22753747,03.11.2023 11:29,25617_192758_OD_x2y2,x2y2,0.007681237,1,0.6,5,2,0,0,0,0,1,0,1,0,0,0,129,2.087675074,0.109594086,2.271339486,0.95,0.024574688,0.074031299,1.780276686,0.062302602,1.935794588,0.155477308,0.332987877,0.30318075,0.487179487,0.416234846,0.2,0.719415595,0.421429339,0.578570661,0.00468,0.00311,0.00459,0,0.00633,0.00082,0.00121,-0.00105,-0.00048,0.00101,-0.07316,0.00198,0,-0.09146,0,-0.08948,0.04906
25617,D18CL_323001,D18CL,ITIC_120057,ITIC,D18CL-ITIC,25617_A-1,CF,0,15,2000,130.3531821,2.0826,0.10643,2.26663,0.95,0.01332,0.07317,1.77891,0.06325,1.93601,0.16079,0.42102,0.31354,0.48718,0.52628,0.2,0.83982,0.37334,0.62666,0.95,0.25,0.15,50.0943666,14.19106769,7.307043472,1.027868909,1.213916983,1.163251702,17.22677808,20.03907892,1.027868909,6.2897,0.9523,37.71,2.2586,7.90136769,0.075568909,12.3843666,5.048443472,0.443215418,0.926480013,0.752779256,0.309099023,03.11.2023 16:32,A-1,1.16E-06,0.6,1.4,5.45,5.34,3.81,3.31,1.53,2.032786885,1.66442953,3.78557047,3.307213115,1.55442953,0.809510337,0.526560621,D18CL_323001,ITIC_120057,CF,Jonas_DonorAcceptor-NoWDonorWH2-AddInt-NewPTQ10BTP4F12-NoBG-ZnOCorr_D18CL:ITIC,Jonas_DonorAcceptor-NoWDonorWH2-AddInt-NewPTQ10BTP4F12-NoBG-ZnOCorr,0.255216954,03.11.2023 11:29,25617_192758_OD_x1y1,x1y1,0.007367566,0.6,1.4,5,2,0,0,0,0,1,0,1,0,0,0,129,2.086839685,0.109528977,2.271013977,0.95,0.021559148,0.073798844,1.780196912,0.06212115,1.935385309,0.159568141,0.339192023,0.311157875,0.487179487,0.423990028,0.2,0.735147903,0.423258875,0.576741125,0.00424,0.0031,0.00439,0,0.00824,0.00063,0.00129,-0.00113,-0.00063,-0.00122,-0.08183,-0.00238,0,-0.10229,0,-0.10467,0.04991
25617,D18CL_323001,D18CL,ITIC_120057,ITIC,D18CL-ITIC,25617_B-3,CF,0,15,2000,128.4909911,2.08238,0.10624,2.26661,0.95,0.01477,0.07314,1.77902,0.06326,1.93598,0.15826,0.41463,0.3086,0.48718,0.51829,0.2,0.82689,0.37321,0.62679,0.95,0.25,0.15,50.19390027,14.15107701,7.28469108,1.025582736,1.219171984,1.163251702,17.25259664,20.06911239,1.025582736,6.1273,0.9393,37.77,2.1736,8.02377701,0.086282736,12.42390027,5.11109108,0.432991778,0.915869551,0.752481871,0.298379159,03.11.2023 16:32,B-3,9.61E-07,1.4,0.6,5.45,5.34,3.81,3.31,1.53,2.032786885,1.66442953,3.78557047,3.307213115,1.55442953,0.807709834,0.528846794,D18CL_323001,ITIC_120057,CF,Jonas_DonorAcceptor-NoWDonorWH2-AddInt-NewPTQ10BTP4F12-NoBG-ZnOCorr_D18CL:ITIC,Jonas_DonorAcceptor-NoWDonorWH2-AddInt-NewPTQ10BTP4F12-NoBG-ZnOCorr,0.242366416,03.11.2023 11:29,25617_192758_OD_x3y2,x3y2,0.007350858,1.4,0.6,5,2,0,0,0,0,1,0,1,0,0,0,129,2.087850101,0.109595601,2.271390776,0.95,0.025542987,0.074090473,1.780349122,0.062356451,1.935842064,0.154375242,0.330129091,0.301031723,0.487179487,0.412661364,0.2,0.713693086,0.421794366,0.578205634,0.00547,0.00336,0.00478,0,0.01078,0.00095,0.00133,-0.0009,-0.00014,-0.00388,-0.0845,-0.00757,0,-0.10563,0,-0.1132,0.04859
25618,D18CL_323001,D18CL,ITIC_120057,ITIC,D18CL-ITIC,25618_A-2,CF,0,12.5,2000,99.76908147,2.1061,0.10503,2.27938,0.88805,0.04602,0.07887,1.77875,0.06852,1.94614,0.10749,0.33564,0.2096,0.48718,0.41955,0.2,0.62915,0.33315,0.66685,0.95,0.25,0.15,55.77803632,16.06867647,9.20630929,1.02716978,1.330945683,1.163251702,21.38653559,24.87792391,1.02716978,7.114,0.9405,35.51,2.3758,8.95467647,0.08666978,20.26803632,6.83050929,0.442724702,0.915622732,0.636630515,0.258062153,03.11.2023 16:34,A-2,1.82E-06,1,1.4,5.45,5.34,3.81,3.31,1.53,2.032786885,1.66442953,3.78557047,3.307213115,1.55442953,0.808959729,0.52725975,D18CL_323001,ITIC_120057,CF,Jonas_DonorAcceptor-NoWDonorWH2-AddInt-NewPTQ10BTP4F12-NoBG-ZnOCorr_D18CL:ITIC,Jonas_DonorAcceptor-NoWDonorWH2-AddInt-NewPTQ10BTP4F12-NoBG-ZnOCorr,0.126088034,03.11.2023 11:35,25618_192772_OD_x2y1,x2y1,0.015176978,1,1.4,5,2,0,0,0,0,1,0,1,0,0,0,130,2.105811513,0.108757037,2.282057567,0.95,0.050358544,0.080758909,1.778177563,0.068919099,1.943753467,0.106878439,0.272345336,0.208412957,0.487179487,0.34043167,0.2,0.548844627,0.379382279,0.620617721,-0.00028,0.00373,0.00268,0.06195,0.00434,0.00189,-0.00058,0.0004,-0.00239,-0.00061,-0.0633,-0.00119,0,-0.07912,0,-0.08031,0.04624
25618,D18CL_323001,D18CL,ITIC_120057,ITIC,D18CL-ITIC,25618_A-1,CF,0,12.5,2000,105.6391956,2.10227,0.10562,2.27744,0.93201,0.04092,0.07691,1.78052,0.06706,1.9447,0.1196,0.34644,0.23321,0.48718,0.43305,0.2,0.66626,0.35003,0.64997,0.95,0.25,0.15,54.59844054,15.96465981,8.961201966,1.028078693,1.297879902,1.163251702,20.72021111,24.10282083,1.028078693,7.3461,0.9506,35.7,2.493,8.61855981,0.077478693,18.89844054,6.468201966,0.460147606,0.924637391,0.653864829,0.278199287,03.11.2023 16:34,A-1,3.52E-06,0.6,1.4,5.45,5.34,3.81,3.31,1.53,2.032786885,1.66442953,3.78557047,3.307213115,1.55442953,0.809675554,0.526350837,D18CL_323001,ITIC_120057,CF,Jonas_DonorAcceptor-NoWDonorWH2-AddInt-NewPTQ10BTP4F12-NoBG-ZnOCorr_D18CL:ITIC,Jonas_DonorAcceptor-NoWDonorWH2-AddInt-NewPTQ10BTP4F12-NoBG-ZnOCorr,0.116284227,03.11.2023 11:35,25618_192772_OD_x1y1,x1y1,0.014047922,0.6,1.4,5,2,0,0,0,0,1,0,1,0,0,0,130,2.109078462,0.108431457,2.284060702,0.95,0.051657353,0.081927839,1.777665575,0.070206274,1.94517413,0.100106885,0.264869245,0.195208426,0.487179487,0.331086556,0.2,0.526294982,0.370910673,0.629089327,0.00681,0.00281,0.00662,0.01799,0.01074,0.00502,-0.00286,0.00315,0.00048,-0.01949,-0.08157,-0.03801,0,-0.10196,0,-0.13997,0.02088
25618,D18CL_323001,D18CL,ITIC_120057,ITIC,D18CL-ITIC,25618_A-3,CF,0,12.5,2000,105.7979003,2.09842,0.10552,2.27455,0.91844,0.04092,0.07683,1.77943,0.06659,1.94304,0.11836,0.34985,0.2308,0.48718,0.43731,0.2,0.66812,0.34545,0.65455,0.95,0.25,0.15,55.2664355,15.78794322,8.949696923,1.025702273,1.300492216,1.163251702,20.53209726,23.88399708,1.025702273,7.2074,0.9491,35.78,2.4475,8.58054322,0.076602273,19.4864355,6.502196923,0.456512916,0.925317244,0.647409222,0.273472948,03.11.2023 16:34,A-3,1.72E-06,1.4,1.4,5.45,5.34,3.81,3.31,1.53,2.032786885,1.66442953,3.78557047,3.307213115,1.55442953,0.807803977,0.528727257,D18CL_323001,ITIC_120057,CF,Jonas_DonorAcceptor-NoWDonorWH2-AddInt-NewPTQ10BTP4F12-NoBG-ZnOCorr_D18CL:ITIC,Jonas_DonorAcceptor-NoWDonorWH2-AddInt-NewPTQ10BTP4F12-NoBG-ZnOCorr,0.115623015,03.11.2023 11:35,25618_192772_OD_x3y1,x3y1,0.014143847,1.4,1.4,5,2,0,0,0,0,1,0,1,0,0,0,130,2.102544564,0.109082617,2.280054432,0.95,0.049059734,0.079589979,1.77868955,0.067631925,1.942332805,0.113649994,0.279821427,0.221617488,0.487179487,0.349776784,0.2,0.571394271,0.387853884,0.612146116,0.00413,0.00356,0.0055,0.03156,0.00814,0.00276,-0.00074,0.00104,-0.00071,-0.00471,-0.07003,-0.00919,0,-0.08754,0,-0.09672,0.0424
25618,D18CL_323001,D18CL,ITIC_120057,ITIC,D18CL-ITIC,25618_B-1,CF,0,12.5,2000,107.1554271,2.09855,0.1055,2.27457,0.92918,0.0397,0.07646,1.78035,0.06631,1.9436,0.12047,0.35345,0.23492,0.48718,0.44181,0.2,0.67672,0.34714,0.65286,0.95,0.25,0.15,54.17417105,15.57460211,8.647170894,1.024860623,1.293821871,1.163251702,20.15076084,23.44040684,1.024860623,7.2779,0.9572,35.81,2.4947,8.29670211,0.067660623,18.36417105,6.152470894,0.467292837,0.933980659,0.661016114,0.288498982,03.11.2023 16:34,B-1,5.60E-06,0.6,0.6,5.45,5.34,3.81,3.31,1.53,2.032786885,1.66442953,3.78557047,3.307213115,1.55442953,0.807141125,0.529568907,D18CL_323001,ITIC_120057,CF,Jonas_DonorAcceptor-NoWDonorWH2-AddInt-NewPTQ10BTP4F12-NoBG-ZnOCorr_D18CL:ITIC,Jonas_DonorAcceptor-NoWDonorWH2-AddInt-NewPTQ10BTP4F12-NoBG-ZnOCorr,0.116254434,03.11.2023 11:35,25618_192772_OD_x1y2,x1y2,0.013802603,0.6,0.6,5,2,0,0,0,0,1,0,1,0,0,0,130,2.09546473,0.109729182,2.274938666,0.95,0.037943836,0.076721074,1.779656921,0.065139939,1.939269893,0.130612068,0.301237678,0.254693533,0.487179487,0.376547098,0.2,0.63124063,0.403480892,0.596519108,-0.00309,0.00423,0.00037,0.02082,-0.00175,0.00026,-0.00069,-0.00117,-0.00433,0.01014,-0.05221,0.01978,0,-0.06526,0,-0.04548,0.05634
25619,D18CL_323001,D18CL,ITIC_120057,ITIC,D18CL-ITIC,25619_A-1,CF,0,10,2000,76.59539809,2.12906,0.10268,2.29291,0.83221,0.04654,0.08576,1.77261,0.0766,1.95198,0.07185,0.27763,0.14011,0.48718,0.34704,0.2,0.48715,0.2876,0.7124,0.95,0.25,0.15,56.57205384,15.77208019,9.152187075,1.025732145,1.497948832,1.163251702,23.62576911,27.48271611,1.025732145,9.4972,0.9617,35.28,3.2225,6.27488019,0.064032145,21.29205384,5.929687075,0.602152657,0.937574205,0.623629471,0.352101631,03.11.2023 16:37,A-1,2.63E-06,0.6,1.4,5.45,5.34,3.81,3.31,1.53,2.032786885,1.66442953,3.78557047,3.307213115,1.55442953,0.807827503,0.528697385,D18CL_323001,ITIC_120057,CF,Jonas_DonorAcceptor-NoWDonorWH2-AddInt-NewPTQ10BTP4F12-NoBG-ZnOCorr_D18CL:ITIC,Jonas_DonorAcceptor-NoWDonorWH2-AddInt-NewPTQ10BTP4F12-NoBG-ZnOCorr,0.112191053,03.11.2023 11:41,25619_192781_OD_x1y1,x1y1,0.010626792,0.6,1.4,5,2,0,0,0,0,1,0,1,0,0,0,131,2.118234143,0.104775432,2.28611025,0.949999996,0.049010225,0.086661725,1.769000945,0.076639443,1.946603277,0.064886323,0.222129554,0.12652833,0.487179487,0.277661942,0.2,0.404190272,0.313041503,0.686958497,-0.01082,0.0021,-0.0068,0.11779,0.00247,0.0009,-0.00361,0.00004,-0.00537,-0.00696,-0.05551,-0.01358,0,-0.06938,0,-0.08296,0.02544
25619,D18CL_323001,D18CL,ITIC_120057,ITIC,D18CL-ITIC,25619_B-1,CF,0,10,2000,76.19709691,2.12768,0.10202,2.29124,0.85329,0.04631,0.08573,1.77204,0.07654,1.9513,0.07084,0.27689,0.13814,0.48718,0.34611,0.2,0.48425,0.28527,0.71473,0.95,0.25,0.15,56.37369434,15.6862418,9.05782455,1.024303136,1.502588239,1.163251702,23.56996245,27.41779892,1.024303136,9.4701,0.9651,35.96,3.2867,6.2161418,0.059203136,20.41369434,5.77112455,0.603720134,0.942201548,0.637886171,0.362857547,03.11.2023 16:37,B-1,1.55E-06,0.6,0.6,5.45,5.34,3.81,3.31,1.53,2.032786885,1.66442953,3.78557047,3.307213115,1.55442953,0.80670207,0.530126394,D18CL_323001,ITIC_120057,CF,Jonas_DonorAcceptor-NoWDonorWH2-AddInt-NewPTQ10BTP4F12-NoBG-ZnOCorr_D18CL:ITIC,Jonas_DonorAcceptor-NoWDonorWH2-AddInt-NewPTQ10BTP4F12-NoBG-ZnOCorr,0.107137863,03.11.2023 11:41,25619_192781_OD_x1y2,x1y2,0.010394813,0.6,0.6,5,2,0,0,0,0,1,0,1,0,0,0,131,2.11743747,0.105081261,2.285787989,0.95,0.049815437,0.086465471,1.769366189,0.07630396,1.946300706,0.067489135,0.227394091,0.131603813,0.487179487,0.284242614,0.2,0.415846426,0.31647215,0.68352785,-0.01024,0.00306,-0.00545,0.09671,0.0035,0.00073,-0.00268,-0.00024,-0.005,-0.00335,-0.04949,-0.00654,0,-0.06187,0,-0.0684,0.0312
25619,D18CL_323001,D18CL,ITIC_120057,ITIC,D18CL-ITIC,25619_B-3,CF,0,10,2000,72.73134482,2.12916,0.10189,2.29196,0.84162,0.04373,0.08607,1.77096,0.07708,1.95118,0.06666,0.26775,0.12998,0.48718,0.33469,0.2,0.46468,0.27973,0.72027,0.95,0.25,0.15,55.97865591,15.59097759,8.932910878,1.023522013,1.536733972,1.163251702,23.95918492,27.87056262,1.023522013,9.8121,0.9597,35.98,3.3884,5.77887759,0.063822013,19.99865591,5.544510878,0.629344757,0.937644709,0.642744979,0.379316445,03.11.2023 16:37,B-3,3.49E-06,1.4,0.6,5.45,5.34,3.81,3.31,1.53,2.032786885,1.66442953,3.78557047,3.307213115,1.55442953,0.806086887,0.530907517,D18CL_323001,ITIC_120057,CF,Jonas_DonorAcceptor-NoWDonorWH2-AddInt-NewPTQ10BTP4F12-NoBG-ZnOCorr_D18CL:ITIC,Jonas_DonorAcceptor-NoWDonorWH2-AddInt-NewPTQ10BTP4F12-NoBG-ZnOCorr,0.092894316,03.11.2023 11:41,25619_192781_OD_x3y2,x3y2,0.009314561,1.4,0.6,5,2,0,0,0,0,1,0,1,0,0,0,131,2.117440601,0.104379993,2.285407206,0.932479905,0.048669448,0.0868821,1.767460565,0.077022169,1.945818094,0.061616639,0.218472385,0.120152446,0.487179487,0.273090482,0.2,0.393242928,0.305542548,0.694457452,-0.01172,0.00249,-0.00655,0.09086,0.00494,0.00082,-0.0035,-0.00006,-0.00537,-0.00504,-0.04928,-0.00983,0,-0.0616,0,-0.07143,0.02581
25619,D18CL_323001,D18CL,ITIC_120057,ITIC,D18CL-ITIC,25619_A-2,CF,0,10,2000,72.86933672,2.13262,0.10186,2.29348,0.8525,0.04406,0.08603,1.77359,0.07718,1.95392,0.06689,0.26791,0.13043,0.48718,0.33489,0.2,0.46532,0.28031,0.71969,0.95,0.25,0.15,55.19957615,15.66433348,8.866367776,1.025411251,1.533211954,1.163251702,24.01674334,27.93751755,1.025411251,9.7371,0.9697,36.56,3.4522,5.92723348,0.055711251,18.63957615,5.414167776,0.621609596,0.945669359,0.662323926,0.38935899,03.11.2023 16:37,A-2,1.96E-06,1,1.4,5.45,5.34,3.81,3.31,1.53,2.032786885,1.66442953,3.78557047,3.307213115,1.55442953,0.807574779,0.529018279,D18CL_323001,ITIC_120057,CF,Jonas_DonorAcceptor-NoWDonorWH2-AddInt-NewPTQ10BTP4F12-NoBG-ZnOCorr_D18CL:ITIC,Jonas_DonorAcceptor-NoWDonorWH2-AddInt-NewPTQ10BTP4F12-NoBG-ZnOCorr,0.106778502,03.11.2023 11:41,25619_192781_OD_x2y1,x2y1,0.009667104,1,1.4,5,2,0,0,0,0,1,0,1,0,0,0,131,2.117134648,0.104686884,2.285472066,0.935059404,0.047668237,0.086660158,1.767767617,0.07676202,1.945691948,0.061895202,0.216685054,0.120695645,0.487179487,0.270856317,0.2,0.391551962,0.308089531,0.691910469,-0.01548,0.00282,-0.00801,0.08256,0.0036,0.00063,-0.00582,-0.00042,-0.00823,-0.00499,-0.05123,-0.00974,0,-0.06403,0,-0.07377,0.02778
25620,D18CL_323001,D18CL,ITIC_120057,ITIC,D18CL-ITIC,25620_A-1,CF,0,10,1000,106.3577052,2.09716,0.10496,2.27409,0.95,0.03697,0.07641,1.77886,0.06649,1.94246,0.11996,0.35112,0.23392,0.48718,0.4389,0.2,0.67283,0.34767,0.65233,0.95,0.25,0.15,55.22834358,15.23586378,8.603508316,1.022460369,1.298050776,1.163251702,19.7769248,23.00554142,1.022460369,8.4398,0.897,33.36,2.5255,6.79606378,0.125460369,21.86834358,6.078008316,0.553942994,0.877295617,0.60403767,0.293543042,03.11.2023 16:39,A-1,2.53E-06,0.6,1.4,5.45,5.34,3.81,3.31,1.53,2.032786885,1.66442953,3.78557047,3.307213115,1.55442953,0.805250777,0.531969161,D18CL_323001,ITIC_120057,CF,Jonas_DonorAcceptor-NoWDonorWH2-AddInt-NewPTQ10BTP4F12-NoBG-ZnOCorr_D18CL:ITIC,Jonas_DonorAcceptor-NoWDonorWH2-AddInt-NewPTQ10BTP4F12-NoBG-ZnOCorr,0.120256158,03.11.2023 11:47,25620_192789_OD_x1y1,x1y1,0.013188753,0.6,1.4,5,2,0,0,0,0,1,0,1,0,0,0,132,2.105554068,0.108080617,2.2819263,0.95,0.050483155,0.079749184,1.778343607,0.068684113,1.944773652,0.10525394,0.286051419,0.205245184,0.487179487,0.357564273,0.2,0.562809457,0.3646797,0.6353203,0.00839,0.00312,0.00784,0,0.01351,0.00334,-0.00052,0.00219,0.00231,-0.01471,-0.06507,-0.02868,0,-0.08134,0,-0.11002,0.01701
25620,D18CL_323001,D18CL,ITIC_120057,ITIC,D18CL-ITIC,25620_B-1,CF,0,10,1000,102.1840798,2.10348,0.10495,2.27755,0.93747,0.04403,0.07765,1.77958,0.06751,1.94513,0.11192,0.34037,0.21825,0.48718,0.42546,0.2,0.64371,0.33905,0.66095,0.95,0.25,0.15,55.29669295,14.89065203,8.456488965,1.027016007,1.317433787,1.163251702,19.61744809,22.82002988,1.027016007,7.9909,0.9813,36.5,2.8624,6.89975203,0.045716007,18.79669295,5.594088965,0.53663869,0.955486568,0.66007564,0.338485631,03.11.2023 16:39,B-1,1.97E-06,0.6,0.6,5.45,5.34,3.81,3.31,1.53,2.032786885,1.66442953,3.78557047,3.307213115,1.55442953,0.808838624,0.527413523,D18CL_323001,ITIC_120057,CF,Jonas_DonorAcceptor-NoWDonorWH2-AddInt-NewPTQ10BTP4F12-NoBG-ZnOCorr_D18CL:ITIC,Jonas_DonorAcceptor-NoWDonorWH2-AddInt-NewPTQ10BTP4F12-NoBG-ZnOCorr,0.114655837,03.11.2023 11:47,25620_192789_OD_x1y2,x1y2,0.014772787,0.6,0.6,5,2,0,0,0,0,1,0,1,0,0,0,132,2.105893925,0.107904174,2.282329726,0.95,0.048486887,0.079061531,1.77969816,0.067949787,1.945477045,0.108090145,0.287256109,0.210775782,0.487179487,0.359070136,0.2,0.569845918,0.36988206,0.63011794,0.00242,0.00295,0.00478,0.01253,0.00445,0.00142,0.00012,0.00044,0.00035,-0.00383,-0.05311,-0.00747,0,-0.06639,0,-0.07386,0.03084
25620,D18CL_323001,D18CL,ITIC_120057,ITIC,D18CL-ITIC,25620_B-3,CF,0,10,1000,108.3959548,2.09558,0.10564,2.27319,0.93972,0.03805,0.0758,1.77937,0.06578,1.94157,0.12372,0.35545,0.24126,0.48718,0.44431,0.2,0.68557,0.35191,0.64809,0.95,0.25,0.15,55.09654722,14.67126106,8.275364608,1.023753287,1.288384068,1.163251702,18.902219,21.98803842,1.023753287,7.9189,0.984,36.98,2.8817,6.75236106,0.039753287,18.11654722,5.393664608,0.539755919,0.961169075,0.671185435,0.348226349,03.11.2023 16:39,B-3,1.33E-06,1.4,0.6,5.45,5.34,3.81,3.31,1.53,2.032786885,1.66442953,3.78557047,3.307213115,1.55442953,0.80626903,0.530676243,D18CL_323001,ITIC_120057,CF,Jonas_DonorAcceptor-NoWDonorWH2-AddInt-NewPTQ10BTP4F12-NoBG-ZnOCorr_D18CL:ITIC,Jonas_DonorAcceptor-NoWDonorWH2-AddInt-NewPTQ10BTP4F12-NoBG-ZnOCorr,0.121203708,03.11.2023 11:47,25620_192789_OD_x3y2,x3y2,0.013279834,1.4,0.6,5,2,0,0,0,0,1,0,1,0,0,0,132,2.097616425,0.109476027,2.277209522,0.95,0.036464166,0.075617886,1.780273626,0.064256952,1.94115323,0.131925868,0.316876292,0.257255442,0.487179487,0.396095365,0.2,0.653350808,0.393747799,0.606252201,0.00204,0.00383,0.00402,0.01028,-0.00158,-0.00019,0.0009,-0.00152,-0.00042,0.0082,-0.03857,0.01599,0,-0.04821,0,-0.03222,0.04183
25620,D18CL_323001,D18CL,ITIC_120057,ITIC,D18CL-ITIC,25620_B-2,CF,0,10,1000,104.7558235,2.1012,0.10503,2.27638,0.95,0.04117,0.07659,1.78069,0.06655,1.94464,0.11664,0.34688,0.22744,0.48718,0.4336,0.2,0.66105,0.34407,0.65593,0.95,0.25,0.15,53.68876065,14.79529713,8.15161615,1.026210965,1.304794964,1.163251702,19.30482919,22.45637541,1.026210965,7.888,0.9806,36.55,2.8271,6.90729713,0.045610965,17.13876065,5.32451615,0.533142385,0.955554007,0.680775633,0.346814662,03.11.2023 16:39,B-2,1.97E-06,1,0.6,5.45,5.34,3.81,3.31,1.53,2.032786885,1.66442953,3.78557047,3.307213115,1.55442953,0.808204603,0.528218565,D18CL_323001,ITIC_120057,CF,Jonas_DonorAcceptor-NoWDonorWH2-AddInt-NewPTQ10BTP4F12-NoBG-ZnOCorr_D18CL:ITIC,Jonas_DonorAcceptor-NoWDonorWH2-AddInt-NewPTQ10BTP4F12-NoBG-ZnOCorr,0.11621217,03.11.2023 11:47,25620_192789_OD_x2y2,x2y2,0.014111755,1,0.6,5,2,0,0,0,0,1,0,1,0,0,0,132,2.101755175,0.108690101,2.279769624,0.95,0.042475526,0.077339709,1.779985893,0.066103369,1.943315138,0.120008006,0.3020662,0.234015612,0.487179487,0.377582751,0.2,0.611598363,0.381814929,0.618185071,0.00055,0.00366,0.00339,0,0.00131,0.00074,-0.00071,-0.00044,-0.00132,0.00337,-0.04482,0.00657,0,-0.05602,0,-0.04945,0.03775
25621,D18CL_323001,D18CL,ITIC_120057,ITIC,D18CL-ITIC,25621_B-1,CF,2,10,1000,100.3465202,2.1118,0.09411,2.28642,0.84045,0.0427,0.07858,1.77835,0.06754,1.94529,0.13088,0.33379,0.2225,0.41176,0.41724,0.2,0.63974,0.3478,0.6522,0.7,0.25,0.15,56.40714025,14.86500249,8.604474163,1.026184065,1.325824698,1.163251702,19.70838743,22.92581521,1.026184065,7.2276,0.8621,30.61,1.907,7.63740249,0.164084065,25.79714025,6.697474163,0.486215862,0.840102696,0.542661795,0.221628883,03.11.2023 16:42,B-1,4.72E-06,0.6,0.6,5.45,5.34,3.81,3.31,1.53,2.032786885,1.66442953,3.78557047,3.307213115,1.55442953,0.808183418,0.528245465,D18CL_323001,ITIC_120057,CF,Jonas_DonorAcceptor-NoWDonorWH2-AddInt-NewPTQ10BTP4F12-NoBG-ZnOCorr_D18CL:ITIC,Jonas_DonorAcceptor-NoWDonorWH2-AddInt-NewPTQ10BTP4F12-NoBG-ZnOCorr,0.095887637,03.11.2023 11:52,25621_192796_OD_x1y2,x1y2,0.013955083,0.6,0.6,5,2,0,0,0,0,1,0,1,0,0,0,133,2.107922998,0.095392841,2.286483753,0.95,0.037931083,0.076865497,1.781041766,0.065017887,1.943221951,0.148172562,0.302293796,0.251893355,0.411764706,0.377867245,0.2,0.6297606,0.399982716,0.600017284,-0.00388,0.00129,0.00007,0.10955,-0.00477,-0.00171,0.00269,-0.00252,-0.00207,0.01729,-0.0315,0.02939,0,-0.03937,0,-0.00998,0.05218
25621,D18CL_323001,D18CL,ITIC_120057,ITIC,D18CL-ITIC,25621_A-1,CF,2,10,1000,102.3637772,2.10982,0.09422,2.28568,0.83676,0.04142,0.07798,1.77846,0.06687,1.9444,0.13535,0.33871,0.23009,0.41176,0.42339,0.2,0.65349,0.3521,0.6479,0.7,0.25,0.15,56.23245311,14.79087535,8.548080445,1.027750493,1.315415185,1.163251702,19.45614204,22.63239033,1.027750493,0.0664,0.9797,20.21,0.0131,14.72447535,0.048050493,36.02245311,8.534980445,0.004489254,0.953246928,0.359401002,0.001532508,03.11.2023 16:42,A-1,2.12E-06,0.6,1.4,5.45,5.34,3.81,3.31,1.53,2.032786885,1.66442953,3.78557047,3.307213115,1.55442953,0.809417077,0.526679037,D18CL_323001,ITIC_120057,CF,Jonas_DonorAcceptor-NoWDonorWH2-AddInt-NewPTQ10BTP4F12-NoBG-ZnOCorr_D18CL:ITIC,Jonas_DonorAcceptor-NoWDonorWH2-AddInt-NewPTQ10BTP4F12-NoBG-ZnOCorr,0.094370597,03.11.2023 11:52,25621_192796_OD_x1y1,x1y1,0.013712009,0.6,1.4,5,2,0,0,0,0,1,0,1,0,0,0,133,2.112691032,0.095274517,2.290257934,0.95,0.04480214,0.078658545,1.780139057,0.066698643,1.944799897,0.13445238,0.285323232,0.228569045,0.411764706,0.35665404,0.2,0.585223085,0.390567377,0.609432623,0.00288,0.00105,0.00458,0.11324,0.00338,0.00068,0.00168,-0.00017,0.0004,-0.0009,-0.05339,-0.00153,0,-0.06674,0,-0.06826,0.03846
25621,D18CL_323001,D18CL,ITIC_120057,ITIC,D18CL-ITIC,25621_A-2,CF,2,10,1000,98.3768467,2.11472,0.09385,2.28803,0.84662,0.04279,0.07887,1.77955,0.06787,1.94737,0.1264,0.32984,0.21489,0.41176,0.4123,0.2,0.62719,0.34262,0.65738,0.7,0.25,0.15,55.14888135,15.04549036,8.541705475,1.029441183,1.336631751,1.163251702,20.11028013,23.39331757,1.029441183,6.8043,0.9591,35.82,2.3378,8.24119036,0.070341183,19.32888135,6.203905475,0.45224847,0.931670518,0.649514535,0.273692415,03.11.2023 16:42,A-2,1.81E-06,1,1.4,5.45,5.34,3.81,3.31,1.53,2.032786885,1.66442953,3.78557047,3.307213115,1.55442953,0.8107486,0.524988347,D18CL_323001,ITIC_120057,CF,Jonas_DonorAcceptor-NoWDonorWH2-AddInt-NewPTQ10BTP4F12-NoBG-ZnOCorr_D18CL:ITIC,Jonas_DonorAcceptor-NoWDonorWH2-AddInt-NewPTQ10BTP4F12-NoBG-ZnOCorr,0.098322875,03.11.2023 11:52,25621_192796_OD_x2y1,x2y1,0.013881571,1,1.4,5,2,0,0,0,0,1,0,1,0,0,0,133,2.114893524,0.095117417,2.291588649,0.95,0.047060881,0.079739555,1.779307738,0.067843271,1.945490293,0.127961868,0.278107895,0.217535176,0.411764706,0.347634869,0.2,0.565170045,0.384693764,0.615306236,0.00017,0.00126,0.00356,0.10338,0.00427,0.00087,-0.00024,-0.00003,-0.00188,0.00156,-0.05174,0.00265,0,-0.06467,0,-0.06202,0.04208
25621,D18CL_323001,D18CL,ITIC_120057,ITIC,D18CL-ITIC,25621_A-3,CF,2,10,1000,101.3788004,2.11078,0.09421,2.28566,0.8439,0.04053,0.07811,1.7792,0.06703,1.94537,0.13333,0.33682,0.22667,0.41176,0.42102,0.2,0.64769,0.34997,0.65003,0.7,0.25,0.15,55.83756031,14.87779525,8.533369041,1.027201194,1.320748533,1.163251702,19.64982626,22.85769383,1.027201194,6.9226,0.9669,36.23,2.4248,7.95519525,0.060301194,19.60756031,6.108569041,0.465297437,0.941295635,0.6488464,0.284155061,03.11.2023 16:42,A-3,2.06E-06,1.4,1.4,5.45,5.34,3.81,3.31,1.53,2.032786885,1.66442953,3.78557047,3.307213115,1.55442953,0.80898447,0.527228336,D18CL_323001,ITIC_120057,CF,Jonas_DonorAcceptor-NoWDonorWH2-AddInt-NewPTQ10BTP4F12-NoBG-ZnOCorr_D18CL:ITIC,Jonas_DonorAcceptor-NoWDonorWH2-AddInt-NewPTQ10BTP4F12-NoBG-ZnOCorr,0.094347932,03.11.2023 11:52,25621_192796_OD_x3y1,x3y1,0.013476619,1.4,1.4,5,2,0,0,0,0,1,0,1,0,0,0,133,2.117096017,0.094960316,2.292919364,0.95,0.049319622,0.080820565,1.778476419,0.068987898,1.94618069,0.121471356,0.270892559,0.206501306,0.411764706,0.338615698,0.2,0.545117004,0.378820151,0.621179849,0.00632,0.00075,0.00726,0.1061,0.00879,0.00271,-0.00073,0.00196,0.00082,-0.01186,-0.06592,-0.02017,0,-0.0824,0,-0.10257,0.02885
25622,D18CL_323001,D18CL,ITIC_120057,ITIC,D18CL-ITIC,25622_A-1,CF,0,10,3000,60.35265911,2.1233,0.1013,2.28963,0.79784,0.03364,0.08549,1.76545,0.07696,1.94639,0.05375,0.23134,0.10481,0.48718,0.28917,0.2,0.39398,0.26603,0.73397,0.95,0.25,0.15,51.84770295,15.31020402,7.868835236,0.991288239,1.683597866,1.163251702,25.77622682,29.98423971,0.991288239,9.9384,0.9754,38.93,3.7735,5.37180402,0.015888239,12.91770295,4.095335236,0.6491357,0.98397213,0.750852936,0.479550008,03.11.2023 16:44,A-1,3.71E-06,0.6,1.4,5.45,5.34,3.81,3.31,1.53,2.032786885,1.66442953,3.78557047,3.307213115,1.55442953,0.780700797,0.563141291,D18CL_323001,ITIC_120057,CF,Jonas_DonorAcceptor-NoWDonorWH2-AddInt-NewPTQ10BTP4F12-NoBG-ZnOCorr_D18CL:ITIC,Jonas_DonorAcceptor-NoWDonorWH2-AddInt-NewPTQ10BTP4F12-NoBG-ZnOCorr,0.03530151,03.11.2023 11:58,25622_192810_OD_x1y1,x1y1,0.005915906,0.6,1.4,5,2,0,0,0,0,1,0,1,0,0,0,134,2.107693561,0.105703991,2.280313989,0.82817101,0.039412235,0.085470827,1.763070421,0.075680713,1.940095238,0.051283632,0.188765841,0.100003082,0.487179487,0.235957302,0.2,0.335960384,0.297663318,0.702336682,-0.01561,0.00441,-0.00932,0.03033,0.00577,-0.00002,-0.00238,-0.00128,-0.00629,-0.00247,-0.04257,-0.00481,0,-0.05321,0,-0.05802,0.03163
25622,D18CL_323001,D18CL,ITIC_120057,ITIC,D18CL-ITIC,25622_B-3,CF,0,10,3000,59.8491146,2.12289,0.10159,2.28916,0.78942,0.03114,0.0855,1.76679,0.07677,1.94725,0.05401,0.22985,0.10532,0.48718,0.28732,0.2,0.39263,0.26823,0.73177,0.95,0.25,0.15,52.09402504,15.10800249,7.785009919,0.989154675,1.688498225,1.163251702,25.50983539,29.67435943,0.989154675,10.2351,0.9424,36.01,3.4734,4.87290249,0.046754675,16.08402504,4.311609919,0.67746216,0.952732696,0.6912501,0.446165135,03.11.2023 16:44,B-3,3.19E-06,1.4,0.6,5.45,5.34,3.81,3.31,1.53,2.032786885,1.66442953,3.78557047,3.307213115,1.55442953,0.779020483,0.565274855,D18CL_323001,ITIC_120057,CF,Jonas_DonorAcceptor-NoWDonorWH2-AddInt-NewPTQ10BTP4F12-NoBG-ZnOCorr_D18CL:ITIC,Jonas_DonorAcceptor-NoWDonorWH2-AddInt-NewPTQ10BTP4F12-NoBG-ZnOCorr,0.032389438,03.11.2023 11:58,25622_192810_OD_x3y2,x3y2,0.00556544,1.4,0.6,5,2,0,0,0,0,1,0,1,0,0,0,134,2.10980616,0.105077381,2.281005176,0.845962468,0.038707634,0.085607175,1.764030341,0.075958217,1.941699192,0.051267473,0.189973802,0.099971572,0.487179487,0.237467253,0.2,0.337438825,0.296265766,0.703734234,-0.01308,0.00349,-0.00816,0.05654,0.00756,0.0001,-0.00275,-0.00081,-0.00555,-0.00274,-0.03988,-0.00535,0,-0.04985,0,-0.0552,0.02804
25622,D18CL_323001,D18CL,ITIC_120057,ITIC,D18CL-ITIC,25622_B-1,CF,0,10,3000,59.28874991,2.12201,0.10163,2.28887,0.79001,0.03233,0.08522,1.7655,0.07665,1.94605,0.05331,0.22753,0.10396,0.48718,0.28442,0.2,0.38838,0.26768,0.73232,0.95,0.25,0.15,51.39974557,15.2699956,7.752693565,0.987762961,1.697178169,1.163251702,25.91590318,30.14671847,0.987762961,10.3468,0.9751,38.93,3.928,4.9231956,0.012662961,12.46974557,3.824693565,0.677590241,0.987180162,0.757396745,0.506662616,03.11.2023 16:44,B-1,4.33E-06,0.6,0.6,5.45,5.34,3.81,3.31,1.53,2.032786885,1.66442953,3.78557047,3.307213115,1.55442953,0.777924422,0.566666569,D18CL_323001,ITIC_120057,CF,Jonas_DonorAcceptor-NoWDonorWH2-AddInt-NewPTQ10BTP4F12-NoBG-ZnOCorr_D18CL:ITIC,Jonas_DonorAcceptor-NoWDonorWH2-AddInt-NewPTQ10BTP4F12-NoBG-ZnOCorr,0.032035333,03.11.2023 11:58,25622_192810_OD_x1y2,x1y2,0.005713098,0.6,0.6,5,2,0,0,0,0,1,0,1,0,0,0,134,2.107481732,0.105650669,2.28025969,0.813044623,0.04041669,0.085392195,1.763059179,0.075557281,1.940377132,0.05043217,0.186632104,0.098342731,0.487179487,0.23329013,0.2,0.331632862,0.296540972,0.703459028,-0.01453,0.00402,-0.00861,0.02303,0.00809,0.00017,-0.00244,-0.00109,-0.00567,-0.00288,-0.0409,-0.00562,0,-0.05113,0,-0.05675,0.02886
25622,D18CL_323001,D18CL,ITIC_120057,ITIC,D18CL-ITIC,25622_A-2,CF,0,10,3000,60.19059559,2.12372,0.10145,2.28971,0.79261,0.03296,0.08558,1.76626,0.07695,1.94706,0.05393,0.23078,0.10517,0.48718,0.28848,0.2,0.39365,0.26717,0.73283,0.95,0.25,0.15,51.04421438,15.22149773,7.654172601,0.985131804,1.684751677,1.163251702,25.64444383,29.83094292,0.985131804,9.7621,0.959,37.35,3.4965,5.45939773,0.026131804,13.69421438,4.157672601,0.641336363,0.973473799,0.731718579,0.456809662,03.11.2023 16:44,A-2,2.08E-06,1,1.4,5.45,5.34,3.81,3.31,1.53,2.032786885,1.66442953,3.78557047,3.307213115,1.55442953,0.775852223,0.569297726,D18CL_323001,ITIC_120057,CF,Jonas_DonorAcceptor-NoWDonorWH2-AddInt-NewPTQ10BTP4F12-NoBG-ZnOCorr_D18CL:ITIC,Jonas_DonorAcceptor-NoWDonorWH2-AddInt-NewPTQ10BTP4F12-NoBG-ZnOCorr,0.035641217,03.11.2023 11:58,25622_192810_OD_x2y1,x2y1,0.005817776,1,1.4,5,2,0,0,0,0,1,0,1,0,0,0,134,2.106804992,0.105961514,2.279893879,0.814520679,0.038654126,0.085290115,1.76290857,0.075475316,1.939706044,0.050717724,0.186256677,0.098899562,0.487179487,0.232820847,0.2,0.331720409,0.298147513,0.701852487,-0.01691,0.00451,-0.00982,0.02191,0.0057,-0.00029,-0.00335,-0.00147,-0.00735,-0.00322,-0.04453,-0.00627,0,-0.05566,0,-0.06193,0.03098
25623,D18CL_323001,D18CL,ITIC_120057,ITIC,D18CL-ITIC,25623_B-3,CF,2,10,3000,59.8144067,2.12925,0.09132,2.297,0.73195,0.03514,0.08592,1.7659,0.07644,1.94718,0.06461,0.22709,0.10984,0.41176,0.28386,0.2,0.3937,0.27898,0.72102,0.7,0.25,0.15,58.09212577,15.42562345,9.1898343,1.025528387,1.688554822,1.163251702,26.04701085,30.2992297,1.025528387,10.6737,0.9897,39.86,4.2105,4.75192345,0.035828387,18.23212577,4.9793343,0.691946101,0.965063486,0.686151513,0.458169306,03.11.2023 16:47,B-3,2.55E-06,1.4,0.6,5.45,5.34,3.81,3.31,1.53,2.032786885,1.66442953,3.78557047,3.307213115,1.55442953,0.807667031,0.528901143,D18CL_323001,ITIC_120057,CF,Jonas_DonorAcceptor-NoWDonorWH2-AddInt-NewPTQ10BTP4F12-NoBG-ZnOCorr_D18CL:ITIC,Jonas_DonorAcceptor-NoWDonorWH2-AddInt-NewPTQ10BTP4F12-NoBG-ZnOCorr,0.032417881,03.11.2023 12:04,25623_192819_OD_x3y2,x3y2,0.005846937,1.4,0.6,5,2,0,0,0,0,1,0,1,0,0,0,135,2.122235002,0.092874249,2.293653334,0.79896091,0.04225548,0.085851236,1.763970811,0.076174363,1.943656853,0.058986943,0.190887818,0.100277803,0.411764706,0.238609773,0.2,0.338887576,0.295902861,0.704097139,-0.00701,0.00156,-0.00335,0.06701,0.00712,-0.00007,-0.00193,-0.00027,-0.00352,-0.00562,-0.0362,-0.00956,0,-0.04526,0,-0.05481,0.01692
25623,D18CL_323001,D18CL,ITIC_120057,ITIC,D18CL-ITIC,25623_A-3,CF,2,10,3000,61.36758538,2.1288,0.09158,2.29717,0.72905,0.0363,0.08611,1.76647,0.0764,1.94744,0.06704,0.23112,0.11396,0.41176,0.2889,0.2,0.40286,0.28288,0.71712,0.7,0.25,0.15,57.6011178,15.40620985,9.082173015,1.023441564,1.66682863,1.163251702,25.67951165,29.87173562,1.023441564,10.4899,0.9829,38.83,4.0034,4.91630985,0.040541564,18.7711178,5.078773015,0.680887779,0.960387026,0.674118862,0.440797593,03.11.2023 16:47,A-3,2.58E-06,1.4,1.4,5.45,5.34,3.81,3.31,1.53,2.032786885,1.66442953,3.78557047,3.307213115,1.55442953,0.806023529,0.530987966,D18CL_323001,ITIC_120057,CF,Jonas_DonorAcceptor-NoWDonorWH2-AddInt-NewPTQ10BTP4F12-NoBG-ZnOCorr_D18CL:ITIC,Jonas_DonorAcceptor-NoWDonorWH2-AddInt-NewPTQ10BTP4F12-NoBG-ZnOCorr,0.035674276,03.11.2023 12:04,25623_192819_OD_x3y1,x3y1,0.006105284,1.4,1.4,5,2,0,0,0,0,1,0,1,0,0,0,135,2.122500346,0.092639794,2.293269896,0.831089759,0.043685115,0.086248842,1.764029442,0.076326979,1.943629223,0.06127837,0.195716533,0.104173229,0.411764706,0.244645666,0.2,0.348818895,0.298645602,0.701354398,-0.0063,0.00106,-0.0039,0.10204,0.00739,0.00014,-0.00244,-0.00008,-0.00381,-0.00576,-0.03541,-0.00979,0,-0.04426,0,-0.05404,0.01577
25623,D18CL_323001,D18CL,ITIC_120057,ITIC,D18CL-ITIC,25623_A-2,CF,2,10,3000,57.93318236,2.12568,0.09174,2.2955,0.70859,0.0339,0.08572,1.76511,0.0758,1.94602,0.06316,0.22057,0.10737,0.41176,0.27571,0.2,0.38308,0.28028,0.71972,0.7,0.25,0.15,57.46531755,15.45137679,9.080378062,1.022659216,1.714954813,1.163251702,26.498413,30.82432401,1.022659216,10.4737,0.9711,37.89,3.8536,4.97767679,0.051559216,19.57531755,5.226778062,0.67784898,0.949583189,0.659354226,0.424387616,03.11.2023 16:47,A-2,4.24E-06,1,1.4,5.45,5.34,3.81,3.31,1.53,2.032786885,1.66442953,3.78557047,3.307213115,1.55442953,0.805407381,0.531770314,D18CL_323001,ITIC_120057,CF,Jonas_DonorAcceptor-NoWDonorWH2-AddInt-NewPTQ10BTP4F12-NoBG-ZnOCorr_D18CL:ITIC,Jonas_DonorAcceptor-NoWDonorWH2-AddInt-NewPTQ10BTP4F12-NoBG-ZnOCorr,0.023401027,03.11.2023 12:04,25623_192819_OD_x2y1,x2y1,0.005597797,1,1.4,5,2,0,0,0,0,1,0,1,0,0,0,135,2.121378796,0.092110854,2.292004783,0.847081356,0.042577998,0.086067182,1.764262668,0.07627175,1.943005563,0.059796873,0.190691821,0.101654683,0.411764706,0.238364776,0.2,0.340019459,0.298975797,0.701024203,-0.00431,0.00037,-0.0035,0.13849,0.00868,0.00034,-0.00084,0.00047,-0.00301,-0.00336,-0.02988,-0.00571,0,-0.03735,0,-0.04306,0.0187
25623,D18CL_323001,D18CL,ITIC_120057,ITIC,D18CL-ITIC,25623_B-2,CF,2,10,3000,58.06473651,2.13069,0.09173,2.29799,0.71357,0.03436,0.0858,1.76755,0.0764,1.94892,0.06353,0.22074,0.108,0.41176,0.27592,0.2,0.38392,0.28131,0.71869,0.7,0.25,0.15,57.45159306,15.33258223,9.050185751,1.02740131,1.710115909,1.163251702,26.2204928,30.50103286,1.02740131,10.4869,0.9611,36.51,3.6794,4.84568223,0.06630131,20.94159306,5.370785751,0.683961765,0.935466979,0.635491517,0.406555191,03.11.2023 16:47,B-2,2.62E-06,1,0.6,5.45,5.34,3.81,3.31,1.53,2.032786885,1.66442953,3.78557047,3.307213115,1.55442953,0.809142073,0.52702822,D18CL_323001,ITIC_120057,CF,Jonas_DonorAcceptor-NoWDonorWH2-AddInt-NewPTQ10BTP4F12-NoBG-ZnOCorr_D18CL:ITIC,Jonas_DonorAcceptor-NoWDonorWH2-AddInt-NewPTQ10BTP4F12-NoBG-ZnOCorr,0.02925812,03.11.2023 12:04,25623_192819_OD_x2y2,x2y2,0.005769356,1,0.6,5,2,0,0,0,0,1,0,1,0,0,0,135,2.120651755,0.092947538,2.292464716,0.792277423,0.041129569,0.085585422,1.763619467,0.075914555,1.94285735,0.057657992,0.186095822,0.098018586,0.411764706,0.232619778,0.2,0.330638363,0.296466614,0.703533386,-0.01004,0.00122,-0.00552,0.07871,0.00677,-0.00022,-0.00393,-0.00048,-0.00606,-0.00587,-0.03464,-0.00998,0,-0.0433,0,-0.05328,0.01515
25624,D18CL_323001,D18CL,ITIC_120057,ITIC,D18CL-ITIC,25624_B-1,CF,1,10,2000,75.03578166,2.12853,0.09255,2.29571,0.76991,0.04288,0.08566,1.77167,0.07538,1.95008,0.08585,0.27017,0.14594,0.41176,0.33771,0.2,0.48365,0.30174,0.69826,0.7,0.25,0.15,58.20421622,15.87270725,9.482492683,1.026400995,1.510885001,1.163251702,23.9818353,27.89691072,1.026400995,10.4863,0.9934,38.5,4.0105,5.38640725,0.033000995,19.70421622,5.471992683,0.660649745,0.967847854,0.661464109,0.422937316,03.11.2023 16:49,B-1,4.82E-06,0.6,0.6,5.45,5.34,3.81,3.31,1.53,2.032786885,1.66442953,3.78557047,3.307213115,1.55442953,0.808354264,0.528028535,D18CL_323001,ITIC_120057,CF,Jonas_DonorAcceptor-NoWDonorWH2-AddInt-NewPTQ10BTP4F12-NoBG-ZnOCorr_D18CL:ITIC,Jonas_DonorAcceptor-NoWDonorWH2-AddInt-NewPTQ10BTP4F12-NoBG-ZnOCorr,0.084734979,03.11.2023 12:10,25624_192824_OD_x1y2,x1y2,0.009278429,0.6,0.6,5,2,0,0,0,0,1,0,1,0,0,0,136,2.128643595,0.093506317,2.29817843,0.910636284,0.050535839,0.085886088,1.771532758,0.075438248,1.948791383,0.085946413,0.244789938,0.146108902,0.411764706,0.305987422,0.2,0.452096324,0.323180911,0.676819089,0.00011,0.00095,0.00247,0.14073,0.00766,0.00022,-0.00014,0.00006,-0.00129,0.0001,-0.02538,0.00017,0,-0.03173,0,-0.03156,0.02144
25624,D18CL_323001,D18CL,ITIC_120057,ITIC,D18CL-ITIC,25624_A-1,CF,1,10,2000,67.88567366,2.13014,0.09221,2.29722,0.73741,0.03947,0.086,1.77035,0.07581,1.95013,0.07611,0.25032,0.12938,0.41176,0.3129,0.2,0.44228,0.29253,0.70747,0.7,0.25,0.15,58.0399886,15.67310745,9.341181598,1.026879268,1.585602915,1.163251702,24.85132486,28.90834593,1.026879268,10.6337,0.9629,35.99,3.6855,5.03940745,0.063979268,22.0499886,5.655681598,0.678467881,0.937695433,0.620089715,0.394543234,03.11.2023 16:49,A-1,3.83E-06,0.6,1.4,5.45,5.34,3.81,3.31,1.53,2.032786885,1.66442953,3.78557047,3.307213115,1.55442953,0.808730933,0.527550262,D18CL_323001,ITIC_120057,CF,Jonas_DonorAcceptor-NoWDonorWH2-AddInt-NewPTQ10BTP4F12-NoBG-ZnOCorr_D18CL:ITIC,Jonas_DonorAcceptor-NoWDonorWH2-AddInt-NewPTQ10BTP4F12-NoBG-ZnOCorr,0.060965128,03.11.2023 12:10,25624_192824_OD_x1y1,x1y1,0.007795662,0.6,1.4,5,2,0,0,0,0,1,0,1,0,0,0,136,2.125297547,0.091925009,2.29380975,0.868070868,0.044019459,0.08643813,1.765756457,0.07643014,1.94587805,0.065513832,0.209152416,0.111373514,0.411764706,0.26144052,0.2,0.372814034,0.298737451,0.701262549,-0.00484,-0.00028,-0.00341,0.13066,0.00455,0.00044,-0.0046,0.00062,-0.00425,-0.01059,-0.04117,-0.01801,0,-0.05146,0,-0.06947,0.00621
25624,D18CL_323001,D18CL,ITIC_120057,ITIC,D18CL-ITIC,25624_A-2,CF,1,10,2000,73.70568523,2.12859,0.09234,2.2969,0.75172,0.04232,0.08574,1.77166,0.07544,1.95014,0.08447,0.26633,0.14359,0.41176,0.33291,0.2,0.47651,0.30134,0.69866,0.7,0.25,0.15,58.07099769,15.66232561,9.338479438,1.026740353,1.523757175,1.163251702,23.86558103,27.76167774,1.026740353,10.3339,0.9929,38.14,3.9133,5.32842561,0.033840353,19.93099769,5.425179438,0.65979346,0.967040983,0.656782241,0.419051091,03.11.2023 16:49,A-2,3.36E-06,1,1.4,5.45,5.34,3.81,3.31,1.53,2.032786885,1.66442953,3.78557047,3.307213115,1.55442953,0.808621529,0.527689177,D18CL_323001,ITIC_120057,CF,Jonas_DonorAcceptor-NoWDonorWH2-AddInt-NewPTQ10BTP4F12-NoBG-ZnOCorr_D18CL:ITIC,Jonas_DonorAcceptor-NoWDonorWH2-AddInt-NewPTQ10BTP4F12-NoBG-ZnOCorr,0.075515568,03.11.2023 12:10,25624_192824_OD_x2y1,x2y1,0.009138323,1,1.4,5,2,0,0,0,0,1,0,1,0,0,0,136,2.126788598,0.09221454,2.295084382,0.894385537,0.046048457,0.08653065,1.767513033,0.0763959,1.94713737,0.071367892,0.219877089,0.121325417,0.411764706,0.274846362,0.2,0.396171778,0.30582651,0.69417349,-0.0018,-0.00013,-0.00182,0.14266,0.00373,0.00079,-0.00415,0.00095,-0.003,-0.0131,-0.04645,-0.02227,0,-0.05807,0,-0.08034,0.00448
25624,D18CL_323001,D18CL,ITIC_120057,ITIC,D18CL-ITIC,25624_A-3,CF,1,10,2000,73.92988709,2.12837,0.09263,2.29608,0.7655,0.04227,0.08564,1.77118,0.0752,1.94969,0.0845,0.26702,0.14365,0.41176,0.33377,0.2,0.47742,0.30089,0.69911,0.7,0.25,0.15,58.48036847,15.41476924,9.251610767,1.026290302,1.521711056,1.163251702,23.45682477,27.28619133,1.026290302,10.3461,0.9904,38.1,3.9035,5.06866924,0.035890302,20.38036847,5.348110767,0.671180985,0.965029094,0.651500683,0.421926527,03.11.2023 16:49,A-3,3.67E-06,1.4,1.4,5.45,5.34,3.81,3.31,1.53,2.032786885,1.66442953,3.78557047,3.307213115,1.55442953,0.808267086,0.528139228,D18CL_323001,ITIC_120057,CF,Jonas_DonorAcceptor-NoWDonorWH2-AddInt-NewPTQ10BTP4F12-NoBG-ZnOCorr_D18CL:ITIC,Jonas_DonorAcceptor-NoWDonorWH2-AddInt-NewPTQ10BTP4F12-NoBG-ZnOCorr,0.079316533,03.11.2023 12:10,25624_192824_OD_x3y1,x3y1,0.009080616,1.4,1.4,5,2,0,0,0,0,1,0,1,0,0,0,136,2.128279649,0.092504071,2.296359014,0.920700207,0.048077455,0.086623169,1.769269609,0.07636166,1.948396689,0.077221952,0.230601763,0.131277319,0.411764706,0.288252204,0.2,0.419529523,0.312915568,0.687084432,-0.00009,-0.00012,0.00028,0.1552,0.00581,0.00098,-0.00192,0.00116,-0.00129,-0.00728,-0.03642,-0.01237,0,-0.04552,0,-0.0579,0.01203
25633,D18CL_323001,D18CL,L8-BO_321144,L8-BO,D18CL-L8-BO,25633_B-3,CF,0,15,2000,133.7666829,2.10686,0.12648,2.28777,0.95,0,0.06697,1.56822,0.09453,1.73676,0.16615,0.32253,0.32399,0.48718,0.49991,0.35484,0.8239,0.39323,0.60677,0.95,0.55,0.22,61.3921868,23.82701566,13.68902083,0.9358142,1.135070616,1,27.04534534,27.04534534,0.9358142,21.1922,0.887,49.27,9.2605,2.63481566,0.0488142,12.1221868,4.42852083,0.889418981,0.947837722,0.802545121,0.676491045,08.11.2023 12:00,B-3,1.47E-06,1.4,0.6,5.45,5.34,3.77,3.31,1.57,2.032786885,1.454557964,3.995442036,3.307213115,1.344557964,0.974200648,0.408743764,D18CL_323001,L8-BO_321144,CF,Jonas_DonorAcceptor-NoWDonorWH2-AddInt-NewPTQ10BTP4F12-NoBG-ZnOCorr_D18CL:L8-BO,Jonas_DonorAcceptor-NoWDonorWH2-AddInt-NewPTQ10BTP4F12-NoBG-ZnOCorr,0.237426899,03.11.2023 16:04,25633_193228_OD_x3y2,x3y2,0.007281034,1.4,0.6,5,4,0,0,0,0,1,0,0,0,1,0,137,2.105021812,0.126102622,2.28953069,0.95,2.80E-21,0.066896483,1.553977186,0.096675378,1.729177358,0.16638654,0.311575112,0.324453754,0.487179487,0.482941423,0.35483871,0.807395176,0.401852479,0.598147521,-0.00184,-0.00038,0.00177,0,0,-0.00007,-0.01424,0.00214,-0.00759,0.00024,-0.01095,0.00047,0,-0.01697,0,-0.01651,0.00862
25633,D18CL_323001,D18CL,L8-BO_321144,L8-BO,D18CL-L8-BO,25633_A-3,CF,0,15,2000,135.1391619,2.10677,0.1264,2.28781,0.95,0,0.06683,1.56889,0.09441,1.73719,0.16817,0.32547,0.32793,0.48718,0.50448,0.35484,0.8324,0.39395,0.60605,0.95,0.55,0.22,61.14815769,23.83492303,13.66969448,0.937911104,1.131180442,1,26.96159878,26.96159878,0.937911104,21.3276,0.8893,49.1,9.313,2.50732303,0.048611104,12.04815769,4.35669448,0.894804652,0.948170883,0.802967773,0.681288087,08.11.2023 12:00,A-3,1.18E-06,1.4,1.4,5.45,5.34,3.77,3.31,1.57,2.032786885,1.454557964,3.995442036,3.307213115,1.344557964,0.976383565,0.40664686,D18CL_323001,L8-BO_321144,CF,Jonas_DonorAcceptor-NoWDonorWH2-AddInt-NewPTQ10BTP4F12-NoBG-ZnOCorr_D18CL:L8-BO,Jonas_DonorAcceptor-NoWDonorWH2-AddInt-NewPTQ10BTP4F12-NoBG-ZnOCorr,0.239839859,03.11.2023 16:04,25633_193228_OD_x3y1,x3y1,0.007343951,1.4,1.4,5,4,0,0,0,0,1,0,0,0,1,0,137,2.102823954,0.125415546,2.286858919,0.95,9.24E-23,0.066909394,1.559315976,0.097037013,1.73349055,0.167804887,0.311187739,0.327219529,0.487179487,0.482340996,0.35483871,0.809560525,0.404194028,0.595805972,-0.00394,-0.00098,-0.00095,0,0,0.00008,-0.00957,0.00263,-0.0037,-0.00036,-0.01428,-0.00071,0,-0.02214,0,-0.02284,0.01024
25633,D18CL_323001,D18CL,L8-BO_321144,L8-BO,D18CL-L8-BO,25633_B-1,CF,0,15,2000,135.3326343,2.10706,0.12638,2.28814,0.95,0,0.06696,1.56787,0.09444,1.73638,0.16835,0.32558,0.32828,0.48718,0.50464,0.35484,0.83292,0.39413,0.60587,0.95,0.55,0.22,61.08823957,23.60165988,13.51193579,0.937167923,1.130722229,1,26.68692147,26.68692147,0.937167923,20.9625,0.8909,49.4,9.2266,2.63915988,0.046267923,11.68823957,4.28533579,0.888179056,0.950630061,0.808666289,0.682848124,08.11.2023 12:00,B-1,2.08E-06,0.6,0.6,5.45,5.34,3.77,3.31,1.57,2.032786885,1.454557964,3.995442036,3.307213115,1.344557964,0.975609899,0.407390041,D18CL_323001,L8-BO_321144,CF,Jonas_DonorAcceptor-NoWDonorWH2-AddInt-NewPTQ10BTP4F12-NoBG-ZnOCorr_D18CL:L8-BO,Jonas_DonorAcceptor-NoWDonorWH2-AddInt-NewPTQ10BTP4F12-NoBG-ZnOCorr,0.249732288,03.11.2023 16:04,25633_193228_OD_x1y2,x1y2,0.007621238,0.6,0.6,5,4,0,0,0,0,1,0,0,0,1,0,137,2.103198467,0.125501589,2.28688756,0.95,5.76E-20,0.066708117,1.558881016,0.096604818,1.732873839,0.172462179,0.31789097,0.336301248,0.487179487,0.492731004,0.35483871,0.829032252,0.405655205,0.594344795,-0.00387,-0.00088,-0.00125,0,0,-0.00025,-0.00899,0.00216,-0.00351,0.00411,-0.00768,0.00802,0,-0.01191,0,-0.00389,0.01153
25633,D18CL_323001,D18CL,L8-BO_321144,L8-BO,D18CL-L8-BO,25633_A-1,CF,0,15,2000,141.5189442,2.10637,0.12615,2.28747,0.95,0,0.06635,1.56977,0.09406,1.73793,0.17717,0.33817,0.34548,0.48718,0.52416,0.35484,0.86964,0.39726,0.60274,0.95,0.55,0.22,59.5972434,24.08513538,13.47315459,0.938629131,1.113855614,1,26.82736326,26.82736326,0.938629131,21.408,0.8917,48.94,9.3437,2.67713538,0.046929131,10.6572434,4.12945459,0.888846986,0.950002478,0.821178921,0.693504995,08.11.2023 12:00,A-1,2.19E-06,0.6,1.4,5.45,5.34,3.77,3.31,1.57,2.032786885,1.454557964,3.995442036,3.307213115,1.344557964,0.977131045,0.405928833,D18CL_323001,L8-BO_321144,CF,Jonas_DonorAcceptor-NoWDonorWH2-AddInt-NewPTQ10BTP4F12-NoBG-ZnOCorr_D18CL:L8-BO,Jonas_DonorAcceptor-NoWDonorWH2-AddInt-NewPTQ10BTP4F12-NoBG-ZnOCorr,0.263915203,03.11.2023 16:04,25633_193228_OD_x1y1,x1y1,0.007561163,0.6,1.4,5,4,0,0,0,0,1,0,0,0,1,0,137,2.102353695,0.125101534,2.286564571,0.95,6.09E-18,0.066674596,1.559627193,0.096878456,1.733800142,0.172479286,0.318737328,0.336334608,0.487179487,0.494042858,0.35483871,0.830377467,0.405038217,0.594961783,-0.00402,-0.00105,-0.00091,0,0,0.00032,-0.01014,0.00281,-0.00413,-0.00469,-0.01943,-0.00914,0,-0.03012,0,-0.03926,0.00777
25634,D18CL_323001,D18CL,L8-BO_321144,L8-BO,D18CL-L8-BO,25634_A-1,CF,0,12.5,2000,95.40461422,2.10516,0.12744,2.28189,0.95,0.07122,0.06951,1.56402,0.09755,1.73358,0.11404,0.24207,0.22238,0.48718,0.37521,0.35484,0.59759,0.37213,0.62787,0.95,0.55,0.22,66.16772134,24.78623069,15.38492278,0.93807736,1.288154394,1,31.92849198,31.92849198,0.93807736,22.4048,0.8905,55.6,11.0934,2.38143069,0.04757736,10.56772134,4.29152278,0.903921225,0.949282051,0.840288873,0.721056593,08.11.2023 12:03,A-1,2.16E-06,0.6,1.4,5.45,5.34,3.77,3.31,1.57,2.032786885,1.454557964,3.995442036,3.307213115,1.344557964,0.976556641,0.406480604,D18CL_323001,L8-BO_321144,CF,Jonas_DonorAcceptor-NoWDonorWH2-AddInt-NewPTQ10BTP4F12-NoBG-ZnOCorr_D18CL:L8-BO,Jonas_DonorAcceptor-NoWDonorWH2-AddInt-NewPTQ10BTP4F12-NoBG-ZnOCorr,0.056320044,03.11.2023 16:09,25634_193236_OD_x1y1,x1y1,0.011181614,0.6,1.4,5,4,0,0,0,0,1,0,0,0,1,0,138,2.104100409,0.127174672,2.287977545,0.95,0.037623064,0.069433845,1.552519887,0.099653638,1.729217295,0.127460954,0.250360786,0.248548861,0.487179487,0.388059219,0.35483871,0.636608079,0.390426808,0.609573192,-0.00106,-0.00026,0.00609,0,-0.0336,-0.00007,-0.0115,0.00211,-0.00436,0.01342,0.00829,0.02617,0,0.01285,0,0.03902,0.0183
25634,D18CL_323001,D18CL,L8-BO_321144,L8-BO,D18CL-L8-BO,25634_B-1,CF,0,12.5,2000,94.49230054,2.10548,0.12741,2.28156,0.95,0.06954,0.06991,1.56299,0.09775,1.73272,0.1133,0.2398,0.22094,0.48718,0.3717,0.35484,0.59263,0.37281,0.62719,0.95,0.55,0.22,66.68010391,24.48945558,15.29195942,0.936456781,1.292863168,1,31.66151513,31.66151513,0.936456781,22.13,0.8911,55.94,11.0303,2.35945558,0.045356781,10.74010391,4.26165942,0.903654225,0.951565537,0.838930906,0.721313711,08.11.2023 12:03,B-1,1.25E-06,0.6,0.6,5.45,5.34,3.77,3.31,1.57,2.032786885,1.454557964,3.995442036,3.307213115,1.344557964,0.974869587,0.408101183,D18CL_323001,L8-BO_321144,CF,Jonas_DonorAcceptor-NoWDonorWH2-AddInt-NewPTQ10BTP4F12-NoBG-ZnOCorr_D18CL:L8-BO,Jonas_DonorAcceptor-NoWDonorWH2-AddInt-NewPTQ10BTP4F12-NoBG-ZnOCorr,0.049612369,03.11.2023 16:09,25634_193236_OD_x1y2,x1y2,0.010815817,0.6,0.6,5,4,0,0,0,0,1,0,0,0,1,0,138,2.104474504,0.127146092,2.284343555,0.95,0.056813377,0.070386047,1.550601872,0.100831671,1.727196355,0.111103434,0.226715782,0.216651697,0.487179487,0.351409462,0.35483871,0.568061159,0.381387978,0.618612022,-0.00101,-0.00026,0.00278,0,-0.01273,0.00048,-0.01239,0.00309,-0.00553,-0.0022,-0.01309,-0.00429,0,-0.02029,0,-0.02457,0.00858
25634,D18CL_323001,D18CL,L8-BO_321144,L8-BO,D18CL-L8-BO,25634_A-3,CF,0,12.5,2000,105.503932,2.11015,0.13,2.28913,0.95,0.04598,0.06789,1.56495,0.09649,1.73501,0.12984,0.26205,0.25319,0.48718,0.40618,0.35484,0.65937,0.38398,0.61602,0.95,0.55,0.22,66.24095656,24.42408114,15.15521862,0.936736357,1.236387453,1,30.19762748,30.19762748,0.936736357,21.895,0.8881,55.28,10.7507,2.52908114,0.048636357,10.96095656,4.40451862,0.896451329,0.948078927,0.834529012,0.709372809,08.11.2023 12:03,A-3,1.64E-06,1.4,1.4,5.45,5.34,3.77,3.31,1.57,2.032786885,1.454557964,3.995442036,3.307213115,1.344557964,0.975160631,0.407821607,D18CL_323001,L8-BO_321144,CF,Jonas_DonorAcceptor-NoWDonorWH2-AddInt-NewPTQ10BTP4F12-NoBG-ZnOCorr_D18CL:L8-BO,Jonas_DonorAcceptor-NoWDonorWH2-AddInt-NewPTQ10BTP4F12-NoBG-ZnOCorr,0.156123473,03.11.2023 16:09,25634_193236_OD_x3y1,x3y1,0.010992062,1.4,1.4,5,4,0,0,0,0,1,0,0,0,1,0,138,2.104447438,0.127133097,2.283516583,0.95,0.060922945,0.071089369,1.548140119,0.101763493,1.725885492,0.104079344,0.218108562,0.20295472,0.487179487,0.338068272,0.35483871,0.541022992,0.375131415,0.624868585,-0.00571,-0.00287,-0.00561,0,0.01495,0.0032,-0.01681,0.00527,-0.00912,-0.02576,-0.04395,-0.05023,0,-0.06812,0,-0.11835,-0.00885
25634,D18CL_323001,D18CL,L8-BO_321144,L8-BO,D18CL-L8-BO,25634_B-3,CF,0,12.5,2000,96.04622674,2.10608,0.12789,2.28284,0.95,0.06845,0.06957,1.56369,0.09746,1.73335,0.11537,0.24312,0.22497,0.48718,0.37683,0.35484,0.6018,0.37382,0.62618,0.95,0.55,0.22,66.39305413,24.33972129,15.12036032,0.935672559,1.284417576,1,31.26236582,31.26236582,0.935672559,21.2909,0.8838,54.56,10.2667,3.04882129,0.051872559,11.83305413,4.85366032,0.874738858,0.944561205,0.82177271,0.678998369,08.11.2023 12:03,B-3,1.76E-06,1.4,0.6,5.45,5.34,3.77,3.31,1.57,2.032786885,1.454557964,3.995442036,3.307213115,1.344557964,0.974053197,0.408885405,D18CL_323001,L8-BO_321144,CF,Jonas_DonorAcceptor-NoWDonorWH2-AddInt-NewPTQ10BTP4F12-NoBG-ZnOCorr_D18CL:L8-BO,Jonas_DonorAcceptor-NoWDonorWH2-AddInt-NewPTQ10BTP4F12-NoBG-ZnOCorr,0.056093336,03.11.2023 16:09,25634_193236_OD_x3y2,x3y2,0.010920992,1.4,0.6,5,4,0,0,0,0,1,0,0,0,1,0,138,2.104987132,0.12589767,2.286270806,0.95,0.039148932,0.069453035,1.552748861,0.099777101,1.728985376,0.126464656,0.247092317,0.24660608,0.487179487,0.382993092,0.35483871,0.629599172,0.391687427,0.608312573,-0.00109,-0.002,0.00343,0,-0.0293,-0.00012,-0.01094,0.00232,-0.00437,0.0111,0.00398,0.02164,0,0.00616,0,0.0278,0.01786
25635,D18CL_323001,D18CL,L8-BO_321144,L8-BO,D18CL-L8-BO,25635_A-2,CF,0,10,2000,74.11221772,2.10303,0.12717,2.27169,0.95,0.07992,0.07142,1.55793,0.10036,1.72863,0.08801,0.19983,0.17163,0.48718,0.30973,0.35484,0.48136,0.35655,0.64345,0.95,0.55,0.22,66.60662368,23.84643747,14.90395326,0.938340698,1.432751471,1,34.16601837,34.16601837,0.938340698,22.7054,0.8981,59.83,12.2009,1.14103747,0.040240698,6.77662368,2.70305326,0.952150611,0.957115046,0.898259012,0.818635149,08.11.2023 12:05,A-2,2.13E-06,1,1.4,5.45,5.34,3.77,3.31,1.57,2.032786885,1.454557964,3.995442036,3.307213115,1.344557964,0.976830781,0.406217266,D18CL_323001,L8-BO_321144,CF,Jonas_DonorAcceptor-NoWDonorWH2-AddInt-NewPTQ10BTP4F12-NoBG-ZnOCorr_D18CL:L8-BO,Jonas_DonorAcceptor-NoWDonorWH2-AddInt-NewPTQ10BTP4F12-NoBG-ZnOCorr,0.04194082,03.11.2023 16:15,25635_193258_OD_x2y1,x2y1,0.00689708,1,1.4,5,4,0,0,0,0,1,0,0,0,1,0,139,2.102038001,0.128070494,2.273009272,0.95,0.067905999,0.072119926,1.544496352,0.103845913,1.722077994,0.083483545,0.184721977,0.162792913,0.487179487,0.286319064,0.35483871,0.449111976,0.362106806,0.637893194,-0.001,0.0009,0.00132,0,-0.01201,0.0007,-0.01343,0.00348,-0.00655,-0.00453,-0.0151,-0.00883,0,-0.02341,0,-0.03225,0.00556
25635,D18CL_323001,D18CL,L8-BO_321144,L8-BO,D18CL-L8-BO,25635_A-1,CF,0,10,2000,67.64612103,2.10192,0.12684,2.26816,0.95,0.07308,0.072,1.55389,0.10115,1.72589,0.07973,0.18819,0.15547,0.48718,0.2917,0.35484,0.44717,0.34768,0.65232,0.95,0.55,0.22,66.98161337,23.58913577,14.81110281,0.937388805,1.492948063,1,35.21735456,35.21735456,0.937388805,22.6353,0.8761,50.33,9.9808,0.95383577,0.061288805,16.65161337,4.83030281,0.959564616,0.93461752,0.751400235,0.673872846,08.11.2023 12:05,A-1,2.07E-06,0.6,1.4,5.45,5.34,3.77,3.31,1.57,2.032786885,1.454557964,3.995442036,3.307213115,1.344557964,0.975839842,0.407169159,D18CL_323001,L8-BO_321144,CF,Jonas_DonorAcceptor-NoWDonorWH2-AddInt-NewPTQ10BTP4F12-NoBG-ZnOCorr_D18CL:L8-BO,Jonas_DonorAcceptor-NoWDonorWH2-AddInt-NewPTQ10BTP4F12-NoBG-ZnOCorr,0.032944992,03.11.2023 16:15,25635_193258_OD_x1y1,x1y1,0.005456674,0.6,1.4,5,4,0,0,0,0,1,0,0,0,1,0,139,2.100693526,0.127509416,2.27013699,0.95,0.06626931,0.072222709,1.542378274,0.10419274,1.720844821,0.078026401,0.180117615,0.152151483,0.487179487,0.279182304,0.35483871,0.431333787,0.352746498,0.647253502,-0.00123,0.00067,0.00198,0,-0.00681,0.00022,-0.01152,0.00304,-0.00505,-0.0017,-0.00807,-0.00332,0,-0.01252,0,-0.01584,0.00507
25635,D18CL_323001,D18CL,L8-BO_321144,L8-BO,D18CL-L8-BO,25635_A-3,CF,0,10,2000,72.96634747,2.10329,0.12739,2.27122,0.95,0.07812,0.07155,1.5574,0.10046,1.72841,0.08691,0.19743,0.16947,0.48718,0.30601,0.35484,0.47548,0.35641,0.64359,0.95,0.55,0.22,66.86356446,23.57205236,14.78368046,0.937984464,1.441783957,1,33.98580692,33.98580692,0.937984464,22.4389,0.8911,56.57,11.3116,1.13315236,0.046884464,10.29356446,3.47208046,0.951928142,0.950015735,0.846051216,0.765140997,08.11.2023 12:05,A-3,7.19E-06,1.4,1.4,5.45,5.34,3.77,3.31,1.57,2.032786885,1.454557964,3.995442036,3.307213115,1.344557964,0.976459934,0.4065735,D18CL_323001,L8-BO_321144,CF,Jonas_DonorAcceptor-NoWDonorWH2-AddInt-NewPTQ10BTP4F12-NoBG-ZnOCorr_D18CL:L8-BO,Jonas_DonorAcceptor-NoWDonorWH2-AddInt-NewPTQ10BTP4F12-NoBG-ZnOCorr,0.043336242,03.11.2023 16:15,25635_193258_OD_x3y1,x3y1,0.00663476,1.4,1.4,5,4,0,0,0,0,1,0,0,0,1,0,139,2.103382476,0.128631572,2.275881554,0.95,0.069542689,0.072017144,1.54661443,0.103499085,1.723311167,0.088940688,0.189326338,0.173434342,0.487179487,0.293455824,0.35483871,0.466890166,0.371467114,0.628532886,0.00009,0.00124,0.00466,0,-0.00857,0.00047,-0.01078,0.00304,-0.0051,0.00203,-0.0081,0.00397,0,-0.01255,0,-0.00859,0.01505
25635,D18CL_323001,D18CL,L8-BO_321144,L8-BO,D18CL-L8-BO,25635_B-1,CF,0,10,2000,66.7784343,2.10164,0.12684,2.26721,0.95,0.07575,0.0716,1.55562,0.10116,1.72689,0.07891,0.18638,0.15388,0.48718,0.28889,0.35484,0.44277,0.34753,0.65247,0.95,0.55,0.22,67.19872236,23.32742435,14.70983516,0.938382717,1.499983328,1,34.99074761,34.99074761,0.938382717,22.5383,0.901,62.26,12.6431,0.78912435,0.037382717,4.93872236,2.06673516,0.966171818,0.960162611,0.92650571,0.859499774,08.11.2023 12:05,B-1,1.45E-06,0.6,0.6,5.45,5.34,3.77,3.31,1.57,2.032786885,1.454557964,3.995442036,3.307213115,1.344557964,0.976874523,0.406175247,D18CL_323001,L8-BO_321144,CF,Jonas_DonorAcceptor-NoWDonorWH2-AddInt-NewPTQ10BTP4F12-NoBG-ZnOCorr_D18CL:L8-BO,Jonas_DonorAcceptor-NoWDonorWH2-AddInt-NewPTQ10BTP4F12-NoBG-ZnOCorr,0.039738966,03.11.2023 16:15,25635_193258_OD_x1y2,x1y2,0.005838314,0.6,0.6,5,4,0,0,0,0,1,0,0,0,1,0,139,2.099352193,0.126910339,2.266239823,0.949999292,0.066945351,0.072046467,1.54210867,0.104624575,1.720613824,0.073726109,0.174226151,0.143765913,0.487179487,0.270050534,0.35483871,0.413816447,0.347414691,0.652585309,-0.00229,0.00007,-0.00097,0,-0.00881,0.00044,-0.01352,0.00346,-0.00627,-0.00519,-0.01216,-0.01011,0,-0.01884,0,-0.02895,-0.00012
25636,D18CL_323001,D18CL,L8-BO_321144,L8-BO,D18CL-L8-BO,25636_A-1,CF,0,10,1000,102.7122094,2.10507,0.12717,2.28322,0.95,0.06336,0.06802,1.56774,0.09632,1.73625,0.12449,0.2563,0.24276,0.48718,0.39727,0.35484,0.64003,0.37929,0.62071,0.95,0.55,0.22,65.90376093,24.30765637,14.99208752,0.935855552,1.24878887,1,30.35513073,30.35513073,0.935855552,22.5087,0.8983,55.06,11.1344,1.79895637,0.037555552,10.84376093,3.85768752,0.925992192,0.959870354,0.835460666,0.742685099,08.11.2023 12:08,A-1,1.67E-06,0.6,1.4,5.45,5.34,3.77,3.31,1.57,2.032786885,1.454557964,3.995442036,3.307213115,1.344557964,0.974243696,0.408702412,D18CL_323001,L8-BO_321144,CF,Jonas_DonorAcceptor-NoWDonorWH2-AddInt-NewPTQ10BTP4F12-NoBG-ZnOCorr_D18CL:L8-BO,Jonas_DonorAcceptor-NoWDonorWH2-AddInt-NewPTQ10BTP4F12-NoBG-ZnOCorr,0.079764557,03.11.2023 16:21,25636_193276_OD_x1y1,x1y1,0.010400229,0.6,1.4,5,4,0,0,0,0,1,0,0,0,1,0,140,2.103838326,0.12744471,2.285261177,0.95,0.059741179,0.06948283,1.5550528,0.100077227,1.7299508,0.114662172,0.231306853,0.223591235,0.487179487,0.358525622,0.35483871,0.582116857,0.384100257,0.615899743,-0.00123,0.00028,0.00204,0,-0.00362,0.00147,-0.01269,0.00376,-0.0063,-0.00983,-0.02499,-0.01917,0,-0.03874,0,-0.05791,0.00481
25636,D18CL_323001,D18CL,L8-BO_321144,L8-BO,D18CL-L8-BO,25636_A-2,CF,0,10,1000,92.79086493,2.10456,0.12738,2.28023,0.95,0.0755,0.06927,1.56475,0.09765,1.73384,0.11104,0.23656,0.21653,0.48718,0.36667,0.35484,0.5832,0.37128,0.62872,0.95,0.55,0.22,65.04993506,24.22374251,14.74316536,0.935626746,1.302236891,1,31.54505113,31.54505113,0.935626746,22.734,0.8968,55.45,11.3045,1.48974251,0.038826746,9.59993506,3.43866536,0.938500729,0.958501885,0.852422065,0.766762071,08.11.2023 12:08,A-2,1.60E-06,1,1.4,5.45,5.34,3.77,3.31,1.57,2.032786885,1.454557964,3.995442036,3.307213115,1.344557964,0.974005504,0.408931218,D18CL_323001,L8-BO_321144,CF,Jonas_DonorAcceptor-NoWDonorWH2-AddInt-NewPTQ10BTP4F12-NoBG-ZnOCorr_D18CL:L8-BO,Jonas_DonorAcceptor-NoWDonorWH2-AddInt-NewPTQ10BTP4F12-NoBG-ZnOCorr,0.064144944,03.11.2023 16:21,25636_193276_OD_x2y1,x2y1,0.011458544,1,1.4,5,4,0,0,0,0,1,0,0,0,1,0,140,2.103481788,0.127438242,2.285550792,0.95,0.061960911,0.069474295,1.554913759,0.10000488,1.729798277,0.113406081,0.229971621,0.221141858,0.487179487,0.356456012,0.35483871,0.577597871,0.382854997,0.617145003,-0.00108,0.00006,0.00532,0,-0.01354,0.00021,-0.00983,0.00235,-0.00404,0.00237,-0.00659,0.00461,0,-0.01021,0,-0.0056,0.01158
25636,D18CL_323001,D18CL,L8-BO_321144,L8-BO,D18CL-L8-BO,25636_B-1,CF,0,10,1000,101.4447507,2.10633,0.1277,2.2833,0.95,0.05739,0.06908,1.56419,0.09679,1.73362,0.12225,0.2543,0.23839,0.48718,0.39417,0.35484,0.63256,0.37687,0.62313,0.95,0.55,0.22,66.49911419,23.66760636,14.68899607,0.933301399,1.25678384,1,29.7450652,29.7450652,0.933301399,21.966,0.8975,55.54,10.9487,1.70160636,0.035801399,10.95911419,3.74029607,0.928103994,0.961640046,0.835199095,0.745367481,08.11.2023 12:08,B-1,1.67E-06,0.6,0.6,5.45,5.34,3.77,3.31,1.57,2.032786885,1.454557964,3.995442036,3.307213115,1.344557964,0.971584773,0.411256565,D18CL_323001,L8-BO_321144,CF,Jonas_DonorAcceptor-NoWDonorWH2-AddInt-NewPTQ10BTP4F12-NoBG-ZnOCorr_D18CL:L8-BO,Jonas_DonorAcceptor-NoWDonorWH2-AddInt-NewPTQ10BTP4F12-NoBG-ZnOCorr,0.065193866,03.11.2023 16:21,25636_193276_OD_x1y2,x1y2,0.00950396,0.6,0.6,5,4,0,0,0,0,1,0,0,0,1,0,140,2.103662004,0.125998883,2.28718497,0.95,0.029930164,0.06825806,1.557518865,0.097815481,1.731843006,0.137448487,0.258602749,0.268024549,0.487179487,0.400834261,0.35483871,0.668858809,0.400719173,0.599280827,-0.00267,-0.0017,0.00389,0,-0.02746,-0.00082,-0.00667,0.00103,-0.00178,0.0152,0.0043,0.02963,0,0.00667,0,0.0363,0.02385
25636,D18CL_323001,D18CL,L8-BO_321144,L8-BO,D18CL-L8-BO,25636_A-3,CF,0,10,1000,98.99213946,2.10576,0.12777,2.28251,0.95,0.06433,0.06901,1.56531,0.09703,1.7345,0.1195,0.24898,0.23302,0.48718,0.38593,0.35484,0.61895,0.37648,0.62352,0.95,0.55,0.22,66.16674205,23.58299156,14.60097466,0.935714158,1.268122825,1,29.90612988,29.90612988,0.935714158,21.9493,0.8998,55.56,10.9722,1.63369156,0.035914158,10.60674205,3.62877466,0.930725856,0.961618452,0.839696776,0.751470382,08.11.2023 12:08,A-3,9.81E-07,1.4,1.4,5.45,5.34,3.77,3.31,1.57,2.032786885,1.454557964,3.995442036,3.307213115,1.344557964,0.974096502,0.408843806,D18CL_323001,L8-BO_321144,CF,Jonas_DonorAcceptor-NoWDonorWH2-AddInt-NewPTQ10BTP4F12-NoBG-ZnOCorr_D18CL:L8-BO,Jonas_DonorAcceptor-NoWDonorWH2-AddInt-NewPTQ10BTP4F12-NoBG-ZnOCorr,0.068455648,03.11.2023 16:21,25636_193276_OD_x3y1,x3y1,0.010286248,1.4,1.4,5,4,0,0,0,0,1,0,0,0,1,0,140,2.10312525,0.127431774,2.285840408,0.95,0.064180642,0.06946576,1.554774718,0.099932532,1.729645754,0.112149991,0.228636388,0.218692482,0.487179487,0.354386402,0.35483871,0.573078884,0.381609737,0.618390263,-0.00263,-0.00033,0.00333,0,-0.00015,0.00046,-0.01053,0.0029,-0.00486,-0.00735,-0.02035,-0.01433,0,-0.03154,0,-0.04587,0.00513
25637,D18CL_323001,D18CL,L8-BO_321144,L8-BO,D18CL-L8-BO,25637_B-3,CF,2,10,1000,102.358935,2.10662,0.10894,2.28574,0.95,0.03118,0.06934,1.55229,0.09921,1.72776,0.14268,0.25578,0.24256,0.41176,0.39646,0.35484,0.63902,0.37959,0.62041,0.7,0.6,0.25,65.52557748,25.11421686,15.24278904,0.926262202,1.254665936,1,31.50995241,31.50995241,0.926262202,22.6201,0.8884,54.41,10.9337,2.49411686,0.037862202,11.11557748,4.30908904,0.900689045,0.959123667,0.83036277,0.717303111,08.11.2023 12:10,B-3,4.99E-06,1.4,0.6,5.45,5.34,3.77,3.31,1.57,2.032786885,1.454557964,3.995442036,3.307213115,1.344557964,0.964256833,0.418295762,D18CL_323001,L8-BO_321144,CF,Jonas_DonorAcceptor-NoWDonorWH2-AddInt-NewPTQ10BTP4F12-NoBG-ZnOCorr_D18CL:L8-BO,Jonas_DonorAcceptor-NoWDonorWH2-AddInt-NewPTQ10BTP4F12-NoBG-ZnOCorr,0.122509414,03.11.2023 16:27,25637_193290_OD_x3y2,x3y2,0.006270645,1.4,0.6,5,4,0,0,0,0,1,0,0,0,1,0,141,2.10741263,0.108473498,2.291665734,0.95,0.017382054,0.068916246,1.555652528,0.099158277,1.731511771,0.162014725,0.266969008,0.275425033,0.411764706,0.413801963,0.35483871,0.689226996,0.399614401,0.600385599,0.00079,-0.00046,0.00592,0,-0.0138,-0.00042,0.00336,-0.00005,0.00375,0.01933,0.01119,0.03286,0,0.01735,0,0.05021,0.02003
25637,D18CL_323001,D18CL,L8-BO_321144,L8-BO,D18CL-L8-BO,25637_A-2,CF,2,10,1000,106.4386928,2.10516,0.10765,2.28479,0.95,0.03736,0.06861,1.5567,0.09873,1.73131,0.15106,0.26197,0.25679,0.41176,0.40605,0.35484,0.66285,0.38741,0.61259,0.7,0.6,0.25,64.40261031,25.11977639,15.01463538,0.928101663,1.231618783,1,30.93798842,30.93798842,0.928101663,22.5976,0.8908,52.9,10.6492,2.52217639,0.037301663,11.50261031,4.36543538,0.899593995,0.959808645,0.821395278,0.709254653,08.11.2023 12:10,A-2,1.17E-05,1,1.4,5.45,5.34,3.77,3.31,1.57,2.032786885,1.454557964,3.995442036,3.307213115,1.344557964,0.966171748,0.416456301,D18CL_323001,L8-BO_321144,CF,Jonas_DonorAcceptor-NoWDonorWH2-AddInt-NewPTQ10BTP4F12-NoBG-ZnOCorr_D18CL:L8-BO,Jonas_DonorAcceptor-NoWDonorWH2-AddInt-NewPTQ10BTP4F12-NoBG-ZnOCorr,0.120351372,03.11.2023 16:27,25637_193290_OD_x2y1,x2y1,0.007546511,1,1.4,5,4,0,0,0,0,1,0,0,0,1,0,141,2.107366133,0.109623844,2.291166557,0.95,0.040541596,0.069676443,1.552837188,0.100008118,1.7292968,0.13958737,0.242411185,0.237298528,0.411764706,0.375737337,0.35483871,0.613035865,0.387072469,0.612927531,0.0022,0.00197,0.00638,0,0.00318,0.00106,-0.00386,0.00128,-0.00201,-0.01147,-0.01956,-0.0195,0,-0.03032,0,-0.04981,-0.00034
25637,D18CL_323001,D18CL,L8-BO_321144,L8-BO,D18CL-L8-BO,25637_A-1,CF,2,10,1000,101.7590099,2.10566,0.1093,2.28507,0.95,0.03882,0.06965,1.55402,0.09953,1.72957,0.14077,0.25539,0.23932,0.41176,0.39586,0.35484,0.63518,0.37677,0.62323,0.7,0.6,0.25,64.4209014,24.69469289,14.75872676,0.927723303,1.257666139,1,31.05767906,31.05767906,0.927723303,22.6724,0.8958,54.95,11.1597,2.02229289,0.031923303,9.4709014,3.59902676,0.918108198,0.965589629,0.852984029,0.756142463,08.11.2023 12:10,A-1,1.04E-05,0.6,1.4,5.45,5.34,3.77,3.31,1.57,2.032786885,1.454557964,3.995442036,3.307213115,1.344557964,0.965777868,0.416834661,D18CL_323001,L8-BO_321144,CF,Jonas_DonorAcceptor-NoWDonorWH2-AddInt-NewPTQ10BTP4F12-NoBG-ZnOCorr_D18CL:L8-BO,Jonas_DonorAcceptor-NoWDonorWH2-AddInt-NewPTQ10BTP4F12-NoBG-ZnOCorr,0.10668614,03.11.2023 16:27,25637_193290_OD_x1y1,x1y1,0.006498327,0.6,1.4,5,4,0,0,0,0,1,0,0,0,1,0,141,2.106654751,0.109795089,2.290974482,0.95,0.048848219,0.069634909,1.554136206,0.100142636,1.730778426,0.137667948,0.24065006,0.234035511,0.411764706,0.373007592,0.35483871,0.607043104,0.385533597,0.614466403,0.00099,0.00049,0.0059,0,0.01003,-0.00002,0.00011,0.00061,0.00121,-0.00311,-0.01474,-0.00528,0,-0.02285,0,-0.02813,0.00876
25637,D18CL_323001,D18CL,L8-BO_321144,L8-BO,D18CL-L8-BO,25637_A-3,CF,2,10,1000,99.27112466,2.10497,0.10893,2.28377,0.95,0.04722,0.06959,1.55427,0.09968,1.72967,0.13751,0.24962,0.23377,0.41176,0.3869,0.35484,0.62068,0.37664,0.62336,0.7,0.6,0.25,63.58089199,25.07620992,14.75327742,0.925337144,1.269479228,1,31.83372761,31.83372761,0.925337144,22.8098,0.8902,54.33,11.0314,2.26640992,0.035137144,9.25089199,3.72187742,0.90961912,0.962027739,0.85450201,0.747725382,08.11.2023 12:10,A-3,1.56E-05,1.4,1.4,5.45,5.34,3.77,3.31,1.57,2.032786885,1.454557964,3.995442036,3.307213115,1.344557964,0.96329383,0.41922082,D18CL_323001,L8-BO_321144,CF,Jonas_DonorAcceptor-NoWDonorWH2-AddInt-NewPTQ10BTP4F12-NoBG-ZnOCorr_D18CL:L8-BO,Jonas_DonorAcceptor-NoWDonorWH2-AddInt-NewPTQ10BTP4F12-NoBG-ZnOCorr,0.085480152,03.11.2023 16:27,25637_193290_OD_x3y1,x3y1,0.006674501,1.4,1.4,5,4,0,0,0,0,1,0,0,0,1,0,141,2.108077515,0.109452599,2.291358631,0.95,0.032234973,0.069717977,1.55153817,0.0998736,1.727815173,0.141506791,0.24417231,0.240561545,0.411764706,0.378467081,0.35483871,0.619028626,0.388611342,0.611388658,0.00311,0.00053,0.00758,0,-0.01499,0.00013,-0.00273,0.0002,-0.00186,0.00399,-0.00544,0.00679,0,-0.00844,0,-0.00165,0.01197
25638,D18CL_323001,D18CL,L8-BO_321144,L8-BO,D18CL-L8-BO,25638_A-3,CF,0,10,3000,55.06452975,2.10083,0.12726,2.26481,0.90234,0.06322,0.07128,1.55134,0.10204,1.72303,0.06707,0.16303,0.13079,0.48718,0.2527,0.35484,0.3835,0.34106,0.65894,0.95,0.55,0.22,66.9217389,23.01023996,14.43355493,0.937313656,1.62714033,1,37.44088945,37.44088945,0.937313656,22.4244,0.9004,59.95,12.1053,0.58583996,0.036913656,6.9717389,2.32825493,0.974540033,0.960617606,0.895822508,0.838691511,08.11.2023 12:13,A-3,4.60E-06,1.4,1.4,5.45,5.34,3.77,3.31,1.57,2.032786885,1.454557964,3.995442036,3.307213115,1.344557964,0.97576161,0.407244308,D18CL_323001,L8-BO_321144,CF,Jonas_DonorAcceptor-NoWDonorWH2-AddInt-NewPTQ10BTP4F12-NoBG-ZnOCorr_D18CL:L8-BO,Jonas_DonorAcceptor-NoWDonorWH2-AddInt-NewPTQ10BTP4F12-NoBG-ZnOCorr,0.030280556,03.11.2023 16:32,25638_193303_OD_x3y1,x3y1,0.003772085,1.4,1.4,5,4,0,0,0,0,1,0,0,0,1,0,142,2.097776049,0.128536036,2.261965579,0.835531172,0.055340208,0.071513038,1.538276523,0.105638691,1.716441157,0.060125507,0.14786205,0.117244739,0.487179487,0.229186177,0.35483871,0.346430916,0.338436132,0.661563868,-0.00305,0.00128,-0.00285,-0.06681,-0.00788,0.00023,-0.01306,0.0036,-0.00659,-0.00695,-0.01517,-0.01355,0,-0.02351,0,-0.03706,-0.00262
25638,D18CL_323001,D18CL,L8-BO_321144,L8-BO,D18CL-L8-BO,25638_A-2,CF,0,10,3000,53.94458053,2.10061,0.12726,2.26473,0.89334,0.06331,0.07109,1.55155,0.10193,1.72303,0.06632,0.16043,0.12933,0.48718,0.24866,0.35484,0.37799,0.34215,0.65785,0.95,0.55,0.22,66.06660967,22.96360236,14.21813457,0.937174756,1.639556444,1,37.65012224,37.65012224,0.937174756,22.2332,0.9043,62.23,12.5114,0.73040236,0.032874756,3.83660967,1.70673457,0.968193041,0.964921424,0.941928159,0.879960725,08.11.2023 12:13,A-2,7.22E-06,1,1.4,5.45,5.34,3.77,3.31,1.57,2.032786885,1.454557964,3.995442036,3.307213115,1.344557964,0.975617013,0.407383208,D18CL_323001,L8-BO_321144,CF,Jonas_DonorAcceptor-NoWDonorWH2-AddInt-NewPTQ10BTP4F12-NoBG-ZnOCorr_D18CL:L8-BO,Jonas_DonorAcceptor-NoWDonorWH2-AddInt-NewPTQ10BTP4F12-NoBG-ZnOCorr,0.029087581,03.11.2023 16:32,25638_193303_OD_x2y1,x2y1,0.003752517,1,1.4,5,4,0,0,0,0,1,0,0,0,1,0,142,2.097864002,0.12852677,2.262820629,0.847357507,0.058065635,0.071359309,1.538938338,0.105442576,1.716967214,0.061474791,0.150188132,0.119875842,0.487179487,0.232791604,0.35483871,0.352667446,0.339886202,0.660113798,-0.00275,0.00127,-0.0019,-0.04598,-0.00525,0.00027,-0.01261,0.00351,-0.00607,-0.00485,-0.01024,-0.00945,0,-0.01587,0,-0.02532,-0.00226
25638,D18CL_323001,D18CL,L8-BO_321144,L8-BO,D18CL-L8-BO,25638_B-2,CF,0,10,3000,55.74248517,2.1008,0.12723,2.26537,0.90158,0.06467,0.07127,1.55156,0.10193,1.72318,0.06795,0.1641,0.1325,0.48718,0.25436,0.35484,0.38686,0.34251,0.65749,0.95,0.55,0.22,66.01797106,22.95497017,14.20020202,0.937034578,1.618156924,1,37.14474392,37.14474392,0.937034578,22.2251,0.8881,52.71,10.404,0.72987017,0.048934578,13.30797106,3.79620202,0.968204264,0.947777191,0.798418963,0.732665633,08.11.2023 12:13,B-2,6.65E-06,1,0.6,5.45,5.34,3.77,3.31,1.57,2.032786885,1.454557964,3.995442036,3.307213115,1.344557964,0.975471085,0.407523386,D18CL_323001,L8-BO_321144,CF,Jonas_DonorAcceptor-NoWDonorWH2-AddInt-NewPTQ10BTP4F12-NoBG-ZnOCorr_D18CL:L8-BO,Jonas_DonorAcceptor-NoWDonorWH2-AddInt-NewPTQ10BTP4F12-NoBG-ZnOCorr,0.029755827,03.11.2023 16:32,25638_193303_OD_x2y2,x2y2,0.003948443,1,0.6,5,4,0,0,0,0,1,0,0,0,1,0,142,2.09758016,0.128294538,2.261867762,0.853566464,0.055871628,0.071313922,1.538679402,0.105583659,1.716711129,0.060300278,0.148086865,0.117585542,0.487179487,0.22953464,0.35483871,0.347120182,0.33873801,0.66126199,-0.00322,0.00106,-0.00351,-0.04802,-0.00879,0.00005,-0.01288,0.00366,-0.00647,-0.00765,-0.01601,-0.01492,0,-0.02482,0,-0.03974,-0.00377
25638,D18CL_323001,D18CL,L8-BO_321144,L8-BO,D18CL-L8-BO,25638_B-3,CF,0,10,3000,54.10358072,2.10076,0.1273,2.26528,0.89291,0.06191,0.07116,1.55112,0.10198,1.72282,0.06639,0.16087,0.12946,0.48718,0.24934,0.35484,0.37881,0.34177,0.65823,0.95,0.55,0.22,65.84755938,22.64991202,13.94919016,0.935282466,1.63816756,1,37.10435111,37.10435111,0.935282466,22.1447,0.9023,61.68,12.325,0.50521202,0.032982466,4.16755938,1.62419016,0.977694747,0.964735289,0.936708977,0.883563838,08.11.2023 12:13,B-3,1.89E-05,1.4,0.6,5.45,5.34,3.77,3.31,1.57,2.032786885,1.454557964,3.995442036,3.307213115,1.344557964,0.973647102,0.409275498,D18CL_323001,L8-BO_321144,CF,Jonas_DonorAcceptor-NoWDonorWH2-AddInt-NewPTQ10BTP4F12-NoBG-ZnOCorr_D18CL:L8-BO,Jonas_DonorAcceptor-NoWDonorWH2-AddInt-NewPTQ10BTP4F12-NoBG-ZnOCorr,0.029709794,03.11.2023 16:32,25638_193303_OD_x3y2,x3y2,0.003612912,1.4,0.6,5,4,0,0,0,0,1,0,0,0,1,0,142,2.097935954,0.128424415,2.262576772,0.860708224,0.056623773,0.07152877,1.538692917,0.105487072,1.71677756,0.061305194,0.150209487,0.119545129,0.487179487,0.232824705,0.35483871,0.352369833,0.339260395,0.660739605,-0.00282,0.00113,-0.0027,-0.0322,-0.00528,0.00037,-0.01243,0.00351,-0.00604,-0.00509,-0.01066,-0.00992,0,-0.01652,0,-0.02644,-0.00251
25639,D18CL_323001,D18CL,L8-BO_321144,L8-BO,D18CL-L8-BO,25639_A-2,CF,2,10,3000,54.58806364,2.10028,0.111,2.27378,0.82359,0.04661,0.07213,1.54114,0.10544,1.71947,0.07937,0.16186,0.13493,0.41176,0.25088,0.35484,0.38581,0.34974,0.65026,0.7,0.6,0.25,61.53757181,23.07174911,13.05480818,0.919495523,1.635869262,1,37.74236519,37.74236519,0.919495523,22.4913,0.9031,62.22,12.6371,0.58044911,0.016395523,-0.68242819,0.41770818,0.974841565,0.982169002,1.011089618,0.968003499,08.11.2023 12:15,A-2,1.34E-05,1,1.4,5.45,5.34,3.77,3.31,1.57,2.032786885,1.454557964,3.995442036,3.307213115,1.344557964,0.95721259,0.425062441,D18CL_323001,L8-BO_321144,CF,Jonas_DonorAcceptor-NoWDonorWH2-AddInt-NewPTQ10BTP4F12-NoBG-ZnOCorr_D18CL:L8-BO,Jonas_DonorAcceptor-NoWDonorWH2-AddInt-NewPTQ10BTP4F12-NoBG-ZnOCorr,0.027440562,03.11.2023 16:38,25639_193306_OD_x2y1,x2y1,0.00317546,1,1.4,5,4,0,0,0,0,1,0,0,0,1,0,143,2.100031361,0.111278923,2.271856301,0.834940877,0.052987533,0.072222341,1.538307218,0.106135968,1.717960104,0.074497573,0.153858339,0.126645874,0.411764706,0.238480425,0.35483871,0.365126299,0.34669139,0.65330861,-0.00025,0.00028,-0.00193,0.01135,0.00638,0.0001,-0.00283,0.0007,-0.00151,-0.00487,-0.008,-0.00829,0,-0.0124,0,-0.02068,-0.00305
25639,D18CL_323001,D18CL,L8-BO_321144,L8-BO,D18CL-L8-BO,25639_B-1,CF,2,10,3000,56.57543237,2.10081,0.11042,2.27462,0.83806,0.04846,0.07213,1.54159,0.10534,1.71979,0.08177,0.16556,0.13901,0.41176,0.25662,0.35484,0.39563,0.35137,0.64863,0.7,0.6,0.25,61.6799688,22.92499156,12.99250403,0.918839233,1.611115297,1,36.93480458,36.93480458,0.918839233,22.485,0.8984,59.17,11.9528,0.43999156,0.020439233,2.5099688,1.03970403,0.98080734,0.977755376,0.959306581,0.919976624,08.11.2023 12:15,B-1,2.81E-05,0.6,0.6,5.45,5.34,3.77,3.31,1.57,2.032786885,1.454557964,3.995442036,3.307213115,1.344557964,0.956529379,0.425718731,D18CL_323001,L8-BO_321144,CF,Jonas_DonorAcceptor-NoWDonorWH2-AddInt-NewPTQ10BTP4F12-NoBG-ZnOCorr_D18CL:L8-BO,Jonas_DonorAcceptor-NoWDonorWH2-AddInt-NewPTQ10BTP4F12-NoBG-ZnOCorr,0.030497831,03.11.2023 16:38,25639_193306_OD_x1y2,x1y2,0.003208159,0.6,0.6,5,4,0,0,0,0,1,0,0,0,1,0,143,2.099405361,0.111611488,2.270740537,0.814289545,0.048159303,0.07210758,1.537228607,0.106327586,1.717034558,0.070167929,0.148607725,0.11928548,0.411764706,0.230341974,0.35483871,0.349627455,0.341178813,0.658821187,-0.00141,0.00119,-0.00388,-0.02377,-0.0003,-0.00002,-0.00436,0.00099,-0.00275,-0.0116,-0.01695,-0.01973,0,-0.02628,0,-0.04601,-0.01019
25639,D18CL_323001,D18CL,L8-BO_321144,L8-BO,D18CL-L8-BO,25639_A-3,CF,2,10,3000,53.84971487,2.10042,0.1108,2.27411,0.81885,0.04403,0.07209,1.54073,0.1054,1.71923,0.07856,0.16049,0.13355,0.41176,0.24876,0.35484,0.38231,0.34932,0.65068,0.7,0.6,0.25,58.55463022,22.55827984,12.05263854,0.912462258,1.645246729,1,37.11393612,37.11393612,0.912462258,22.099,0.8999,59.46,11.8245,0.45927984,0.012562258,-0.90536978,0.22813854,0.979640299,0.986232572,1.015461967,0.981071486,08.11.2023 12:15,A-3,5.84E-05,1.4,1.4,5.45,5.34,3.77,3.31,1.57,2.032786885,1.454557964,3.995442036,3.307213115,1.344557964,0.949890825,0.432095706,D18CL_323001,L8-BO_321144,CF,Jonas_DonorAcceptor-NoWDonorWH2-AddInt-NewPTQ10BTP4F12-NoBG-ZnOCorr_D18CL:L8-BO,Jonas_DonorAcceptor-NoWDonorWH2-AddInt-NewPTQ10BTP4F12-NoBG-ZnOCorr,0.028907282,03.11.2023 16:38,25639_193306_OD_x3y1,x3y1,0.002941824,1.4,1.4,5,4,0,0,0,0,1,0,0,0,1,0,143,2.099546601,0.111683029,2.271085724,0.809167251,0.049383717,0.072104139,1.537354858,0.106347959,1.717229903,0.070770384,0.149122494,0.120309653,0.411764706,0.231139866,0.35483871,0.351449519,0.342324136,0.657675864,-0.00087,0.00088,-0.00303,-0.00968,0.00535,0.00001,-0.00337,0.00095,-0.002,-0.00779,-0.01137,-0.01324,0,-0.01762,0,-0.03086,-0.00699
25639,D18CL_323001,D18CL,L8-BO_321144,L8-BO,D18CL-L8-BO,25639_B-2,CF,2,10,3000,53.40585048,2.10049,0.11068,2.27408,0.82063,0.04438,0.07202,1.54068,0.10536,1.71916,0.07822,0.1593,0.13298,0.41176,0.24691,0.35484,0.37989,0.35004,0.64996,0.7,0.6,0.25,58.28338658,22.41401208,11.90731995,0.911485246,1.649982736,1,36.98273297,36.98273297,0.911485246,21.8562,0.8869,52.9,10.2553,0.55781208,0.024585246,5.38338658,1.65201995,0.975113243,0.973027269,0.907634287,0.861260136,08.11.2023 12:15,B-2,1.76E-05,1,0.6,5.45,5.34,3.77,3.31,1.57,2.032786885,1.454557964,3.995442036,3.307213115,1.344557964,0.948873737,0.433072718,D18CL_323001,L8-BO_321144,CF,Jonas_DonorAcceptor-NoWDonorWH2-AddInt-NewPTQ10BTP4F12-NoBG-ZnOCorr_D18CL:L8-BO,Jonas_DonorAcceptor-NoWDonorWH2-AddInt-NewPTQ10BTP4F12-NoBG-ZnOCorr,0.029154968,03.11.2023 16:38,25639_193306_OD_x2y2,x2y2,0.002937887,1,0.6,5,4,0,0,0,0,1,0,0,0,1,0,143,2.099378162,0.111804703,2.270609689,0.804979472,0.046491577,0.072166868,1.537028611,0.106575638,1.716720988,0.0693426,0.146390038,0.117882421,0.411764706,0.226904559,0.35483871,0.34478698,0.34190954,0.65809046,-0.00111,0.00112,-0.00347,-0.01565,0.00211,0.00014,-0.00365,0.00121,-0.00244,-0.00888,-0.01291,-0.0151,0,-0.02001,0,-0.0351,-0.00813
25640,D18CL_323001,D18CL,L8-BO_321144,L8-BO,D18CL-L8-BO,25640_B-3,CF,1,10,2000,73.88160064,2.10219,0.10969,2.27567,0.93032,0.06179,0.0721,1.54742,0.10312,1.72465,0.10132,0.20032,0.17225,0.41176,0.31049,0.35484,0.48274,0.35681,0.64319,0.7,0.6,0.25,65.8688558,24.3334042,14.838864,0.925801041,1.439662818,1,35.03189726,35.03189726,0.925801041,23.0414,0.9018,60.84,12.6423,1.2920042,0.024001041,5.0288558,2.196564,0.946904092,0.974075379,0.923653512,0.851972226,08.11.2023 12:18,B-3,7.24E-06,1.4,0.6,5.45,5.34,3.77,3.31,1.57,2.032786885,1.454557964,3.995442036,3.307213115,1.344557964,0.963776756,0.418756923,D18CL_323001,L8-BO_321144,CF,Jonas_DonorAcceptor-NoWDonorWH2-AddInt-NewPTQ10BTP4F12-NoBG-ZnOCorr_D18CL:L8-BO,Jonas_DonorAcceptor-NoWDonorWH2-AddInt-NewPTQ10BTP4F12-NoBG-ZnOCorr,0.032124021,03.11.2023 16:44,25640_193319_OD_x3y2,x3y2,0.004664727,1.4,0.6,5,4,0,0,0,0,1,0,0,0,1,0,144,2.1039955,0.110167705,2.281442689,0.95,0.067144309,0.071795791,1.547568336,0.103177184,1.724980817,0.10284833,0.195354658,0.174842162,0.411764706,0.30279972,0.35483871,0.477641881,0.366052829,0.633947171,0.00181,0.00048,0.00577,0.01968,0.00535,-0.0003,0.00015,0.00006,0.00033,0.00153,-0.00496,0.00259,0,-0.00769,0,-0.0051,0.00924
25640,D18CL_323001,D18CL,L8-BO_321144,L8-BO,D18CL-L8-BO,25640_B-2,CF,1,10,2000,75.50500592,2.10183,0.10927,2.27595,0.93913,0.06467,0.07178,1.54859,0.10297,1.72548,0.10324,0.20339,0.1755,0.41176,0.31525,0.35484,0.49075,0.35762,0.64238,0.7,0.6,0.25,65.05092252,24.5548684,14.78522484,0.925628807,1.426002127,1,35.01529456,35.01529456,0.925628807,23.219,0.9014,60.08,12.5744,1.3358684,0.024228807,4.97092252,2.21082484,0.945596597,0.973824489,0.923584135,0.850470665,08.11.2023 12:18,B-2,8.85E-06,1,0.6,5.45,5.34,3.77,3.31,1.57,2.032786885,1.454557964,3.995442036,3.307213115,1.344557964,0.963597457,0.418929157,D18CL_323001,L8-BO_321144,CF,Jonas_DonorAcceptor-NoWDonorWH2-AddInt-NewPTQ10BTP4F12-NoBG-ZnOCorr_D18CL:L8-BO,Jonas_DonorAcceptor-NoWDonorWH2-AddInt-NewPTQ10BTP4F12-NoBG-ZnOCorr,0.034407266,03.11.2023 16:44,25640_193319_OD_x2y2,x2y2,0.005024356,1,0.6,5,4,0,0,0,0,1,0,0,0,1,0,144,2.10338322,0.110215055,2.279846724,0.95,0.067073967,0.071942722,1.546532169,0.103526828,1.724230449,0.098717796,0.191436831,0.167820252,0.411764706,0.296727088,0.35483871,0.46454734,0.361116287,0.638883713,0.00156,0.00095,0.0039,0.01087,0.0024,0.00017,-0.00205,0.00056,-0.00125,-0.00452,-0.01195,-0.00768,0,-0.01852,0,-0.0262,0.0035
25640,D18CL_323001,D18CL,L8-BO_321144,L8-BO,D18CL-L8-BO,25640_A-2,CF,1,10,2000,68.21905616,2.10144,0.10988,2.27456,0.89956,0.06075,0.0722,1.54599,0.10401,1.7235,0.09446,0.18937,0.16058,0.41176,0.29352,0.35484,0.45409,0.35362,0.64638,0.7,0.6,0.25,65.02860398,24.40591115,14.70261475,0.926392693,1.490133689,1,36.36807041,36.36807041,0.926392693,23.2979,0.8977,58.81,12.2996,1.10801115,0.028692693,6.21860398,2.40301475,0.954600705,0.969027505,0.904371252,0.836558681,08.11.2023 12:18,A-2,7.10E-06,1,1.4,5.45,5.34,3.77,3.31,1.57,2.032786885,1.454557964,3.995442036,3.307213115,1.344557964,0.964392677,0.418165271,D18CL_323001,L8-BO_321144,CF,Jonas_DonorAcceptor-NoWDonorWH2-AddInt-NewPTQ10BTP4F12-NoBG-ZnOCorr_D18CL:L8-BO,Jonas_DonorAcceptor-NoWDonorWH2-AddInt-NewPTQ10BTP4F12-NoBG-ZnOCorr,0.030439759,03.11.2023 16:44,25640_193319_OD_x2y1,x2y1,0.004267605,1,1.4,5,4,0,0,0,0,1,0,0,0,1,0,144,2.102115234,0.110201015,2.276069371,0.941306736,0.064981723,0.071979439,1.543952767,0.104501204,1.722300522,0.090290595,0.181150383,0.153494012,0.411764706,0.280783094,0.35483871,0.434277106,0.353221533,0.646778467,0.00068,0.00032,0.00151,0.04175,0.00423,-0.00022,-0.00204,0.00049,-0.0012,-0.00417,-0.00822,-0.00708,0,-0.01274,0,-0.01982,-0.0004
25640,D18CL_323001,D18CL,L8-BO_321144,L8-BO,D18CL-L8-BO,25640_A-3,CF,1,10,2000,67.92590792,2.10137,0.11015,2.27548,0.88323,0.0595,0.07224,1.54577,0.1039,1.72338,0.09439,0.18893,0.16047,0.41176,0.29284,0.35484,0.45331,0.35399,0.64601,0.7,0.6,0.25,65.79773901,24.09220759,14.68743185,0.926527465,1.493070542,1,35.97136546,35.97136546,0.926527465,22.8686,0.9038,62.47,12.9119,1.22360759,0.022727465,3.32773901,1.77553185,0.949211479,0.975470274,0.949424721,0.879112164,08.11.2023 12:18,A-3,5.10E-06,1.4,1.4,5.45,5.34,3.77,3.31,1.57,2.032786885,1.454557964,3.995442036,3.307213115,1.344557964,0.964532977,0.418030499,D18CL_323001,L8-BO_321144,CF,Jonas_DonorAcceptor-NoWDonorWH2-AddInt-NewPTQ10BTP4F12-NoBG-ZnOCorr_D18CL:L8-BO,Jonas_DonorAcceptor-NoWDonorWH2-AddInt-NewPTQ10BTP4F12-NoBG-ZnOCorr,0.028946343,03.11.2023 16:44,25640_193319_OD_x3y1,x3y1,0.004039089,1.4,1.4,5,4,0,0,0,0,1,0,0,0,1,0,144,2.100898314,0.110218724,2.273330617,0.932613473,0.062868026,0.072403422,1.542275454,0.10502103,1.721309454,0.084703464,0.173594328,0.143995889,0.411764706,0.269071208,0.35483871,0.413067097,0.348601692,0.651398308,-0.00048,0.00007,-0.00215,0.04938,0.00337,0.00016,-0.0035,0.00113,-0.00207,-0.00969,-0.01534,-0.01647,0,-0.02377,0,-0.04024,-0.00539
26141,D18CL_323001,D18CL,ITIC-4F_120033,ITIC-4F,D18CL-ITIC-4F,26141_B-3,CF,0,15,2000,185.8883244,2.11097,0.10635,2.28095,0.95,0,0.08354,1.70935,0.07744,1.8872,0.18098,0.49943,0.35291,0.48718,0.65825,0.24127,1.01116,0.34902,0.65098,0.95,0.318,0.15,55.59765464,18.1258854,8.930803819,0.886206331,1.099751518,1.111298409,19.93396998,22.15258913,0.886206331,0,0.0024,24.36,0,18.1258854,0.883806331,31.23765464,8.930803819,0,0.002708173,0.438147979,0,29.11.2023 12:52,B-3,5.12E-06,1.4,0.6,5.47,5.34,3.97,3.31,1.37,2.032786885,1.604329004,3.865670996,3.307213115,1.474329004,0.783670096,0.588122673,D18CL_323001,ITIC-4F_120033,CF,Jonas_DonorAcceptor-NoWDonorWH2-AddInt-NewPTQ10BTP4F12-NoBG-ZnOCorr_D18CL:ITIC-4F,Jonas_DonorAcceptor-NoWDonorWH2-AddInt-NewPTQ10BTP4F12-NoBG-ZnOCorr,0.338075313,29.11.2023 10:45,26141_208095_OD_x3y2,x3y2,0.005649076,1.4,0.6,5,3,0,0,0,0,1,0,0,1,0,0,145,2.111124838,0.106200347,2.284149801,0.95,6.09E-25,0.085224107,1.699568338,0.079151486,1.883130421,0.15805227,0.422000781,0.308201926,0.487179487,0.556197029,0.241274659,0.864398955,0.356550553,0.643449447,0.00016,-0.00015,0.0032,0,0,0.00169,-0.00978,0.00171,-0.00407,-0.02293,-0.07743,-0.04471,0,-0.10205,0,-0.14676,0.00753
26141,D18CL_323001,D18CL,ITIC-4F_120033,ITIC-4F,D18CL-ITIC-4F,26141_A-1,CF,0,15,2000,98.27154546,2.11632,0.1191,2.32277,0.36515,0,0.08561,1.69241,0.08064,1.88306,0.10963,0.28536,0.21379,0.48718,0.37611,0.24127,0.5899,0.36241,0.63759,0.95,0.318,0.15,57.3728686,17.15895754,8.737244276,0.88751768,1.361843146,1.111298409,23.36780872,25.96860865,0.88751768,0.4165,0.834,36.89,0.1281,16.74245754,0.05351768,20.4828686,8.609144276,0.024273036,0.93969959,0.642986849,0.014661373,29.11.2023 12:52,A-1,6.90E-06,0.6,1.4,5.47,5.34,3.97,3.31,1.37,2.032786885,1.604329004,3.865670996,3.307213115,1.474329004,0.784829719,0.586811324,D18CL_323001,ITIC-4F_120033,CF,Jonas_DonorAcceptor-NoWDonorWH2-AddInt-NewPTQ10BTP4F12-NoBG-ZnOCorr_D18CL:ITIC-4F,Jonas_DonorAcceptor-NoWDonorWH2-AddInt-NewPTQ10BTP4F12-NoBG-ZnOCorr,1.595964265,29.11.2023 10:45,26141_208095_OD_x1y1,x1y1,0.022341279,0.6,1.4,5,3,0,0,0,0,1,0,0,1,0,0,145,2.10284754,0.106547886,2.281920983,0.95,7.89E-31,0.084796744,1.693927891,0.076661535,1.879881255,0.147799102,0.390902815,0.28820825,0.487179487,0.51520991,0.241274659,0.80341816,0.358727577,0.641272423,-0.01347,-0.01256,-0.04085,0.58485,0,-0.00082,0.00152,-0.00398,-0.00318,0.03816,0.10554,0.07442,0,0.1391,0,0.21352,-0.00369
26141,D18CL_323001,D18CL,ITIC-4F_120033,ITIC-4F,D18CL-ITIC-4F,26141_A-2,CF,0,15,2000,83.74362065,2.12026,0.1102,2.28987,0.7969,0,0.08776,1.69425,0.08422,1.8811,0.07746,0.26367,0.15105,0.48718,0.34752,0.24127,0.49857,0.30296,0.69704,0.95,0.318,0.15,56.59417047,16.82808986,8.462632061,0.888584918,1.46686277,1.111298409,24.68449851,27.43184392,0.888584918,0.0005,0.0413,25.06,0,16.82758986,0.847284918,31.53417047,8.462632061,2.97E-05,0.046478394,0.44280179,0,29.11.2023 12:52,A-2,7.37E-06,1,1.4,5.47,5.34,3.97,3.31,1.37,2.032786885,1.604329004,3.865670996,3.307213115,1.474329004,0.785773475,0.585744086,D18CL_323001,ITIC-4F_120033,CF,Jonas_DonorAcceptor-NoWDonorWH2-AddInt-NewPTQ10BTP4F12-NoBG-ZnOCorr_D18CL:ITIC-4F,Jonas_DonorAcceptor-NoWDonorWH2-AddInt-NewPTQ10BTP4F12-NoBG-ZnOCorr,0.159194442,29.11.2023 10:45,26141_208095_OD_x2y1,x2y1,0.005465872,1,1.4,5,3,0,0,0,0,1,0,0,1,0,0,145,2.105292736,0.10655551,2.280820847,0.95,4.68E-21,0.083257385,1.698997897,0.076111356,1.880625719,0.165125353,0.435785983,0.321994438,0.487179487,0.574365925,0.241274659,0.896360363,0.359177649,0.640822351,-0.01496,-0.00364,-0.00905,0.1531,0,-0.00451,0.00475,-0.00811,-0.00047,0.08767,0.17211,0.17095,0,0.22685,0,0.39779,0.05621
26141,D18CL_323001,D18CL,ITIC-4F_120033,ITIC-4F,D18CL-ITIC-4F,26141_B-1,CF,0,15,2000,137.4787094,2.11561,0.10406,2.28078,0.95,0,0.08641,1.70372,0.07997,1.88521,0.13288,0.38364,0.25912,0.48718,0.50564,0.24127,0.76476,0.33882,0.66118,0.95,0.318,0.15,53.14028026,17.64560685,8.313358218,0.886576173,1.206692354,1.111298409,21.29281886,23.66267572,0.886576173,0.3956,0.8296,42.16,0.1383,17.25000685,0.056976173,10.98028026,8.175058218,0.022419178,0.935734599,0.793371804,0.016635876,29.11.2023 12:52,B-1,5.93E-07,0.6,0.6,5.47,5.34,3.97,3.31,1.37,2.032786885,1.604329004,3.865670996,3.307213115,1.474329004,0.783997147,0.587752831,D18CL_323001,ITIC-4F_120033,CF,Jonas_DonorAcceptor-NoWDonorWH2-AddInt-NewPTQ10BTP4F12-NoBG-ZnOCorr_D18CL:ITIC-4F,Jonas_DonorAcceptor-NoWDonorWH2-AddInt-NewPTQ10BTP4F12-NoBG-ZnOCorr,0.657029021,29.11.2023 10:45,26141_208095_OD_x1y2,x1y2,0.009891174,0.6,0.6,5,3,0,0,0,0,1,0,0,1,0,0,145,2.108540705,0.106242542,2.281932044,0.95,1.22E-23,0.083690597,1.701424128,0.077122821,1.882840467,0.197369473,0.514067902,0.384870472,0.487179487,0.677541495,0.241274659,1.062411967,0.362261047,0.637738953,-0.00707,0.00218,0.00115,0,0,-0.00272,-0.0023,-0.00285,-0.00237,0.06449,0.13042,0.12575,0,0.1719,0,0.29765,0.02344
26142,D18CL_323001,D18CL,ITIC-4F_120033,ITIC-4F,D18CL-ITIC-4F,26142_A-1,CF,0,15,2000,192.4583143,2.11456,0.10617,2.27883,0.95,0,0.08001,1.7158,0.07642,1.88514,0.21486,0.48986,0.41898,0.48718,0.64564,0.24127,1.06462,0.39355,0.60645,0.95,0.318,0.15,52.07618126,20.89696919,9.799073989,0.900456225,1.091919573,1.111298409,22.81780967,25.35739558,0.900456225,0.0342,0.598,24.13,0.0049,20.86276919,0.302456225,27.94618126,9.794173989,0.001636601,0.664107797,0.463359628,0.000500047,29.11.2023 12:55,A-1,5.43E-07,0.6,1.4,5.47,5.34,3.97,3.31,1.37,2.032786885,1.604329004,3.865670996,3.307213115,1.474329004,0.796271243,0.573872779,D18CL_323001,ITIC-4F_120033,CF,Jonas_DonorAcceptor-NoWDonorWH2-AddInt-NewPTQ10BTP4F12-NoBG-ZnOCorr_D18CL:ITIC-4F,Jonas_DonorAcceptor-NoWDonorWH2-AddInt-NewPTQ10BTP4F12-NoBG-ZnOCorr,0.266521334,29.11.2023 10:50,26142_208096_OD_x1y1,x1y1,0.008265461,0.6,1.4,5,3,0,0,0,0,1,0,0,1,0,0,146,2.112277174,0.105792299,2.278816782,0.95,3.87E-20,0.080472944,1.708856786,0.075889972,1.881390012,0.225353159,0.485479049,0.43943866,0.487179487,0.639861386,0.241274659,1.079300046,0.407151525,0.592848475,-0.00229,-0.00038,-0.00001,0,0,0.00046,-0.00695,-0.00053,-0.00375,0.01049,-0.00438,0.02046,0,-0.00578,0,0.01468,0.0136
26142,D18CL_323001,D18CL,ITIC-4F_120033,ITIC-4F,D18CL-ITIC-4F,26142_B-2,CF,0,15,2000,201.309297,2.11611,0.10624,2.27929,0.95,0,0.08043,1.71728,0.077,1.88655,0.22405,0.51064,0.4369,0.48718,0.67302,0.24127,1.10992,0.39363,0.60637,0.95,0.318,0.15,49.32727196,21.27129708,9.454025056,0.901022588,1.078968314,1.111298409,22.95105554,25.50547151,0.901022588,0,-0.003,-22.29,0,21.27129708,0.904022588,71.61727196,9.454025056,0,-0.00332955,-0.451879845,0,29.11.2023 12:55,B-2,4.24E-07,1,0.6,5.47,5.34,3.97,3.31,1.37,2.032786885,1.604329004,3.865670996,3.307213115,1.474329004,0.796772076,0.573306416,D18CL_323001,ITIC-4F_120033,CF,Jonas_DonorAcceptor-NoWDonorWH2-AddInt-NewPTQ10BTP4F12-NoBG-ZnOCorr_D18CL:ITIC-4F,Jonas_DonorAcceptor-NoWDonorWH2-AddInt-NewPTQ10BTP4F12-NoBG-ZnOCorr,0.209365136,29.11.2023 10:50,26142_208096_OD_x2y2,x2y2,0.007454727,1,0.6,5,3,0,0,0,0,1,0,0,1,0,0,146,2.112534735,0.106106128,2.280024234,0.95,3.24E-17,0.080902092,1.708941498,0.075993744,1.88162343,0.229885033,0.4887893,0.448275815,0.487179487,0.644224297,0.241274659,1.092500112,0.410293571,0.589706429,-0.00357,-0.00013,0.00074,0,0,0.00047,-0.00834,-0.00101,-0.00493,0.00583,-0.02185,0.01138,0,-0.0288,0,-0.01742,0.01666
26142,D18CL_323001,D18CL,ITIC-4F_120033,ITIC-4F,D18CL-ITIC-4F,26142_A-3,CF,0,15,2000,250.5172426,2.11961,0.1077,2.28333,0.92514,0,0.08135,1.71806,0.07791,1.88799,0.28525,0.60063,0.55624,0.48718,0.79163,0.24127,1.34787,0.41268,0.58732,0.95,0.318,0.15,49.32290301,20.6329817,9.13131456,0.897269036,1.015736582,1.111298409,20.95767431,23.29023011,0.897269036,3.5995,0.8442,41.12,1.2495,17.0334817,0.053069036,8.20290301,7.88181456,0.1744537,0.940854934,0.833689777,0.136836815,29.11.2023 12:55,A-3,3.98E-07,1.4,1.4,5.47,5.34,3.97,3.31,1.37,2.032786885,1.604329004,3.865670996,3.307213115,1.474329004,0.793452819,0.577059968,D18CL_323001,ITIC-4F_120033,CF,Jonas_DonorAcceptor-NoWDonorWH2-AddInt-NewPTQ10BTP4F12-NoBG-ZnOCorr_D18CL:ITIC-4F,Jonas_DonorAcceptor-NoWDonorWH2-AddInt-NewPTQ10BTP4F12-NoBG-ZnOCorr,0.195376854,29.11.2023 10:50,26142_208096_OD_x3y1,x3y1,0.008466973,1.4,1.4,5,3,0,0,0,0,1,0,0,1,0,0,146,2.113105861,0.105575874,2.278979911,0.95,2.18E-20,0.08123995,1.708942914,0.076406018,1.881600812,0.236239825,0.51334915,0.460667659,0.487179487,0.67659418,0.241274659,1.13726184,0.405067367,0.594932633,-0.0065,-0.00212,-0.00435,0.02486,0,-0.00011,-0.00912,-0.00151,-0.00639,-0.04901,-0.08728,-0.09557,0,-0.11504,0,-0.21061,-0.00761
26142,D18CL_323001,D18CL,ITIC-4F_120033,ITIC-4F,D18CL-ITIC-4F,26142_A-2,CF,0,15,2000,220.2933271,2.1177,0.1065,2.28018,0.93915,0,0.08135,1.71878,0.07804,1.88778,0.24381,0.55386,0.47542,0.48718,0.72999,0.24127,1.20541,0.39441,0.60559,0.95,0.318,0.15,48.12134441,21.04937572,9.107711204,0.89915027,1.053704723,1.111298409,22.17982661,24.64840603,0.89915027,3.2804,0.8429,41.58,1.1496,17.76897572,0.05625027,6.54134441,7.958111204,0.155843102,0.937440635,0.864065635,0.126222711,29.11.2023 12:55,A-2,3.84E-07,1,1.4,5.47,5.34,3.97,3.31,1.37,2.032786885,1.604329004,3.865670996,3.307213115,1.474329004,0.79511639,0.575178734,D18CL_323001,ITIC-4F_120033,CF,Jonas_DonorAcceptor-NoWDonorWH2-AddInt-NewPTQ10BTP4F12-NoBG-ZnOCorr_D18CL:ITIC-4F,Jonas_DonorAcceptor-NoWDonorWH2-AddInt-NewPTQ10BTP4F12-NoBG-ZnOCorr,0.116106826,29.11.2023 10:50,26142_208096_OD_x2y1,x2y1,0.005059037,1,1.4,5,3,0,0,0,0,1,0,0,1,0,0,146,2.112691518,0.105684086,2.278898346,0.95,3.02E-20,0.080856447,1.70889985,0.076147995,1.881495412,0.230796492,0.499414099,0.45005316,0.487179487,0.658227783,0.241274659,1.108280943,0.406109446,0.593890554,-0.00501,-0.00081,-0.00128,0.01085,0,-0.00049,-0.00989,-0.00189,-0.00628,-0.01301,-0.05445,-0.02537,0,-0.07176,0,-0.09713,0.0117
26143,D18CL_323001,D18CL,ITIC-4F_120033,ITIC-4F,D18CL-ITIC-4F,26143_B-1,CF,0,12.3,2000,81.2133187,2.10887,0.1018,2.27061,0.95,0.03133,0.08594,1.70374,0.08269,1.87456,0.08598,0.23469,0.16766,0.48718,0.30933,0.24127,0.47699,0.3515,0.6485,0.95,0.318,0.15,62.83065128,19.62627312,11.10262913,0.900360499,1.46863296,1.111298409,28.82379159,32.03183373,0.900360499,0.0533,0.8083,34.05,0.0147,19.57297312,0.092060499,28.78065128,11.08792913,0.002715747,0.897751513,0.541932947,0.001324011,29.11.2023 12:57,B-1,1.67E-06,0.6,0.6,5.47,5.34,3.97,3.31,1.37,2.032786885,1.604329004,3.865670996,3.307213115,1.474329004,0.796186592,0.573968505,D18CL_323001,ITIC-4F_120033,CF,Jonas_DonorAcceptor-NoWDonorWH2-AddInt-NewPTQ10BTP4F12-NoBG-ZnOCorr_D18CL:ITIC-4F,Jonas_DonorAcceptor-NoWDonorWH2-AddInt-NewPTQ10BTP4F12-NoBG-ZnOCorr,0.567744169,29.11.2023 10:56,26143_208107_OD_x1y2,x1y2,0.011658715,0.6,0.6,5,3,0,0,0,0,1,0,0,1,0,0,147,2.111542337,0.1070416,2.280310225,0.95,5.43E-18,0.078371177,1.712070191,0.074640283,1.881821454,0.170844564,0.355334125,0.3331469,0.487179487,0.468330376,0.241274659,0.801477277,0.415666058,0.584333942,0.00267,0.00524,0.0097,0,-0.03133,-0.00757,0.00833,-0.00805,0.00726,0.08486,0.12064,0.16549,0,0.159,0,0.32449,0.06417
26143,D18CL_323001,D18CL,ITIC-4F_120033,ITIC-4F,D18CL-ITIC-4F,26143_A-3,CF,0,12.3,2000,150.4292548,2.1152,0.10707,2.27943,0.95,0,0.07894,1.71666,0.07594,1.88501,0.1703,0.38703,0.33209,0.48718,0.5101,0.24127,0.84219,0.39431,0.60569,0.95,0.318,0.15,62.6790969,19.19629626,10.86988059,0.903409387,1.168658841,1.111298409,22.43392134,24.9307811,0.903409387,7.0146,0.8473,43.8,2.6034,12.18169626,0.056109387,18.8790969,8.26648059,0.36541424,0.937891517,0.69879756,0.239505851,29.11.2023 12:57,A-3,3.72E-07,1.4,1.4,5.47,5.34,3.97,3.31,1.37,2.032786885,1.604329004,3.865670996,3.307213115,1.474329004,0.798882717,0.570919617,D18CL_323001,ITIC-4F_120033,CF,Jonas_DonorAcceptor-NoWDonorWH2-AddInt-NewPTQ10BTP4F12-NoBG-ZnOCorr_D18CL:ITIC-4F,Jonas_DonorAcceptor-NoWDonorWH2-AddInt-NewPTQ10BTP4F12-NoBG-ZnOCorr,0.155329645,29.11.2023 10:56,26143_208107_OD_x3y1,x3y1,0.005270268,1.4,1.4,5,3,0,0,0,0,1,0,0,1,0,0,147,2.110964923,0.106708864,2.279646403,0.95,1.02E-15,0.078584933,1.711893915,0.07473066,1.881822189,0.175036075,0.365998339,0.341320347,0.487179487,0.482385811,0.241274659,0.823706158,0.414371489,0.585628511,-0.00423,-0.00036,0.00022,0,0,-0.00035,-0.00477,-0.00121,-0.00319,0.00474,-0.02103,0.00923,0,-0.02771,0,-0.01848,0.02006
26143,D18CL_323001,D18CL,ITIC-4F_120033,ITIC-4F,D18CL-ITIC-4F,26143_A-1,CF,0,12.3,2000,149.3166662,2.11483,0.10713,2.27904,0.95,0,0.07844,1.71955,0.07574,1.88664,0.17091,0.38232,0.33327,0.48718,0.50389,0.24127,0.83716,0.39809,0.60191,0.95,0.318,0.15,61.68711564,19.32443129,10.79448964,0.905526007,1.171135982,1.111298409,22.63153682,25.15039086,0.905526007,0.0016,0.1158,23.7,0,19.32283129,0.789726007,37.98711564,10.79448964,8.28E-05,0.127881473,0.384196923,0,29.11.2023 12:57,A-1,2.03E-07,0.6,1.4,5.47,5.34,3.97,3.31,1.37,2.032786885,1.604329004,3.865670996,3.307213115,1.474329004,0.800754439,0.568802997,D18CL_323001,ITIC-4F_120033,CF,Jonas_DonorAcceptor-NoWDonorWH2-AddInt-NewPTQ10BTP4F12-NoBG-ZnOCorr_D18CL:ITIC-4F,Jonas_DonorAcceptor-NoWDonorWH2-AddInt-NewPTQ10BTP4F12-NoBG-ZnOCorr,0.139979066,29.11.2023 10:56,26143_208107_OD_x1y1,x1y1,0.005048224,0.6,1.4,5,3,0,0,0,0,1,0,0,1,0,0,147,2.111717279,0.107299365,2.279874827,0.95,9.37E-21,0.078404113,1.712557243,0.074832801,1.882214873,0.170462942,0.353358866,0.332402737,0.487179487,0.465726985,0.241274659,0.798129723,0.416477081,0.583522919,-0.00311,0.00017,0.00083,0,0,-0.00004,-0.007,-0.00091,-0.00442,-0.00044,-0.02896,-0.00087,0,-0.03817,0,-0.03903,0.01838
26143,D18CL_323001,D18CL,ITIC-4F_120033,ITIC-4F,D18CL-ITIC-4F,26143_A-2,CF,0,12.3,2000,151.3050505,2.11464,0.10696,2.27892,0.95,0,0.07807,1.72041,0.07546,1.8872,0.17356,0.3873,0.33844,0.48718,0.51046,0.24127,0.8489,0.39868,0.60132,0.95,0.318,0.15,61.1701072,19.27979603,10.68526503,0.906032178,1.167171846,1.111298409,22.50283512,25.00736487,0.906032178,3.0785,0.8457,42.79,1.114,16.20129603,0.060332178,18.3801072,9.57126503,0.159674926,0.933410557,0.699524685,0.10425572,29.11.2023 12:57,A-2,2.48E-07,1,1.4,5.47,5.34,3.97,3.31,1.37,2.032786885,1.604329004,3.865670996,3.307213115,1.474329004,0.801202044,0.568296826,D18CL_323001,ITIC-4F_120033,CF,Jonas_DonorAcceptor-NoWDonorWH2-AddInt-NewPTQ10BTP4F12-NoBG-ZnOCorr_D18CL:ITIC-4F,Jonas_DonorAcceptor-NoWDonorWH2-AddInt-NewPTQ10BTP4F12-NoBG-ZnOCorr,0.152624171,29.11.2023 10:56,26143_208107_OD_x2y1,x2y1,0.005432804,1,1.4,5,3,0,0,0,0,1,0,0,1,0,0,147,2.111341101,0.107004115,2.279760615,0.95,5.08E-16,0.078494523,1.712225579,0.074781731,1.882018531,0.172749509,0.359678602,0.336861542,0.487179487,0.474056398,0.241274659,0.81091794,0.415424285,0.584575715,-0.0033,0.00004,0.00084,0,0,0.00043,-0.00818,-0.00068,-0.00518,-0.00081,-0.02762,-0.00158,0,-0.0364,0,-0.03798,0.01674
26144,D18CL_323001,D18CL,ITIC-4F_120033,ITIC-4F,D18CL-ITIC-4F,26144_B-2,CF,0,10.1,1000,185.7641773,2.11322,0.1062,2.27814,0.95,0,0.07968,1.71445,0.07602,1.88375,0.2087,0.47239,0.40697,0.48718,0.62261,0.24127,1.02958,0.39528,0.60472,0.95,0.318,0.15,54.48976805,20.44232041,9.974146907,0.895427876,1.101945856,1.111298409,22.52633026,25.03347498,0.895427876,10.326,0.8486,44.17,3.8706,10.11632041,0.046827876,10.31976805,6.103546907,0.505128566,0.947703352,0.810610901,0.388063264,29.11.2023 13:00,B-2,5.38E-07,1,0.6,5.47,5.34,3.97,3.31,1.37,2.032786885,1.604329004,3.865670996,3.307213115,1.474329004,0.791824686,0.578901128,D18CL_323001,ITIC-4F_120033,CF,Jonas_DonorAcceptor-NoWDonorWH2-AddInt-NewPTQ10BTP4F12-NoBG-ZnOCorr_D18CL:ITIC-4F,Jonas_DonorAcceptor-NoWDonorWH2-AddInt-NewPTQ10BTP4F12-NoBG-ZnOCorr,0.295500741,29.11.2023 11:02,26144_208110_OD_x2y2,x2y2,0.008308195,1,0.6,5,3,0,0,0,0,1,0,0,1,0,0,148,2.111126548,0.106377749,2.278418471,0.95,9.93E-20,0.079444833,1.712991952,0.075407679,1.883722137,0.216806866,0.45594421,0.422773389,0.487179487,0.600934469,0.241274659,1.023707858,0.41297657,0.58702343,-0.00209,0.00018,0.00027,0,0,-0.00023,-0.00146,-0.00061,-0.00003,0.0081,-0.01644,0.0158,0,-0.02167,0,-0.00587,0.0177
26145,D18CL_323001,D18CL,ITIC-4F_120033,ITIC-4F,D18CL-ITIC-4F,26145_B-3,CF,2,10.1,1000,185.3508044,2.11828,0.09463,2.28548,0.89863,0,0.0793,1.71644,0.0757,1.8859,0.25051,0.46429,0.42587,0.41176,0.61193,0.24127,1.0378,0.41036,0.58964,0.7,0.318,0.15,54.67052477,20.96968237,10.31981139,0.900174415,1.101211362,1.111298409,23.09205248,25.66216118,0.900174415,0,-0.0012,-14.91,0,20.96968237,0.901374415,69.58052477,10.31981139,0,-0.001333075,-0.272724655,0,29.11.2023 13:02,B-3,5.69E-07,1.4,0.6,5.47,5.34,3.97,3.31,1.37,2.032786885,1.604329004,3.865670996,3.307213115,1.474329004,0.796022039,0.574154589,D18CL_323001,ITIC-4F_120033,CF,Jonas_DonorAcceptor-NoWDonorWH2-AddInt-NewPTQ10BTP4F12-NoBG-ZnOCorr_D18CL:ITIC-4F,Jonas_DonorAcceptor-NoWDonorWH2-AddInt-NewPTQ10BTP4F12-NoBG-ZnOCorr,0.231658288,29.11.2023 11:08,26145_208114_OD_x3y2,x3y2,0.007663525,1.4,0.6,5,3,0,0,0,0,1,0,0,1,0,0,149,2.118546236,0.093722137,2.287037148,0.929236223,4.36E-24,0.079576408,1.710457781,0.075478602,1.882712827,0.251915732,0.446865208,0.428256744,0.411764706,0.588968344,0.241274659,1.017225087,0.421004898,0.578995102,0.00026,-0.0009,0.00155,0.03061,0,0.00028,-0.00598,-0.00022,-0.00319,0.00141,-0.01742,0.00239,0,-0.02296,0,-0.02057,0.01065
26145,D18CL_323001,D18CL,ITIC-4F_120033,ITIC-4F,D18CL-ITIC-4F,26145_A-3,CF,2,10.1,1000,183.8749077,2.11762,0.09456,2.28498,0.90232,0,0.0796,1.71426,0.07577,1.88421,0.24795,0.46055,0.42152,0.41176,0.60701,0.24127,1.02852,0.40983,0.59017,0.7,0.318,0.15,55.71070908,20.15007135,10.10050053,0.899761946,1.102898328,1.111298409,22.22348,24.69691797,0.899761946,0,0.0033,24.14,0,20.15007135,0.896461946,31.57070908,10.10050053,0,0.003667637,0.433309868,0,29.11.2023 13:02,A-3,7.42E-07,1.4,1.4,5.47,5.34,3.97,3.31,1.37,2.032786885,1.604329004,3.865670996,3.307213115,1.474329004,0.795657293,0.574567058,D18CL_323001,ITIC-4F_120033,CF,Jonas_DonorAcceptor-NoWDonorWH2-AddInt-NewPTQ10BTP4F12-NoBG-ZnOCorr_D18CL:ITIC-4F,Jonas_DonorAcceptor-NoWDonorWH2-AddInt-NewPTQ10BTP4F12-NoBG-ZnOCorr,0.255831643,29.11.2023 11:08,26145_208114_OD_x3y1,x3y1,0.00779436,1.4,1.4,5,3,0,0,0,0,1,0,0,1,0,0,149,2.118446401,0.093378205,2.28701622,0.939263249,5.00E-20,0.080035401,1.707087854,0.075548766,1.880554037,0.253931071,0.454579993,0.43168282,0.411764706,0.599136431,0.241274659,1.030819251,0.418776444,0.581223556,0.00083,-0.00119,0.00204,0.03695,0,0.00043,-0.00717,-0.00022,-0.00365,0.00598,-0.00597,0.01017,0,-0.00787,0,0.0023,0.00895
26145,D18CL_323001,D18CL,ITIC-4F_120033,ITIC-4F,D18CL-ITIC-4F,26145_A-1,CF,2,10.1,1000,179.6018095,2.11761,0.0943,2.28479,0.91136,0,0.07931,1.71467,0.07568,1.88457,0.24164,0.45084,0.41078,0.41176,0.59421,0.24127,1.00499,0.40874,0.59126,0.7,0.318,0.15,55.22630841,20.13061985,10.00505152,0.899945413,1.109919155,1.111298409,22.34336057,24.83014105,0.899945413,1.6178,0.8426,39.75,0.5419,18.51281985,0.057345413,15.47630841,9.46315152,0.080365136,0.93627901,0.719765654,0.05416264,29.11.2023 13:02,A-1,7.15E-07,0.6,1.4,5.47,5.34,3.97,3.31,1.37,2.032786885,1.604329004,3.865670996,3.307213115,1.474329004,0.795819533,0.574383591,D18CL_323001,ITIC-4F_120033,CF,Jonas_DonorAcceptor-NoWDonorWH2-AddInt-NewPTQ10BTP4F12-NoBG-ZnOCorr_D18CL:ITIC-4F,Jonas_DonorAcceptor-NoWDonorWH2-AddInt-NewPTQ10BTP4F12-NoBG-ZnOCorr,0.25359434,29.11.2023 11:08,26145_208114_OD_x1y1,x1y1,0.007609583,0.6,1.4,5,3,0,0,0,0,1,0,0,1,0,0,149,2.117788241,0.093663493,2.286442841,0.944649718,2.65E-24,0.079044927,1.709873026,0.074957307,1.881917874,0.237356799,0.418369296,0.403506559,0.411764706,0.551410733,0.241274659,0.954917291,0.422556553,0.577443447,0.00018,-0.00063,0.00166,0.03329,0,-0.00027,-0.0048,-0.00072,-0.00265,-0.00428,-0.03247,-0.00728,0,-0.0428,0,-0.05008,0.01381
26145,D18CL_323001,D18CL,ITIC-4F_120033,ITIC-4F,D18CL-ITIC-4F,26145_B-2,CF,2,10.1,1000,185.658297,2.11894,0.09478,2.28596,0.89723,0,0.07875,1.71806,0.07558,1.88707,0.25192,0.46397,0.42827,0.41176,0.61151,0.24127,1.03978,0.41188,0.58812,0.7,0.318,0.15,53.39957624,20.67106404,9.980800121,0.904200443,1.100928312,1.111298409,22.75735964,25.29021756,0.904200443,0.0001,0.0097,25.36,0,20.67096404,0.894500443,28.03957624,9.980800121,4.84E-06,0.01072771,0.474910136,0,29.11.2023 13:02,B-2,5.48E-07,1,0.6,5.47,5.34,3.97,3.31,1.37,2.032786885,1.604329004,3.865670996,3.307213115,1.474329004,0.799582246,0.570128561,D18CL_323001,ITIC-4F_120033,CF,Jonas_DonorAcceptor-NoWDonorWH2-AddInt-NewPTQ10BTP4F12-NoBG-ZnOCorr_D18CL:ITIC-4F,Jonas_DonorAcceptor-NoWDonorWH2-AddInt-NewPTQ10BTP4F12-NoBG-ZnOCorr,0.208507628,29.11.2023 11:08,26145_208114_OD_x2y2,x2y2,0.0074499,1,0.6,5,3,0,0,0,0,1,0,0,1,0,0,149,2.118355497,0.093791657,2.286719432,0.929936576,5.07E-24,0.079414684,1.711142378,0.075406886,1.883088569,0.249224059,0.441420414,0.4236809,0.411764706,0.581792105,0.241274659,1.005473005,0.421379087,0.578620913,-0.00058,-0.00098,0.00076,0.03271,0,0.00066,-0.00692,-0.00017,-0.00398,-0.0027,-0.02255,-0.00459,0,-0.02972,0,-0.03431,0.00949
26146,D18CL_323001,D18CL,ITIC-4F_120033,ITIC-4F,D18CL-ITIC-4F,26146_B-1,CF,0,10.1,3000,79.64101343,2.1195,0.10752,2.27843,0.83969,0.05788,0.08516,1.70997,0.08362,1.88293,0.08476,0.23234,0.16528,0.48718,0.30623,0.24127,0.47151,0.35054,0.64946,0.95,0.318,0.15,67.65194389,20.14806876,12.45774189,0.913956707,1.482129175,1.111298409,29.86204052,33.18563812,0.913956707,0.0576,0.7499,23.49,0.0101,20.09046876,0.164056707,44.16194389,12.44764189,0.002858835,0.820498383,0.347218404,0.000810741,29.11.2023 13:05,B-1,1.26E-06,0.6,0.6,5.47,5.34,3.97,3.31,1.37,2.032786885,1.604329004,3.865670996,3.307213115,1.474329004,0.808209686,0.560372297,D18CL_323001,ITIC-4F_120033,CF,Jonas_DonorAcceptor-NoWDonorWH2-AddInt-NewPTQ10BTP4F12-NoBG-ZnOCorr_D18CL:ITIC-4F,Jonas_DonorAcceptor-NoWDonorWH2-AddInt-NewPTQ10BTP4F12-NoBG-ZnOCorr,0.041050404,29.11.2023 11:13,26146_208143_OD_x1y2,x1y2,0.005419387,0.6,0.6,5,3,0,0,0,0,1,0,0,1,0,0,150,2.116098838,0.107076598,2.277429223,0.949999999,0.063938953,0.085086342,1.699482177,0.08301804,1.875662363,0.080092389,0.208565176,0.156180158,0.487179487,0.274888902,0.241274659,0.43106906,0.362308902,0.637691098,-0.0034,-0.00044,-0.001,0.11031,0.00606,-0.00008,-0.01048,-0.0006,-0.00727,-0.00467,-0.02378,-0.0091,0,-0.03134,0,-0.04044,0.01177
26146,D18CL_323001,D18CL,ITIC-4F_120033,ITIC-4F,D18CL-ITIC-4F,26146_B-3,CF,0,10.1,3000,80.79757791,2.11907,0.10738,2.27826,0.84513,0.05719,0.08515,1.70928,0.08347,1.88219,0.08607,0.23463,0.16783,0.48718,0.30925,0.24127,0.47708,0.35179,0.64821,0.95,0.318,0.15,66.04902553,20.14013615,12.14502374,0.912997422,1.473351038,1.111298409,29.6734905,32.97610278,0.912997422,4.0126,0.8476,44.29,1.5063,16.12753615,0.065397422,21.75902553,10.63872374,0.199234006,0.928370639,0.670562505,0.124026106,29.11.2023 13:05,B-3,1.76E-06,1.4,0.6,5.47,5.34,3.97,3.31,1.37,2.032786885,1.604329004,3.865670996,3.307213115,1.474329004,0.807361393,0.561331582,D18CL_323001,ITIC-4F_120033,CF,Jonas_DonorAcceptor-NoWDonorWH2-AddInt-NewPTQ10BTP4F12-NoBG-ZnOCorr_D18CL:ITIC-4F,Jonas_DonorAcceptor-NoWDonorWH2-AddInt-NewPTQ10BTP4F12-NoBG-ZnOCorr,0.038838848,29.11.2023 11:13,26146_208143_OD_x3y2,x3y2,0.005299003,1.4,0.6,5,3,0,0,0,0,1,0,0,1,0,0,150,2.116039493,0.107292206,2.278258751,0.95,0.064883723,0.084994318,1.700081457,0.082643998,1.87580693,0.083856557,0.215424357,0.163520285,0.487179487,0.283929302,0.241274659,0.447449588,0.365449628,0.634550372,-0.00303,-0.00009,0,0.10487,0.00769,-0.00016,-0.0092,-0.00083,-0.00638,-0.00221,-0.01921,-0.00431,0,-0.02532,0,-0.02963,0.01366
26146,D18CL_323001,D18CL,ITIC-4F_120033,ITIC-4F,D18CL-ITIC-4F,26146_B-2,CF,0,10.1,3000,85.20903081,2.11877,0.10725,2.2783,0.86698,0.06128,0.08477,1.71036,0.08269,1.88258,0.09035,0.24301,0.17619,0.48718,0.32028,0.24127,0.49647,0.35488,0.64512,0.95,0.318,0.15,65.89151726,20.04177211,12.0592465,0.913176118,1.441513859,1.111298409,28.89049226,32.10595808,0.913176118,5.4032,0.8474,43.5,1.9917,14.63857211,0.065776118,22.39151726,10.0675465,0.269596918,0.927969954,0.660176026,0.165159573,29.11.2023 13:05,B-2,1.67E-06,1,0.6,5.47,5.34,3.97,3.31,1.37,2.032786885,1.604329004,3.865670996,3.307213115,1.474329004,0.807519413,0.561152886,D18CL_323001,ITIC-4F_120033,CF,Jonas_DonorAcceptor-NoWDonorWH2-AddInt-NewPTQ10BTP4F12-NoBG-ZnOCorr_D18CL:ITIC-4F,Jonas_DonorAcceptor-NoWDonorWH2-AddInt-NewPTQ10BTP4F12-NoBG-ZnOCorr,0.037504988,29.11.2023 11:13,26146_208143_OD_x2y2,x2y2,0.005815457,1,0.6,5,3,0,0,0,0,1,0,0,1,0,0,150,2.116069165,0.107184402,2.277843987,0.95,0.064411338,0.08504033,1.699781817,0.082831019,1.875734647,0.081974473,0.211994766,0.159850222,0.487179487,0.279409102,0.241274659,0.439259324,0.363879265,0.636120735,-0.0027,-0.00006,-0.00046,0.08302,0.00313,0.00027,-0.01058,0.00014,-0.00685,-0.00838,-0.03101,-0.01634,0,-0.04088,0,-0.05721,0.009
26146,D18CL_323001,D18CL,ITIC-4F_120033,ITIC-4F,D18CL-ITIC-4F,26146_A-1,CF,0,10.1,3000,82.60972063,2.11936,0.10732,2.27849,0.85206,0.0616,0.08485,1.71076,0.0832,1.8831,0.088,0.23735,0.1716,0.48718,0.31282,0.24127,0.48442,0.35423,0.64577,0.95,0.318,0.15,67.00174451,19.64311026,12.04631653,0.915288289,1.45936762,1.111298409,28.66651908,31.85705704,0.915288289,4.0551,0.8448,42.88,1.4691,15.58801026,0.070488289,24.12174451,10.57721653,0.206438794,0.922987883,0.639983336,0.121954292,29.11.2023 13:05,A-1,1.51E-06,0.6,1.4,5.47,5.34,3.97,3.31,1.37,2.032786885,1.604329004,3.865670996,3.307213115,1.474329004,0.809387201,0.559040715,D18CL_323001,ITIC-4F_120033,CF,Jonas_DonorAcceptor-NoWDonorWH2-AddInt-NewPTQ10BTP4F12-NoBG-ZnOCorr_D18CL:ITIC-4F,Jonas_DonorAcceptor-NoWDonorWH2-AddInt-NewPTQ10BTP4F12-NoBG-ZnOCorr,0.042238068,29.11.2023 11:13,26146_208143_OD_x1y1,x1y1,0.005706876,0.6,1.4,5,3,0,0,0,0,1,0,0,1,0,0,150,2.1167837,0.107421175,2.279743669,0.95,0.070671795,0.083668133,1.703337085,0.081437935,1.877379065,0.091447012,0.222686161,0.178321673,0.487179487,0.29350036,0.241274659,0.471822033,0.377942658,0.622057342,-0.00258,0.0001,0.00125,0.09794,0.00907,-0.00118,-0.00742,-0.00176,-0.00572,0.00345,-0.01466,0.00672,0,-0.01932,0,-0.0126,0.02371
26147,D18CL_323001,D18CL,ITIC-4F_120033,ITIC-4F,D18CL-ITIC-4F,26147_B-3,CF,2,10.1,3000,81.49577888,2.12306,0.09552,2.28748,0.81627,0.05906,0.08472,1.70739,0.08255,1.88167,0.1039,0.23186,0.17664,0.41176,0.30559,0.24127,0.48222,0.3663,0.6337,0.7,0.318,0.15,68.53608127,20.45238491,12.76318075,0.910533006,1.464894004,1.111298409,29.96057602,33.29514046,0.910533006,0.035,0.6888,24.91,0.006,20.41738491,0.221733006,43.62608127,12.75718075,0.001711292,0.756479991,0.363458189,0.000470102,29.11.2023 13:07,B-3,1.97E-06,1.4,0.6,5.47,5.34,3.97,3.31,1.37,2.032786885,1.604329004,3.865670996,3.307213115,1.474329004,0.805182116,0.563795998,D18CL_323001,ITIC-4F_120033,CF,Jonas_DonorAcceptor-NoWDonorWH2-AddInt-NewPTQ10BTP4F12-NoBG-ZnOCorr_D18CL:ITIC-4F,Jonas_DonorAcceptor-NoWDonorWH2-AddInt-NewPTQ10BTP4F12-NoBG-ZnOCorr,0.031699495,29.11.2023 11:19,26147_208180_OD_x3y2,x3y2,0.005002535,1.4,0.6,5,3,0,0,0,0,1,0,0,1,0,0,151,2.123776816,0.094862059,2.288478187,0.942623948,0.068097734,0.084834504,1.701727938,0.083162004,1.877669849,0.096670493,0.210802191,0.164339837,0.411764706,0.277837287,0.241274659,0.442177125,0.37166065,0.62833935,0.00072,-0.00066,0.001,0.12636,0.00903,0.00012,-0.00566,0.00062,-0.004,-0.00723,-0.02105,-0.0123,0,-0.02775,0,-0.04005,0.00536
26147,D18CL_323001,D18CL,ITIC-4F_120033,ITIC-4F,D18CL-ITIC-4F,26147_B-1,CF,2,10.1,3000,78.2195791,2.12323,0.09553,2.2873,0.80202,0.05623,0.08518,1.70568,0.08305,1.88121,0.09869,0.22681,0.16777,0.41176,0.29894,0.24127,0.46671,0.35948,0.64052,0.7,0.318,0.15,67.93932855,20.49731949,12.70288689,0.912187487,1.491833811,1.111298409,30.57859425,33.98194314,0.912187487,2.3649,0.8521,41.87,0.8438,18.13241949,0.060087487,26.06932855,11.85908689,0.115376062,0.934128139,0.616285161,0.066425845,29.11.2023 13:07,B-1,1.18E-05,0.6,0.6,5.47,5.34,3.97,3.31,1.37,2.032786885,1.604329004,3.865670996,3.307213115,1.474329004,0.806645169,0.562141517,D18CL_323001,ITIC-4F_120033,CF,Jonas_DonorAcceptor-NoWDonorWH2-AddInt-NewPTQ10BTP4F12-NoBG-ZnOCorr_D18CL:ITIC-4F,Jonas_DonorAcceptor-NoWDonorWH2-AddInt-NewPTQ10BTP4F12-NoBG-ZnOCorr,0.031604386,29.11.2023 11:19,26147_208180_OD_x1y2,x1y2,0.00462442,0.6,0.6,5,3,0,0,0,0,1,0,0,1,0,0,151,2.123764064,0.095013042,2.288412683,0.941107835,0.067626277,0.084836351,1.701934815,0.083254992,1.877773313,0.095675016,0.207376783,0.162647528,0.411764706,0.273322599,0.241274659,0.435970127,0.37307035,0.62692965,0.00054,-0.00052,0.00111,0.13909,0.0114,-0.00034,-0.00375,0.0002,-0.00344,-0.00301,-0.01944,-0.00512,0,-0.02562,0,-0.03074,0.01359
26147,D18CL_323001,D18CL,ITIC-4F_120033,ITIC-4F,D18CL-ITIC-4F,26147_A-1,CF,2,10.1,3000,78.58356371,2.12298,0.09549,2.28717,0.80497,0.05731,0.08519,1.70552,0.08305,1.88088,0.09906,0.22727,0.16841,0.41176,0.29954,0.24127,0.46795,0.35988,0.64012,0.7,0.318,0.15,68.63569792,20.07134115,12.55819184,0.911592338,1.4891332,1.111298409,29.88890047,33.21548754,0.911592338,0.0108,0.3557,24.92,0.001,20.06054115,0.555892338,43.71569792,12.55719184,0.000538081,0.390196347,0.363076369,7.96E-05,29.11.2023 13:07,A-1,2.26E-06,0.6,1.4,5.47,5.34,3.97,3.31,1.37,2.032786885,1.604329004,3.865670996,3.307213115,1.474329004,0.80611888,0.562736666,D18CL_323001,ITIC-4F_120033,CF,Jonas_DonorAcceptor-NoWDonorWH2-AddInt-NewPTQ10BTP4F12-NoBG-ZnOCorr_D18CL:ITIC-4F,Jonas_DonorAcceptor-NoWDonorWH2-AddInt-NewPTQ10BTP4F12-NoBG-ZnOCorr,0.032003698,29.11.2023 11:19,26147_208180_OD_x1y1,x1y1,0.004732843,0.6,1.4,5,3,0,0,0,0,1,0,0,1,0,0,151,2.123599359,0.094882626,2.28824577,0.934958692,0.065493466,0.08508792,1.699973901,0.083485687,1.876591306,0.093198412,0.206179639,0.1584373,0.411764706,0.271744764,0.241274659,0.430182065,0.368302896,0.631697104,0.00062,-0.00061,0.00108,0.12998,0.00818,-0.0001,-0.00555,0.00044,-0.00429,-0.00587,-0.02109,-0.00997,0,-0.0278,0,-0.03777,0.00842
26147,D18CL_323001,D18CL,ITIC-4F_120033,ITIC-4F,D18CL-ITIC-4F,26147_A-3,CF,2,10.1,3000,80.30234235,2.12288,0.09561,2.28698,0.8127,0.05691,0.0851,1.70618,0.08276,1.88117,0.10153,0.23049,0.1726,0.41176,0.30379,0.24127,0.47639,0.36231,0.63769,0.7,0.318,0.15,68.75424092,19.74944518,12.38008559,0.911736321,1.475099071,1.111298409,29.13238824,32.3747767,0.911736321,3.6852,0.8488,42.27,1.3222,16.06424518,0.062936321,26.48424092,11.05788559,0.186597647,0.930970918,0.614798439,0.106800554,29.11.2023 13:07,A-3,1.09E-06,1.4,1.4,5.47,5.34,3.97,3.31,1.37,2.032786885,1.604329004,3.865670996,3.307213115,1.474329004,0.806246204,0.562592683,D18CL_323001,ITIC-4F_120033,CF,Jonas_DonorAcceptor-NoWDonorWH2-AddInt-NewPTQ10BTP4F12-NoBG-ZnOCorr_D18CL:ITIC-4F,Jonas_DonorAcceptor-NoWDonorWH2-AddInt-NewPTQ10BTP4F12-NoBG-ZnOCorr,0.032461659,29.11.2023 11:19,26147_208180_OD_x3y1,x3y1,0.00479446,1.4,1.4,5,3,0,0,0,0,1,0,0,1,0,0,151,2.123626667,0.094707036,2.288418558,0.94705535,0.068004614,0.084811233,1.701262471,0.083026477,1.877284441,0.097878516,0.212316117,0.166393477,0.411764706,0.279832642,0.241274659,0.446226119,0.372890491,0.627109509,0.00075,-0.0009,0.00144,0.13435,0.01109,-0.00029,-0.00491,0.00027,-0.00388,-0.00365,-0.01817,-0.00621,0,-0.02395,0,-0.03016,0.01058
26148,D18CL_323001,D18CL,ITIC-4F_120033,ITIC-4F,D18CL-ITIC-4F,26148_B-1,CF,1,10.1,2000,110.9362479,2.12062,0.09497,2.28642,0.8985,0.04508,0.08138,1.71249,0.07837,1.88309,0.14417,0.29077,0.24509,0.41176,0.38324,0.24127,0.62833,0.39007,0.60993,0.7,0.318,0.15,67.70308753,19.84127394,12.13604904,0.903439957,1.292825694,1.111298409,25.65130875,28.5062586,0.903439957,7.5979,0.8427,42.37,2.7126,12.24337394,0.060739957,25.33308753,9.42344904,0.382934081,0.932768131,0.625820794,0.223515906,29.11.2023 13:10,B-1,3.85E-07,0.6,0.6,5.47,5.34,3.97,3.31,1.37,2.032786885,1.604329004,3.865670996,3.307213115,1.474329004,0.79890975,0.570889047,D18CL_323001,ITIC-4F_120033,CF,Jonas_DonorAcceptor-NoWDonorWH2-AddInt-NewPTQ10BTP4F12-NoBG-ZnOCorr_D18CL:ITIC-4F,Jonas_DonorAcceptor-NoWDonorWH2-AddInt-NewPTQ10BTP4F12-NoBG-ZnOCorr,0.045431447,29.11.2023 11:25,26148_208209_OD_x1y2,x1y2,0.004500916,0.6,0.6,5,3,0,0,0,0,1,0,0,1,0,0,152,2.121136576,0.095125161,2.289903829,0.95,0.047946457,0.080768449,1.709836,0.077925127,1.881076853,0.146461986,0.268301273,0.248985376,0.411764706,0.353621077,0.241274659,0.602606453,0.413180733,0.586819267,0.00051,0.00015,0.00348,0.0515,0.00286,-0.00061,-0.00266,-0.00044,-0.00201,0.00229,-0.02247,0.0039,0,-0.02962,0,-0.02572,0.02312
26148,D18CL_323001,D18CL,ITIC-4F_120033,ITIC-4F,D18CL-ITIC-4F,26148_A-1,CF,1,10.1,2000,112.5992111,2.12061,0.09512,2.28641,0.89924,0.045,0.08058,1.71501,0.07783,1.88468,0.14804,0.29322,0.25166,0.41176,0.38647,0.24127,0.63813,0.39437,0.60563,0.7,0.318,0.15,67.473716,19.32060384,11.80574431,0.905603408,1.284926851,1.111298409,24.82556265,27.58860828,0.905603408,4.7674,0.8445,40.95,1.6488,14.55320384,0.061103408,26.523716,10.15694431,0.246752122,0.932527409,0.60690299,0.139660826,29.11.2023 13:10,A-1,3.83E-07,0.6,1.4,5.47,5.34,3.97,3.31,1.37,2.032786885,1.604329004,3.865670996,3.307213115,1.474329004,0.800822884,0.568725596,D18CL_323001,ITIC-4F_120033,CF,Jonas_DonorAcceptor-NoWDonorWH2-AddInt-NewPTQ10BTP4F12-NoBG-ZnOCorr_D18CL:ITIC-4F,Jonas_DonorAcceptor-NoWDonorWH2-AddInt-NewPTQ10BTP4F12-NoBG-ZnOCorr,0.044732574,29.11.2023 11:25,26148_208209_OD_x1y1,x1y1,0.004699686,0.6,1.4,5,3,0,0,0,0,1,0,0,1,0,0,152,2.12102418,0.095106545,2.289681514,0.95,0.044622227,0.079986549,1.712470173,0.077249956,1.882857625,0.152209381,0.274996662,0.258755947,0.411764706,0.362445601,0.241274659,0.621201548,0.416541053,0.583458947,0.00042,-0.00001,0.00327,0.05076,-0.00038,-0.0006,-0.00254,-0.00058,-0.00182,0.00417,-0.01823,0.00709,0,-0.02402,0,-0.01693,0.02217
26148,D18CL_323001,D18CL,ITIC-4F_120033,ITIC-4F,D18CL-ITIC-4F,26148_B-2,CF,1,10.1,2000,118.5339193,2.11998,0.095,2.2865,0.90066,0.03478,0.08033,1.71453,0.07734,1.88416,0.15658,0.30704,0.26618,0.41176,0.40468,0.24127,0.67087,0.39677,0.60323,0.7,0.318,0.15,65.76624651,19.46194292,11.5332752,0.901080113,1.261186248,1.111298409,24.54513477,27.27696922,0.901080113,11.028,0.8439,44.95,4.1833,8.43394292,0.057180113,20.81624651,7.3499752,0.56664435,0.936542698,0.683481305,0.362715701,29.11.2023 13:10,B-2,5.71E-07,1,0.6,5.47,5.34,3.97,3.31,1.37,2.032786885,1.604329004,3.865670996,3.307213115,1.474329004,0.796822945,0.573248891,D18CL_323001,ITIC-4F_120033,CF,Jonas_DonorAcceptor-NoWDonorWH2-AddInt-NewPTQ10BTP4F12-NoBG-ZnOCorr_D18CL:ITIC-4F,Jonas_DonorAcceptor-NoWDonorWH2-AddInt-NewPTQ10BTP4F12-NoBG-ZnOCorr,0.058972306,29.11.2023 11:25,26148_208209_OD_x2y2,x2y2,0.004367644,1,0.6,5,3,0,0,0,0,1,0,0,1,0,0,152,2.121744383,0.095101973,2.290349708,0.95,0.052015799,0.081323152,1.709167088,0.078465114,1.880916923,0.141884021,0.263537315,0.241202835,0.411764706,0.347342181,0.241274659,0.588545016,0.409746995,0.590253005,0.00176,0.00011,0.00385,0.04934,0.01724,0.00099,-0.00536,0.00112,-0.00324,-0.01469,-0.04351,-0.02498,0,-0.05734,0,-0.08232,0.01297
26148,D18CL_323001,D18CL,ITIC-4F_120033,ITIC-4F,D18CL-ITIC-4F,26148_B-3,CF,1,10.1,2000,128.4839596,2.11904,0.09508,2.28831,0.89501,0.01793,0.07875,1.71775,0.07623,1.88505,0.18237,0.31761,0.31003,0.41176,0.41861,0.24127,0.72864,0.42549,0.57451,0.7,0.318,0.15,65.48278067,19.44535181,11.52083492,0.904775924,1.221213058,1.111298409,23.74691754,26.38991168,0.904775924,10.7724,0.8454,43.28,3.9416,8.67295181,0.059375924,22.20278067,7.57923492,0.553983291,0.934374996,0.660937113,0.342127982,29.11.2023 13:10,B-3,3.24E-07,1.4,0.6,5.47,5.34,3.97,3.31,1.37,2.032786885,1.604329004,3.865670996,3.307213115,1.474329004,0.800091142,0.56955308,D18CL_323001,ITIC-4F_120033,CF,Jonas_DonorAcceptor-NoWDonorWH2-AddInt-NewPTQ10BTP4F12-NoBG-ZnOCorr_D18CL:ITIC-4F,Jonas_DonorAcceptor-NoWDonorWH2-AddInt-NewPTQ10BTP4F12-NoBG-ZnOCorr,0.095781189,29.11.2023 11:25,26148_208209_OD_x3y2,x3y2,0.00519515,1.4,0.6,5,3,0,0,0,0,1,0,0,1,0,0,152,2.122352191,0.095078785,2.290795587,0.95,0.056085142,0.081877856,1.708498176,0.079005101,1.880756992,0.137306055,0.258773357,0.233420294,0.411764706,0.341063285,0.241274659,0.574483579,0.406313257,0.593686743,0.00331,0,0.00249,0.05499,0.03816,0.00313,-0.00925,0.00278,-0.0043,-0.04506,-0.05884,-0.0766,0,-0.07755,0,-0.15415,-0.01917
26149,PM6_321136,PM6,PY-IT_321127,PY-IT,PM6-PY-IT,26149_B-1,CF,0,15,2000,180.5259273,2.01449,0.07939,2.17359,0.63458,0.0265,0.06037,1.5466,0.07125,1.70545,0.2003,0.23306,0.27641,0.27536,0.30764,0.24242,0.58405,0.47327,0.52673,0.38,0.32,0.39,52.43700944,21.61922784,10.74093289,0.9474666,1.136718676,1,24.57498004,24.57498004,0.9474666,0.8686,0.8659,35.82,0.2694,20.75062784,0.0815666,16.61700944,10.47153289,0.040177198,0.913910844,0.683105318,0.02508162,29.11.2023 14:37,B-1,2.19E-06,0.6,0.6,5.48,5.33,3.64,3.38,1.69,1.920015901,1.454557964,4.025442036,3.409984099,1.304557964,1.032100437,0.357091364,PM6_321136,PY-IT_321127,CF,Jonas_DonorAcceptor-NoWDonorWH2-AddInt-NewPTQ10BTP4F12-NoBG-ZnOCorr_PM6:PY-IT,Jonas_DonorAcceptor-NoWDonorWH2-AddInt-NewPTQ10BTP4F12-NoBG-ZnOCorr,0.388851336,29.11.2023 11:40,26149_208243_OD_x1y2,x1y2,0.010195431,0.6,0.6,1,5,1,0,0,0,0,0,0,0,0,1,153,2.008054766,0.077391339,2.168281151,0.718244951,0.025711561,0.061876358,1.542209295,0.072396197,1.704135883,0.192389303,0.230059008,0.265497239,0.275362319,0.303677891,0.242424242,0.569175129,0.466459662,0.533540338,-0.00643,-0.002,-0.00531,0.08367,-0.00079,0.00151,-0.00439,0.00114,-0.00132,-0.00791,-0.003,-0.01092,0,-0.00396,0,-0.01488,-0.00681
26149,PM6_321136,PM6,PY-IT_321127,PY-IT,PM6-PY-IT,26149_B-3,CF,0,15,2000,184.9302592,2.0148,0.07909,2.17407,0.63416,0.02316,0.05996,1.54692,0.0709,1.70561,0.20664,0.23767,0.28516,0.27536,0.31372,0.24242,0.59888,0.47615,0.52385,0.38,0.32,0.39,51.81125377,21.77311301,10.66790575,0.94565896,1.126158682,1,24.51998025,24.51998025,0.94565896,0,0.0002,0,0,21.77311301,0.94545896,51.81125377,10.66790575,0,0.000211493,0,0,29.11.2023 14:37,B-3,1.37E-06,1.4,0.6,5.48,5.33,3.64,3.38,1.69,1.920015901,1.454557964,4.025442036,3.409984099,1.304557964,1.030131327,0.358899004,PM6_321136,PY-IT_321127,CF,Jonas_DonorAcceptor-NoWDonorWH2-AddInt-NewPTQ10BTP4F12-NoBG-ZnOCorr_PM6:PY-IT,Jonas_DonorAcceptor-NoWDonorWH2-AddInt-NewPTQ10BTP4F12-NoBG-ZnOCorr,0.425419186,29.11.2023 11:40,26149_208243_OD_x3y2,x3y2,0.0104575,1.4,0.6,1,5,1,0,0,0,0,0,0,0,0,1,153,2.007313125,0.077089296,2.167501069,0.7313597,0.019106298,0.061181797,1.542701114,0.071814216,1.704062912,0.204678761,0.241400438,0.28245669,0.275362319,0.318648578,0.242424242,0.601105268,0.469895549,0.530104451,-0.00749,-0.002,-0.00657,0.0972,-0.00406,0.00123,-0.00421,0.00092,-0.00154,-0.00196,0.00373,-0.0027,0,0.00492,0,0.00222,-0.00626
26150,PM6_321136,PM6,PY-IT_321127,PY-IT,PM6-PY-IT,26150_A-2,CF,0,12.5,2000,133.972656,2.01268,0.07905,2.17221,0.57459,0.03972,0.06461,1.53931,0.076,1.70341,0.13848,0.18524,0.1911,0.27536,0.24451,0.24242,0.43561,0.4387,0.5613,0.38,0.32,0.39,57.67488921,23.58222409,12.85591487,0.945216855,1.296390026,1,30.57176009,30.57176009,0.945216855,9.6709,0.8844,47.03,4.0225,13.91132409,0.060816855,10.64488921,8.83341487,0.410092787,0.935658305,0.815432862,0.312890995,29.11.2023 14:39,A-2,3.54E-06,1,1.4,5.48,5.33,3.64,3.38,1.69,1.920015901,1.454557964,4.025442036,3.409984099,1.304557964,1.02964973,0.359341109,PM6_321136,PY-IT_321127,CF,Jonas_DonorAcceptor-NoWDonorWH2-AddInt-NewPTQ10BTP4F12-NoBG-ZnOCorr_PM6:PY-IT,Jonas_DonorAcceptor-NoWDonorWH2-AddInt-NewPTQ10BTP4F12-NoBG-ZnOCorr,0.12046387,29.11.2023 11:46,26150_208248_OD_x2y1,x2y1,0.010637563,1,1.4,1,5,1,0,0,0,0,0,0,0,0,1,154,2.007321783,0.077001049,2.167284151,0.671940885,0.038531883,0.065868448,1.536243586,0.076406659,1.703449106,0.135052547,0.186890603,0.186372515,0.275362319,0.246695596,0.242424242,0.433068111,0.430334559,0.569665441,-0.00536,-0.00205,-0.00492,0.09735,-0.00119,0.00126,-0.00306,0.00041,0.00004,-0.00343,0.00166,-0.00473,0,0.00218,0,-0.00254,-0.00836
26150,PM6_321136,PM6,PY-IT_321127,PY-IT,PM6-PY-IT,26150_A-1,CF,0,12.5,2000,140.3252117,2.01307,0.07834,2.17242,0.58463,0.0382,0.06443,1.54072,0.07565,1.70442,0.14598,0.1922,0.20145,0.27536,0.25371,0.24242,0.45516,0.44259,0.55741,0.38,0.32,0.39,57.66009591,23.52215951,12.84723592,0.947233716,1.267921301,1,29.82424708,29.82424708,0.947233716,0.3165,0.8414,34.55,0.092,23.20565951,0.105833716,23.11009591,12.75523592,0.013455397,0.888270746,0.599201223,0.007161073,29.11.2023 14:39,A-1,3.33E-06,0.6,1.4,5.48,5.33,3.64,3.38,1.69,1.920015901,1.454557964,4.025442036,3.409984099,1.304557964,1.03184675,0.357324248,PM6_321136,PY-IT_321127,CF,Jonas_DonorAcceptor-NoWDonorWH2-AddInt-NewPTQ10BTP4F12-NoBG-ZnOCorr_PM6:PY-IT,Jonas_DonorAcceptor-NoWDonorWH2-AddInt-NewPTQ10BTP4F12-NoBG-ZnOCorr,0.138728765,29.11.2023 11:46,26150_208248_OD_x1y1,x1y1,0.010645069,0.6,1.4,1,5,1,0,0,0,0,0,0,0,0,1,154,2.007087455,0.077095723,2.166037526,0.684108369,0.038709541,0.066074684,1.535830304,0.076503742,1.703416236,0.132787586,0.184848249,0.183246868,0.275362319,0.243999688,0.242424242,0.427246556,0.42890192,0.57109808,-0.00598,-0.00125,-0.00639,0.09948,0.00051,0.00164,-0.00489,0.00086,-0.00101,-0.01319,-0.00736,-0.0182,0,-0.00971,0,-0.02791,-0.01369
26150,PM6_321136,PM6,PY-IT_321127,PY-IT,PM6-PY-IT,26150_B-2,CF,0,12.5,2000,151.9796283,2.01413,0.07901,2.17306,0.61151,0.03603,0.06299,1.54287,0.07403,1.70462,0.16061,0.20388,0.22164,0.27536,0.26913,0.24242,0.49077,0.45162,0.54838,0.38,0.32,0.39,56.41900992,23.54324425,12.54896224,0.944748136,1.22214127,1,28.77317042,28.77317042,0.944748136,0,-0.0013,-18.94,0,23.54324425,0.946048136,75.35900992,12.54896224,0,-0.001376028,-0.335702453,0,29.11.2023 14:39,B-2,1.38E-06,1,0.6,5.48,5.33,3.64,3.38,1.69,1.920015901,1.454557964,4.025442036,3.409984099,1.304557964,1.029139142,0.359809828,PM6_321136,PY-IT_321127,CF,Jonas_DonorAcceptor-NoWDonorWH2-AddInt-NewPTQ10BTP4F12-NoBG-ZnOCorr_PM6:PY-IT,Jonas_DonorAcceptor-NoWDonorWH2-AddInt-NewPTQ10BTP4F12-NoBG-ZnOCorr,0.19051447,29.11.2023 11:46,26150_208248_OD_x2y2,x2y2,0.010995488,1,0.6,1,5,1,0,0,0,0,0,0,0,0,1,154,2.008488343,0.077219963,2.168062447,0.692100965,0.035755247,0.064588353,1.538921532,0.074900583,1.70405463,0.154291666,0.202254298,0.212922499,0.275362319,0.266975673,0.242424242,0.479898172,0.443431656,0.556568344,-0.00564,-0.00179,-0.005,0.0806,-0.00028,0.0016,-0.00394,0.00087,-0.00057,-0.00632,-0.00163,-0.00872,0,-0.00215,0,-0.01087,-0.00819
26150,PM6_321136,PM6,PY-IT_321127,PY-IT,PM6-PY-IT,26150_B-1,CF,0,12.5,2000,139.9606701,2.01071,0.0786,2.1686,0.64185,0.03492,0.06418,1.54011,0.07477,1.70457,0.1447,0.19111,0.19968,0.27536,0.25227,0.24242,0.45195,0.44183,0.55817,0.38,0.32,0.39,55.74806712,23.44248059,12.33433132,0.943804907,1.268722474,1,29.74200197,29.74200197,0.943804907,0.0004,-0.0101,-24.95,0,23.44208059,0.953904907,80.69806712,12.33433132,1.71E-05,-0.010701364,-0.447549149,0,29.11.2023 14:39,B-1,2.21E-06,0.6,0.6,5.48,5.33,3.64,3.38,1.69,1.920015901,1.454557964,4.025442036,3.409984099,1.304557964,1.028111658,0.360753057,PM6_321136,PY-IT_321127,CF,Jonas_DonorAcceptor-NoWDonorWH2-AddInt-NewPTQ10BTP4F12-NoBG-ZnOCorr_PM6:PY-IT,Jonas_DonorAcceptor-NoWDonorWH2-AddInt-NewPTQ10BTP4F12-NoBG-ZnOCorr,0.196618822,29.11.2023 11:46,26150_208248_OD_x1y2,x1y2,0.010785162,0.6,0.6,1,5,1,0,0,0,0,0,0,0,0,1,154,2.008677679,0.07736953,2.168244035,0.701138017,0.034577404,0.06378666,1.540090103,0.074202235,1.704034914,0.162326786,0.207185924,0.224010964,0.275362319,0.27348542,0.242424242,0.497496384,0.450276568,0.549723432,-0.00203,-0.00123,-0.00035,0.05929,-0.00034,-0.00039,-0.00002,-0.00057,-0.00053,0.01763,0.01607,0.02433,0,0.02122,0,0.04555,0.00845
26151,PM6_321136,PM6,PY-IT_321127,PY-IT,PM6-PY-IT,26151_A-2,CF,0,10,2000,113.4902936,2.01074,0.07895,2.17073,0.53977,0.04498,0.06529,1.53557,0.07744,1.7014,0.11594,0.16151,0.16,0.27536,0.2132,0.24242,0.3732,0.42872,0.57128,0.38,0.32,0.39,58.80021668,23.5015615,13.02710736,0.942697482,1.406132977,1,33.04632064,33.04632064,0.942697482,11.9806,0.8846,49.04,5.1979,11.5209615,0.058097482,9.76021668,7.82920736,0.509778893,0.938371022,0.834010532,0.399006461,29.11.2023 14:42,A-2,1.48E-06,1,1.4,5.48,5.33,3.64,3.38,1.69,1.920015901,1.454557964,4.025442036,3.409984099,1.304557964,1.02690531,0.361860482,PM6_321136,PY-IT_321127,CF,Jonas_DonorAcceptor-NoWDonorWH2-AddInt-NewPTQ10BTP4F12-NoBG-ZnOCorr_PM6:PY-IT,Jonas_DonorAcceptor-NoWDonorWH2-AddInt-NewPTQ10BTP4F12-NoBG-ZnOCorr,0.076611054,29.11.2023 11:51,26151_208253_OD_x2y1,x2y1,0.009790625,1,1.4,1,5,1,0,0,0,0,0,0,0,0,1,155,2.005663796,0.077416512,2.166325801,0.565338641,0.044514025,0.066710716,1.531328592,0.078470201,1.700716602,0.105493117,0.156175214,0.145580501,0.275362319,0.206151282,0.242424242,0.351731783,0.413706993,0.586293007,-0.00508,-0.00154,-0.00441,0.02557,-0.00047,0.00142,-0.00425,0.00103,-0.00069,-0.01045,-0.00534,-0.01442,0,-0.00705,0,-0.02146,-0.01502
26151,PM6_321136,PM6,PY-IT_321127,PY-IT,PM6-PY-IT,26151_A-3,CF,0,10,2000,107.8664573,2.00939,0.07728,2.16722,0.56769,0.0377,0.06605,1.53546,0.07778,1.70364,0.10636,0.15792,0.14678,0.27536,0.20845,0.24242,0.35523,0.4132,0.5868,0.38,0.32,0.39,57.01661802,22.65277779,12.07501515,0.934899153,1.444042298,1,32.71156929,32.71156929,0.934899153,14.3317,0.886,50.42,6.4017,8.32107779,0.048899153,6.59661802,5.67331515,0.632668547,0.947695799,0.88430359,0.530160826,29.11.2023 14:42,A-3,3.32E-06,1.4,1.4,5.48,5.33,3.64,3.38,1.69,1.920015901,1.454557964,4.025442036,3.409984099,1.304557964,1.018410384,0.369658811,PM6_321136,PY-IT_321127,CF,Jonas_DonorAcceptor-NoWDonorWH2-AddInt-NewPTQ10BTP4F12-NoBG-ZnOCorr_PM6:PY-IT,Jonas_DonorAcceptor-NoWDonorWH2-AddInt-NewPTQ10BTP4F12-NoBG-ZnOCorr,0.093777863,29.11.2023 11:51,26151_208253_OD_x3y1,x3y1,0.008293288,1.4,1.4,1,5,1,0,0,0,0,0,0,0,0,1,155,2.00489536,0.077636562,2.166328457,0.554958332,0.045401161,0.067015218,1.530006414,0.07909856,1.700223944,0.098604734,0.148096283,0.136074533,0.275362319,0.195487094,0.242424242,0.331561627,0.410404951,0.589595049,-0.00449,0.00036,-0.00089,-0.01273,0.0077,0.00097,-0.00545,0.00132,-0.00341,-0.00776,-0.00982,-0.01071,0,-0.01296,0,-0.02367,-0.00279
26151,PM6_321136,PM6,PY-IT_321127,PY-IT,PM6-PY-IT,26151_B-1,CF,0,10,2000,102.4609094,2.00781,0.07809,2.168,0.53795,0.04221,0.06545,1.53371,0.07787,1.70102,0.10475,0.14873,0.14456,0.27536,0.19633,0.24242,0.34088,0.42406,0.57594,0.38,0.32,0.39,55.73869638,22.64571588,11.73310774,0.929544525,1.480457633,1,33.52602292,33.52602292,0.929544525,4.4002,0.8862,49.33,1.9238,18.24551588,0.043344525,6.40869638,9.80930774,0.194306068,0.953370147,0.885022493,0.16396338,29.11.2023 14:42,B-1,9.70E-06,0.6,0.6,5.48,5.33,3.64,3.38,1.69,1.920015901,1.454557964,4.025442036,3.409984099,1.304557964,1.012577446,0.375013439,PM6_321136,PY-IT_321127,CF,Jonas_DonorAcceptor-NoWDonorWH2-AddInt-NewPTQ10BTP4F12-NoBG-ZnOCorr_PM6:PY-IT,Jonas_DonorAcceptor-NoWDonorWH2-AddInt-NewPTQ10BTP4F12-NoBG-ZnOCorr,0.085165074,29.11.2023 11:51,26151_208253_OD_x1y2,x1y2,0.008715194,0.6,0.6,1,5,1,0,0,0,0,0,0,0,0,1,155,2.004185066,0.077391011,2.166658419,0.585566664,0.04362762,0.066773072,1.531088677,0.078199896,1.701306443,0.101861785,0.153930685,0.140569263,0.275362319,0.203188504,0.242424242,0.343757768,0.408919526,0.591080474,-0.00363,-0.0007,-0.00134,0.04762,0.00141,0.00132,-0.00262,0.00033,0.00029,-0.00289,0.0052,-0.00399,0,0.00686,0,0.00288,-0.01514
26152,PM6_321136,PM6,PY-IT_321127,PY-IT,PM6-PY-IT,26152_A-2,CF,0,10,1000,123.7287462,2.00869,0.07622,2.16656,0.58301,0.04339,0.06533,1.53815,0.07757,1.7045,0.12612,0.17361,0.17405,0.27536,0.22916,0.24242,0.40322,0.43166,0.56834,0.38,0.32,0.39,58.10008468,22.83973664,12.52043761,0.943521175,1.346514385,1,30.75403393,30.75403393,0.943521175,15.1731,0.8866,47.25,6.3565,7.66663664,0.056921175,10.85008468,6.16393761,0.664329026,0.939671545,0.813251827,0.507689923,29.11.2023 14:45,A-2,2.67E-06,1,1.4,5.48,5.33,3.64,3.38,1.69,1.920015901,1.454557964,4.025442036,3.409984099,1.304557964,1.027802581,0.361036789,PM6_321136,PY-IT_321127,CF,Jonas_DonorAcceptor-NoWDonorWH2-AddInt-NewPTQ10BTP4F12-NoBG-ZnOCorr_PM6:PY-IT,Jonas_DonorAcceptor-NoWDonorWH2-AddInt-NewPTQ10BTP4F12-NoBG-ZnOCorr,0.161666115,29.11.2023 11:57,26152_208260_OD_x2y1,x2y1,0.010872912,1,1.4,1,5,1,0,0,0,0,0,0,0,0,1,156,2.007521813,0.077808234,2.166308499,0.670152553,0.041846377,0.065470756,1.537440525,0.075918747,1.703655309,0.138032591,0.186657161,0.190484975,0.275362319,0.246387452,0.242424242,0.436872427,0.436031465,0.563968535,-0.00117,0.00159,-0.00025,0.08715,-0.00154,0.00014,-0.00071,-0.00165,-0.00084,0.01191,0.01305,0.01643,0,0.01722,0,0.03366,0.00437
26152,PM6_321136,PM6,PY-IT_321127,PY-IT,PM6-PY-IT,26152_B-1,CF,0,10,1000,144.9078124,2.01242,0.07881,2.17121,0.60138,0.04091,0.06345,1.5416,0.07456,1.70452,0.15112,0.19714,0.20855,0.27536,0.26022,0.24242,0.46877,0.44489,0.55511,0.38,0.32,0.39,57.10039312,22.95470628,12.34944136,0.942185625,1.249539606,1,28.68281464,28.68281464,0.942185625,14.1947,0.8819,44.27,5.5424,8.76000628,0.060285625,12.83039312,6.80704136,0.618378638,0.93601513,0.775301142,0.448797629,29.11.2023 14:45,B-1,2.83E-06,0.6,0.6,5.48,5.33,3.64,3.38,1.69,1.920015901,1.454557964,4.025442036,3.409984099,1.304557964,1.026347731,0.362372339,PM6_321136,PY-IT_321127,CF,Jonas_DonorAcceptor-NoWDonorWH2-AddInt-NewPTQ10BTP4F12-NoBG-ZnOCorr_PM6:PY-IT,Jonas_DonorAcceptor-NoWDonorWH2-AddInt-NewPTQ10BTP4F12-NoBG-ZnOCorr,0.164490789,29.11.2023 11:57,26152_208260_OD_x1y2,x1y2,0.012054567,0.6,0.6,1,5,1,0,0,0,0,0,0,0,0,1,156,2.00775179,0.077637647,2.168176095,0.652323056,0.04043486,0.065154985,1.5376041,0.075675706,1.703959599,0.141231264,0.190457995,0.194899145,0.275362319,0.251404553,0.242424242,0.446303698,0.436696236,0.563303764,-0.00467,-0.00117,-0.00303,0.05094,-0.00048,0.0017,-0.00399,0.00111,-0.00056,-0.00989,-0.00668,-0.01365,0,-0.00882,0,-0.02247,-0.00819
26152,PM6_321136,PM6,PY-IT_321127,PY-IT,PM6-PY-IT,26152_A-1,CF,0,10,1000,148.6147129,2.01222,0.07881,2.17114,0.61307,0.03809,0.06313,1.54227,0.0741,1.70472,0.15462,0.20149,0.21338,0.27536,0.26597,0.24242,0.47934,0.44514,0.55486,0.38,0.32,0.39,56.73901041,22.70173263,12.13791823,0.942330929,1.235342459,1,28.0444142,28.0444142,0.942330929,14.6991,0.8848,44.9,5.8399,8.00263263,0.057530929,11.83901041,6.29801823,0.647488024,0.938948275,0.79134267,0.481128633,29.11.2023 14:45,A-1,2.25E-06,0.6,1.4,5.48,5.33,3.64,3.38,1.69,1.920015901,1.454557964,4.025442036,3.409984099,1.304557964,1.026506015,0.362227035,PM6_321136,PY-IT_321127,CF,Jonas_DonorAcceptor-NoWDonorWH2-AddInt-NewPTQ10BTP4F12-NoBG-ZnOCorr_PM6:PY-IT,Jonas_DonorAcceptor-NoWDonorWH2-AddInt-NewPTQ10BTP4F12-NoBG-ZnOCorr,0.186009467,29.11.2023 11:57,26152_208260_OD_x1y1,x1y1,0.011518185,0.6,1.4,1,5,1,0,0,0,0,0,0,0,0,1,156,2.007836224,0.077636757,2.167629302,0.663930569,0.04213838,0.065146068,1.537663763,0.075739435,1.703448427,0.13955548,0.189399544,0.192586562,0.275362319,0.250007398,0.242424242,0.44259396,0.435131473,0.564868527,-0.00438,-0.00118,-0.00351,0.05086,0.00405,0.00202,-0.0046,0.00164,-0.00128,-0.01506,-0.01209,-0.02079,0,-0.01596,0,-0.03675,-0.01001
26152,PM6_321136,PM6,PY-IT_321127,PY-IT,PM6-PY-IT,26152_B-2,CF,0,10,1000,137.4881904,2.01066,0.0779,2.16982,0.59455,0.04184,0.06407,1.54038,0.07538,1.70427,0.14232,0.18869,0.1964,0.27536,0.24907,0.24242,0.44547,0.44089,0.55911,0.38,0.32,0.39,56.5781642,22.70283441,12.09300745,0.941467619,1.280121643,1,29.06238968,29.06238968,0.941467619,14.7193,0.8843,45.49,5.9215,7.98353441,0.057167619,11.0881642,6.17150745,0.648346358,0.939278189,0.804020432,0.48966314,29.11.2023 14:45,B-2,1.60E-06,1,0.6,5.48,5.33,3.64,3.38,1.69,1.920015901,1.454557964,4.025442036,3.409984099,1.304557964,1.025565588,0.363090345,PM6_321136,PY-IT_321127,CF,Jonas_DonorAcceptor-NoWDonorWH2-AddInt-NewPTQ10BTP4F12-NoBG-ZnOCorr_PM6:PY-IT,Jonas_DonorAcceptor-NoWDonorWH2-AddInt-NewPTQ10BTP4F12-NoBG-ZnOCorr,0.149283727,29.11.2023 11:57,26152_208260_OD_x2y2,x2y2,0.011560355,1,0.6,1,5,1,0,0,0,0,0,0,0,0,1,156,2.007830423,0.077988572,2.167648538,0.652280421,0.04112687,0.065217433,1.537769135,0.075885047,1.703750161,0.140047355,0.189261413,0.19326535,0.275362319,0.249825065,0.242424242,0.443090416,0.436172075,0.563827925,-0.00283,0.00009,-0.00217,0.05773,-0.00071,0.00114,-0.00261,0.00051,-0.00052,-0.00227,0.00058,-0.00314,0,0.00076,0,-0.00238,-0.00472
26153,PM6_321136,PM6,PY-IT_321127,PY-IT,PM6-PY-IT,26153_B-1,CF,2,10,1000,146.8574915,2.0094,0.07841,2.16969,0.63436,0.03789,0.06415,1.53854,0.0751,1.70277,0.15245,0.19896,0.21038,0.27536,0.26263,0.24242,0.47301,0.44477,0.55523,0.38,0.32,0.39,60.11502253,24.0015035,13.49922064,0.935593582,1.242458669,1,29.82087608,29.82087608,0.935593582,9.5247,0.8837,43.94,3.6986,14.4768035,0.051893582,16.17502253,9.80062064,0.39683764,0.944534055,0.730932106,0.273986188,29.11.2023 14:47,B-1,2.04E-06,0.6,0.6,5.48,5.33,3.64,3.38,1.69,1.920015901,1.454557964,4.025442036,3.409984099,1.304557964,1.019166844,0.368964382,PM6_321136,PY-IT_321127,CF,Jonas_DonorAcceptor-NoWDonorWH2-AddInt-NewPTQ10BTP4F12-NoBG-ZnOCorr_PM6:PY-IT,Jonas_DonorAcceptor-NoWDonorWH2-AddInt-NewPTQ10BTP4F12-NoBG-ZnOCorr,0.15757413,29.11.2023 12:03,26153_208268_OD_x1y2,x1y2,0.011072494,0.6,0.6,1,5,1,0,0,0,0,0,0,0,0,1,157,2.006130953,0.078027286,2.167932432,0.594852231,0.044825741,0.06621681,1.533348717,0.077721129,1.70193924,0.120987261,0.169985621,0.16696242,0.275362319,0.22438102,0.242424242,0.39134344,0.426639119,0.573360881,-0.00327,-0.00038,-0.00176,-0.03951,0.00694,0.00207,-0.00519,0.00262,-0.00083,-0.03146,-0.02898,-0.04342,0,-0.03825,0,-0.08166,-0.01813
26153,PM6_321136,PM6,PY-IT_321127,PY-IT,PM6-PY-IT,26153_A-3,CF,2,10,1000,144.6458664,2.00931,0.07794,2.16939,0.63754,0.03757,0.06429,1.53805,0.0752,1.70237,0.14822,0.19765,0.20454,0.27536,0.2609,0.24242,0.46544,0.43945,0.56055,0.38,0.32,0.39,60.06944561,23.72563866,13.34836447,0.936605105,1.251805066,1,29.69987467,29.69987467,0.936605105,4.2008,0.879,42.47,1.5682,19.52483866,0.057605105,17.59944561,11.78016447,0.177057404,0.938495846,0.707015015,0.117482558,29.11.2023 14:47,A-3,1.68E-06,1.4,1.4,5.48,5.33,3.64,3.38,1.69,1.920015901,1.454557964,4.025442036,3.409984099,1.304557964,1.020268723,0.367952859,PM6_321136,PY-IT_321127,CF,Jonas_DonorAcceptor-NoWDonorWH2-AddInt-NewPTQ10BTP4F12-NoBG-ZnOCorr_PM6:PY-IT,Jonas_DonorAcceptor-NoWDonorWH2-AddInt-NewPTQ10BTP4F12-NoBG-ZnOCorr,0.153821741,29.11.2023 12:03,26153_208268_OD_x3y1,x3y1,0.010762143,1.4,1.4,1,5,1,0,0,0,0,0,0,0,0,1,157,2.006395684,0.076020869,2.166072572,0.710528027,0.034147558,0.065662198,1.537026908,0.075883987,1.703882311,0.144049703,0.201015278,0.19878859,0.275362319,0.265340167,0.242424242,0.464128757,0.428304833,0.571695167,-0.00292,-0.00192,-0.00332,0.07299,-0.00342,0.00137,-0.00103,0.00068,0.00151,-0.00417,0.00336,-0.00575,0,0.00444,0,-0.00131,-0.01115
26153,PM6_321136,PM6,PY-IT_321127,PY-IT,PM6-PY-IT,26153_A-1,CF,2,10,1000,147.9598478,2.00949,0.07846,2.17031,0.62966,0.03808,0.06392,1.53863,0.07492,1.7025,0.15315,0.20097,0.21135,0.27536,0.26528,0.24242,0.47663,0.44343,0.55657,0.38,0.32,0.39,59.34130336,23.58099188,13.1162102,0.93732288,1.238863063,1,29.21361983,29.21361983,0.93732288,0,0.0005,0,0,23.58099188,0.93682288,59.34130336,13.1162102,0,0.000533434,0,0,29.11.2023 14:47,A-1,2.26E-06,0.6,1.4,5.48,5.33,3.64,3.38,1.69,1.920015901,1.454557964,4.025442036,3.409984099,1.304557964,1.021050614,0.367235084,PM6_321136,PY-IT_321127,CF,Jonas_DonorAcceptor-NoWDonorWH2-AddInt-NewPTQ10BTP4F12-NoBG-ZnOCorr_PM6:PY-IT,Jonas_DonorAcceptor-NoWDonorWH2-AddInt-NewPTQ10BTP4F12-NoBG-ZnOCorr,0.163551316,29.11.2023 12:03,26153_208268_OD_x1y1,x1y1,0.011161125,0.6,1.4,1,5,1,0,0,0,0,0,0,0,0,1,157,2.007322985,0.076887583,2.167546805,0.696825491,0.035194764,0.063897116,1.538590675,0.074833077,1.70342459,0.149496157,0.200048414,0.206304697,0.275362319,0.264063907,0.242424242,0.470368604,0.438602184,0.561397816,-0.00216,-0.00157,-0.00276,0.06717,-0.00289,-0.00002,-0.00004,-0.00009,0.00092,-0.00366,-0.00092,-0.00505,0,-0.00121,0,-0.00626,-0.00483
26153,PM6_321136,PM6,PY-IT_321127,PY-IT,PM6-PY-IT,26153_A-2,CF,2,10,1000,153.4385223,2.00901,0.07838,2.17061,0.6411,0.03556,0.06324,1.53962,0.07425,1.70251,0.15958,0.20718,0.22023,0.27536,0.27348,0.24242,0.49371,0.44607,0.55393,0.38,0.32,0.39,58.70821602,23.68988626,13.02616137,0.936600951,1.218962737,1,28.87708859,28.87708859,0.936600951,0.0006,0.0223,24.99,0,23.68928626,0.914300951,33.71821602,13.02616137,2.53E-05,0.0238095,0.425664442,0,29.11.2023 14:47,A-2,1.52E-06,1,1.4,5.48,5.33,3.64,3.38,1.69,1.920015901,1.454557964,4.025442036,3.409984099,1.304557964,1.020264198,0.367957013,PM6_321136,PY-IT_321127,CF,Jonas_DonorAcceptor-NoWDonorWH2-AddInt-NewPTQ10BTP4F12-NoBG-ZnOCorr_PM6:PY-IT,Jonas_DonorAcceptor-NoWDonorWH2-AddInt-NewPTQ10BTP4F12-NoBG-ZnOCorr,0.199025598,29.11.2023 12:03,26153_208268_OD_x2y1,x2y1,0.011170663,1,1.4,1,5,1,0,0,0,0,0,0,0,0,1,157,2.006859334,0.076454226,2.166809689,0.703676759,0.034671161,0.064779657,1.537808791,0.075358532,1.70365345,0.14677293,0.200531846,0.202546643,0.275362319,0.264702037,0.242424242,0.46724868,0.433453508,0.566546492,-0.00215,-0.00193,-0.0038,0.06258,-0.00089,0.00154,-0.00181,0.00111,0.00115,-0.01281,-0.00665,-0.01768,0,-0.00878,0,-0.02646,-0.01262
26154,PM6_321136,PM6,PY-IT_321127,PY-IT,PM6-PY-IT,26154_A-2,CF,0,10,3000,88.02040545,2.00593,0.07876,2.16715,0.5,0.04079,0.06464,1.53184,0.07817,1.69897,0.09035,0.13077,0.12468,0.27536,0.17261,0.24242,0.29729,0.41939,0.58061,0.38,0.32,0.39,59.71892355,21.77966158,12.23787776,0.940899013,1.600526812,1,34.85893231,34.85893231,0.940899013,4.5251,0.8795,46.46,1.849,17.25456158,0.061399013,13.25892355,10.38887776,0.207767232,0.934744311,0.777977854,0.151088288,29.11.2023 14:50,A-2,6.86E-06,1,1.4,5.48,5.33,3.64,3.38,1.69,1.920015901,1.454557964,4.025442036,3.409984099,1.304557964,1.024946191,0.363658951,PM6_321136,PY-IT_321127,CF,Jonas_DonorAcceptor-NoWDonorWH2-AddInt-NewPTQ10BTP4F12-NoBG-ZnOCorr_PM6:PY-IT,Jonas_DonorAcceptor-NoWDonorWH2-AddInt-NewPTQ10BTP4F12-NoBG-ZnOCorr,0.088933126,29.11.2023 12:09,26154_208272_OD_x2y1,x2y1,0.00742425,1,1.4,1,5,1,0,0,0,0,0,0,0,0,1,158,2.000798828,0.077723344,2.163682713,0.519406563,0.044916839,0.066732552,1.526665897,0.079716597,1.698379852,0.084213685,0.129654135,0.116214885,0.275362319,0.171143458,0.242424242,0.287358343,0.404426331,0.595573669,-0.00513,-0.00103,-0.00346,0.01941,0.00413,0.0021,-0.00518,0.00155,-0.00059,-0.00613,-0.00111,-0.00847,0,-0.00147,0,-0.00993,-0.01496
26154,PM6_321136,PM6,PY-IT_321127,PY-IT,PM6-PY-IT,26154_B-3,CF,0,10,3000,80.76304446,2.00459,0.07868,2.16624,0.5,0.03921,0.06403,1.53182,0.07798,1.69873,0.08443,0.12082,0.11652,0.27536,0.15948,0.24242,0.276,0.42217,0.57783,0.38,0.32,0.39,59.26282509,21.17425894,11.74487707,0.935961328,1.67034581,1,35.3683347,35.3683347,0.935961328,12.8398,0.8896,53.98,6.1653,8.33445894,0.046361328,5.28282509,5.57957707,0.606387219,0.95046662,0.910857691,0.524935252,29.11.2023 14:50,B-3,3.82E-06,1.4,0.6,5.48,5.33,3.64,3.38,1.69,1.920015901,1.454557964,4.025442036,3.409984099,1.304557964,1.01956744,0.368596636,PM6_321136,PY-IT_321127,CF,Jonas_DonorAcceptor-NoWDonorWH2-AddInt-NewPTQ10BTP4F12-NoBG-ZnOCorr_PM6:PY-IT,Jonas_DonorAcceptor-NoWDonorWH2-AddInt-NewPTQ10BTP4F12-NoBG-ZnOCorr,0.097348545,29.11.2023 12:09,26154_208272_OD_x3y2,x3y2,0.006731343,1.4,0.6,1,5,1,0,0,0,0,0,0,0,0,1,158,2.000092719,0.077991623,2.163643967,0.517092253,0.044149857,0.066609343,1.527216559,0.079553227,1.698721208,0.084197002,0.126029607,0.116191862,0.275362319,0.166359081,0.242424242,0.282550944,0.411224471,0.588775529,-0.0045,-0.00069,-0.00259,0.01709,0.00494,0.00258,-0.0046,0.00157,-0.00001,-0.00024,0.00521,-0.00033,0,0.00688,0,0.00656,-0.01095
26154,PM6_321136,PM6,PY-IT_321127,PY-IT,PM6-PY-IT,26154_A-3,CF,0,10,3000,84.39390784,2.00469,0.07863,2.166,0.5,0.03891,0.06429,1.53186,0.07787,1.69897,0.08755,0.12569,0.12082,0.27536,0.16591,0.24242,0.28673,0.42138,0.57862,0.38,0.32,0.39,58.25068166,21.12430908,11.49650952,0.934291673,1.634002988,1,34.51718415,34.51718415,0.934291673,1.8698,0.8831,47.78,0.7889,19.25450908,0.051191673,10.47068166,10.70760952,0.088514138,0.945208039,0.820247912,0.068620828,29.11.2023 14:50,A-3,2.74E-06,1.4,1.4,5.48,5.33,3.64,3.38,1.69,1.920015901,1.454557964,4.025442036,3.409984099,1.304557964,1.01774864,0.370266291,PM6_321136,PY-IT_321127,CF,Jonas_DonorAcceptor-NoWDonorWH2-AddInt-NewPTQ10BTP4F12-NoBG-ZnOCorr_PM6:PY-IT,Jonas_DonorAcceptor-NoWDonorWH2-AddInt-NewPTQ10BTP4F12-NoBG-ZnOCorr,0.09820947,29.11.2023 12:09,26154_208272_OD_x3y1,x3y1,0.006936014,1.4,1.4,1,5,1,0,0,0,0,0,0,0,0,1,158,2.000316866,0.077755234,2.163414551,0.515766642,0.044181306,0.066648377,1.526563057,0.079719133,1.698345695,0.083533381,0.128519484,0.115276066,0.275362319,0.169645719,0.242424242,0.284921784,0.404588459,0.595411541,-0.00437,-0.00088,-0.00258,0.01577,0.00527,0.00236,-0.0053,0.00185,-0.00063,-0.00402,0.00283,-0.00555,0,0.00373,0,-0.00181,-0.01679
26155,PM6_321136,PM6,PY-IT_321127,PY-IT,PM6-PY-IT,26155_B-3,CF,2,10,3000,88.82225144,2.0027,0.07814,2.16583,0.51875,0.0392,0.06549,1.52842,0.07888,1.69732,0.09077,0.13243,0.12526,0.27536,0.17481,0.24242,0.30007,0.41743,0.58257,0.38,0.32,0.39,61.69164759,22.16862636,12.72093261,0.930151732,1.596303767,1,35.38786178,35.38786178,0.930151732,0.1445,0.8495,31.37,0.0385,22.02412636,0.080651732,30.32164759,12.68243261,0.006518221,0.913291854,0.508496713,0.003026508,29.11.2023 14:52,B-3,2.13E-06,1.4,0.6,5.48,5.33,3.64,3.38,1.69,1.920015901,1.454557964,4.025442036,3.409984099,1.304557964,1.013238893,0.374406232,PM6_321136,PY-IT_321127,CF,Jonas_DonorAcceptor-NoWDonorWH2-AddInt-NewPTQ10BTP4F12-NoBG-ZnOCorr_PM6:PY-IT,Jonas_DonorAcceptor-NoWDonorWH2-AddInt-NewPTQ10BTP4F12-NoBG-ZnOCorr,0.092200028,29.11.2023 12:14,26155_208275_OD_x3y2,x3y2,0.007040224,1.4,0.6,1,5,1,0,0,0,0,0,0,0,0,1,159,2.000611465,0.077875157,2.163634815,0.501819609,0.043605933,0.066567924,1.526820036,0.079639818,1.69827681,0.083928874,0.129336757,0.115821847,0.275362319,0.170724519,0.242424242,0.286546366,0.404199322,0.595800678,-0.00209,-0.00026,-0.0022,-0.01693,0.00441,0.00108,-0.0016,0.00076,0.00095,-0.00684,-0.0031,-0.00944,0,-0.00409,0,-0.01352,-0.01323
26155,PM6_321136,PM6,PY-IT_321127,PY-IT,PM6-PY-IT,26155_A-1,CF,2,10,3000,89.88313296,2.00244,0.0783,2.16576,0.51644,0.04005,0.06555,1.52842,0.07881,1.69738,0.09322,0.13299,0.12864,0.27536,0.17554,0.24242,0.30418,0.4229,0.5771,0.38,0.32,0.39,61.7704206,22.01570477,12.66274712,0.93113957,1.585307601,1,34.90166412,34.90166412,0.93113957,0.8443,0.8806,43.34,0.3222,21.17140477,0.05053957,18.4304206,12.34054712,0.038349897,0.945722884,0.70163032,0.025444716,29.11.2023 14:52,A-1,4.18E-06,0.6,1.4,5.48,5.33,3.64,3.38,1.69,1.920015901,1.454557964,4.025442036,3.409984099,1.304557964,1.014314971,0.373418394,PM6_321136,PY-IT_321127,CF,Jonas_DonorAcceptor-NoWDonorWH2-AddInt-NewPTQ10BTP4F12-NoBG-ZnOCorr_PM6:PY-IT,Jonas_DonorAcceptor-NoWDonorWH2-AddInt-NewPTQ10BTP4F12-NoBG-ZnOCorr,0.087259485,29.11.2023 12:14,26155_208275_OD_x1y1,x1y1,0.007157638,0.6,1.4,1,5,1,0,0,0,0,0,0,0,0,1,159,2.000925569,0.079335425,2.164460512,0.500000311,0.044987765,0.066605097,1.52725012,0.079505759,1.698721225,0.087931944,0.131124634,0.121346082,0.275362319,0.173084517,0.242424242,0.294430599,0.41213815,0.58786185,-0.00151,0.00104,-0.0013,-0.01644,0.00494,0.00106,-0.00117,0.0007,0.00134,-0.00528,-0.00186,-0.00729,0,-0.00246,0,-0.00975,-0.01076
26155,PM6_321136,PM6,PY-IT_321127,PY-IT,PM6-PY-IT,26155_B-1,CF,2,10,3000,86.89803937,2.00181,0.07789,2.16488,0.52108,0.03783,0.06538,1.52837,0.07877,1.69752,0.08921,0.12977,0.12311,0.27536,0.1713,0.24242,0.29441,0.41816,0.58184,0.38,0.32,0.39,59.6292018,22.26129421,12.28806878,0.925708451,1.613406239,1,35.91651097,35.91651097,0.925708451,8.7661,0.8892,52.37,4.0823,13.49519421,0.036508451,7.2592018,8.20576878,0.393782137,0.96056161,0.87826096,0.332216565,29.11.2023 14:52,B-1,3.64E-06,0.6,0.6,5.48,5.33,3.64,3.38,1.69,1.920015901,1.454557964,4.025442036,3.409984099,1.304557964,1.008398709,0.378849513,PM6_321136,PY-IT_321127,CF,Jonas_DonorAcceptor-NoWDonorWH2-AddInt-NewPTQ10BTP4F12-NoBG-ZnOCorr_PM6:PY-IT,Jonas_DonorAcceptor-NoWDonorWH2-AddInt-NewPTQ10BTP4F12-NoBG-ZnOCorr,0.094830315,29.11.2023 12:14,26155_208275_OD_x1y2,x1y2,0.006767454,0.6,0.6,1,5,1,0,0,0,0,0,0,0,0,1,159,2.000481046,0.07745389,2.163364938,0.510514305,0.042573942,0.066604077,1.527203893,0.079485785,1.698947396,0.083670968,0.128781462,0.115465936,0.275362319,0.16999153,0.242424242,0.285457466,0.404494364,0.595505636,-0.00133,-0.00044,-0.00152,-0.01057,0.00474,0.00123,-0.00116,0.00071,0.00143,-0.00554,-0.00099,-0.00765,0,-0.00131,0,-0.00896,-0.01366
26155,PM6_321136,PM6,PY-IT_321127,PY-IT,PM6-PY-IT,26155_A-3,CF,2,10,3000,89.0063413,2.00213,0.07778,2.16462,0.53994,0.03723,0.06563,1.52854,0.07869,1.6983,0.09083,0.13234,0.12535,0.27536,0.17469,0.24242,0.30003,0.41777,0.58223,0.38,0.32,0.39,59.52951241,21.53852796,11.86804854,0.925616249,1.593065083,1,34.31227684,34.31227684,0.925616249,0.0018,0.1239,25.02,0.0001,21.53672796,0.801716249,34.50951241,11.86794854,8.36E-05,0.133856769,0.420295732,8.43E-06,29.11.2023 14:52,A-3,2.64E-06,1.4,1.4,5.48,5.33,3.64,3.38,1.69,1.920015901,1.454557964,4.025442036,3.409984099,1.304557964,1.008298271,0.378941715,PM6_321136,PY-IT_321127,CF,Jonas_DonorAcceptor-NoWDonorWH2-AddInt-NewPTQ10BTP4F12-NoBG-ZnOCorr_PM6:PY-IT,Jonas_DonorAcceptor-NoWDonorWH2-AddInt-NewPTQ10BTP4F12-NoBG-ZnOCorr,0.086209954,29.11.2023 12:14,26155_208275_OD_x3y1,x3y1,0.006778494,1.4,1.4,1,5,1,0,0,0,0,0,0,0,0,1,159,1.999486782,0.07781439,2.16260427,0.520818569,0.043614151,0.066731516,1.527285367,0.078884707,1.699486797,0.083821841,0.128376029,0.11567414,0.275362319,0.169456358,0.242424242,0.285130498,0.405688416,0.594311584,-0.00264,0.00003,-0.00201,-0.01912,0.00638,0.00111,-0.00126,0.00019,0.00119,-0.00701,-0.00396,-0.00967,0,-0.00523,0,-0.0149,-0.01208
26156,PM6_321136,PM6,PY-IT_321127,PY-IT,PM6-PY-IT,26156_B-3,CF,1,10,2000,104.9075583,2.00527,0.07815,2.16731,0.54361,0.03559,0.06587,1.53109,0.07829,1.69927,0.10662,0.15269,0.14714,0.27536,0.20155,0.24242,0.34869,0.42198,0.57802,0.38,0.32,0.39,62.59934942,24.46346077,14.33075607,0.93579644,1.465943479,1,35.86205078,35.86205078,0.93579644,16.4045,0.8905,50.59,7.39,8.05896077,0.04529644,12.00934942,6.94075607,0.670571517,0.951595841,0.808155364,0.515674118,29.11.2023 14:55,B-3,3.18E-06,1.4,0.6,5.48,5.33,3.64,3.38,1.69,1.920015901,1.454557964,4.025442036,3.409984099,1.304557964,1.019387823,0.368761524,PM6_321136,PY-IT_321127,CF,Jonas_DonorAcceptor-NoWDonorWH2-AddInt-NewPTQ10BTP4F12-NoBG-ZnOCorr_PM6:PY-IT,Jonas_DonorAcceptor-NoWDonorWH2-AddInt-NewPTQ10BTP4F12-NoBG-ZnOCorr,0.084592601,29.11.2023 12:20,26156_208286_OD_x3y2,x3y2,0.007307621,1.4,0.6,1,5,1,0,0,0,0,0,0,0,0,1,160,2.005936106,0.077832111,2.166774751,0.576791143,0.040835356,0.066952144,1.531167289,0.078628185,1.700903854,0.106098084,0.157304634,0.146415357,0.275362319,0.207642117,0.242424242,0.354057473,0.413535563,0.586464437,0.00067,-0.00032,-0.00053,0.03318,0.00525,0.00108,0.00007,0.00034,0.00164,-0.00052,0.00462,-0.00072,0,0.00609,0,0.00537,-0.00844
26156,PM6_321136,PM6,PY-IT_321127,PY-IT,PM6-PY-IT,26156_B-1,CF,1,10,2000,111.1189542,2.00704,0.07829,2.16836,0.55707,0.03718,0.06605,1.5319,0.07822,1.69961,0.11182,0.1606,0.15431,0.27536,0.21199,0.24242,0.3663,0.42126,0.57874,0.38,0.32,0.39,62.30553036,24.50813127,14.28624476,0.93558078,1.424477911,1,34.91129162,34.91129162,0.93558078,14.9507,0.8886,50.23,6.6737,9.55743127,0.04698078,12.07553036,7.61254476,0.610030191,0.949784368,0.806188467,0.467141654,29.11.2023 14:55,B-1,5.73E-06,0.6,0.6,5.48,5.33,3.64,3.38,1.69,1.920015901,1.454557964,4.025442036,3.409984099,1.304557964,1.019152899,0.368977184,PM6_321136,PY-IT_321127,CF,Jonas_DonorAcceptor-NoWDonorWH2-AddInt-NewPTQ10BTP4F12-NoBG-ZnOCorr_PM6:PY-IT,Jonas_DonorAcceptor-NoWDonorWH2-AddInt-NewPTQ10BTP4F12-NoBG-ZnOCorr,0.081561164,29.11.2023 12:20,26156_208286_OD_x1y2,x1y2,0.007978621,0.6,0.6,1,5,1,0,0,0,0,0,0,0,0,1,160,2.005803714,0.077741693,2.166835752,0.573046775,0.040488364,0.066819108,1.530985153,0.078607229,1.700538998,0.104037077,0.156166659,0.143571166,0.275362319,0.20613999,0.242424242,0.349711156,0.410542138,0.589457862,-0.00124,-0.00054,-0.00152,0.01598,0.00331,0.00077,-0.00091,0.00038,0.00093,-0.00778,-0.00443,-0.01074,0,-0.00585,0,-0.01659,-0.01072
26156,PM6_321136,PM6,PY-IT_321127,PY-IT,PM6-PY-IT,26156_A-1,CF,1,10,2000,110.8224458,2.0065,0.07807,2.16792,0.5617,0.03699,0.06607,1.53184,0.07817,1.69981,0.11172,0.16004,0.15417,0.27536,0.21125,0.24242,0.36542,0.4219,0.5781,0.38,0.32,0.39,62.50184737,24.20456467,14.15959499,0.935967354,1.425934094,1,34.514114,34.514114,0.935967354,0.8234,0.8813,41.31,0.2998,23.38116467,0.054667354,21.19184737,13.85979499,0.034018377,0.94159267,0.660940464,0.021172922,29.11.2023 14:55,A-1,5.46E-06,0.6,1.4,5.48,5.33,3.64,3.38,1.69,1.920015901,1.454557964,4.025442036,3.409984099,1.304557964,1.019574004,0.36859061,PM6_321136,PY-IT_321127,CF,Jonas_DonorAcceptor-NoWDonorWH2-AddInt-NewPTQ10BTP4F12-NoBG-ZnOCorr_PM6:PY-IT,Jonas_DonorAcceptor-NoWDonorWH2-AddInt-NewPTQ10BTP4F12-NoBG-ZnOCorr,0.085400355,29.11.2023 12:20,26156_208286_OD_x1y1,x1y1,0.007977467,0.6,1.4,1,5,1,0,0,0,0,0,0,0,0,1,160,2.003953692,0.077838295,2.16556447,0.547020472,0.040083873,0.066870307,1.529260465,0.079076913,1.699811551,0.096666378,0.146506218,0.133399602,0.275362319,0.193388208,0.242424242,0.32678781,0.408214743,0.591785257,-0.00255,-0.00023,-0.00236,-0.01468,0.0031,0.0008,-0.00258,0.00091,0,-0.01505,-0.01353,-0.02077,0,-0.01786,0,-0.03864,-0.01369
26156,PM6_321136,PM6,PY-IT_321127,PY-IT,PM6-PY-IT,26156_B-2,CF,1,10,2000,112.1001604,2.00702,0.07823,2.16826,0.55996,0.03774,0.06606,1.53202,0.07815,1.69974,0.11296,0.16163,0.15589,0.27536,0.21335,0.24242,0.36923,0.42219,0.57781,0.38,0.32,0.39,61.69058174,24.46073895,14.11739744,0.935548276,1.418051882,1,34.68659689,34.68659689,0.935548276,15.9218,0.8895,49.84,7.0581,8.53893895,0.046048276,11.85058174,7.05929744,0.65091247,0.95077937,0.807902902,0.49995759,29.11.2023 14:55,B-2,4.08E-06,1,0.6,5.48,5.33,3.64,3.38,1.69,1.920015901,1.454557964,4.025442036,3.409984099,1.304557964,1.019117491,0.369009688,PM6_321136,PY-IT_321127,CF,Jonas_DonorAcceptor-NoWDonorWH2-AddInt-NewPTQ10BTP4F12-NoBG-ZnOCorr_PM6:PY-IT,Jonas_DonorAcceptor-NoWDonorWH2-AddInt-NewPTQ10BTP4F12-NoBG-ZnOCorr,0.07995209,29.11.2023 12:20,26156_208286_OD_x2y2,x2y2,0.008116355,1,0.6,1,5,1,0,0,0,0,0,0,0,0,1,160,2.00586991,0.077786902,2.166805251,0.574918959,0.04066186,0.066885626,1.531076221,0.078617707,1.700721426,0.105067581,0.156735646,0.144993261,0.275362319,0.206891053,0.242424242,0.351884314,0.412038851,0.587961149,-0.00115,-0.00044,-0.00146,0.01496,0.00293,0.00083,-0.00094,0.00047,0.00098,-0.00789,-0.00489,-0.01089,0,-0.00646,0,-0.01735,-0.01015
31171,PTQ10_321145,PTQ10,BTP-4F-12 (Y12)_321125,Y12,PTQ10-Y12,31171_B-1,xylene,0,28,2000,153.8300512,2.04354,0.09564,2.19852,0.95195,0.02961,0.07475,1.53004,0.10108,1.70727,0.1257,0.19603,0.2245,0.44009,0.3015,0.3498,0.526,0.42681,0.57319,0.786,0.538,0.35,55.82833454,22.88863093,11.22646408,0.878554086,1.320220272,0.968900738,30.21803455,29.27827598,0.878554086,22.2381,0.7609,43.6,7.3784,0.65053093,0.117654086,12.22833454,3.84806408,0.971578425,0.866082137,0.780965443,0.657232762,28.03.2024 14:33,B-1,9.42E-05,0.6,0.6,5.53,5.34,3.77,3.64,1.57,1.984,1.406558059,4.123441941,3.356,1.216558059,1.050401098,0.338003973,PTQ10_321145,BTP-4F-12 (Y12)_321125,xylene,Jonas_DonorAcceptor-NoWDonorWH2-AddInt-NewPTQ10BTP4F12-NoBG-ZnOCorr_PTQ10:BTP-4F-12 (Y12),Jonas_DonorAcceptor-NoWDonorWH2-AddInt-NewPTQ10BTP4F12-NoBG-ZnOCorr,0.025421987,28.03.2024 10:18,31171_251582_OD_x1y2,x1y2,0.005852233,0.6,0.6,3,1,0,0,1,0,0,1,0,0,0,0,169,2.043538272,0.095732116,2.198626807,1,0.029034547,0.073790895,1.528789485,0.10072086,1.706375041,0.120881503,0.190111928,0.215894364,0.440089586,0.292392146,0.349804941,0.50828651,0.424749349,0.575250651,0,0.00009,0.00011,0.04805,-0.00058,-0.00096,-0.00125,-0.00035,-0.00089,-0.00482,-0.00592,-0.00861,0,-0.0091,0,-0.01771,-0.00206
31171,PTQ10_321145,PTQ10,BTP-4F-12 (Y12)_321125,Y12,PTQ10-Y12,31171_B-3,xylene,0,28,2000,153.4301361,2.0435,0.09563,2.19842,0.95112,0.02935,0.07463,1.52996,0.10106,1.70709,0.12514,0.19569,0.22351,0.44009,0.30098,0.3498,0.52448,0.42615,0.57385,0.786,0.538,0.35,55.2427952,23.03587298,11.14069355,0.87545113,1.32237989,0.968900738,30.46217519,29.51482403,0.87545113,21.907,0.8368,50.54,9.2643,1.12887298,0.03865113,4.7027952,1.87639355,0.950994999,0.955850043,0.914870434,0.831573004,28.03.2024 14:33,B-3,1.04E-06,1.4,0.6,5.53,5.34,3.77,3.64,1.57,1.984,1.406558059,4.123441941,3.356,1.216558059,1.046691197,0.341106929,PTQ10_321145,BTP-4F-12 (Y12)_321125,xylene,Jonas_DonorAcceptor-NoWDonorWH2-AddInt-NewPTQ10BTP4F12-NoBG-ZnOCorr_PTQ10:BTP-4F-12 (Y12),Jonas_DonorAcceptor-NoWDonorWH2-AddInt-NewPTQ10BTP4F12-NoBG-ZnOCorr,0.025597214,28.03.2024 10:18,31171_251582_OD_x3y2,x3y2,0.005841529,1.4,0.6,3,1,0,0,1,0,0,1,0,0,0,0,169,2.043480675,0.095710408,2.198263963,1,0.029010314,0.073806272,1.528809232,0.100739842,1.70634819,0.119920971,0.189346461,0.214178854,0.440089586,0.291214857,0.349804941,0.505393712,0.423786148,0.576213852,-0.00002,0.00008,-0.00016,0.04888,-0.00034,-0.00082,-0.00115,-0.00032,-0.00074,-0.00522,-0.00635,-0.00933,0,-0.00976,0,-0.01909,-0.00236
31171,PTQ10_321145,PTQ10,BTP-4F-12 (Y12)_321125,Y12,PTQ10-Y12,31171_A-1,xylene,0,28,2000,153.7221206,2.04353,0.09558,2.19852,0.95345,0.02959,0.07467,1.52979,0.10106,1.707,0.1255,0.19596,0.22414,0.44009,0.30139,0.3498,0.52553,0.4265,0.5735,0.786,0.538,0.35,55.41593807,22.82462131,11.13167135,0.880079907,1.320968025,0.968900738,30.15059493,29.21293368,0.880079907,22.0829,0.8455,51.04,9.5294,0.74172131,0.034579907,4.37593807,1.60227135,0.967503456,0.960708219,0.921034666,0.856061925,28.03.2024 14:33,A-1,1.99E-06,0.6,1.4,5.53,5.34,3.77,3.64,1.57,1.984,1.406558059,4.123441941,3.356,1.216558059,1.052225372,0.336478152,PTQ10_321145,BTP-4F-12 (Y12)_321125,xylene,Jonas_DonorAcceptor-NoWDonorWH2-AddInt-NewPTQ10BTP4F12-NoBG-ZnOCorr_PTQ10:BTP-4F-12 (Y12),Jonas_DonorAcceptor-NoWDonorWH2-AddInt-NewPTQ10BTP4F12-NoBG-ZnOCorr,0.025514795,28.03.2024 10:18,31171_251582_OD_x1y1,x1y1,0.005837844,0.6,1.4,3,1,0,0,1,0,0,1,0,0,0,0,169,2.043646126,0.095749308,2.198646782,1,0.029236587,0.073693601,1.528662934,0.100681336,1.70607346,0.120319729,0.189371176,0.214891036,0.440089586,0.291252868,0.349804941,0.506143904,0.424565097,0.575434903,0.00012,0.00017,0.00013,0.04655,-0.00036,-0.00097,-0.00112,-0.00038,-0.00092,-0.00518,-0.00659,-0.00925,0,-0.01014,0,-0.01939,-0.00194
31171,PTQ10_321145,PTQ10,BTP-4F-12 (Y12)_321125,Y12,PTQ10-Y12,31171_A-2,xylene,0,28,2000,152.370129,2.04337,0.09568,2.19833,0.9504,0.02943,0.07487,1.52984,0.10121,1.70716,0.1242,0.19438,0.22181,0.44009,0.29896,0.3498,0.52077,0.42593,0.57407,0.786,0.538,0.35,54.88143667,22.74224979,10.97253859,0.879120121,1.327213671,0.968900738,30.18382484,29.24513017,0.879120121,21.732,0.8422,50.62,9.265,1.01024979,0.036920121,4.26143667,1.70753859,0.955578283,0.958003326,0.922351948,0.844380717,28.03.2024 14:33,A-2,2.10E-06,1,1.4,5.53,5.34,3.77,3.64,1.57,1.984,1.406558059,4.123441941,3.356,1.216558059,1.05107785,0.337437938,PTQ10_321145,BTP-4F-12 (Y12)_321125,xylene,Jonas_DonorAcceptor-NoWDonorWH2-AddInt-NewPTQ10BTP4F12-NoBG-ZnOCorr_PTQ10:BTP-4F-12 (Y12),Jonas_DonorAcceptor-NoWDonorWH2-AddInt-NewPTQ10BTP4F12-NoBG-ZnOCorr,0.02445405,28.03.2024 10:18,31171_251582_OD_x2y1,x2y1,0.005743942,1,1.4,3,1,0,0,1,0,0,1,0,0,0,0,169,2.0436526,0.095704255,2.198692287,1,0.029151873,0.073649638,1.52868556,0.100620353,1.706104805,0.120756828,0.189917193,0.215671695,0.440089586,0.292092643,0.349804941,0.507764338,0.424747041,0.575252959,0.00028,0.00002,0.00037,0.0496,-0.00028,-0.00122,-0.00115,-0.00059,-0.00106,-0.00344,-0.00446,-0.00614,0,-0.00687,0,-0.01301,-0.00119
31172,PTQ10_321145,PTQ10,BTP-4F-12 (Y12)_321125,Y12,PTQ10-Y12,31172_B-3,xylene,0,25,2000,126.0940319,2.04134,0.09634,2.19647,0.88748,0.03695,0.07675,1.52349,0.10407,1.70337,0.09853,0.16193,0.17598,0.44009,0.24905,0.3498,0.42503,0.41404,0.58596,0.786,0.538,0.35,56.09213551,22.42825019,10.92219899,0.86818588,1.479824801,0.968900738,33.18988087,32.15770007,0.86818588,21.8941,0.8317,52.39,9.5394,0.53415019,0.03648588,3.70213551,1.38279899,0.976184045,0.957974576,0.933999027,0.873395551,28.03.2024 14:35,B-3,1.13E-06,1.4,0.6,5.53,5.34,3.77,3.64,1.57,1.984,1.406558059,4.123441941,3.356,1.216558059,1.038004849,0.348372179,PTQ10_321145,BTP-4F-12 (Y12)_321125,xylene,Jonas_DonorAcceptor-NoWDonorWH2-AddInt-NewPTQ10BTP4F12-NoBG-ZnOCorr_PTQ10:BTP-4F-12 (Y12),Jonas_DonorAcceptor-NoWDonorWH2-AddInt-NewPTQ10BTP4F12-NoBG-ZnOCorr,0.010863708,28.03.2024 10:24,31172_251631_OD_x3y2,x3y2,0.004576039,1.4,0.6,3,1,0,0,1,0,0,1,0,0,0,0,170,2.041213091,0.096387046,2.195020228,0.93041977,0.03946654,0.075801895,1.521950486,0.10381803,1.702007795,0.091888478,0.156493418,0.164112822,0.440089586,0.240686877,0.349804941,0.404799699,0.405417352,0.594582648,-0.00013,0.00004,-0.00145,0.04294,0.00252,-0.00095,-0.00154,-0.00025,-0.00137,-0.00664,-0.00544,-0.01186,0,-0.00836,0,-0.02023,-0.00862
31172,PTQ10_321145,PTQ10,BTP-4F-12 (Y12)_321125,Y12,PTQ10-Y12,31172_B-1,xylene,0,25,2000,125.9385689,2.04127,0.09637,2.19641,0.88738,0.03759,0.07689,1.52305,0.10423,1.7032,0.09817,0.16191,0.17532,0.44009,0.24902,0.3498,0.42435,0.41316,0.58684,0.786,0.538,0.35,56.12417215,22.26062181,10.85198347,0.868604118,1.481253493,0.968900738,32.97362381,31.94816845,0.868604118,21.8999,0.8419,53.3,9.827,0.36072181,0.026704118,2.82417215,1.02498347,0.98379552,0.969256284,0.949679932,0.905548744,28.03.2024 14:35,B-1,1.49E-05,0.6,0.6,5.53,5.34,3.77,3.64,1.57,1.984,1.406558059,4.123441941,3.356,1.216558059,1.038504895,0.347953941,PTQ10_321145,BTP-4F-12 (Y12)_321125,xylene,Jonas_DonorAcceptor-NoWDonorWH2-AddInt-NewPTQ10BTP4F12-NoBG-ZnOCorr_PTQ10:BTP-4F-12 (Y12),Jonas_DonorAcceptor-NoWDonorWH2-AddInt-NewPTQ10BTP4F12-NoBG-ZnOCorr,0.010755344,28.03.2024 10:24,31172_251631_OD_x1y2,x1y2,0.004567725,0.6,0.6,3,1,0,0,1,0,0,1,0,0,0,0,170,2.041131741,0.096311217,2.194750106,0.933469964,0.039655055,0.07600044,1.521499137,0.104014771,1.701982963,0.091328718,0.1558532,0.16311309,0.440089586,0.239702221,0.349804941,0.402815312,0.404932697,0.595067303,-0.00014,-0.00006,-0.00166,0.04609,0.00206,-0.00089,-0.00156,-0.00021,-0.00122,-0.00684,-0.00606,-0.01221,0,-0.00932,0,-0.02153,-0.00823
31172,PTQ10_321145,PTQ10,BTP-4F-12 (Y12)_321125,Y12,PTQ10-Y12,31172_A-1,xylene,0,25,2000,126.0429257,2.04124,0.09638,2.19642,0.88652,0.03763,0.07685,1.52295,0.1042,1.70311,0.09829,0.16206,0.17555,0.44009,0.24924,0.3498,0.42479,0.41326,0.58674,0.786,0.538,0.35,56.45676403,21.9806304,10.81181552,0.871249419,1.480650461,0.968900738,32.54563053,31.53348545,0.871249419,21.741,0.8364,52.46,9.5386,0.2396304,0.034849419,3.99676403,1.27321552,0.989098111,0.96000064,0.92920664,0.882238509,28.03.2024 14:35,A-1,1.46E-06,0.6,1.4,5.53,5.34,3.77,3.64,1.57,1.984,1.406558059,4.123441941,3.356,1.216558059,1.041667623,0.34530864,PTQ10_321145,BTP-4F-12 (Y12)_321125,xylene,Jonas_DonorAcceptor-NoWDonorWH2-AddInt-NewPTQ10BTP4F12-NoBG-ZnOCorr_PTQ10:BTP-4F-12 (Y12),Jonas_DonorAcceptor-NoWDonorWH2-AddInt-NewPTQ10BTP4F12-NoBG-ZnOCorr,0.011229416,28.03.2024 10:24,31172_251631_OD_x1y1,x1y1,0.00459666,0.6,1.4,3,1,0,0,1,0,0,1,0,0,0,0,170,2.041157026,0.096326002,2.194951729,0.937134633,0.039457245,0.075962067,1.521558157,0.103969981,1.702003721,0.092005467,0.156710706,0.164321764,0.440089586,0.241021066,0.349804941,0.405342829,0.405389591,0.594610409,-0.00008,-0.00005,-0.00147,0.05062,0.00183,-0.00088,-0.00139,-0.00023,-0.00111,-0.00628,-0.00534,-0.01122,0,-0.00822,0,-0.01944,-0.00787
31172,PTQ10_321145,PTQ10,BTP-4F-12 (Y12)_321125,Y12,PTQ10-Y12,31172_B-2,xylene,0,25,2000,126.1065404,2.04135,0.09641,2.19645,0.88692,0.03749,0.07672,1.52346,0.10411,1.70334,0.09843,0.16209,0.17579,0.44009,0.24929,0.3498,0.42508,0.41354,0.58646,0.786,0.538,0.35,55.67005094,22.2762506,10.77201088,0.86862649,1.480067938,0.968900738,32.9703643,31.94501031,0.86862649,17.0568,0.1056,25.27,0.4552,5.2194506,0.76302649,30.40005094,10.31681088,0.765694385,0.121571241,0.453924499,0.042257662,28.03.2024 14:35,B-2,0.000100063,1,0.6,5.53,5.34,3.77,3.64,1.57,1.984,1.406558059,4.123441941,3.356,1.216558059,1.038531643,0.347931569,PTQ10_321145,BTP-4F-12 (Y12)_321125,xylene,Jonas_DonorAcceptor-NoWDonorWH2-AddInt-NewPTQ10BTP4F12-NoBG-ZnOCorr_PTQ10:BTP-4F-12 (Y12),Jonas_DonorAcceptor-NoWDonorWH2-AddInt-NewPTQ10BTP4F12-NoBG-ZnOCorr,0.011076677,28.03.2024 10:24,31172_251631_OD_x2y2,x2y2,0.004639964,1,0.6,3,1,0,0,1,0,0,1,0,0,0,0,170,2.041172416,0.096349131,2.194885167,0.931944867,0.039560798,0.075901167,1.521724811,0.103916401,1.701995379,0.091608598,0.156173309,0.163612956,0.440089586,0.240194549,0.349804941,0.403807505,0.405175024,0.594824976,-0.00018,-0.00006,-0.00157,0.04503,0.00207,-0.00082,-0.00173,-0.00019,-0.00135,-0.00682,-0.00592,-0.01218,0,-0.0091,0,-0.02128,-0.00837
31174,PTQ10_321145,PTQ10,BTP-4F-12 (Y12)_321125,Y12,PTQ10-Y12,31174_B-1,xylene,0,22,1000,152.6606839,2.04381,0.0954,2.19888,0.9602,0.03247,0.07435,1.53006,0.10089,1.70684,0.12538,0.19359,0.22393,0.44009,0.29775,0.3498,0.52168,0.42925,0.57075,0.786,0.538,0.35,56.48274783,23.50325603,11.60430657,0.874128632,1.325143709,0.968900738,31.14519186,30.17659939,0.874128632,22.8449,0.8379,52.04,9.9611,0.65835603,0.036228632,4.44274783,1.64320657,0.971988731,0.958554576,0.921343277,0.858396832,28.03.2024 14:41,B-1,3.21E-06,0.6,0.6,5.53,5.34,3.77,3.64,1.57,1.984,1.406558059,4.123441941,3.356,1.216558059,1.045110016,0.342429427,PTQ10_321145,BTP-4F-12 (Y12)_321125,xylene,Jonas_DonorAcceptor-NoWDonorWH2-AddInt-NewPTQ10BTP4F12-NoBG-ZnOCorr_PTQ10:BTP-4F-12 (Y12),Jonas_DonorAcceptor-NoWDonorWH2-AddInt-NewPTQ10BTP4F12-NoBG-ZnOCorr,0.023373077,28.03.2024 10:35,31174_251637_OD_x1y2,x1y2,0.006173593,0.6,0.6,3,1,0,0,1,0,0,1,0,0,0,0,172,2.043346055,0.095592015,2.198099541,1,0.034005493,0.074217208,1.527412824,0.101379241,1.705244256,0.113321942,0.180306877,0.202392988,0.440089586,0.277311976,0.349804941,0.479704964,0.421911389,0.578088611,-0.00047,0.00019,-0.00078,0.0398,0.00154,-0.00013,-0.00264,0.00048,-0.0016,-0.01206,-0.01329,-0.02154,0,-0.02044,0,-0.04197,-0.00734
31174,PTQ10_321145,PTQ10,BTP-4F-12 (Y12)_321125,Y12,PTQ10-Y12,31174_A-1,xylene,0,22,1000,148.5432388,2.04359,0.09545,2.19876,0.95449,0.03387,0.07478,1.52865,0.10142,1.70592,0.12084,0.18885,0.21583,0.44009,0.29045,0.3498,0.50628,0.42631,0.57369,0.786,0.538,0.35,56.25681201,23.575625,11.58408446,0.873420503,1.345574789,0.968900738,31.72276663,30.73621201,0.873420503,22.9952,0.8381,52.18,10.0561,0.580425,0.035320503,4.07681201,1.52798446,0.975380292,0.959560712,0.927532118,0.868096226,28.03.2024 14:41,A-1,5.19E-06,0.6,1.4,5.53,5.34,3.77,3.64,1.57,1.984,1.406558059,4.123441941,3.356,1.216558059,1.044263375,0.343137556,PTQ10_321145,BTP-4F-12 (Y12)_321125,xylene,Jonas_DonorAcceptor-NoWDonorWH2-AddInt-NewPTQ10BTP4F12-NoBG-ZnOCorr_PTQ10:BTP-4F-12 (Y12),Jonas_DonorAcceptor-NoWDonorWH2-AddInt-NewPTQ10BTP4F12-NoBG-ZnOCorr,0.020646897,28.03.2024 10:35,31174_251637_OD_x1y1,x1y1,0.00607338,0.6,1.4,3,1,0,0,1,0,0,1,0,0,0,0,172,2.042750104,0.095542406,2.196964022,0.99806203,0.035888751,0.074986753,1.525120338,0.102177278,1.703912108,0.106271239,0.173082184,0.189800434,0.440089586,0.266200399,0.349804941,0.456000833,0.416228261,0.583771739,-0.00084,0.00009,-0.0018,0.04357,0.00202,0.00021,-0.00353,0.00076,-0.00201,-0.01457,-0.01577,-0.02603,0,-0.02425,0,-0.05027,-0.01008
31174,PTQ10_321145,PTQ10,BTP-4F-12 (Y12)_321125,Y12,PTQ10-Y12,31174_B-2,xylene,0,22,1000,143.8439692,2.04332,0.09566,2.19847,0.94173,0.03453,0.07545,1.52754,0.1021,1.70568,0.11607,0.18319,0.20729,0.44009,0.28175,0.3498,0.48904,0.42388,0.57612,0.786,0.538,0.35,56.41410039,23.29725039,11.45870733,0.871853053,1.369624186,0.968900738,31.9084776,30.9161475,0.871853053,22.7155,0.8374,52.34,9.9557,0.58175039,0.034453053,4.07410039,1.50300733,0.975029225,0.960482959,0.927782232,0.868832732,28.03.2024 14:41,B-2,3.66E-06,1,0.6,5.53,5.34,3.77,3.64,1.57,1.984,1.406558059,4.123441941,3.356,1.216558059,1.042389329,0.344705006,PTQ10_321145,BTP-4F-12 (Y12)_321125,xylene,Jonas_DonorAcceptor-NoWDonorWH2-AddInt-NewPTQ10BTP4F12-NoBG-ZnOCorr_PTQ10:BTP-4F-12 (Y12),Jonas_DonorAcceptor-NoWDonorWH2-AddInt-NewPTQ10BTP4F12-NoBG-ZnOCorr,0.017946544,28.03.2024 10:35,31174_251637_OD_x2y2,x2y2,0.005788267,1,0.6,3,1,0,0,1,0,0,1,0,0,0,0,172,2.043241267,0.095582982,2.197894022,1,0.034350074,0.074442452,1.526883076,0.101579041,1.705024037,0.112010605,0.178954762,0.20005094,0.440089586,0.275232424,0.349804941,0.475283363,0.420899363,0.579100637,-0.00008,-0.00008,-0.00058,0.05827,-0.00018,-0.00101,-0.00066,-0.00053,-0.00066,-0.00406,-0.00424,-0.00724,0,-0.00651,0,-0.01376,-0.00298
31174,PTQ10_321145,PTQ10,BTP-4F-12 (Y12)_321125,Y12,PTQ10-Y12,31174_A-2,xylene,0,22,1000,138.5081949,2.0428,0.0958,2.19807,0.93,0.03553,0.07615,1.52544,0.10283,1.70449,0.11043,0.17707,0.19723,0.44009,0.27233,0.3498,0.46956,0.42003,0.57997,0.786,0.538,0.35,56.47376064,23.18737357,11.40474816,0.870938385,1.400190584,0.968900738,32.46674215,31.45705044,0.870938385,22.6366,0.837,52.35,9.9185,0.55077357,0.033938385,4.12376064,1.48624816,0.976246832,0.961032393,0.926979174,0.869681633,28.03.2024 14:41,A-2,3.31E-06,1,1.4,5.53,5.34,3.77,3.64,1.57,1.984,1.406558059,4.123441941,3.356,1.216558059,1.04129575,0.345619674,PTQ10_321145,BTP-4F-12 (Y12)_321125,xylene,Jonas_DonorAcceptor-NoWDonorWH2-AddInt-NewPTQ10BTP4F12-NoBG-ZnOCorr_PTQ10:BTP-4F-12 (Y12),Jonas_DonorAcceptor-NoWDonorWH2-AddInt-NewPTQ10BTP4F12-NoBG-ZnOCorr,0.015640934,28.03.2024 10:35,31174_251637_OD_x2y1,x2y1,0.005352768,1,1.4,3,1,0,0,1,0,0,1,0,0,0,0,172,2.04281233,0.095543688,2.197031259,0.999031013,0.03562764,0.074860371,1.525546622,0.102081712,1.704131335,0.106912295,0.173638654,0.190945359,0.440089586,0.26705625,0.349804941,0.458001609,0.416906835,0.583093165,0.00001,-0.00025,-0.00103,0.06903,0.0001,-0.00129,0.0001,-0.00075,-0.00036,-0.00352,-0.00343,-0.00628,0,-0.00527,0,-0.01156,-0.00312
31175,PTQ10_321145,PTQ10,BTP-4F-12 (Y12)_321125,Y12,PTQ10-Y12,31175_B-1,xylene,2,22,1000,157.6701647,2.0443,0.09496,2.20137,0.96372,0.02208,0.07369,1.50975,0.10178,1.69686,0.12839,0.20173,0.2293,0.44009,0.31026,0.3498,0.53955,0.42498,0.57502,0.786,0.538,0.35,56.25734899,24.10936908,11.48205,0.846553336,1.311318949,0.968900738,31.61507253,30.63186712,0.846553336,22.9861,0.8398,50.66,9.7785,1.12326908,0.006753336,5.59734899,1.70355,0.953409437,0.992022551,0.900504572,0.851633637,28.03.2024 14:43,B-1,6.83E-06,0.6,0.6,5.53,5.34,3.77,3.64,1.57,1.984,1.406558059,4.123441941,3.356,1.216558059,1.012140934,0.370004723,PTQ10_321145,BTP-4F-12 (Y12)_321125,xylene,Jonas_DonorAcceptor-NoWDonorWH2-AddInt-NewPTQ10BTP4F12-NoBG-ZnOCorr_PTQ10:BTP-4F-12 (Y12),Jonas_DonorAcceptor-NoWDonorWH2-AddInt-NewPTQ10BTP4F12-NoBG-ZnOCorr,0.097430457,28.03.2024 10:41,31175_251656_OD_x1y2,x1y2,0.005770893,0.6,0.6,3,1,0,0,1,0,0,1,0,0,0,0,173,2.043520028,0.095259112,2.200242471,1,0.024370746,0.073851462,1.508300263,0.102225963,1.69622007,0.114220239,0.185486253,0.203997347,0.440089586,0.285277858,0.349804941,0.489275204,0.41693784,0.58306216,-0.00078,0.0003,-0.00113,0.03628,0.00229,0.00017,-0.00145,0.00045,-0.00064,-0.01417,-0.01624,-0.0253,0,-0.02498,0,-0.05028,-0.00804
31175,PTQ10_321145,PTQ10,BTP-4F-12 (Y12)_321125,Y12,PTQ10-Y12,31175_B-3,xylene,2,22,1000,150.5774804,2.04386,0.09521,2.20112,0.94935,0.02414,0.07413,1.5084,0.10253,1.69621,0.12099,0.1934,0.21609,0.44009,0.29745,0.3498,0.51354,0.42079,0.57921,0.786,0.538,0.35,55.25019743,24.40600124,11.29764383,0.837832911,1.344991206,0.968900738,32.82585704,31.80499712,0.837832911,22.7156,0.8359,52.01,9.8753,1.69040124,0.001932911,3.24019743,1.42234383,0.930738296,0.997692964,0.941354102,0.874102614,28.03.2024 14:43,B-3,8.65E-06,1.4,0.6,5.53,5.34,3.77,3.64,1.57,1.984,1.406558059,4.123441941,3.356,1.216558059,1.001714776,0.378725148,PTQ10_321145,BTP-4F-12 (Y12)_321125,xylene,Jonas_DonorAcceptor-NoWDonorWH2-AddInt-NewPTQ10BTP4F12-NoBG-ZnOCorr_PTQ10:BTP-4F-12 (Y12),Jonas_DonorAcceptor-NoWDonorWH2-AddInt-NewPTQ10BTP4F12-NoBG-ZnOCorr,0.081554415,28.03.2024 10:41,31175_251656_OD_x3y2,x3y2,0.005494659,1.4,0.6,3,1,0,0,1,0,0,1,0,0,0,0,173,2.043165529,0.095322711,2.199287434,0.996269514,0.02649461,0.074268705,1.507149366,0.102945543,1.695469512,0.10791861,0.178533891,0.192742637,0.440089586,0.274585125,0.349804941,0.467327762,0.412435667,0.587564333,-0.00069,0.00011,-0.00183,0.04692,0.00236,0.00014,-0.00125,0.00041,-0.00074,-0.01307,-0.01486,-0.02335,0,-0.02286,0,-0.04621,-0.00836
31175,PTQ10_321145,PTQ10,BTP-4F-12 (Y12)_321125,Y12,PTQ10-Y12,31175_B-2,xylene,2,22,1000,145.3317675,2.04346,0.0952,2.20059,0.93898,0.02586,0.07454,1.50702,0.10303,1.69551,0.11571,0.18703,0.20665,0.44009,0.28765,0.3498,0.49431,0.41807,0.58193,0.786,0.538,0.35,55.20308714,24.15275081,11.2044,0.84034697,1.372038005,0.968900738,33.13849204,32.1079094,0.84034697,22.7442,0.8389,51.74,9.8723,1.40855081,0.00144697,3.46308714,1.3321,0.941681557,0.998278128,0.937266423,0.881109207,28.03.2024 14:43,B-2,1.01E-05,1,0.6,5.53,5.34,3.77,3.64,1.57,1.984,1.406558059,4.123441941,3.356,1.216558059,1.00472059,0.376211089,PTQ10_321145,BTP-4F-12 (Y12)_321125,xylene,Jonas_DonorAcceptor-NoWDonorWH2-AddInt-NewPTQ10BTP4F12-NoBG-ZnOCorr_PTQ10:BTP-4F-12 (Y12),Jonas_DonorAcceptor-NoWDonorWH2-AddInt-NewPTQ10BTP4F12-NoBG-ZnOCorr,0.073878673,28.03.2024 10:41,31175_251656_OD_x2y2,x2y2,0.005340338,1,0.6,3,1,0,0,1,0,0,1,0,0,0,0,173,2.043342779,0.095290912,2.199764952,0.998134757,0.025432678,0.074060084,1.507724814,0.102585753,1.695844791,0.111069424,0.182010072,0.198369992,0.440089586,0.279931491,0.349804941,0.478301483,0.414686753,0.585313247,-0.00012,0.00009,-0.00083,0.05915,-0.00043,-0.00048,0.0007,-0.00045,0.00033,-0.00464,-0.00502,-0.00828,0,-0.00772,0,-0.016,-0.00338
31175,PTQ10_321145,PTQ10,BTP-4F-12 (Y12)_321125,Y12,PTQ10-Y12,31175_A-3,xylene,2,22,1000,148.0064449,2.04372,0.09526,2.20098,0.94302,0.02516,0.0743,1.50749,0.10283,1.69561,0.11824,0.19053,0.21117,0.44009,0.29303,0.3498,0.5042,0.41883,0.58117,0.786,0.538,0.35,55.54005535,23.71337349,11.0712,0.840610957,1.358570398,0.968900738,32.21628727,31.21438452,0.840610957,22.2661,0.8385,52.12,9.7316,1.44727349,0.002110957,3.42005535,1.3396,0.938968047,0.997488782,0.938421823,0.879001373,28.03.2024 14:43,A-3,1.21E-05,1.4,1.4,5.53,5.34,3.77,3.64,1.57,1.984,1.406558059,4.123441941,3.356,1.216558059,1.005036213,0.375947102,PTQ10_321145,BTP-4F-12 (Y12)_321125,xylene,Jonas_DonorAcceptor-NoWDonorWH2-AddInt-NewPTQ10BTP4F12-NoBG-ZnOCorr_PTQ10:BTP-4F-12 (Y12),Jonas_DonorAcceptor-NoWDonorWH2-AddInt-NewPTQ10BTP4F12-NoBG-ZnOCorr,0.078031899,28.03.2024 10:41,31175_251656_OD_x3y1,x3y1,0.005441163,1.4,1.4,3,1,0,0,1,0,0,1,0,0,0,0,173,2.043088588,0.095405945,2.199105354,0.985347907,0.026867766,0.074667089,1.506426987,0.103294532,1.694948892,0.105100226,0.175750487,0.187709003,0.440089586,0.270304249,0.349804941,0.458013252,0.409833127,0.590166873,-0.00063,0.00015,-0.00187,0.04232,0.0017,0.00037,-0.00107,0.00046,-0.00067,-0.01314,-0.01478,-0.02346,0,-0.02273,0,-0.04619,-0.00899
31178,PTQ10_321145,PTQ10,BTP-4F-12 (Y12)_321125,Y12,PTQ10-Y12,31178_B-1,xylene,1,22,2000,162.5313302,2.04442,0.09478,2.20196,0.97505,0.02159,0.07307,1.51123,0.10122,1.69732,0.13419,0.20731,0.23966,0.44009,0.31884,0.3498,0.55851,0.42911,0.57089,0.786,0.538,0.35,58.62814783,24.20137136,12.04295161,0.848763688,1.290254642,0.968900738,31.22593174,30.25482832,0.848763688,22.5583,0.8368,50.98,9.6231,1.64307136,0.011963688,7.64814783,2.41985161,0.932108337,0.985904571,0.869548193,0.799064906,28.03.2024 14:51,B-1,3.58E-06,0.6,0.6,5.53,5.34,3.77,3.64,1.57,1.984,1.406558059,4.123441941,3.356,1.216558059,1.014783636,0.367794371,PTQ10_321145,BTP-4F-12 (Y12)_321125,xylene,Jonas_DonorAcceptor-NoWDonorWH2-AddInt-NewPTQ10BTP4F12-NoBG-ZnOCorr_PTQ10:BTP-4F-12 (Y12),Jonas_DonorAcceptor-NoWDonorWH2-AddInt-NewPTQ10BTP4F12-NoBG-ZnOCorr,0.101023049,28.03.2024 10:58,31178_251669_OD_x1y2,x1y2,0.005939167,0.6,0.6,3,1,0,0,1,0,0,1,0,0,0,0,176,2.044446737,0.095409598,2.201989658,1,0.024562547,0.073471671,1.510201505,0.10176709,1.697096229,0.121052216,0.191446862,0.216199259,0.440089586,0.294445274,0.349804941,0.510644533,0.423385045,0.576614955,0.00002,0.00063,0.00003,0.02495,0.00297,0.00041,-0.00103,0.00055,-0.00023,-0.01314,-0.01586,-0.02346,0,-0.0244,0,-0.04786,-0.00573
31178,PTQ10_321145,PTQ10,BTP-4F-12 (Y12)_321125,Y12,PTQ10-Y12,31178_B-3,xylene,1,22,2000,159.1383067,2.04414,0.09481,2.20157,0.97028,0.02337,0.07322,1.5104,0.1014,1.69699,0.13011,0.20313,0.23238,0.44009,0.31241,0.3498,0.54479,0.42655,0.57345,0.786,0.538,0.35,58.34114459,24.29562767,12.0149518,0.84765468,1.304597429,0.968900738,31.69601339,30.71029078,0.84765468,16.2896,0.0541,25.05,0.2208,8.00602767,0.79355468,33.29114459,11.7941518,0.670474549,0.06382316,0.429371076,0.018377102,28.03.2024 14:51,B-3,5.06E-06,1.4,0.6,5.53,5.34,3.77,3.64,1.57,1.984,1.406558059,4.123441941,3.356,1.216558059,1.013457703,0.368903379,PTQ10_321145,BTP-4F-12 (Y12)_321125,xylene,Jonas_DonorAcceptor-NoWDonorWH2-AddInt-NewPTQ10BTP4F12-NoBG-ZnOCorr_PTQ10:BTP-4F-12 (Y12),Jonas_DonorAcceptor-NoWDonorWH2-AddInt-NewPTQ10BTP4F12-NoBG-ZnOCorr,0.100395998,28.03.2024 10:58,31178_251669_OD_x3y2,x3y2,0.006048641,1.4,0.6,3,1,0,0,1,0,0,1,0,0,0,0,176,2.043796153,0.095408167,2.200982938,1,0.027191208,0.073867757,1.508855949,0.102339014,1.696292789,0.114499341,0.184866715,0.204495824,0.440089586,0.284325008,0.349804941,0.488820832,0.418345149,0.581654851,-0.00034,0.00059,-0.00059,0.02972,0.00382,0.00064,-0.00154,0.00094,-0.00069,-0.01561,-0.01826,-0.02788,0,-0.02808,0,-0.05597,-0.00821
31178,PTQ10_321145,PTQ10,BTP-4F-12 (Y12)_321125,Y12,PTQ10-Y12,31178_A-1,xylene,1,22,2000,155.2763927,2.04405,0.09507,2.20149,0.96006,0.02578,0.07359,1.50975,0.10187,1.6967,0.12612,0.19857,0.22526,0.44009,0.3054,0.3498,0.53066,0.42449,0.57551,0.786,0.538,0.35,58.48100476,24.05323672,11.93283714,0.848311515,1.321976475,0.968900738,31.7978131,30.80892459,0.848311515,22.4637,0.8377,51.73,9.7347,1.58953672,0.010611515,6.75100476,2.19813714,0.933915891,0.987491016,0.884560726,0.815790904,28.03.2024 14:51,A-1,4.49E-06,0.6,1.4,5.53,5.34,3.77,3.64,1.57,1.984,1.406558059,4.123441941,3.356,1.216558059,1.014243017,0.368246544,PTQ10_321145,BTP-4F-12 (Y12)_321125,xylene,Jonas_DonorAcceptor-NoWDonorWH2-AddInt-NewPTQ10BTP4F12-NoBG-ZnOCorr_PTQ10:BTP-4F-12 (Y12),Jonas_DonorAcceptor-NoWDonorWH2-AddInt-NewPTQ10BTP4F12-NoBG-ZnOCorr,0.089973883,28.03.2024 10:58,31178_251669_OD_x1y1,x1y1,0.006017626,0.6,1.4,3,1,0,0,1,0,0,1,0,0,0,0,176,2.043638607,0.095297115,2.200386235,1,0.028775431,0.074112923,1.508183228,0.102653381,1.695877656,0.111539802,0.181645486,0.199210087,0.440089586,0.279370757,0.349804941,0.478580845,0.416251694,0.583748306,-0.00041,0.00022,-0.0011,0.03994,0.00299,0.00052,-0.00157,0.00079,-0.00082,-0.01458,-0.01693,-0.02605,0,-0.02603,0,-0.05208,-0.00823
31178,PTQ10_321145,PTQ10,BTP-4F-12 (Y12)_321125,Y12,PTQ10-Y12,31178_A-3,xylene,1,22,2000,150.3584027,2.04375,0.09513,2.20127,0.95202,0.027,0.07381,1.50881,0.10214,1.69633,0.12134,0.19241,0.21672,0.44009,0.29592,0.3498,0.51264,0.42275,0.57725,0.786,0.538,0.35,58.78585202,23.68887757,11.8142467,0.848376705,1.345310215,0.968900738,31.86888897,30.87779005,0.848376705,22.5311,0.8385,51.74,9.775,1.15777757,0.009876705,7.04585202,2.0392467,0.951125689,0.988358114,0.880143746,0.827390882,28.03.2024 14:51,A-3,3.73E-06,1.4,1.4,5.53,5.34,3.77,3.64,1.57,1.984,1.406558059,4.123441941,3.356,1.216558059,1.014320958,0.368181354,PTQ10_321145,BTP-4F-12 (Y12)_321125,xylene,Jonas_DonorAcceptor-NoWDonorWH2-AddInt-NewPTQ10BTP4F12-NoBG-ZnOCorr_PTQ10:BTP-4F-12 (Y12),Jonas_DonorAcceptor-NoWDonorWH2-AddInt-NewPTQ10BTP4F12-NoBG-ZnOCorr,0.084615443,28.03.2024 10:58,31178_251669_OD_x3y1,x3y1,0.005888714,1.4,1.4,3,1,0,0,1,0,0,1,0,0,0,0,176,2.043692633,0.095354432,2.200686365,1,0.028883386,0.074092435,1.507977359,0.102650589,1.695609828,0.111315798,0.181035874,0.198810016,0.440089586,0.278433175,0.349804941,0.47724319,0.416580099,0.583419901,-0.00006,0.00023,-0.00059,0.04798,0.00188,0.00028,-0.00083,0.00052,-0.00072,-0.01003,-0.01137,-0.01791,0,-0.01749,0,-0.03539,-0.00617
32260,PTQ10_321145,PTQ10,L8-BO_321144,L8-BO,PTQ10-L8-BO,32260_B-3,xylene,0,28,2000,86.06813668,2.05031,0.09275,2.20285,1,0.07241,0.07782,1.55734,0.09894,1.73564,0.10212,0.18514,0.18239,0.44009,0.28696,0.35484,0.46935,0.38859,0.61141,0.786,0.55,0.22,62.39056703,22.146,12.48837014,0.903839951,1.38739597,1,30.72527116,30.72527116,0.903839951,0,-0.7802,-172.51,0,22.146,1.684039951,234.900567,12.48837014,0,-0.863205924,-2.765001317,0,12.04.2024 16:46,B-3,1.59E-05,1.4,0.6,5.45,5.34,3.77,3.64,1.57,1.984,1.454557964,3.995442036,3.356,1.344557964,0.940914837,0.440718013,PTQ10_321145,L8-BO_321144,xylene,Jonas_DonorAcceptor-NoWDonorWH2-AddInt-NewPTQ10BTP4F12-NoBG-ZnOCorr_PTQ10:L8-BO,Jonas_DonorAcceptor-NoWDonorWH2-AddInt-NewPTQ10BTP4F12-NoBG-ZnOCorr,0.029068348,12.04.2024 10:48,32260_258269_OD_x3y2,x3y2,0.005788492,1.4,0.6,3,4,0,0,1,0,0,0,0,0,1,0,177,2.050457468,0.093839934,2.204855245,1,0.074508482,0.076428661,1.557293831,0.098797118,1.734977029,0.099610551,0.180571367,0.177904445,0.440089586,0.279885618,0.35483871,0.457790063,0.388615785,0.611384215,0.00015,0.00109,0.00201,0,0.0021,-0.00139,-0.00004,-0.00014,-0.00066,-0.00251,-0.00457,-0.00448,0,-0.00708,0,-0.01156,0.00002
32260,PTQ10_321145,PTQ10,L8-BO_321144,L8-BO,PTQ10-L8-BO,32260_B-1,xylene,0,28,2000,86.34581856,2.04993,0.09276,2.2026,1,0.07251,0.0775,1.55827,0.09888,1.73597,0.10284,0.1857,0.18368,0.44009,0.28784,0.35484,0.47151,0.38955,0.61045,0.786,0.55,0.22,62.42663767,21.96649798,12.43575617,0.90686247,1.384325034,1,30.40877307,30.40877307,0.90686247,18.0369,0.8605,48.83,7.5789,3.92959798,0.04636247,13.59663767,4.85685617,0.821109492,0.948875964,0.782198142,0.609444243,12.04.2024 16:46,B-1,0.000292618,0.6,0.6,5.45,5.34,3.77,3.64,1.57,1.984,1.454557964,3.995442036,3.356,1.344557964,0.944061338,0.437695494,PTQ10_321145,L8-BO_321144,xylene,Jonas_DonorAcceptor-NoWDonorWH2-AddInt-NewPTQ10BTP4F12-NoBG-ZnOCorr_PTQ10:L8-BO,Jonas_DonorAcceptor-NoWDonorWH2-AddInt-NewPTQ10BTP4F12-NoBG-ZnOCorr,0.02860635,12.04.2024 10:48,32260_258269_OD_x1y2,x1y2,0.006044638,0.6,0.6,3,4,0,0,1,0,0,0,0,0,1,0,177,2.050075845,0.093896751,2.204257729,1,0.07482957,0.075961107,1.558574186,0.09879644,1.735552597,0.10005906,0.180467904,0.178705481,0.440089586,0.279725251,0.35483871,0.458430732,0.389820028,0.610179972,0.00014,0.00114,0.00166,0,0.00232,-0.00153,0.0003,-0.00008,-0.00042,-0.00278,-0.00523,-0.00497,0,-0.00811,0,-0.01308,0.00027
32260,PTQ10_321145,PTQ10,L8-BO_321144,L8-BO,PTQ10-L8-BO,32260_B-2,xylene,0,28,2000,87.57664053,2.04925,0.09277,2.2019,1,0.07664,0.0756,1.56031,0.09871,1.73588,0.10577,0.18748,0.1889,0.44009,0.29059,0.35484,0.47949,0.39396,0.60604,0.786,0.55,0.22,61.48691826,22.08037568,12.29167281,0.90536105,1.371210824,1,30.27685012,30.27685012,0.90536105,17.7214,0.8587,48.17,7.33,4.35897568,0.04666105,13.31691826,4.96167281,0.802585982,0.94846139,0.783418674,0.596338685,12.04.2024 16:46,B-2,2.62E-06,1,0.6,5.45,5.34,3.77,3.64,1.57,1.984,1.454557964,3.995442036,3.356,1.344557964,0.942498331,0.439196914,PTQ10_321145,L8-BO_321144,xylene,Jonas_DonorAcceptor-NoWDonorWH2-AddInt-NewPTQ10BTP4F12-NoBG-ZnOCorr_PTQ10:L8-BO,Jonas_DonorAcceptor-NoWDonorWH2-AddInt-NewPTQ10BTP4F12-NoBG-ZnOCorr,0.028701866,12.04.2024 10:48,32260_258269_OD_x2y2,x2y2,0.006747112,1,0.6,3,4,0,0,1,0,0,0,0,0,1,0,177,2.050266656,0.093868342,2.204556487,1,0.074669026,0.076194884,1.557934009,0.098796779,1.735264813,0.099834806,0.180519635,0.178304963,0.440089586,0.279805434,0.35483871,0.458110397,0.389217907,0.610782093,0.00101,0.0011,0.00266,0,-0.00197,0.0006,-0.00237,0.00009,-0.00061,-0.00593,-0.00696,-0.0106,0,-0.01078,0,-0.02138,-0.00475
32260,PTQ10_321145,PTQ10,L8-BO_321144,L8-BO,PTQ10-L8-BO,32260_A-2,xylene,0,28,2000,86.64517602,2.05035,0.09278,2.20312,1,0.07369,0.07761,1.55775,0.09888,1.73566,0.10326,0.18634,0.18442,0.44009,0.28882,0.35484,0.47324,0.38969,0.61031,0.786,0.55,0.22,61.46083161,21.94300078,12.18091251,0.903203003,1.38145676,1,30.31330677,30.31330677,0.903203003,18.1077,0.8426,46.53,7.0992,3.83530078,0.060603003,14.93083161,5.08171251,0.825215301,0.932902124,0.75706753,0.582813479,12.04.2024 16:46,A-2,4.99E-06,1,1.4,5.45,5.34,3.77,3.64,1.57,1.984,1.454557964,3.995442036,3.356,1.344557964,0.940251762,0.441354961,PTQ10_321145,L8-BO_321144,xylene,Jonas_DonorAcceptor-NoWDonorWH2-AddInt-NewPTQ10BTP4F12-NoBG-ZnOCorr_PTQ10:L8-BO,Jonas_DonorAcceptor-NoWDonorWH2-AddInt-NewPTQ10BTP4F12-NoBG-ZnOCorr,0.030080132,12.04.2024 10:48,32260_258269_OD_x2y1,x2y1,0.006039533,1,1.4,3,4,0,0,1,0,0,0,0,0,1,0,177,2.050856624,0.094017319,2.205220155,1,0.073623655,0.077291899,1.556571803,0.098979024,1.734954815,0.098592861,0.179737563,0.176086849,0.440089586,0.278593223,0.35483871,0.454680072,0.387276665,0.612723335,0.0005,0.00124,0.0021,0,-0.00006,-0.00031,-0.00118,0.0001,-0.0007,-0.00467,-0.0066,-0.00833,0,-0.01023,0,-0.01856,-0.00242
32261,PTQ10_321145,PTQ10,L8-BO_321144,L8-BO,PTQ10-L8-BO,32261_B-1,xylene,0,26,2000,80.49223779,2.04678,0.09266,2.19848,0.9723,0.0736,0.07495,1.55812,0.10001,1.73383,0.09401,0.17105,0.16791,0.44009,0.26513,0.35484,0.43304,0.38774,0.61226,0.786,0.55,0.22,61.19760375,22.37224846,12.48105069,0.911605834,1.449801422,1,32.43531764,32.43531764,0.911605834,19.2787,0.8683,49.34,8.2593,3.09354846,0.043305834,11.85760375,4.22175069,0.861723847,0.952495001,0.806240718,0.661747172,12.04.2024 16:49,B-1,4.66E-05,0.6,0.6,5.45,5.34,3.77,3.64,1.57,1.984,1.454557964,3.995442036,3.356,1.344557964,0.948999271,0.43295213,PTQ10_321145,L8-BO_321144,xylene,Jonas_DonorAcceptor-NoWDonorWH2-AddInt-NewPTQ10BTP4F12-NoBG-ZnOCorr_PTQ10:L8-BO,Jonas_DonorAcceptor-NoWDonorWH2-AddInt-NewPTQ10BTP4F12-NoBG-ZnOCorr,0.021935908,12.04.2024 10:54,32261_258286_OD_x1y2,x1y2,0.005737439,0.6,0.6,3,4,0,0,1,0,0,0,0,0,1,0,178,2.04695821,0.092539731,2.197781385,0.996750018,0.071566061,0.077134165,1.553428265,0.100442438,1.732539086,0.084504201,0.162706596,0.150924503,0.440089586,0.252195224,0.35483871,0.403119727,0.374391261,0.625608739,0.00018,-0.00012,-0.0007,0.02445,-0.00203,0.00219,-0.00469,0.00043,-0.00129,-0.00951,-0.00835,-0.01698,0,-0.01294,0,-0.02992,-0.01335
32261,PTQ10_321145,PTQ10,L8-BO_321144,L8-BO,PTQ10-L8-BO,32261_A-3,xylene,0,26,2000,78.44360169,2.04745,0.09267,2.19917,0.96724,0.06627,0.07777,1.55515,0.10028,1.73402,0.09028,0.16698,0.16124,0.44009,0.25882,0.35484,0.42007,0.38385,0.61615,0.786,0.55,0.22,62.29042246,21.54475016,12.06074167,0.898692831,1.474990178,1,31.77829488,31.77829488,0.898692831,14.4982,0.0859,25.2,0.314,7.04655016,0.812792831,37.09042246,11.74674167,0.672934237,0.095583271,0.404556576,0.026034883,12.04.2024 16:49,A-3,0.000260338,1.4,1.4,5.45,5.34,3.77,3.64,1.57,1.984,1.454557964,3.995442036,3.356,1.344557964,0.935556586,0.445865133,PTQ10_321145,L8-BO_321144,xylene,Jonas_DonorAcceptor-NoWDonorWH2-AddInt-NewPTQ10BTP4F12-NoBG-ZnOCorr_PTQ10:L8-BO,Jonas_DonorAcceptor-NoWDonorWH2-AddInt-NewPTQ10BTP4F12-NoBG-ZnOCorr,0.021416536,12.04.2024 10:54,32261_258286_OD_x3y1,x3y1,0.004807742,1.4,1.4,3,4,0,0,1,0,0,0,0,0,1,0,178,2.046476096,0.092326007,2.197244516,0.998818774,0.072511033,0.076512305,1.554426972,0.10057756,1.73268779,0.084799771,0.162478852,0.15145239,0.440089586,0.251842221,0.35483871,0.403294611,0.375537848,0.624462152,-0.00097,-0.00034,-0.00193,0.03158,0.00624,-0.00126,-0.00072,0.0003,-0.00133,-0.00548,-0.0045,-0.00979,0,-0.00698,0,-0.01677,-0.00831
32261,PTQ10_321145,PTQ10,L8-BO_321144,L8-BO,PTQ10-L8-BO,32261_A-2,xylene,0,26,2000,79.52796698,2.0481,0.09248,2.19976,0.97726,0.06802,0.07826,1.55435,0.10035,1.73383,0.09107,0.17017,0.16266,0.44009,0.26376,0.35484,0.42642,0.38145,0.61855,0.786,0.55,0.22,61.53655734,21.73087272,12.02524483,0.899256453,1.462675648,1,31.78521833,31.78521833,0.899256453,17.7684,0.8665,50.43,7.7643,3.96247272,0.032756453,11.10655734,4.26094483,0.817656991,0.963573847,0.819512858,0.645666688,12.04.2024 16:49,A-2,2.38E-06,1,1.4,5.45,5.34,3.77,3.64,1.57,1.984,1.454557964,3.995442036,3.356,1.344557964,0.936143327,0.445301511,PTQ10_321145,L8-BO_321144,xylene,Jonas_DonorAcceptor-NoWDonorWH2-AddInt-NewPTQ10BTP4F12-NoBG-ZnOCorr_PTQ10:L8-BO,Jonas_DonorAcceptor-NoWDonorWH2-AddInt-NewPTQ10BTP4F12-NoBG-ZnOCorr,0.022680945,12.04.2024 10:54,32261_258286_OD_x2y1,x2y1,0.004735311,1,1.4,3,4,0,0,1,0,0,0,0,0,1,0,178,2.046834015,0.092502767,2.197652051,0.999409385,0.072005638,0.076793328,1.554315645,0.100482086,1.732854202,0.08534564,0.163426598,0.152427313,0.440089586,0.253311226,0.35483871,0.405738539,0.375677822,0.624322178,-0.00126,0.00002,-0.00211,0.02215,0.00399,-0.00147,-0.00003,0.00013,-0.00097,-0.00573,-0.00674,-0.01023,0,-0.01045,0,-0.02068,-0.00577
32261,PTQ10_321145,PTQ10,L8-BO_321144,L8-BO,PTQ10-L8-BO,32261_B-2,xylene,0,26,2000,78.76014341,2.04692,0.09247,2.19868,0.96844,0.07044,0.07625,1.55581,0.10038,1.73312,0.09065,0.1675,0.16189,0.44009,0.25963,0.35484,0.42153,0.38407,0.61593,0.786,0.55,0.22,59.74430605,22.22449096,11.97685729,0.902016602,1.472076255,1,32.71614543,32.71614543,0.902016602,12.6043,0.0644,25.03,0.2031,9.62019096,0.837616602,34.71430605,11.77375729,0.567135599,0.071395582,0.418952058,0.016957704,12.04.2024 16:49,B-2,6.84E-05,1,0.6,5.45,5.34,3.77,3.64,1.57,1.984,1.454557964,3.995442036,3.356,1.344557964,0.939016696,0.442541362,PTQ10_321145,L8-BO_321144,xylene,Jonas_DonorAcceptor-NoWDonorWH2-AddInt-NewPTQ10BTP4F12-NoBG-ZnOCorr_PTQ10:L8-BO,Jonas_DonorAcceptor-NoWDonorWH2-AddInt-NewPTQ10BTP4F12-NoBG-ZnOCorr,0.02015123,12.04.2024 10:54,32261_258286_OD_x2y2,x2y2,0.005187944,1,0.6,3,4,0,0,1,0,0,0,0,0,1,0,178,2.046909443,0.092567773,2.197611632,0.996263088,0.072244573,0.076783424,1.553873768,0.10044383,1.73254536,0.084559389,0.162695474,0.151023069,0.440089586,0.252177985,0.35483871,0.403201054,0.37456017,0.62543983,-0.00001,0.0001,-0.00107,0.02782,0.0018,0.00054,-0.00193,0.00007,-0.00057,-0.00609,-0.00481,-0.01087,0,-0.00745,0,-0.01833,-0.00951
32262,PTQ10_321145,PTQ10,L8-BO_321144,L8-BO,PTQ10-L8-BO,32262_A-1,xylene,0,24,2000,73.67770591,2.04466,0.09276,2.19639,0.93726,0.06141,0.07497,1.55642,0.10101,1.73255,0.08342,0.15507,0.14898,0.44009,0.24036,0.35484,0.38935,0.38265,0.61735,0.786,0.55,0.22,62.05795983,21.31187612,12.0349083,0.909962738,1.53997265,1,32.81970635,32.81970635,0.909962738,14.7718,0.0741,25.13,0.2752,6.54007612,0.835862738,36.92795983,11.7597083,0.693125275,0.081431906,0.404944024,0.022866813,12.04.2024 16:52,A-1,0.000314889,0.6,1.4,5.45,5.34,3.77,3.64,1.57,1.984,1.454557964,3.995442036,3.356,1.344557964,0.947288777,0.434595226,PTQ10_321145,L8-BO_321144,xylene,Jonas_DonorAcceptor-NoWDonorWH2-AddInt-NewPTQ10BTP4F12-NoBG-ZnOCorr_PTQ10:L8-BO,Jonas_DonorAcceptor-NoWDonorWH2-AddInt-NewPTQ10BTP4F12-NoBG-ZnOCorr,0.015434941,12.04.2024 11:00,32262_258291_OD_x1y1,x1y1,0.004221494,0.6,1.4,3,4,0,0,1,0,0,0,0,0,1,0,179,2.044423112,0.093311418,2.194947594,0.936492142,0.064272936,0.07634795,1.553090201,0.101518399,1.731976684,0.075335424,0.14804104,0.134549068,0.440089586,0.229463612,0.35483871,0.364012679,0.36962742,0.63037258,-0.00024,0.00055,-0.00144,-0.00077,0.00287,0.00138,-0.00333,0.00051,-0.00057,-0.00808,-0.00703,-0.01443,0,-0.0109,0,-0.02533,-0.01302
32262,PTQ10_321145,PTQ10,L8-BO_321144,L8-BO,PTQ10-L8-BO,32262_B-2,xylene,0,24,2000,73.16022562,2.04449,0.09305,2.1965,0.92857,0.05992,0.07488,1.5562,0.10109,1.73245,0.08316,0.15345,0.14852,0.44009,0.23784,0.35484,0.38636,0.38441,0.61559,0.786,0.55,0.22,61.49969835,21.46212737,12.00225471,0.909320717,1.546770616,1,33.19698797,33.19698797,0.909320717,14.5249,0.0756,25.1,0.2754,6.93722737,0.833720717,36.39969835,11.72685471,0.676768885,0.083138983,0.408132083,0.022945689,12.04.2024 16:52,B-2,0.00012577,1,0.6,5.45,5.34,3.77,3.64,1.57,1.984,1.454557964,3.995442036,3.356,1.344557964,0.94662042,0.435237247,PTQ10_321145,L8-BO_321144,xylene,Jonas_DonorAcceptor-NoWDonorWH2-AddInt-NewPTQ10BTP4F12-NoBG-ZnOCorr_PTQ10:L8-BO,Jonas_DonorAcceptor-NoWDonorWH2-AddInt-NewPTQ10BTP4F12-NoBG-ZnOCorr,0.013166547,12.04.2024 11:00,32262_258291_OD_x2y2,x2y2,0.004055077,1,0.6,3,4,0,0,1,0,0,0,0,0,1,0,179,2.043835025,0.093162208,2.194723072,0.927148665,0.064009968,0.075198957,1.553459248,0.101544295,1.731262123,0.075280252,0.146408021,0.134450531,0.440089586,0.226932433,0.35483871,0.361382964,0.372043903,0.627956097,-0.00066,0.00011,-0.00178,-0.00142,0.00409,0.00032,-0.00275,0.00045,-0.00119,-0.00788,-0.00704,-0.01407,0,-0.01091,0,-0.02498,-0.01236
32262,PTQ10_321145,PTQ10,L8-BO_321144,L8-BO,PTQ10-L8-BO,32262_B-1,xylene,0,24,2000,73.07410909,2.04538,0.0929,2.19732,0.93572,0.06065,0.07619,1.55435,0.10104,1.73217,0.08199,0.15401,0.14643,0.44009,0.23871,0.35484,0.38515,0.38021,0.61979,0.786,0.55,0.22,61.94427475,21.22174677,11.89446085,0.904820561,1.549764703,1,32.88871408,32.88871408,0.904820561,18.7365,0.4777,27.63,2.4732,2.48524677,0.427120561,34.31427475,9.42126085,0.882891508,0.527949983,0.446046065,0.207928718,12.04.2024 16:52,B-1,2.25E-05,0.6,0.6,5.45,5.34,3.77,3.64,1.57,1.984,1.454557964,3.995442036,3.356,1.344557964,0.941935671,0.439737403,PTQ10_321145,L8-BO_321144,xylene,Jonas_DonorAcceptor-NoWDonorWH2-AddInt-NewPTQ10BTP4F12-NoBG-ZnOCorr_PTQ10:L8-BO,Jonas_DonorAcceptor-NoWDonorWH2-AddInt-NewPTQ10BTP4F12-NoBG-ZnOCorr,0.015701942,12.04.2024 11:00,32262_258291_OD_x1y2,x1y2,0.003987761,0.6,0.6,3,4,0,0,1,0,0,0,0,0,1,0,179,2.043841729,0.093338365,2.194596784,0.924705997,0.06444968,0.075256407,1.553622694,0.101607795,1.731361984,0.075076421,0.146460777,0.134086488,0.440089586,0.227014204,0.35483871,0.361100692,0.371327142,0.628672858,-0.00154,0.00043,-0.00272,-0.01102,0.0038,-0.00093,-0.00073,0.00057,-0.00081,-0.00691,-0.00755,-0.01235,0,-0.0117,0,-0.02405,-0.00888
32262,PTQ10_321145,PTQ10,L8-BO_321144,L8-BO,PTQ10-L8-BO,32262_A-2,xylene,0,24,2000,72.18209025,2.04509,0.09309,2.19708,0.92812,0.0577,0.07677,1.55423,0.10102,1.73265,0.08095,0.15186,0.14458,0.44009,0.23538,0.35484,0.37996,0.38051,0.61949,0.786,0.55,0.22,62.49675107,20.93737373,11.84830522,0.905475257,1.562416022,1,32.71288817,32.71288817,0.905475257,18.1825,0.862,52.54,8.234,2.75487373,0.043475257,9.95675107,3.61430522,0.868423148,0.951986256,0.840683701,0.694951712,12.04.2024 16:52,A-2,6.73E-05,1,1.4,5.45,5.34,3.77,3.64,1.57,1.984,1.454557964,3.995442036,3.356,1.344557964,0.942617222,0.439082707,PTQ10_321145,L8-BO_321144,xylene,Jonas_DonorAcceptor-NoWDonorWH2-AddInt-NewPTQ10BTP4F12-NoBG-ZnOCorr_PTQ10:L8-BO,Jonas_DonorAcceptor-NoWDonorWH2-AddInt-NewPTQ10BTP4F12-NoBG-ZnOCorr,0.015414386,12.04.2024 11:00,32262_258291_OD_x2y1,x2y1,0.003761036,1,1.4,3,4,0,0,1,0,0,0,0,0,1,0,179,2.044402728,0.093257731,2.19501044,0.936260065,0.06388504,0.076463606,1.55291421,0.101502514,1.731858116,0.075191006,0.147998039,0.134291137,0.440089586,0.22939696,0.35483871,0.363688097,0.369247757,0.630752243,-0.00069,0.00016,-0.00207,0.00814,0.00619,-0.00031,-0.00131,0.00048,-0.00079,-0.00576,-0.00386,-0.01029,0,-0.00598,0,-0.01627,-0.01126
32263,PTQ10_321145,PTQ10,L8-BO_321144,L8-BO,PTQ10-L8-BO,32263_A-1,xylene,0,24,1000,101.8971751,2.04948,0.09293,2.20284,1,0.05301,0.07227,1.56661,0.09585,1.73931,0.13371,0.22126,0.23881,0.44009,0.34295,0.35484,0.58176,0.4105,0.5895,0.786,0.55,0.22,60.01617596,22.01762815,11.94397639,0.903878556,1.252889514,1,27.58565543,27.58565543,0.903878556,18.4509,0.8738,48.2,7.7713,3.56672815,0.030078556,11.81617596,4.17267639,0.838005796,0.966722791,0.803116814,0.650645961,12.04.2024 16:54,A-1,1.08E-06,0.6,1.4,5.45,5.34,3.77,3.64,1.57,1.984,1.454557964,3.995442036,3.356,1.344557964,0.940955026,0.440679408,PTQ10_321145,L8-BO_321144,xylene,Jonas_DonorAcceptor-NoWDonorWH2-AddInt-NewPTQ10BTP4F12-NoBG-ZnOCorr_PTQ10:L8-BO,Jonas_DonorAcceptor-NoWDonorWH2-AddInt-NewPTQ10BTP4F12-NoBG-ZnOCorr,0.031981454,12.04.2024 11:05,32263_258300_OD_x1y1,x1y1,0.00823439,0.6,1.4,3,4,0,0,1,0,0,0,0,0,1,0,180,2.050243616,0.093948603,2.204596149,1,0.056318912,0.074507054,1.562583484,0.097078938,1.738314262,0.116665963,0.200779729,0.20836541,0.440089586,0.311208581,0.35483871,0.51957399,0.401031256,0.598968744,0.00076,0.00102,0.00176,0,0.00331,0.00224,-0.00402,0.00123,-0.00099,-0.01705,-0.02048,-0.03045,0,-0.03174,0,-0.06219,-0.00947
32263,PTQ10_321145,PTQ10,L8-BO_321144,L8-BO,PTQ10-L8-BO,32263_A-2,xylene,0,24,1000,94.0994307,2.04999,0.09285,2.20277,1,0.05733,0.07605,1.56204,0.09733,1.73844,0.1176,0.20414,0.21004,0.44009,0.31642,0.35484,0.52646,0.39897,0.60103,0.786,0.55,0.22,61.37806792,21.61650294,11.90169047,0.897036266,1.311472796,1,28.34945555,28.34945555,0.897036266,18.1175,0.8705,48.38,7.6307,3.49900294,0.026536266,12.99806792,4.27099047,0.838132794,0.970417845,0.788229438,0.641144216,12.04.2024 16:54,A-2,1.65E-06,1,1.4,5.45,5.34,3.77,3.64,1.57,1.984,1.454557964,3.995442036,3.356,1.344557964,0.93383207,0.447521698,PTQ10_321145,L8-BO_321144,xylene,Jonas_DonorAcceptor-NoWDonorWH2-AddInt-NewPTQ10BTP4F12-NoBG-ZnOCorr_PTQ10:L8-BO,Jonas_DonorAcceptor-NoWDonorWH2-AddInt-NewPTQ10BTP4F12-NoBG-ZnOCorr,0.032129773,12.04.2024 11:05,32263_258300_OD_x2y1,x2y1,0.005700142,1,1.4,3,4,0,0,1,0,0,0,0,0,1,0,180,2.050714606,0.094011592,2.205365235,1,0.054862993,0.075121372,1.562258943,0.097013236,1.738529415,0.117615045,0.202449034,0.210060471,0.440089586,0.313796002,0.35483871,0.523856474,0.400988941,0.599011059,0.00073,0.00116,0.0026,0,-0.00246,-0.00093,0.00022,-0.00032,0.00009,0.00001,-0.00169,0.00002,0,-0.00262,0,-0.0026,0.00202
32263,PTQ10_321145,PTQ10,L8-BO_321144,L8-BO,PTQ10-L8-BO,32263_B-2,xylene,0,24,1000,101.0196067,2.04939,0.09289,2.20285,1,0.05496,0.07199,1.56644,0.09598,1.73877,0.13214,0.21896,0.236,0.44009,0.33939,0.35484,0.57539,0.41015,0.58985,0.786,0.55,0.22,60.269919,21.80862678,11.82039243,0.899296633,1.259051088,1,27.45817528,27.45817528,0.899296633,18.0094,0.8707,48.29,7.573,3.79922678,0.028596633,11.979919,4.24739243,0.82579248,0.968201112,0.801228885,0.640672469,12.04.2024 16:54,B-2,4.84E-07,1,0.6,5.45,5.34,3.77,3.64,1.57,1.984,1.454557964,3.995442036,3.356,1.344557964,0.936185155,0.445261331,PTQ10_321145,L8-BO_321144,xylene,Jonas_DonorAcceptor-NoWDonorWH2-AddInt-NewPTQ10BTP4F12-NoBG-ZnOCorr_PTQ10:L8-BO,Jonas_DonorAcceptor-NoWDonorWH2-AddInt-NewPTQ10BTP4F12-NoBG-ZnOCorr,0.030564085,12.04.2024 11:05,32263_258300_OD_x2y2,x2y2,0.008323457,1,0.6,3,4,0,0,1,0,0,0,0,0,1,0,180,2.050709695,0.093907427,2.205911302,1,0.051553767,0.074087998,1.563081568,0.096318277,1.738386371,0.123424795,0.20954704,0.220436683,0.440089586,0.324797913,0.35483871,0.545234596,0.404163399,0.595836601,0.00132,0.00101,0.00306,0,-0.0034,0.0021,-0.00335,0.00034,-0.00039,-0.00871,-0.00942,-0.01556,0,-0.01459,0,-0.03016,-0.00599
32263,PTQ10_321145,PTQ10,L8-BO_321144,L8-BO,PTQ10-L8-BO,32263_B-1,xylene,0,24,1000,108.9692755,2.04989,0.09315,2.2043,1,0.0426,0.07084,1.56811,0.09469,1.73958,0.14778,0.23829,0.26393,0.44009,0.36934,0.35484,0.63327,0.41677,0.58323,0.786,0.55,0.22,59.15844539,21.96587709,11.75129113,0.904316143,1.209727968,1,26.57273586,26.57273586,0.904316143,18.1086,0.8736,48.1,7.6089,3.85727709,0.030716143,11.05844539,4.14239113,0.824396855,0.966033844,0.813070724,0.647494809,12.04.2024 16:54,B-1,6.71E-07,0.6,0.6,5.45,5.34,3.77,3.64,1.57,1.984,1.454557964,3.995442036,3.356,1.344557964,0.941410562,0.440241821,PTQ10_321145,L8-BO_321144,xylene,Jonas_DonorAcceptor-NoWDonorWH2-AddInt-NewPTQ10BTP4F12-NoBG-ZnOCorr_PTQ10:L8-BO,Jonas_DonorAcceptor-NoWDonorWH2-AddInt-NewPTQ10BTP4F12-NoBG-ZnOCorr,0.039220332,12.04.2024 11:05,32263_258300_OD_x1y2,x1y2,0.007529807,0.6,0.6,3,4,0,0,1,0,0,0,0,0,1,0,180,2.050368319,0.093796233,2.205411074,1,0.050990165,0.072030606,1.565064383,0.09595612,1.738370188,0.128344342,0.213770639,0.229222995,0.440089586,0.33134449,0.35483871,0.560567485,0.408912398,0.591087602,0.00047,0.00065,0.00111,0,0.00839,0.0012,-0.00305,0.00127,-0.00121,-0.01943,-0.02452,-0.0347,0,-0.038,0,-0.0727,-0.00786
32264,PTQ10_321145,PTQ10,L8-BO_321144,L8-BO,PTQ10-L8-BO,32264_B-3,xylene,2,24,1000,105.5996001,2.04713,0.09329,2.20301,1,0.02771,0.07198,1.55521,0.09718,1.73378,0.14204,0.22891,0.25369,0.44009,0.35482,0.35484,0.6085,0.4169,0.5831,0.786,0.6,0.25,63.35759373,22.769502,12.90169247,0.894323162,1.230905951,1,28.02711551,28.02711551,0.894323162,0,-1.0381,-336.07,0,22.769502,1.932423162,399.4275937,12.90169247,0,-1.16076609,-5.304336548,0,12.04.2024 16:57,B-3,1.51E-06,1.4,0.6,5.45,5.34,3.77,3.64,1.57,1.984,1.454557964,3.995442036,3.356,1.344557964,0.931007676,0.450234802,PTQ10_321145,L8-BO_321144,xylene,Jonas_DonorAcceptor-NoWDonorWH2-AddInt-NewPTQ10BTP4F12-NoBG-ZnOCorr_PTQ10:L8-BO,Jonas_DonorAcceptor-NoWDonorWH2-AddInt-NewPTQ10BTP4F12-NoBG-ZnOCorr,0.05801129,12.04.2024 11:11,32264_258312_OD_x3y2,x3y2,0.005058549,1.4,0.6,3,4,0,0,1,0,0,0,0,0,1,0,181,2.048089995,0.094028791,2.204984879,1,0.032887934,0.073378736,1.553623494,0.097808896,1.733582091,0.126767846,0.21078991,0.226407373,0.440089586,0.32672436,0.35483871,0.553131733,0.409319082,0.590680918,0.00096,0.00073,0.00197,0,0.00517,0.0014,-0.00158,0.00063,-0.0002,-0.01527,-0.01812,-0.02728,0,-0.02809,0,-0.05537,-0.00758
32264,PTQ10_321145,PTQ10,L8-BO_321144,L8-BO,PTQ10-L8-BO,32264_B-2,xylene,2,24,1000,97.44684468,2.04833,0.09328,2.20347,1,0.03639,0.07637,1.55161,0.09762,1.73437,0.12423,0.21203,0.22188,0.44009,0.32864,0.35484,0.55052,0.40303,0.59697,0.786,0.6,0.25,64.59130525,22.29124895,12.80737816,0.889511916,1.28712828,1,28.69169692,28.69169692,0.889511916,16.0513,0.8465,44.85,6.0934,6.23994895,0.043011916,19.74130525,6.71397816,0.720071811,0.951645486,0.694365903,0.475772631,12.04.2024 16:57,B-2,5.79E-06,1,0.6,5.45,5.34,3.77,3.64,1.57,1.984,1.454557964,3.995442036,3.356,1.344557964,0.925999076,0.455046048,PTQ10_321145,L8-BO_321144,xylene,Jonas_DonorAcceptor-NoWDonorWH2-AddInt-NewPTQ10BTP4F12-NoBG-ZnOCorr_PTQ10:L8-BO,Jonas_DonorAcceptor-NoWDonorWH2-AddInt-NewPTQ10BTP4F12-NoBG-ZnOCorr,0.048655815,12.04.2024 11:11,32264_258312_OD_x2y2,x2y2,0.004979086,1,0.6,3,4,0,0,1,0,0,0,0,0,1,0,181,2.048329619,0.09421479,2.205100321,1,0.032816177,0.073668365,1.553575318,0.097837886,1.733791841,0.126348238,0.210260736,0.225657954,0.440089586,0.325904141,0.35483871,0.551562095,0.409124649,0.590875351,0,0.00094,0.00163,0,-0.00358,-0.0027,0.00196,0.00021,-0.00058,0.00212,-0.00177,0.00378,0,-0.00274,0,0.00104,0.00609
32264,PTQ10_321145,PTQ10,L8-BO_321144,L8-BO,PTQ10-L8-BO,32264_B-1,xylene,2,24,1000,105.9069639,2.04678,0.09332,2.20268,1,0.02801,0.07144,1.55518,0.09745,1.73324,0.14262,0.22957,0.25472,0.44009,0.35583,0.35484,0.61056,0.4172,0.5828,0.786,0.6,0.25,62.88567267,22.39475116,12.64274884,0.897725494,1.229414202,1,27.53242512,27.53242512,0.897725494,14.6172,0.1089,25.12,0.3997,7.77755116,0.788825494,37.76567267,12.24304884,0.652706516,0.121306569,0.399455058,0.03161496,12.04.2024 16:57,B-1,1.60E-06,0.6,0.6,5.45,5.34,3.77,3.64,1.57,1.984,1.454557964,3.995442036,3.356,1.344557964,0.934549569,0.44683247,PTQ10_321145,L8-BO_321144,xylene,Jonas_DonorAcceptor-NoWDonorWH2-AddInt-NewPTQ10BTP4F12-NoBG-ZnOCorr_PTQ10:L8-BO,Jonas_DonorAcceptor-NoWDonorWH2-AddInt-NewPTQ10BTP4F12-NoBG-ZnOCorr,0.05594754,12.04.2024 11:11,32264_258312_OD_x1y2,x1y2,0.005003418,0.6,0.6,3,4,0,0,1,0,0,0,0,0,1,0,181,2.048569243,0.09440079,2.205215763,1,0.03274442,0.073957994,1.553527141,0.097866876,1.734001591,0.125928631,0.209731563,0.224908534,0.440089586,0.325083922,0.35483871,0.549992457,0.408930217,0.591069783,0.00179,0.00108,0.00254,0,0.00474,0.00252,-0.00165,0.00042,0.00076,-0.01669,-0.01984,-0.02982,0,-0.03075,0,-0.06057,-0.00827
32264,PTQ10_321145,PTQ10,L8-BO_321144,L8-BO,PTQ10-L8-BO,32264_A-2,xylene,2,24,1000,94.70185586,2.04808,0.09343,2.2021,1,0.03606,0.0767,1.5515,0.09838,1.73442,0.11974,0.20545,0.21385,0.44009,0.31844,0.35484,0.53229,0.40175,0.59825,0.786,0.6,0.25,64.49778882,21.88362445,12.58516514,0.891650873,1.30859381,1,28.63677549,28.63677549,0.891650873,16.0261,0.8644,46.26,6.4078,5.85752445,0.027250873,18.23778882,6.17736514,0.732332984,0.969437732,0.71723389,0.509155019,12.04.2024 16:57,A-2,1.75E-06,1,1.4,5.45,5.34,3.77,3.64,1.57,1.984,1.454557964,3.995442036,3.356,1.344557964,0.928225772,0.452907091,PTQ10_321145,L8-BO_321144,xylene,Jonas_DonorAcceptor-NoWDonorWH2-AddInt-NewPTQ10BTP4F12-NoBG-ZnOCorr_PTQ10:L8-BO,Jonas_DonorAcceptor-NoWDonorWH2-AddInt-NewPTQ10BTP4F12-NoBG-ZnOCorr,0.042176935,12.04.2024 11:11,32264_258312_OD_x2y1,x2y1,0.004633132,1,1.4,3,4,0,0,1,0,0,0,0,0,1,0,181,2.047990827,0.094262407,2.204159336,1,0.038137837,0.074146411,1.553472726,0.098380055,1.734024287,0.120143845,0.203522228,0.214576907,0.440089586,0.315459453,0.35483871,0.53003636,0.404831048,0.595168952,-0.00009,0.00083,0.00206,0,0.00208,-0.00255,0.00198,0,-0.0004,0.00041,-0.00192,0.00073,0,-0.00298,0,-0.00225,0.00308
32265,PTQ10_321145,PTQ10,L8-BO_321144,L8-BO,PTQ10-L8-BO,32265_A-2,xylene,0,24,3000,64.88932847,2.04271,0.0935,2.19509,0.87692,0.05659,0.0744,1.55287,0.10164,1.72975,0.07123,0.1327,0.12722,0.44009,0.20569,0.35484,0.33291,0.38215,0.61785,0.786,0.55,0.22,52.06677636,20.07500277,9.054248882,0.866235792,1.687388543,1,33.87432967,33.87432967,0.866235792,15.9576,0.1663,26.03,0.6907,4.11740277,0.699935792,26.03677636,8.363548882,0.794899019,0.191980061,0.499934926,0.076284627,12.04.2024 16:59,A-2,0.000135405,1,1.4,5.45,5.34,3.77,3.64,1.57,1.984,1.454557964,3.995442036,3.356,1.344557964,0.901768182,0.478322172,PTQ10_321145,L8-BO_321144,xylene,Jonas_DonorAcceptor-NoWDonorWH2-AddInt-NewPTQ10BTP4F12-NoBG-ZnOCorr_PTQ10:L8-BO,Jonas_DonorAcceptor-NoWDonorWH2-AddInt-NewPTQ10BTP4F12-NoBG-ZnOCorr,0.009987821,12.04.2024 11:17,32265_258317_OD_x2y1,x2y1,0.003102274,1,1.4,3,4,0,0,1,0,0,0,0,0,1,0,182,2.041586253,0.094016567,2.192903405,0.821822528,0.06329722,0.074480913,1.55062442,0.102557036,1.728533127,0.064277021,0.126819899,0.11479876,0.440089586,0.196570844,0.35483871,0.311369604,0.368689983,0.631310017,-0.00112,0.00052,-0.00218,-0.0551,0.00671,0.00008,-0.00224,0.00092,-0.00121,-0.00696,-0.00588,-0.01243,0,-0.00912,0,-0.02154,-0.01346
32265,PTQ10_321145,PTQ10,L8-BO_321144,L8-BO,PTQ10-L8-BO,32265_B-2,xylene,0,24,3000,64.44351432,2.04287,0.09363,2.19524,0.87288,0.05528,0.07456,1.55278,0.10155,1.72988,0.07067,0.13164,0.12621,0.44009,0.20403,0.35484,0.33025,0.38218,0.61782,0.786,0.55,0.22,51.62585203,19.88625139,8.85705,0.862718158,1.695843442,1,33.723969,33.723969,0.862718158,13.4437,0.0921,25.11,0.311,6.44255139,0.770618158,26.51585203,8.54605,0.676029873,0.106755606,0.486384224,0.035113271,12.04.2024 16:59,B-2,4.88E-05,1,0.6,5.45,5.34,3.77,3.64,1.57,1.984,1.454557964,3.995442036,3.356,1.344557964,0.898106257,0.481839806,PTQ10_321145,L8-BO_321144,xylene,Jonas_DonorAcceptor-NoWDonorWH2-AddInt-NewPTQ10BTP4F12-NoBG-ZnOCorr_PTQ10:L8-BO,Jonas_DonorAcceptor-NoWDonorWH2-AddInt-NewPTQ10BTP4F12-NoBG-ZnOCorr,0.010414042,12.04.2024 11:17,32265_258317_OD_x2y2,x2y2,0.003007452,1,0.6,3,4,0,0,1,0,0,0,0,0,1,0,182,2.041724264,0.094047195,2.192978299,0.819670342,0.06254838,0.074702923,1.55052764,0.102455832,1.728781712,0.064094553,0.126271957,0.114472872,0.440089586,0.195721533,0.35483871,0.310194404,0.369035289,0.630964711,-0.00115,0.00042,-0.00226,-0.05321,0.00727,0.00014,-0.00226,0.00091,-0.00109,-0.00657,-0.00536,-0.01174,0,-0.00831,0,-0.02005,-0.01314
32265,PTQ10_321145,PTQ10,L8-BO_321144,L8-BO,PTQ10-L8-BO,32265_A-1,xylene,0,24,3000,63.74813798,2.04245,0.09372,2.1948,0.86845,0.05543,0.07442,1.55317,0.10155,1.73007,0.0698,0.12972,0.12466,0.44009,0.20106,0.35484,0.32572,0.38272,0.61728,0.786,0.55,0.22,51.31484444,19.59437883,8.617785637,0.857079623,1.708739524,1,33.48168955,33.48168955,0.857079623,17.6666,0.8499,52.64,7.9041,1.92777883,0.007179623,-1.32515556,0.713685637,0.901615721,0.991623155,1.02582402,0.917184568,12.04.2024 16:59,A-1,2.51E-05,0.6,1.4,5.45,5.34,3.77,3.64,1.57,1.984,1.454557964,3.995442036,3.356,1.344557964,0.892236433,0.487478341,PTQ10_321145,L8-BO_321144,xylene,Jonas_DonorAcceptor-NoWDonorWH2-AddInt-NewPTQ10BTP4F12-NoBG-ZnOCorr_PTQ10:L8-BO,Jonas_DonorAcceptor-NoWDonorWH2-AddInt-NewPTQ10BTP4F12-NoBG-ZnOCorr,0.009823599,12.04.2024 11:17,32265_258317_OD_x1y1,x1y1,0.003004604,0.6,1.4,3,4,0,0,1,0,0,0,0,0,1,0,182,2.041718296,0.094046708,2.193009431,0.822243298,0.06305056,0.074784584,1.550452375,0.102509509,1.728735772,0.06433047,0.127041913,0.11489422,0.440089586,0.196914964,0.35483871,0.311809184,0.36847606,0.63152394,-0.00073,0.00033,-0.00179,-0.04621,0.00762,0.00037,-0.00272,0.00096,-0.00134,-0.00547,-0.00267,-0.00977,0,-0.00415,0,-0.01391,-0.01425
32265,PTQ10_321145,PTQ10,L8-BO_321144,L8-BO,PTQ10-L8-BO,32265_A-3,xylene,0,24,3000,63.81980412,2.04258,0.09361,2.19502,0.87054,0.05385,0.07431,1.55261,0.10164,1.72959,0.06972,0.13001,0.12451,0.44009,0.20151,0.35484,0.32602,0.38191,0.61809,0.786,0.55,0.22,50.82806935,19.77400381,8.586721378,0.854336859,1.708045937,1,33.77490686,33.77490686,0.854336859,18.2236,0.87,55.71,8.833,1.55040381,-0.015663141,-4.88193065,-0.246278622,0.921593835,1.018333683,1.096047926,1.028681334,12.04.2024 16:59,A-3,1.67E-05,1.4,1.4,5.45,5.34,3.77,3.64,1.57,1.984,1.454557964,3.995442036,3.356,1.344557964,0.889381163,0.490221105,PTQ10_321145,L8-BO_321144,xylene,Jonas_DonorAcceptor-NoWDonorWH2-AddInt-NewPTQ10BTP4F12-NoBG-ZnOCorr_PTQ10:L8-BO,Jonas_DonorAcceptor-NoWDonorWH2-AddInt-NewPTQ10BTP4F12-NoBG-ZnOCorr,0.009750272,12.04.2024 11:17,32265_258317_OD_x3y1,x3y1,0.002877602,1.4,1.4,3,4,0,0,1,0,0,0,0,0,1,0,182,2.04145421,0.093986426,2.192797379,0.821401759,0.06354388,0.074177243,1.550796464,0.102604563,1.728330483,0.064223572,0.126597886,0.1147033,0.440089586,0.196226723,0.35483871,0.310930023,0.368903906,0.631096094,-0.00112,0.00037,-0.00222,-0.04914,0.00969,-0.00013,-0.00181,0.00096,-0.00126,-0.00549,-0.00341,-0.00981,0,-0.00529,0,-0.01509,-0.01301
32266,PTQ10_321145,PTQ10,L8-BO_321144,L8-BO,PTQ10-L8-BO,32266_B-2,xylene,2,24,3000,63.98403088,2.0392,0.09402,2.19368,0.86769,0.02436,0.07422,1.54181,0.10401,1.72507,0.07137,0.1298,0.12746,0.44009,0.20119,0.35484,0.32865,0.38782,0.61218,0.786,0.6,0.25,52.20384598,19.49362155,8.704364507,0.855346415,1.706785812,1,33.27143668,33.27143668,0.855346415,17.181,0.8616,53.71,7.9504,2.31262155,-0.006253585,-1.50615402,0.753964507,0.881365218,1.007311172,1.0288514,0.913380867,12.04.2024 17:02,B-2,9.65E-05,1,0.6,5.45,5.34,3.77,3.64,1.57,1.984,1.454557964,3.995442036,3.356,1.344557964,0.89043213,0.489211549,PTQ10_321145,L8-BO_321144,xylene,Jonas_DonorAcceptor-NoWDonorWH2-AddInt-NewPTQ10BTP4F12-NoBG-ZnOCorr_PTQ10:L8-BO,Jonas_DonorAcceptor-NoWDonorWH2-AddInt-NewPTQ10BTP4F12-NoBG-ZnOCorr,0.018606599,12.04.2024 11:23,32266_258332_OD_x2y2,x2y2,0.002173774,1,0.6,3,4,0,0,1,0,0,0,0,0,1,0,183,2.038503345,0.094207658,2.191602926,0.834959532,0.032862472,0.07447943,1.54115222,0.104816824,1.72483273,0.065482344,0.126507544,0.116951467,0.440089586,0.196086693,0.35483871,0.31303816,0.37360033,0.62639967,-0.0007,0.00018,-0.00208,-0.03273,0.0085,0.00026,-0.00066,0.00081,-0.00023,-0.00588,-0.00329,-0.01051,0,-0.00511,0,-0.01561,-0.01422
32266,PTQ10_321145,PTQ10,L8-BO_321144,L8-BO,PTQ10-L8-BO,32266_A-3,xylene,2,24,3000,64.51147022,2.03917,0.09398,2.19357,0.86874,0.02508,0.07421,1.54237,0.10407,1.72521,0.07229,0.13116,0.1291,0.44009,0.20329,0.35484,0.3324,0.3884,0.6116,0.786,0.6,0.25,52.4491197,19.03475057,8.54494726,0.855901905,1.696553795,1,32.29347832,32.29347832,0.855901905,17.1641,0.8683,55.52,8.274,1.87065057,-0.012398095,-3.0708803,0.27094726,0.901724451,1.014485416,1.058549701,0.968291523,12.04.2024 17:02,A-3,2.93E-05,1.4,1.4,5.45,5.34,3.77,3.64,1.57,1.984,1.454557964,3.995442036,3.356,1.344557964,0.891010406,0.488656059,PTQ10_321145,L8-BO_321144,xylene,Jonas_DonorAcceptor-NoWDonorWH2-AddInt-NewPTQ10BTP4F12-NoBG-ZnOCorr_PTQ10:L8-BO,Jonas_DonorAcceptor-NoWDonorWH2-AddInt-NewPTQ10BTP4F12-NoBG-ZnOCorr,0.019144773,12.04.2024 11:23,32266_258332_OD_x3y1,x3y1,0.002237033,1.4,1.4,3,4,0,0,1,0,0,0,0,0,1,0,183,2.038465471,0.094354964,2.191459547,0.823581592,0.033708348,0.074753638,1.541914227,0.104712496,1.725479893,0.065562705,0.12594596,0.117094991,0.440089586,0.195216238,0.35483871,0.312311229,0.374930454,0.625069546,-0.00071,0.00038,-0.00211,-0.04515,0.00863,0.00054,-0.00046,0.00064,0.00027,-0.00672,-0.00521,-0.01201,0,-0.00808,0,-0.02008,-0.01347
32266,PTQ10_321145,PTQ10,L8-BO_321144,L8-BO,PTQ10-L8-BO,32266_A-1,xylene,2,24,3000,63.78133483,2.03906,0.09423,2.1934,0.85978,0.02386,0.07444,1.54294,0.10367,1.72604,0.0716,0.12916,0.12788,0.44009,0.2002,0.35484,0.32808,0.38978,0.61022,0.786,0.6,0.25,50.05973659,19.14974852,8.036355929,0.838315562,1.709135585,1,32.72951664,32.72951664,0.838315562,17.529,0.8304,50.67,7.3748,1.62074852,0.007915562,-0.61026341,0.661555929,0.915364501,0.990557778,1.012190704,0.917679613,12.04.2024 17:02,A-1,0.000147105,0.6,1.4,5.45,5.34,3.77,3.64,1.57,1.984,1.454557964,3.995442036,3.356,1.344557964,0.872702683,0.506242402,PTQ10_321145,L8-BO_321144,xylene,Jonas_DonorAcceptor-NoWDonorWH2-AddInt-NewPTQ10BTP4F12-NoBG-ZnOCorr_PTQ10:L8-BO,Jonas_DonorAcceptor-NoWDonorWH2-AddInt-NewPTQ10BTP4F12-NoBG-ZnOCorr,0.019160883,12.04.2024 11:23,32266_258332_OD_x1y1,x1y1,0.002204094,0.6,1.4,3,4,0,0,1,0,0,0,0,0,1,0,183,2.03817391,0.094386483,2.191266862,0.818860496,0.032002463,0.074740627,1.542291478,0.104671053,1.725798396,0.065822058,0.125853676,0.117558195,0.440089586,0.195073197,0.35483871,0.312631392,0.376028121,0.623971879,-0.00088,0.00016,-0.00213,-0.04092,0.00814,0.0003,-0.00065,0.001,-0.00024,-0.00578,-0.00331,-0.01032,0,-0.00513,0,-0.01544,-0.01375
32266,PTQ10_321145,PTQ10,L8-BO_321144,L8-BO,PTQ10-L8-BO,32266_B-3,xylene,2,24,3000,63.93950805,2.03914,0.09407,2.19359,0.8687,0.02432,0.07423,1.54229,0.10385,1.72546,0.07117,0.12983,0.12711,0.44009,0.20124,0.35484,0.32835,0.38712,0.61288,0.786,0.6,0.25,48.39867615,19.29699369,7.735409105,0.828247531,1.707582539,1,32.95120948,32.95120948,0.828247531,0,-0.4831,-213.03,0,19.29699369,1.311347531,261.4286762,7.735409105,0,-0.583279735,-4.401566674,0,12.04.2024 17:02,B-3,5.91E-05,1.4,0.6,5.45,5.34,3.77,3.64,1.57,1.984,1.454557964,3.995442036,3.356,1.344557964,0.862221669,0.516310433,PTQ10_321145,L8-BO_321144,xylene,Jonas_DonorAcceptor-NoWDonorWH2-AddInt-NewPTQ10BTP4F12-NoBG-ZnOCorr_PTQ10:L8-BO,Jonas_DonorAcceptor-NoWDonorWH2-AddInt-NewPTQ10BTP4F12-NoBG-ZnOCorr,0.018474451,12.04.2024 11:23,32266_258332_OD_x3y2,x3y2,0.002176671,1.4,0.6,3,4,0,0,1,0,0,0,0,0,1,0,183,2.038538676,0.094215297,2.19168405,0.835661198,0.033607216,0.074553135,1.540891163,0.104810556,1.72466972,0.0652622,0.126512465,0.11655829,0.440089586,0.196094321,0.35483871,0.31265261,0.372804466,0.627195534,-0.0006,0.00015,-0.00191,-0.03304,0.00929,0.00033,-0.0014,0.00096,-0.00079,-0.00591,-0.00332,-0.01055,0,-0.00514,0,-0.01569,-0.01431
32267,PTQ10_321145,PTQ10,L8-BO_321144,L8-BO,PTQ10-L8-BO,32267_B-1,xylene,1,24,2000,73.89700038,2.04373,0.09306,2.19672,0.93522,0.05408,0.07546,1.5486,0.10181,1.72934,0.08378,0.15558,0.14964,0.44009,0.24114,0.35484,0.39078,0.38292,0.61708,0.786,0.6,0.25,64.24238045,21.885,12.70473083,0.90364384,1.540371828,1,33.71103745,33.71103745,0.90364384,18.5744,0.8651,53.31,8.567,3.3106,0.03854384,10.93238045,4.13773083,0.848727439,0.957346204,0.829826037,0.674315742,12.04.2024 17:05,B-1,6.02E-05,0.6,0.6,5.45,5.34,3.77,3.64,1.57,1.984,1.454557964,3.995442036,3.356,1.344557964,0.940710682,0.440914124,PTQ10_321145,L8-BO_321144,xylene,Jonas_DonorAcceptor-NoWDonorWH2-AddInt-NewPTQ10BTP4F12-NoBG-ZnOCorr_PTQ10:L8-BO,Jonas_DonorAcceptor-NoWDonorWH2-AddInt-NewPTQ10BTP4F12-NoBG-ZnOCorr,0.013617253,12.04.2024 11:28,32267_258335_OD_x1y2,x1y2,0.003245521,0.6,0.6,3,4,0,0,1,0,0,0,0,0,1,0,184,2.043223672,0.093005864,2.194799774,0.959682969,0.060123932,0.075199782,1.548002662,0.102329213,1.72854488,0.077070754,0.149894339,0.137648366,0.440089586,0.232336225,0.35483871,0.369984591,0.372038104,0.627961896,-0.0005,-0.00006,-0.00192,0.02446,0.00604,-0.00026,-0.00059,0.00052,-0.0008,-0.00671,-0.00568,-0.01199,0,-0.00881,0,-0.0208,-0.01088
32267,PTQ10_321145,PTQ10,L8-BO_321144,L8-BO,PTQ10-L8-BO,32267_B-3,xylene,1,24,2000,73.88059723,2.04354,0.09308,2.19697,0.9371,0.05157,0.07585,1.54583,0.10225,1.72823,0.08361,0.15571,0.14932,0.44009,0.24135,0.35484,0.39067,0.38221,0.61779,0.786,0.6,0.25,65.25596586,21.5184977,12.63356249,0.899691594,1.542121468,1,33.18413725,33.18413725,0.899691594,0,-1.1861,-267.01,0,21.5184977,2.085791594,332.2659659,12.63356249,0,-1.318340649,-4.091733169,0,12.04.2024 17:05,B-3,1.33E-05,1.4,0.6,5.45,5.34,3.77,3.64,1.57,1.984,1.454557964,3.995442036,3.356,1.344557964,0.936596317,0.44486637,PTQ10_321145,L8-BO_321144,xylene,Jonas_DonorAcceptor-NoWDonorWH2-AddInt-NewPTQ10BTP4F12-NoBG-ZnOCorr_PTQ10:L8-BO,Jonas_DonorAcceptor-NoWDonorWH2-AddInt-NewPTQ10BTP4F12-NoBG-ZnOCorr,0.014410822,12.04.2024 11:28,32267_258335_OD_x3y2,x3y2,0.003048003,1.4,0.6,3,4,0,0,1,0,0,0,0,0,1,0,184,2.043026988,0.092950314,2.194694156,0.969357467,0.059590872,0.075190761,1.546995825,0.102463557,1.728146729,0.077678512,0.150819133,0.138733822,0.440089586,0.233769657,0.35483871,0.372503479,0.372436313,0.627563687,-0.00051,-0.00013,-0.00228,0.03225,0.00803,-0.00066,0.00116,0.00021,-0.00009,-0.00593,-0.00489,-0.01059,0,-0.00758,0,-0.01817,-0.00978
32267,PTQ10_321145,PTQ10,L8-BO_321144,L8-BO,PTQ10-L8-BO,32267_A-1,xylene,1,24,2000,73.73648386,2.04385,0.09309,2.19679,0.93366,0.05449,0.07589,1.54859,0.10172,1.7297,0.08351,0.1553,0.14915,0.44009,0.24071,0.35484,0.38986,0.38257,0.61743,0.786,0.6,0.25,64.13488549,21.66075326,12.53650633,0.902419862,1.542484152,1,33.41136862,33.41136862,0.902419862,18.3214,0.8638,53.31,8.4368,3.33935326,0.038619862,10.82488549,4.09970633,0.845833927,0.957204109,0.831216889,0.672978562,12.04.2024 17:05,A-1,8.26E-05,0.6,1.4,5.45,5.34,3.77,3.64,1.57,1.984,1.454557964,3.995442036,3.356,1.344557964,0.939436497,0.442138102,PTQ10_321145,L8-BO_321144,xylene,Jonas_DonorAcceptor-NoWDonorWH2-AddInt-NewPTQ10BTP4F12-NoBG-ZnOCorr_PTQ10:L8-BO,Jonas_DonorAcceptor-NoWDonorWH2-AddInt-NewPTQ10BTP4F12-NoBG-ZnOCorr,0.014428848,12.04.2024 11:28,32267_258335_OD_x1y1,x1y1,0.003287153,0.6,1.4,3,4,0,0,1,0,0,0,0,0,1,0,184,2.043366461,0.093014961,2.194935067,0.95795166,0.060869261,0.07561141,1.547892045,0.102260754,1.728803886,0.076775038,0.149720013,0.137120218,0.440089586,0.23206602,0.35483871,0.369186238,0.371412051,0.628587949,-0.00048,-0.00008,-0.00186,0.02429,0.00638,-0.00028,-0.0007,0.00054,-0.0009,-0.00673,-0.00558,-0.01203,0,-0.00865,0,-0.02067,-0.01115
32267,PTQ10_321145,PTQ10,L8-BO_321144,L8-BO,PTQ10-L8-BO,32267_A-2,xylene,1,24,2000,73.33480199,2.04342,0.09306,2.1965,0.93129,0.05367,0.07552,1.54775,0.10201,1.729,0.08297,0.15423,0.14819,0.44009,0.23905,0.35484,0.38725,0.38268,0.61732,0.786,0.6,0.25,63.98571842,21.44387365,12.36387122,0.901090027,1.549072884,1,33.2181232,33.2181232,0.901090027,18.099,0.8501,51.28,7.8892,3.34487365,0.050990027,12.70571842,4.47467122,0.844017284,0.943412949,0.801428839,0.638084938,12.04.2024 17:05,A-2,0.000237839,1,1.4,5.45,5.34,3.77,3.64,1.57,1.984,1.454557964,3.995442036,3.356,1.344557964,0.938052113,0.443467937,PTQ10_321145,L8-BO_321144,xylene,Jonas_DonorAcceptor-NoWDonorWH2-AddInt-NewPTQ10BTP4F12-NoBG-ZnOCorr_PTQ10:L8-BO,Jonas_DonorAcceptor-NoWDonorWH2-AddInt-NewPTQ10BTP4F12-NoBG-ZnOCorr,0.014065382,12.04.2024 11:28,32267_258335_OD_x2y1,x2y1,0.003174823,1,1.4,3,4,0,0,1,0,0,0,0,0,1,0,184,2.04314341,0.092970626,2.194797694,0.96238935,0.060531764,0.075340081,1.547485105,0.102437661,1.728394629,0.077116458,0.150048665,0.137729995,0.440089586,0.232575431,0.35483871,0.370305426,0.371934625,0.628065375,-0.00028,-0.00009,-0.00171,0.0311,0.00686,-0.00018,-0.00026,0.00042,-0.0006,-0.00586,-0.00418,-0.01046,0,-0.00648,0,-0.01694,-0.01075
32619,D18CL_323001,D18CL,PY-IT_321127,PY-IT,D18CL-PY-IT,32619_B-1,CF,0,14,2000,128.6467813,2.1258,0.1239,2.29671,0.85752,0.01211,0.05696,1.54426,0.0723,1.70227,0.19151,0.23905,0.37345,0.48718,0.31555,0.24242,0.68899,0.54202,0.45798,0.95,0.32,0.39,53.22365021,18.116869,9.393445706,0.974175334,1.120117362,1,20.29301951,20.29301951,0.974175334,12.7842,0.9155,39.18,4.5853,5.332669,0.058675334,14.04365021,4.808145706,0.705651733,0.939769226,0.736138913,0.488138234,19.04.2024 22:56,B-1,8.51E-07,0.6,0.6,5.48,5.34,3.64,3.31,1.7,2.032786885,1.454557964,4.025442036,3.307213115,1.314557964,1.049430058,0.34038263,D18CL_323001,PY-IT_321127,CF,Jonas_DonorAcceptor-NoWDonorWH2-AddInt-NewPTQ10BTP4F12-NoBG-ZnOCorr_D18CL:PY-IT,Jonas_DonorAcceptor-NoWDonorWH2-AddInt-NewPTQ10BTP4F12-NoBG-ZnOCorr,0.215451837,17.04.2024 10:45,32619_261023_OD_x1y2,x1y2,0.009964182,0.6,0.6,5,5,0,0,0,0,1,0,0,0,0,1,185,2.123700264,0.122878694,2.293603426,0.902957974,0.002193957,0.057133079,1.544049744,0.0724929,1.70265344,0.200608961,0.252070784,0.391187473,0.487179487,0.332733435,0.242424242,0.723920908,0.540373222,0.459626778,-0.0021,-0.00102,-0.00311,0.04543,-0.00992,0.00017,-0.00021,0.00019,0.00038,0.0091,0.01302,0.01774,0,0.01719,0,0.03493,-0.00165
32619,D18CL_323001,D18CL,PY-IT_321127,PY-IT,D18CL-PY-IT,32619_B-2,CF,0,14,2000,133.7944465,2.12492,0.12366,2.29667,0.85788,0.00626,0.05678,1.54423,0.07229,1.70232,0.20102,0.24872,0.39199,0.48718,0.32831,0.24242,0.72029,0.5442,0.4558,0.95,0.32,0.39,52.58983982,18.09337526,9.265212605,0.973719686,1.103936786,1,19.97394253,19.97394253,0.973719686,12.471,0.9145,38.69,4.4129,5.62237526,0.059219686,13.89983982,4.852312605,0.689257799,0.939181998,0.735693437,0.476286966,19.04.2024 22:56,B-2,4.52E-07,1,0.6,5.48,5.34,3.64,3.31,1.7,2.032786885,1.454557964,4.025442036,3.307213115,1.314557964,1.048939211,0.340838278,D18CL_323001,PY-IT_321127,CF,Jonas_DonorAcceptor-NoWDonorWH2-AddInt-NewPTQ10BTP4F12-NoBG-ZnOCorr_D18CL:PY-IT,Jonas_DonorAcceptor-NoWDonorWH2-AddInt-NewPTQ10BTP4F12-NoBG-ZnOCorr,0.249145901,17.04.2024 10:45,32619_261023_OD_x2y2,x2y2,0.010470857,1,0.6,5,5,0,0,0,0,1,0,0,0,0,1,185,2.124250977,0.123325945,2.294760247,0.887625152,0.005634364,0.057193052,1.543987499,0.072498245,1.702552855,0.19423239,0.243501903,0.37875316,0.487179487,0.321422512,0.242424242,0.700175672,0.540960091,0.459039909,-0.00067,-0.00033,-0.00191,0.02974,-0.00063,0.00042,-0.00025,0.00021,0.00023,-0.00679,-0.00522,-0.01323,0,-0.00688,0,-0.02012,-0.00324
32619,D18CL_323001,D18CL,PY-IT_321127,PY-IT,D18CL-PY-IT,32619_A-1,CF,0,14,2000,135.452203,2.12493,0.12319,2.29602,0.87248,0.00512,0.05671,1.54451,0.07226,1.7023,0.20354,0.25152,0.39691,0.48718,0.33201,0.24242,0.72892,0.54452,0.45548,0.95,0.32,0.39,51.92521422,17.98761838,9.10335012,0.97465134,1.099070742,1,19.76966508,19.76966508,0.97465134,12.1306,0.9165,37.51,4.1703,5.85701838,0.05815134,14.41521422,4.93305012,0.674386111,0.940336264,0.722385079,0.458106076,19.04.2024 22:56,A-1,4.42E-07,0.6,1.4,5.48,5.34,3.64,3.31,1.7,2.032786885,1.454557964,4.025442036,3.307213115,1.314557964,1.049942835,0.339906624,D18CL_323001,PY-IT_321127,CF,Jonas_DonorAcceptor-NoWDonorWH2-AddInt-NewPTQ10BTP4F12-NoBG-ZnOCorr_D18CL:PY-IT,Jonas_DonorAcceptor-NoWDonorWH2-AddInt-NewPTQ10BTP4F12-NoBG-ZnOCorr,0.248276102,17.04.2024 10:45,32619_261023_OD_x1y1,x1y1,0.010353554,0.6,1.4,5,5,0,0,0,0,1,0,0,0,0,1,185,2.123972388,0.123063171,2.293977816,0.898257536,0.002579656,0.057150862,1.544179511,0.072502825,1.702711682,0.199710293,0.251889269,0.389435072,0.487179487,0.332493835,0.242424242,0.721928907,0.539436872,0.460563128,-0.00095,-0.00013,-0.00205,0.02578,-0.00254,0.00044,-0.00033,0.00024,0.00041,-0.00383,0.00037,-0.00747,0,0.00049,0,-0.00699,-0.00508
32619,D18CL_323001,D18CL,PY-IT_321127,PY-IT,D18CL-PY-IT,32619_A-2,CF,0,14,2000,138.4140611,2.12484,0.12343,2.2961,0.87535,0.0027,0.05673,1.54452,0.07229,1.70247,0.20754,0.25807,0.40469,0.48718,0.34065,0.24242,0.74535,0.54296,0.45704,0.95,0.32,0.39,50.69552728,17.96848775,8.864119853,0.973093221,1.090524665,1,19.59507908,19.59507908,0.973093221,11.7104,0.9082,36.77,3.9111,6.25808775,0.064893221,13.92552728,4.953019853,0.651718729,0.933312431,0.725310535,0.44122824,19.04.2024 22:56,A-2,5.28E-07,1,1.4,5.48,5.34,3.64,3.31,1.7,2.032786885,1.454557964,4.025442036,3.307213115,1.314557964,1.048264352,0.341464743,D18CL_323001,PY-IT_321127,CF,Jonas_DonorAcceptor-NoWDonorWH2-AddInt-NewPTQ10BTP4F12-NoBG-ZnOCorr_D18CL:PY-IT,Jonas_DonorAcceptor-NoWDonorWH2-AddInt-NewPTQ10BTP4F12-NoBG-ZnOCorr,0.264153007,17.04.2024 10:45,32619_261023_OD_x2y1,x2y1,0.01066589,1,1.4,5,5,0,0,0,0,1,0,0,0,0,1,185,2.124028352,0.123081716,2.29416934,0.897620044,0.002811478,0.057145753,1.544129154,0.072514464,1.702599657,0.19882367,0.250766502,0.387706156,0.487179487,0.331011783,0.242424242,0.718717939,0.539441343,0.460558657,-0.00081,-0.00035,-0.00193,0.02227,0.00012,0.00042,-0.00039,0.00023,0.00013,-0.00871,-0.0073,-0.01699,0,-0.00964,0,-0.02663,-0.00352
32620,D18CL_323001,D18CL,PY-IT_321127,PY-IT,D18CL-PY-IT,32620_A-1,CF,0,12,2000,121.6386713,2.12538,0.12376,2.29508,0.88503,0.01828,0.05785,1.54386,0.07319,1.70304,0.17128,0.23117,0.33399,0.48718,0.30515,0.24242,0.63914,0.52256,0.47744,0.95,0.32,0.39,55.40090861,18.15475729,9.751601781,0.969546456,1.144291636,1,20.77433692,20.77433692,0.969546456,12.9691,0.9173,39.93,4.7503,5.18565729,0.052246456,15.47090861,5.001301781,0.714363723,0.946112478,0.720746302,0.487130228,19.04.2024 22:58,A-1,1.51E-06,0.6,1.4,5.48,5.34,3.64,3.31,1.7,2.032786885,1.454557964,4.025442036,3.307213115,1.314557964,1.044443601,0.345011508,D18CL_323001,PY-IT_321127,CF,Jonas_DonorAcceptor-NoWDonorWH2-AddInt-NewPTQ10BTP4F12-NoBG-ZnOCorr_D18CL:PY-IT,Jonas_DonorAcceptor-NoWDonorWH2-AddInt-NewPTQ10BTP4F12-NoBG-ZnOCorr,0.187933897,17.04.2024 10:50,32620_261040_OD_x1y1,x1y1,0.010038299,0.6,1.4,5,5,0,0,0,0,1,0,0,0,0,1,186,2.124430111,0.122832051,2.292244806,0.934280424,0.016212632,0.058262322,1.543879356,0.073216792,1.703490918,0.165514804,0.228115523,0.322753868,0.487179487,0.30111249,0.242424242,0.623866359,0.517344562,0.482655438,-0.00095,-0.00092,-0.00284,0.04925,-0.00207,0.00042,0.00002,0.00003,0.00045,-0.00576,-0.00306,-0.01123,0,-0.00404,0,-0.01527,-0.00522
32620,D18CL_323001,D18CL,PY-IT_321127,PY-IT,D18CL-PY-IT,32620_B-2,CF,0,12,2000,117.5813677,2.12384,0.12387,2.28748,0.93768,0.02142,0.05896,1.54303,0.07392,1.70424,0.15826,0.22617,0.3086,0.48718,0.29854,0.24242,0.60715,0.50829,0.49171,0.95,0.32,0.39,54.80455855,18.01837888,9.564860493,0.968603963,1.158656467,1,20.87711121,20.87711121,0.968603963,13.3287,0.9153,41.07,5.0103,4.68967888,0.053303963,13.73455855,4.554560493,0.739728035,0.944968258,0.749390217,0.523823636,19.04.2024 22:58,B-2,6.10E-07,1,0.6,5.48,5.34,3.64,3.31,1.7,2.032786885,1.454557964,4.025442036,3.307213115,1.314557964,1.0434283,0.345954001,D18CL_323001,PY-IT_321127,CF,Jonas_DonorAcceptor-NoWDonorWH2-AddInt-NewPTQ10BTP4F12-NoBG-ZnOCorr_D18CL:PY-IT,Jonas_DonorAcceptor-NoWDonorWH2-AddInt-NewPTQ10BTP4F12-NoBG-ZnOCorr,0.182180306,17.04.2024 10:50,32620_261040_OD_x2y2,x2y2,0.01111745,1,0.6,5,5,0,0,0,0,1,0,0,0,0,1,186,2.123925492,0.122544785,2.291148371,0.941281626,0.01859596,0.058739997,1.543312535,0.073828131,1.703395771,0.160839375,0.224250206,0.313636782,0.487179487,0.296010272,0.242424242,0.609647054,0.514371769,0.485628231,0.00009,-0.00133,0.00367,0.0036,-0.00282,-0.00022,0.00028,-0.00009,-0.00085,0.00258,-0.00192,0.00503,0,-0.00253,0,0.0025,0.00608
32620,D18CL_323001,D18CL,PY-IT_321127,PY-IT,D18CL-PY-IT,32620_B-1,CF,0,12,2000,110.7790405,2.12359,0.12537,2.29551,0.77422,0.02412,0.05937,1.54194,0.07402,1.70379,0.15154,0.21395,0.2955,0.48718,0.28241,0.24242,0.57791,0.51132,0.48868,0.95,0.32,0.39,55.39998058,17.60625455,9.452898699,0.969144231,1.188712176,1,20.92876916,20.92876916,0.969144231,13.1117,0.9173,42.57,5.1198,4.49455455,0.051844231,12.82998058,4.333098699,0.744718302,0.946505144,0.768411822,0.541611643,19.04.2024 22:58,B-1,5.15E-07,0.6,0.6,5.48,5.34,3.64,3.31,1.7,2.032786885,1.454557964,4.025442036,3.307213115,1.314557964,1.044010304,0.345413733,D18CL_323001,PY-IT_321127,CF,Jonas_DonorAcceptor-NoWDonorWH2-AddInt-NewPTQ10BTP4F12-NoBG-ZnOCorr_D18CL:PY-IT,Jonas_DonorAcceptor-NoWDonorWH2-AddInt-NewPTQ10BTP4F12-NoBG-ZnOCorr,0.172621568,17.04.2024 10:50,32620_261040_OD_x1y2,x1y2,0.011232776,0.6,0.6,5,5,0,0,0,0,1,0,0,0,0,1,186,2.124321687,0.122944094,2.291277736,0.932563251,0.015864932,0.058568333,1.543837272,0.073383283,1.703789354,0.167380065,0.231270838,0.326391126,0.487179487,0.305277507,0.242424242,0.631668632,0.516712575,0.483287425,0.00073,-0.00243,-0.00423,0.15835,-0.00825,-0.0008,0.0019,-0.00064,0,0.01584,0.01732,0.03089,0,0.02287,0,0.05376,0.00539
32620,D18CL_323001,D18CL,PY-IT_321127,PY-IT,D18CL-PY-IT,32620_A-3,CF,0,12,2000,122.9578033,2.12445,0.12421,2.29536,0.87183,0.01802,0.05792,1.54384,0.07311,1.70343,0.17282,0.23452,0.33699,0.48718,0.30956,0.24242,0.64655,0.52121,0.47879,0.95,0.32,0.39,54.50794071,17.63637447,9.309572362,0.968413077,1.138916473,1,20.0863574,20.0863574,0.968413077,12.6432,0.914,39.49,4.5635,4.99317447,0.054413077,15.01794071,4.746072362,0.716882034,0.943812121,0.724481598,0.490194374,19.04.2024 22:58,A-3,5.64E-07,1.4,1.4,5.48,5.34,3.64,3.31,1.7,2.032786885,1.454557964,4.025442036,3.307213115,1.314557964,1.043222668,0.346144887,D18CL_323001,PY-IT_321127,CF,Jonas_DonorAcceptor-NoWDonorWH2-AddInt-NewPTQ10BTP4F12-NoBG-ZnOCorr_D18CL:PY-IT,Jonas_DonorAcceptor-NoWDonorWH2-AddInt-NewPTQ10BTP4F12-NoBG-ZnOCorr,0.190054692,17.04.2024 10:50,32620_261040_OD_x3y1,x3y1,0.01038123,1.4,1.4,5,5,0,0,0,0,1,0,0,0,0,1,186,2.120259088,0.121840256,2.284682901,0.95,0.019575795,0.060854488,1.542332705,0.075274086,1.705385872,0.154015298,0.228123679,0.300329832,0.487179487,0.301123256,0.242424242,0.601453088,0.49934041,0.50065959,-0.00419,-0.00236,-0.01067,0.07817,0.00156,0.00294,-0.0015,0.00217,0.00196,-0.0188,-0.00639,-0.03666,0,-0.00844,0,-0.0451,-0.02187
32621,D18CL_323001,D18CL,PY-IT_321127,PY-IT,D18CL-PY-IT,32621_B-1,CF,0,10,2000,97.41177682,2.1247,0.12577,2.29231,0.83553,0.03898,0.061,1.53953,0.07629,1.70173,0.12491,0.1895,0.24357,0.48718,0.25014,0.24242,0.49371,0.49335,0.50665,0.95,0.32,0.39,58.23190818,19.73212189,11.162062,0.971425768,1.26342513,1,24.93005867,24.93005867,0.971425768,14.0849,0.9204,45.55,5.9052,5.64722189,0.051025768,12.68190818,5.256862,0.713805645,0.947473323,0.782217197,0.529042035,19.04.2024 23:01,B-1,6.36E-06,0.6,0.6,5.48,5.34,3.64,3.31,1.7,2.032786885,1.454557964,4.025442036,3.307213115,1.314557964,1.046468089,0.343132196,D18CL_323001,PY-IT_321127,CF,Jonas_DonorAcceptor-NoWDonorWH2-AddInt-NewPTQ10BTP4F12-NoBG-ZnOCorr_D18CL:PY-IT,Jonas_DonorAcceptor-NoWDonorWH2-AddInt-NewPTQ10BTP4F12-NoBG-ZnOCorr,0.077555381,17.04.2024 10:56,32621_261063_OD_x1y2,x1y2,0.015423573,0.6,0.6,5,5,0,0,0,0,1,0,0,0,0,1,187,2.126767923,0.125196743,2.296849531,0.823739671,0.039310482,0.060675224,1.539565962,0.075519425,1.70127579,0.124657224,0.186254723,0.243081588,0.487179487,0.245856234,0.242424242,0.488937822,0.497162577,0.502837423,0.00207,-0.00058,0.00454,-0.01179,0.00033,-0.00033,0.00003,-0.00077,-0.00045,-0.00025,-0.00324,-0.00049,0,-0.00428,0,-0.00477,0.00382
32621,D18CL_323001,D18CL,PY-IT_321127,PY-IT,D18CL-PY-IT,32621_A-3,CF,0,10,2000,100.9536287,2.12657,0.12502,2.29591,0.85174,0.03828,0.06048,1.54041,0.07579,1.70175,0.13189,0.19505,0.25718,0.48718,0.25747,0.24242,0.51465,0.49972,0.50028,0.95,0.32,0.39,58.62544488,19.55287278,11.14548561,0.972304441,1.242478811,1,24.29403012,24.29403012,0.972304441,13.5429,0.9177,43.34,5.3858,6.00997278,0.054604441,15.28544488,5.75968561,0.692629679,0.943840181,0.739269443,0.483227038,19.04.2024 23:01,A-3,1.78E-06,1.4,1.4,5.48,5.34,3.64,3.31,1.7,2.032786885,1.454557964,4.025442036,3.307213115,1.314557964,1.047414639,0.342253523,D18CL_323001,PY-IT_321127,CF,Jonas_DonorAcceptor-NoWDonorWH2-AddInt-NewPTQ10BTP4F12-NoBG-ZnOCorr_D18CL:PY-IT,Jonas_DonorAcceptor-NoWDonorWH2-AddInt-NewPTQ10BTP4F12-NoBG-ZnOCorr,0.080232591,17.04.2024 10:56,32621_261063_OD_x3y1,x3y1,0.01590172,1.4,1.4,5,5,0,0,0,0,1,0,0,0,0,1,187,2.123997149,0.124505661,2.289963817,0.906486593,0.030325317,0.060432164,1.540899781,0.075087361,1.702712866,0.13037525,0.198614198,0.254231737,0.487179487,0.262170742,0.242424242,0.516402479,0.492313162,0.507686838,-0.00258,-0.00051,-0.00594,0.05475,-0.00795,-0.00005,0.00049,-0.00071,0.00096,-0.00151,0.00356,-0.00295,0,0.0047,0,0.00175,-0.0074
32621,D18CL_323001,D18CL,PY-IT_321127,PY-IT,D18CL-PY-IT,32621_B-2,CF,0,10,2000,108.525818,2.12666,0.12466,2.29716,0.85606,0.03153,0.05935,1.54218,0.07464,1.70234,0.14893,0.20632,0.29042,0.48718,0.27234,0.24242,0.56276,0.51607,0.48393,0.95,0.32,0.39,57.70718532,19.62137753,10.98594004,0.970237014,1.201101492,1,23.56726583,23.56726583,0.970237014,13.7886,0.9169,43.9,5.5507,5.83277753,0.053337014,13.80718532,5.43524004,0.702733535,0.94502682,0.760737155,0.505254897,19.04.2024 23:01,B-2,2.95E-06,1,0.6,5.48,5.34,3.64,3.31,1.7,2.032786885,1.454557964,4.025442036,3.307213115,1.314557964,1.045187504,0.34432095,D18CL_323001,PY-IT_321127,CF,Jonas_DonorAcceptor-NoWDonorWH2-AddInt-NewPTQ10BTP4F12-NoBG-ZnOCorr_D18CL:PY-IT,Jonas_DonorAcceptor-NoWDonorWH2-AddInt-NewPTQ10BTP4F12-NoBG-ZnOCorr,0.112291656,17.04.2024 10:56,32621_261063_OD_x2y2,x2y2,0.010199862,1,0.6,5,5,0,0,0,0,1,0,0,0,0,1,187,2.126834672,0.125450813,2.296773151,0.832800007,0.039795108,0.060768727,1.539485828,0.075674338,1.701182466,0.12399028,0.185666868,0.241781047,0.487179487,0.245080266,0.242424242,0.486861313,0.496609387,0.503390613,0.00018,0.00079,-0.00038,-0.02326,0.00827,0.00142,-0.0027,0.00104,-0.00115,-0.02494,-0.02065,-0.04864,0,-0.02726,0,-0.07589,-0.01946
32621,D18CL_323001,D18CL,PY-IT_321127,PY-IT,D18CL-PY-IT,32621_A-2,CF,0,10,2000,104.6448997,2.12658,0.12491,2.29662,0.84993,0.03612,0.05999,1.54119,0.07519,1.70215,0.13932,0.2012,0.27167,0.48718,0.26559,0.24242,0.53726,0.50566,0.49434,0.95,0.32,0.39,57.52831029,19.3537507,10.80728228,0.970665814,1.221578309,1,23.64212204,23.64212204,0.970665814,13.4325,0.9153,42.45,5.2198,5.9212507,0.055365814,15.07831029,5.58748228,0.694051515,0.942960993,0.737897564,0.482989142,19.04.2024 23:01,A-2,2.24E-06,1,1.4,5.48,5.34,3.64,3.31,1.7,2.032786885,1.454557964,4.025442036,3.307213115,1.314557964,1.045649429,0.34389215,D18CL_323001,PY-IT_321127,CF,Jonas_DonorAcceptor-NoWDonorWH2-AddInt-NewPTQ10BTP4F12-NoBG-ZnOCorr_D18CL:PY-IT,Jonas_DonorAcceptor-NoWDonorWH2-AddInt-NewPTQ10BTP4F12-NoBG-ZnOCorr,0.095000341,17.04.2024 10:56,32621_261063_OD_x2y1,x2y1,0.016655135,1,1.4,5,5,0,0,0,0,1,0,0,0,0,1,187,2.123822978,0.125511608,2.288737598,0.928243297,0.027649497,0.060221168,1.541193968,0.075155312,1.702752166,0.131861142,0.200302122,0.257129226,0.487179487,0.2643988,0.242424242,0.521528027,0.493023523,0.506976477,-0.00275,0.00061,-0.00788,0.07831,-0.00847,0.00023,0,-0.00004,0.0006,-0.00746,-0.0009,-0.01454,0,-0.00119,0,-0.01573,-0.01264
32622,D18CL_323001,D18CL,PY-IT_321127,PY-IT,D18CL-PY-IT,32622_B-1,CF,0,10,1000,140.4787415,2.12348,0.1237,2.2936,0.89295,0.00279,0.05734,1.54423,0.07274,1.70339,0.19988,0.27109,0.38976,0.48718,0.35784,0.24242,0.7476,0.52135,0.47865,0.95,0.32,0.39,52.72618123,18.42036833,9.344593498,0.962134496,1.083747543,1,19.96302891,19.96302891,0.962134496,13.1057,0.9177,40.33,4.8511,5.31466833,0.044434496,12.39618123,4.493493498,0.711478716,0.953816752,0.764895144,0.519134407,19.04.2024 23:04,B-1,4.53E-07,0.6,0.6,5.48,5.34,3.64,3.31,1.7,2.032786885,1.454557964,4.025442036,3.307213115,1.314557964,1.036459069,0.352423468,D18CL_323001,PY-IT_321127,CF,Jonas_DonorAcceptor-NoWDonorWH2-AddInt-NewPTQ10BTP4F12-NoBG-ZnOCorr_D18CL:PY-IT,Jonas_DonorAcceptor-NoWDonorWH2-AddInt-NewPTQ10BTP4F12-NoBG-ZnOCorr,0.275184674,17.04.2024 11:02,32622_261073_OD_x1y2,x1y2,0.0105119,0.6,0.6,5,5,0,0,0,0,1,0,0,0,0,1,188,2.123066916,0.123413372,2.292909534,0.91127211,0.00056374,0.057400069,1.543975809,0.072802379,1.703335284,0.194132855,0.26452927,0.378559068,0.487179487,0.349178637,0.242424242,0.727737705,0.520186141,0.479813859,-0.00041,-0.00028,-0.00069,0.01832,-0.00223,0.00006,-0.00025,0.00007,-0.00006,-0.00574,-0.00656,-0.0112,0,-0.00866,0,-0.01986,-0.00116
32622,D18CL_323001,D18CL,PY-IT_321127,PY-IT,D18CL-PY-IT,32622_A-2,CF,0,10,1000,145.0842099,2.12304,0.12322,2.29261,0.91024,0,0.05705,1.54418,0.07278,1.70272,0.20758,0.27899,0.40478,0.48718,0.36827,0.24242,0.77305,0.52362,0.47638,0.95,0.32,0.39,51.90291306,18.12762165,9.075622257,0.964592431,1.072125935,1,19.43509331,19.43509331,0.964592431,12.603,0.9193,39.92,4.6253,5.52462165,0.045292431,11.98291306,4.450322257,0.69523737,0.953045007,0.769128314,0.509639986,19.04.2024 23:04,A-2,7.50E-07,1,1.4,5.48,5.34,3.64,3.31,1.7,2.032786885,1.454557964,4.025442036,3.307213115,1.314557964,1.039106879,0.349965533,D18CL_323001,PY-IT_321127,CF,Jonas_DonorAcceptor-NoWDonorWH2-AddInt-NewPTQ10BTP4F12-NoBG-ZnOCorr_D18CL:PY-IT,Jonas_DonorAcceptor-NoWDonorWH2-AddInt-NewPTQ10BTP4F12-NoBG-ZnOCorr,0.287657855,17.04.2024 11:02,32622_261073_OD_x2y1,x2y1,0.010654281,1,1.4,5,5,0,0,0,0,1,0,0,0,0,1,188,2.122869914,0.123523775,2.293289004,0.896427418,0.004529304,0.058118092,1.543735756,0.073201157,1.703795323,0.190155512,0.262073728,0.370803249,0.487179487,0.345937321,0.242424242,0.71674057,0.517330809,0.482669191,-0.00017,0.0003,0.00068,-0.01382,0.00453,0.00107,-0.00044,0.00042,0.00108,-0.01743,-0.01692,-0.03398,0,-0.02233,0,-0.05631,-0.00629
32622,D18CL_323001,D18CL,PY-IT_321127,PY-IT,D18CL-PY-IT,32622_B-2,CF,0,10,1000,125.3403309,2.12323,0.12429,2.28871,0.92658,0.01205,0.05819,1.54338,0.07333,1.70311,0.17106,0.2412,0.33356,0.48718,0.31838,0.24242,0.65195,0.51164,0.48836,0.95,0.32,0.39,52.08047911,18.06724846,9.065951462,0.963488204,1.130041893,1,20.41674766,20.41674766,0.963488204,12.8934,0.9159,40.49,4.7818,5.17384846,0.047588204,11.59047911,4.284151462,0.713633846,0.950608421,0.777450605,0.527446018,19.04.2024 23:04,B-2,6.04E-07,1,0.6,5.48,5.34,3.64,3.31,1.7,2.032786885,1.454557964,4.025442036,3.307213115,1.314557964,1.037917351,0.35106976,D18CL_323001,PY-IT_321127,CF,Jonas_DonorAcceptor-NoWDonorWH2-AddInt-NewPTQ10BTP4F12-NoBG-ZnOCorr_D18CL:PY-IT,Jonas_DonorAcceptor-NoWDonorWH2-AddInt-NewPTQ10BTP4F12-NoBG-ZnOCorr,0.223313864,17.04.2024 11:02,32622_261073_OD_x2y2,x2y2,0.010550575,1,0.6,5,5,0,0,0,0,1,0,0,0,0,1,188,2.122695378,0.123090305,2.291432783,0.92989007,0.00028187,0.057628497,1.543934599,0.072988774,1.703382961,0.194914539,0.268123422,0.38008335,0.487179487,0.353922917,0.242424242,0.734006267,0.51784034,0.48215966,-0.00054,-0.0012,0.00272,0.00331,-0.01177,-0.00056,0.00055,-0.00034,0.00028,0.02386,0.02692,0.04652,0,0.03554,0,0.08206,0.0062
32622,D18CL_323001,D18CL,PY-IT_321127,PY-IT,D18CL-PY-IT,32622_A-3,CF,0,10,1000,161.1640051,2.12237,0.12279,2.29201,0.92229,0,0.05754,1.54394,0.07313,1.70327,0.22888,0.31471,0.44632,0.48718,0.41541,0.24242,0.86174,0.51793,0.48207,0.95,0.32,0.39,49.37806358,17.82461849,8.451516903,0.960241268,1.035397744,1,18.45556978,18.45556978,0.960241268,12.2471,0.8733,36.22,3.8733,5.57751849,0.086941268,13.15806358,4.578216903,0.68708904,0.909458934,0.733524107,0.458296427,19.04.2024 23:04,A-3,9.74E-06,1.4,1.4,5.48,5.34,3.64,3.31,1.7,2.032786885,1.454557964,4.025442036,3.307213115,1.314557964,1.03441959,0.354316696,D18CL_323001,PY-IT_321127,CF,Jonas_DonorAcceptor-NoWDonorWH2-AddInt-NewPTQ10BTP4F12-NoBG-ZnOCorr_D18CL:PY-IT,Jonas_DonorAcceptor-NoWDonorWH2-AddInt-NewPTQ10BTP4F12-NoBG-ZnOCorr,0.302823991,17.04.2024 11:02,32622_261073_OD_x3y1,x3y1,0.011182351,1.4,1.4,5,5,0,0,0,0,1,0,0,0,0,1,188,2.123178376,0.12406596,2.296041093,0.868193702,0.009058609,0.05848219,1.543725459,0.073326359,1.703964567,0.179795038,0.248100025,0.350600324,0.487179487,0.327492032,0.242424242,0.678092356,0.517039192,0.482960808,0.0008,0.00128,0.00403,-0.0541,0.00906,0.00094,-0.00021,0.0002,0.00069,-0.04909,-0.06661,-0.09572,0,-0.08792,0,-0.18364,-0.00089
32623,D18CL_323001,D18CL,PY-IT_321127,PY-IT,D18CL-PY-IT,32623_A-2,CF,2,10,1000,130.2565733,2.12588,0.10639,2.29847,0.8317,0.00892,0.05955,1.54064,0.07419,1.7031,0.20876,0.25373,0.3549,0.41176,0.33492,0.24242,0.68982,0.51448,0.48552,0.7,0.32,0.39,53.14799505,18.108748,9.273406624,0.963527229,1.113488876,1,20.16388945,20.16388945,0.963527229,12.1501,0.9091,38.81,4.2871,5.958648,0.054427229,14.33799505,4.986306624,0.670951962,0.943512516,0.7302251,0.462300444,19.04.2024 23:06,A-2,1.03E-06,1,1.4,5.48,5.34,3.64,3.31,1.7,2.032786885,1.454557964,4.025442036,3.307213115,1.314557964,1.03795939,0.351030735,D18CL_323001,PY-IT_321127,CF,Jonas_DonorAcceptor-NoWDonorWH2-AddInt-NewPTQ10BTP4F12-NoBG-ZnOCorr_D18CL:PY-IT,Jonas_DonorAcceptor-NoWDonorWH2-AddInt-NewPTQ10BTP4F12-NoBG-ZnOCorr,0.214769313,17.04.2024 11:07,32623_261090_OD_x2y1,x2y1,0.009439031,1,1.4,5,5,0,0,0,0,1,0,0,0,0,1,189,2.125979405,0.106814658,2.297550756,0.865445065,5.81E-13,0.059125021,1.540872124,0.074031773,1.702743181,0.24063707,0.293388558,0.409083019,0.411764706,0.387272896,0.242424242,0.796355915,0.513708831,0.486291169,0.0001,0.00042,-0.00092,0.03375,-0.00892,-0.00043,0.00023,-0.00016,-0.00035,0.03187,0.03966,0.05419,0,0.05235,0,0.10654,-0.00077
32623,D18CL_323001,D18CL,PY-IT_321127,PY-IT,D18CL-PY-IT,32623_A-1,CF,2,10,1000,136.2901436,2.12565,0.10642,2.30116,0.80541,0.0109,0.06008,1.54136,0.07449,1.70569,0.22184,0.26542,0.37713,0.41176,0.35036,0.24242,0.72749,0.5184,0.4816,0.7,0.32,0.39,52.48578321,18.08824645,9.141066902,0.96285023,1.092975456,1,19.7700094,19.7700094,0.96285023,0.0621,0.912,14.59,0.0083,18.02614645,0.05085023,37.89578321,9.132766902,0.003433169,0.947187809,0.277980038,0.00090799,19.04.2024 23:06,A-1,1.15E-06,0.6,1.4,5.48,5.34,3.64,3.31,1.7,2.032786885,1.454557964,4.025442036,3.307213115,1.314557964,1.037230093,0.351707734,D18CL_323001,PY-IT_321127,CF,Jonas_DonorAcceptor-NoWDonorWH2-AddInt-NewPTQ10BTP4F12-NoBG-ZnOCorr_D18CL:PY-IT,Jonas_DonorAcceptor-NoWDonorWH2-AddInt-NewPTQ10BTP4F12-NoBG-ZnOCorr,0.222938174,17.04.2024 11:07,32623_261090_OD_x1y1,x1y1,0.010635003,0.6,1.4,5,5,0,0,0,0,1,0,0,0,0,1,189,2.126061431,0.106893524,2.297707311,0.85947079,1.16E-12,0.05894054,1.540700398,0.07397447,1.702282152,0.232192799,0.282599036,0.394727759,0.411764706,0.373030728,0.242424242,0.767758487,0.514130114,0.485869886,0.00041,0.00047,-0.00345,0.05406,-0.0109,-0.00114,-0.00066,-0.00052,-0.00341,0.01035,0.01718,0.0176,0,0.02267,0,0.04027,-0.00427
32623,D18CL_323001,D18CL,PY-IT_321127,PY-IT,D18CL-PY-IT,32623_B-2,CF,2,10,1000,151.802102,2.12792,0.10808,2.29969,0.84576,0,0.05808,1.54102,0.07339,1.70187,0.2516,0.29566,0.42772,0.41176,0.39028,0.24242,0.818,0.52289,0.47711,0.7,0.32,0.39,50.54991213,18.4096227,8.927794639,0.959354019,1.056122674,1,19.44281996,19.44281996,0.959354019,12.8579,0.918,38.95,4.5982,5.5517227,0.041354019,11.59991213,4.329594639,0.698433651,0.956893891,0.770525573,0.515043209,19.04.2024 23:06,B-2,1.17E-06,1,0.6,5.48,5.34,3.64,3.31,1.7,2.032786885,1.454557964,4.025442036,3.307213115,1.314557964,1.033463801,0.355203945,D18CL_323001,PY-IT_321127,CF,Jonas_DonorAcceptor-NoWDonorWH2-AddInt-NewPTQ10BTP4F12-NoBG-ZnOCorr_D18CL:PY-IT,Jonas_DonorAcceptor-NoWDonorWH2-AddInt-NewPTQ10BTP4F12-NoBG-ZnOCorr,0.342357647,17.04.2024 11:07,32623_261090_OD_x2y2,x2y2,0.012726998,1,0.6,5,5,0,0,0,0,1,0,0,0,0,1,189,2.126556228,0.107485341,2.298269938,0.861237726,0.006226228,0.059481695,1.540923619,0.074093527,1.703316937,0.230182535,0.276832086,0.39131031,0.411764706,0.365418354,0.242424242,0.756728664,0.517240274,0.482759726,-0.00137,-0.00059,-0.00142,0.01548,0.00623,0.0014,-0.00009,0.00071,0.00144,-0.02142,-0.01883,-0.03641,0,-0.02486,0,-0.06127,-0.00565
32623,D18CL_323001,D18CL,PY-IT_321127,PY-IT,D18CL-PY-IT,32623_A-3,CF,2,10,1000,123.737833,2.12883,0.10826,2.30218,0.80963,0.01643,0.05903,1.54068,0.07388,1.70207,0.20006,0.23904,0.34009,0.41176,0.31553,0.24242,0.65562,0.51873,0.48127,0.7,0.32,0.39,50.41324796,17.79811837,8.635408373,0.962418829,1.13730021,1,20.24180375,20.24180375,0.962418829,12.1903,0.9123,38.57,4.2898,5.60781837,0.050118829,11.84324796,4.345608373,0.684920717,0.947924098,0.765076673,0.496768632,19.04.2024 23:06,A-3,8.14E-07,1.4,1.4,5.48,5.34,3.64,3.31,1.7,2.032786885,1.454557964,4.025442036,3.307213115,1.314557964,1.036765367,0.352139135,D18CL_323001,PY-IT_321127,CF,Jonas_DonorAcceptor-NoWDonorWH2-AddInt-NewPTQ10BTP4F12-NoBG-ZnOCorr_D18CL:PY-IT,Jonas_DonorAcceptor-NoWDonorWH2-AddInt-NewPTQ10BTP4F12-NoBG-ZnOCorr,0.207640042,17.04.2024 11:07,32623_261090_OD_x3y1,x3y1,0.009720969,1.4,1.4,5,5,0,0,0,0,1,0,0,0,0,1,189,2.125897379,0.106735792,2.297394201,0.87141934,1.04E-23,0.059309502,1.541043849,0.074089077,1.703204209,0.249081341,0.304178079,0.423438279,0.411764706,0.401515064,0.242424242,0.824953344,0.513287549,0.486712451,-0.00293,-0.00153,-0.00479,0.06179,-0.01643,0.00028,0.00036,0.00021,0.00113,0.04903,0.06514,0.08334,0,0.08599,0,0.16933,-0.00545
32624,D18CL_323001,D18CL,PY-IT_321127,PY-IT,D18CL-PY-IT,32624_B-1,CF,0,10,3000,80.44165586,2.12096,0.12553,2.28321,0.8193,0.0451,0.06287,1.53362,0.07903,1.69803,0.09539,0.15856,0.186,0.48718,0.2093,0.24242,0.3953,0.47054,0.52946,0.95,0.32,0.39,59.6095736,19.38162394,11.24720149,0.973505248,1.39689677,1,27.07412788,27.07412788,0.973505248,14.1341,0.9238,50.22,6.5573,5.24752394,0.049705248,9.3895736,4.68990149,0.729252618,0.948941982,0.842482121,0.58301614,19.04.2024 23:09,B-1,9.04E-07,0.6,0.6,5.48,5.34,3.64,3.31,1.7,2.032786885,1.454557964,4.025442036,3.307213115,1.314557964,1.048708208,0.341052716,D18CL_323001,PY-IT_321127,CF,Jonas_DonorAcceptor-NoWDonorWH2-AddInt-NewPTQ10BTP4F12-NoBG-ZnOCorr_D18CL:PY-IT,Jonas_DonorAcceptor-NoWDonorWH2-AddInt-NewPTQ10BTP4F12-NoBG-ZnOCorr,0.034241444,17.04.2024 11:13,32624_261125_OD_x1y2,x1y2,0.012122519,0.6,0.6,5,5,0,0,0,0,1,0,0,0,0,1,190,2.122591326,0.127372829,2.285159076,0.793038712,0.048493297,0.063033999,1.532509931,0.07900698,1.696961542,0.0872537,0.150689809,0.170144715,0.487179487,0.198910548,0.242424242,0.369055263,0.461027742,0.538972258,0.00163,0.00184,0.00195,-0.02626,0.00339,0.00016,-0.00111,-0.00003,-0.00107,-0.00813,-0.00787,-0.01586,0,-0.01038,0,-0.02624,-0.00951
32624,D18CL_323001,D18CL,PY-IT_321127,PY-IT,D18CL-PY-IT,32624_A-1,CF,0,10,3000,77.13608955,2.11876,0.12538,2.27938,0.78749,0.04451,0.06308,1.53252,0.07971,1.69729,0.08933,0.15348,0.17418,0.48718,0.20259,0.24242,0.37677,0.46231,0.53769,0.95,0.32,0.39,59.80024401,19.13337698,11.14225318,0.973819436,1.430533803,1,27.37094254,27.37094254,0.973819436,13.3799,0.92,49.32,6.0707,5.75347698,0.053819436,10.48024401,5.07155318,0.699296314,0.94473366,0.824745799,0.544835941,19.04.2024 23:09,A-1,1.06E-06,0.6,1.4,5.48,5.34,3.64,3.31,1.7,2.032786885,1.454557964,4.025442036,3.307213115,1.314557964,1.049046667,0.340738528,D18CL_323001,PY-IT_321127,CF,Jonas_DonorAcceptor-NoWDonorWH2-AddInt-NewPTQ10BTP4F12-NoBG-ZnOCorr_D18CL:PY-IT,Jonas_DonorAcceptor-NoWDonorWH2-AddInt-NewPTQ10BTP4F12-NoBG-ZnOCorr,0.030052779,17.04.2024 11:13,32624_261125_OD_x1y1,x1y1,0.011232593,0.6,1.4,5,5,0,0,0,0,1,0,0,0,0,1,190,2.123441144,0.126335314,2.285875557,0.825626315,0.048848906,0.063027966,1.53348861,0.078734447,1.697595108,0.091463107,0.155335078,0.178353059,0.487179487,0.205042303,0.242424242,0.383395362,0.465193574,0.534806426,0.00468,0.00096,0.0065,0.03814,0.00434,-0.00005,0.00097,-0.00098,0.0003,0.00214,0.00186,0.00417,0,0.00245,0,0.00662,0.00289
32624,D18CL_323001,D18CL,PY-IT_321127,PY-IT,D18CL-PY-IT,32624_A-2,CF,0,10,3000,79.58249596,2.1203,0.12583,2.28206,0.80326,0.04546,0.06306,1.53319,0.07936,1.69782,0.09334,0.15777,0.18202,0.48718,0.20825,0.24242,0.39027,0.4664,0.5336,0.95,0.32,0.39,59.40676636,19.10912818,11.05409687,0.973747777,1.405803499,1,26.86367927,26.86367927,0.973747777,13.1924,0.9167,47.82,5.7837,5.91672818,0.057047777,11.58676636,5.27039687,0.690371632,0.941414216,0.804958811,0.523217778,19.04.2024 23:09,A-2,8.81E-07,1,1.4,5.48,5.34,3.64,3.31,1.7,2.032786885,1.454557964,4.025442036,3.307213115,1.314557964,1.048969472,0.340810187,D18CL_323001,PY-IT_321127,CF,Jonas_DonorAcceptor-NoWDonorWH2-AddInt-NewPTQ10BTP4F12-NoBG-ZnOCorr_D18CL:PY-IT,Jonas_DonorAcceptor-NoWDonorWH2-AddInt-NewPTQ10BTP4F12-NoBG-ZnOCorr,0.031677327,17.04.2024 11:13,32624_261125_OD_x2y1,x2y1,0.011833731,1,1.4,5,5,0,0,0,0,1,0,0,0,0,1,190,2.122835078,0.126356772,2.284845908,0.825212249,0.048486622,0.063058103,1.533138773,0.078771284,1.697198678,0.089634198,0.154140502,0.174786686,0.487179487,0.203465463,0.242424242,0.378252148,0.462047621,0.537952379,0.00254,0.00053,0.00279,0.02196,0.00302,0,-0.00006,-0.00059,-0.00062,-0.00371,-0.00363,-0.00724,0,-0.00479,0,-0.01202,-0.00435
32624,D18CL_323001,D18CL,PY-IT_321127,PY-IT,D18CL-PY-IT,32624_A-3,CF,0,10,3000,77.63540578,2.1195,0.12599,2.2807,0.79075,0.04406,0.06305,1.53275,0.07945,1.69757,0.09048,0.15416,0.17643,0.48718,0.2035,0.24242,0.37993,0.46439,0.53561,0.95,0.32,0.39,59.91544143,18.8910048,11.03315563,0.974778457,1.425092401,1,26.92142739,26.92142739,0.974778457,13.3105,0.8846,42.92,5.0532,5.5805048,0.090178457,16.99544143,5.97995563,0.704594602,0.907488254,0.716342882,0.458001334,19.04.2024 23:09,A-3,8.49E-07,1.4,1.4,5.48,5.34,3.64,3.31,1.7,2.032786885,1.454557964,4.025442036,3.307213115,1.314557964,1.050079772,0.339779507,D18CL_323001,PY-IT_321127,CF,Jonas_DonorAcceptor-NoWDonorWH2-AddInt-NewPTQ10BTP4F12-NoBG-ZnOCorr_D18CL:PY-IT,Jonas_DonorAcceptor-NoWDonorWH2-AddInt-NewPTQ10BTP4F12-NoBG-ZnOCorr,0.031369293,17.04.2024 11:13,32624_261125_OD_x3y1,x3y1,0.01143792,1.4,1.4,5,5,0,0,0,0,1,0,0,0,0,1,190,2.122229012,0.12637823,2.283816258,0.824798183,0.048124338,0.06308824,1.532788937,0.078808121,1.696802248,0.087805288,0.152945926,0.171220312,0.487179487,0.201888622,0.242424242,0.373108934,0.458901668,0.541098332,0.00273,0.00038,0.00312,0.03405,0.00406,0.00004,0.00004,-0.00064,-0.00077,-0.00267,-0.00122,-0.00521,0,-0.00161,0,-0.00682,-0.00548
32625,D18CL_323001,D18CL,PY-IT_321127,PY-IT,D18CL-PY-IT,32625_B-1,CF,2,10,3000,75.92438012,2.12112,0.1103,2.28817,0.68493,0.0473,0.06403,1.52842,0.08055,1.69602,0.10339,0.15184,0.17577,0.41176,0.20043,0.24242,0.3762,0.46723,0.53277,0.7,0.32,0.39,60.08922998,18.94774757,11.0336843,0.969094937,1.445018296,1,27.3798419,27.3798419,0.969094937,14.5771,0.9253,52.28,7.0526,4.37064757,0.043794937,7.80922998,3.9810843,0.76933155,0.954808414,0.87003944,0.639188127,19.04.2024 23:12,B-1,1.61E-06,0.6,0.6,5.48,5.34,3.64,3.31,1.7,2.032786885,1.454557964,4.025442036,3.307213115,1.314557964,1.043957202,0.345463027,D18CL_323001,PY-IT_321127,CF,Jonas_DonorAcceptor-NoWDonorWH2-AddInt-NewPTQ10BTP4F12-NoBG-ZnOCorr_D18CL:PY-IT,Jonas_DonorAcceptor-NoWDonorWH2-AddInt-NewPTQ10BTP4F12-NoBG-ZnOCorr,0.031905184,17.04.2024 11:19,32625_261139_OD_x1y2,x1y2,0.011754561,0.6,0.6,5,5,0,0,0,0,1,0,0,0,0,1,191,2.125254437,0.111561287,2.293231281,0.709448475,0.051559789,0.063579584,1.529029329,0.079710361,1.695258618,0.101604046,0.15028276,0.172726878,0.411764706,0.198373243,0.242424242,0.371100121,0.465445491,0.534554509,0.00414,0.00126,0.00506,0.02452,0.00426,-0.00045,0.00061,-0.00084,-0.00077,-0.00179,-0.00156,-0.00304,0,-0.00206,0,-0.0051,-0.00178
32625,D18CL_323001,D18CL,PY-IT_321127,PY-IT,D18CL-PY-IT,32625_B-2,CF,2,10,3000,78.59049452,2.1238,0.11028,2.29464,0.67443,0.04769,0.06358,1.52923,0.07943,1.69619,0.11,0.156,0.18701,0.41176,0.20592,0.24242,0.39292,0.47594,0.52406,0.7,0.32,0.39,59.47428473,19.02462577,10.96429443,0.969025797,1.416898141,1,26.95595688,26.95595688,0.969025797,14.4145,0.9233,50.66,6.7418,4.61012577,0.045725797,8.81428473,4.22249443,0.757675876,0.952812611,0.851796709,0.614886808,19.04.2024 23:12,B-2,2.10E-06,1,0.6,5.48,5.34,3.64,3.31,1.7,2.032786885,1.454557964,4.025442036,3.307213115,1.314557964,1.043882721,0.345532167,D18CL_323001,PY-IT_321127,CF,Jonas_DonorAcceptor-NoWDonorWH2-AddInt-NewPTQ10BTP4F12-NoBG-ZnOCorr_D18CL:PY-IT,Jonas_DonorAcceptor-NoWDonorWH2-AddInt-NewPTQ10BTP4F12-NoBG-ZnOCorr,0.035699705,17.04.2024 11:19,32625_261139_OD_x2y2,x2y2,0.012532943,1,0.6,5,5,0,0,0,0,1,0,0,0,0,1,191,2.124836213,0.111900047,2.292604311,0.705656538,0.051203296,0.063578339,1.529009233,0.079572479,1.695446398,0.101707981,0.151117193,0.172903567,0.411764706,0.199474695,0.242424242,0.372378262,0.464326238,0.535673762,0.00103,0.00162,-0.00203,0.03123,0.00351,0,-0.00022,0.00014,-0.00075,-0.0083,-0.00488,-0.0141,0,-0.00644,0,-0.02054,-0.01161
32625,D18CL_323001,D18CL,PY-IT_321127,PY-IT,D18CL-PY-IT,32625_A-3,CF,2,10,3000,77.0905565,2.12217,0.11041,2.28955,0.69186,0.04685,0.06403,1.52879,0.08047,1.69602,0.10586,0.15365,0.17996,0.41176,0.20282,0.24242,0.38278,0.47015,0.52985,0.7,0.32,0.39,60.08556278,18.56012202,10.81950314,0.970189024,1.432478776,1,26.58698087,26.58698087,0.970189024,14.0678,0.9085,47.07,6.0157,4.49232202,0.061689024,13.01556278,4.80380314,0.757958379,0.936415459,0.78338286,0.556005199,19.04.2024 23:12,A-3,0.000201849,1.4,1.4,5.48,5.34,3.64,3.31,1.7,2.032786885,1.454557964,4.025442036,3.307213115,1.314557964,1.045135807,0.34436894,D18CL_323001,PY-IT_321127,CF,Jonas_DonorAcceptor-NoWDonorWH2-AddInt-NewPTQ10BTP4F12-NoBG-ZnOCorr_D18CL:PY-IT,Jonas_DonorAcceptor-NoWDonorWH2-AddInt-NewPTQ10BTP4F12-NoBG-ZnOCorr,0.033252649,17.04.2024 11:19,32625_261139_OD_x3y1,x3y1,0.011956418,1.4,1.4,5,5,0,0,0,0,1,0,0,0,0,1,191,2.123352787,0.112133882,2.288453151,0.712370249,0.050499523,0.063910251,1.528417522,0.08000013,1.695607358,0.096719995,0.146917855,0.164423992,0.411764706,0.193931568,0.242424242,0.35835556,0.458829192,0.541170808,0.00118,0.00173,-0.0011,0.02051,0.00365,-0.00012,-0.00037,-0.00047,-0.00042,-0.00914,-0.00673,-0.01554,0,-0.00888,0,-0.02442,-0.01132
32625,D18CL_323001,D18CL,PY-IT_321127,PY-IT,D18CL-PY-IT,32625_A-2,CF,2,10,3000,78.54672975,2.12328,0.11021,2.29088,0.70925,0.0482,0.06395,1.52934,0.08031,1.69602,0.10806,0.15647,0.18371,0.41176,0.20653,0.24242,0.39024,0.47076,0.52924,0.7,0.32,0.39,59.73584799,18.67011707,10.81581277,0.969788626,1.417972416,1,26.47371101,26.47371101,0.969788626,14.1968,0.9233,50.37,6.6022,4.47331707,0.046488626,9.36584799,4.21361277,0.760402302,0.952063135,0.84321227,0.61042107,19.04.2024 23:12,A-2,1.65E-06,1,1.4,5.48,5.34,3.64,3.31,1.7,2.032786885,1.454557964,4.025442036,3.307213115,1.314557964,1.044704478,0.344769338,D18CL_323001,PY-IT_321127,CF,Jonas_DonorAcceptor-NoWDonorWH2-AddInt-NewPTQ10BTP4F12-NoBG-ZnOCorr_D18CL:PY-IT,Jonas_DonorAcceptor-NoWDonorWH2-AddInt-NewPTQ10BTP4F12-NoBG-ZnOCorr,0.0346037,17.04.2024 11:19,32625_261139_OD_x2y1,x2y1,0.012291453,1,1.4,5,5,0,0,0,0,1,0,0,0,0,1,191,2.122162142,0.11120906,2.286428698,0.719527577,0.049332894,0.064233206,1.528522311,0.08014732,1.696383046,0.096773221,0.148253112,0.164514475,0.411764706,0.195694108,0.242424242,0.360208584,0.456730825,0.543269175,-0.00112,0.001,-0.00446,0.01027,0.00113,0.00028,-0.00082,-0.00017,0.00036,-0.01129,-0.00821,-0.0192,0,-0.01084,0,-0.03003,-0.01403
32626,D18CL_323001,D18CL,PY-IT_321127,PY-IT,D18CL-PY-IT,32626_B-1,CF,1,10,2000,90.82827348,2.12699,0.10885,2.29712,0.77237,0.04376,0.06317,1.53339,0.07846,1.69869,0.13067,0.17926,0.22213,0.41176,0.23662,0.24242,0.45876,0.48421,0.51579,0.7,0.32,0.39,59.9779658,19.19187337,11.13931553,0.967719303,1.31123461,1,25.16504859,25.16504859,0.967719303,14.4625,0.9223,48.2,6.4292,4.72937337,0.045419303,11.7779658,4.71011553,0.753574168,0.953065623,0.803628455,0.577162931,19.04.2024 23:14,B-1,9.60E-07,0.6,0.6,5.48,5.34,3.64,3.31,1.7,2.032786885,1.454557964,4.025442036,3.307213115,1.314557964,1.042475301,0.346838661,D18CL_323001,PY-IT_321127,CF,Jonas_DonorAcceptor-NoWDonorWH2-AddInt-NewPTQ10BTP4F12-NoBG-ZnOCorr_D18CL:PY-IT,Jonas_DonorAcceptor-NoWDonorWH2-AddInt-NewPTQ10BTP4F12-NoBG-ZnOCorr,0.053859586,17.04.2024 11:25,32626_261151_OD_x1y2,x1y2,0.014295435,0.6,0.6,5,5,0,0,0,0,1,0,0,0,0,1,192,2.130215088,0.109542801,2.302320482,0.7937113,0.045556107,0.062075503,1.534114553,0.077301456,1.697657013,0.129748988,0.173711173,0.22057328,0.411764706,0.229298749,0.242424242,0.449872029,0.490302277,0.509697723,0.00323,0.00069,0.0052,0.02134,0.0018,-0.00109,0.00073,-0.00116,-0.00104,-0.00092,-0.00555,-0.00156,0,-0.00732,0,-0.00888,0.00609
32626,D18CL_323001,D18CL,PY-IT_321127,PY-IT,D18CL-PY-IT,32626_A-1,CF,1,10,2000,94.01978614,2.12867,0.10906,2.30059,0.77346,0.04395,0.06247,1.53473,0.07787,1.69908,0.13862,0.18387,0.23565,0.41176,0.24271,0.24242,0.47836,0.49262,0.50738,0.7,0.32,0.39,59.87943636,19.01862161,11.03249823,0.968762066,1.28817528,1,24.49931822,24.49931822,0.968762066,13.8559,0.918,45.93,5.8424,5.16272161,0.050762066,13.94943636,5.19009823,0.72854386,0.947601101,0.767041288,0.529562741,19.04.2024 23:14,A-1,1.22E-06,0.6,1.4,5.48,5.34,3.64,3.31,1.7,2.032786885,1.454557964,4.025442036,3.307213115,1.314557964,1.043598617,0.345795898,D18CL_323001,PY-IT_321127,CF,Jonas_DonorAcceptor-NoWDonorWH2-AddInt-NewPTQ10BTP4F12-NoBG-ZnOCorr_D18CL:PY-IT,Jonas_DonorAcceptor-NoWDonorWH2-AddInt-NewPTQ10BTP4F12-NoBG-ZnOCorr,0.064310617,17.04.2024 11:25,32626_261151_OD_x1y1,x1y1,0.015151945,0.6,1.4,5,5,0,0,0,0,1,0,0,0,0,1,192,2.129582931,0.10925751,2.300810231,0.820653414,0.042288041,0.061875069,1.535410044,0.07681861,1.698964798,0.136474615,0.181598332,0.232006845,0.411764706,0.239709798,0.242424242,0.471716643,0.49183519,0.50816481,0.00091,0.00019,0.00022,0.0472,-0.00167,-0.00059,0.00068,-0.00105,-0.00011,-0.00214,-0.00227,-0.00364,0,-0.003,0,-0.00664,-0.00078
32626,D18CL_323001,D18CL,PY-IT_321127,PY-IT,D18CL-PY-IT,32626_A-2,CF,1,10,2000,94.10068466,2.12923,0.10896,2.30171,0.76309,0.04394,0.06236,1.53475,0.07764,1.69885,0.13997,0.18359,0.23796,0.41176,0.24234,0.24242,0.4803,0.49543,0.50457,0.7,0.32,0.39,59.29517678,18.8257538,10.80288814,0.967761044,1.287808556,1,24.24396682,24.24396682,0.967761044,13.5245,0.9161,45,5.5757,5.3012538,0.051661044,14.29517678,5.22718814,0.718404168,0.946617975,0.758915015,0.516130495,19.04.2024 23:14,A-2,1.20E-06,1,1.4,5.48,5.34,3.64,3.31,1.7,2.032786885,1.454557964,4.025442036,3.307213115,1.314557964,1.042520266,0.34679692,D18CL_323001,PY-IT_321127,CF,Jonas_DonorAcceptor-NoWDonorWH2-AddInt-NewPTQ10BTP4F12-NoBG-ZnOCorr_D18CL:PY-IT,Jonas_DonorAcceptor-NoWDonorWH2-AddInt-NewPTQ10BTP4F12-NoBG-ZnOCorr,0.062678273,17.04.2024 11:25,32626_261151_OD_x2y1,x2y1,0.015115112,1,1.4,5,5,0,0,0,0,1,0,0,0,0,1,192,2.129742757,0.109450292,2.30055772,0.824387916,0.043182173,0.06189832,1.535090764,0.076939298,1.698605059,0.134546849,0.17940568,0.228729643,0.411764706,0.236815498,0.242424242,0.465545141,0.491308735,0.508691265,0.00051,0.00049,-0.00115,0.0613,-0.00076,-0.00047,0.00034,-0.0007,-0.00025,-0.00543,-0.00419,-0.00923,0,-0.00553,0,-0.01475,-0.00413
32626,D18CL_323001,D18CL,PY-IT_321127,PY-IT,D18CL-PY-IT,32626_B-2,CF,1,10,2000,94.88380879,2.12936,0.10906,2.30362,0.7407,0.04279,0.06228,1.53491,0.07721,1.69891,0.14274,0.1848,0.24266,0.41176,0.24394,0.24242,0.4866,0.49869,0.50131,0.7,0.32,0.39,59.31127982,18.77899675,10.76830706,0.966802465,1.282113094,1,24.07679762,24.07679762,0.966802465,14.0324,0.9213,47.47,6.1366,4.74659675,0.045502465,11.84127982,4.63170706,0.747239066,0.952935096,0.800353662,0.569876023,19.04.2024 23:14,B-2,9.66E-07,1,0.6,5.48,5.34,3.64,3.31,1.7,2.032786885,1.454557964,4.025442036,3.307213115,1.314557964,1.041487637,0.347755499,D18CL_323001,PY-IT_321127,CF,Jonas_DonorAcceptor-NoWDonorWH2-AddInt-NewPTQ10BTP4F12-NoBG-ZnOCorr_D18CL:PY-IT,Jonas_DonorAcceptor-NoWDonorWH2-AddInt-NewPTQ10BTP4F12-NoBG-ZnOCorr,0.068753471,17.04.2024 11:25,32626_261151_OD_x2y2,x2y2,0.015673269,1,0.6,5,5,0,0,0,0,1,0,0,0,0,1,192,2.130091577,0.109571868,2.301656441,0.807787853,0.044764286,0.061956349,1.534444783,0.07716085,1.697852903,0.13102213,0.175626604,0.222737621,0.411764706,0.231827118,0.242424242,0.454564739,0.490005047,0.509994953,0.00073,0.00051,-0.00197,0.06708,0.00198,-0.00032,-0.00047,-0.00005,-0.00105,-0.01172,-0.00918,-0.01993,0,-0.01211,0,-0.03204,-0.00869
32627,PTQ10_321145,PTQ10,PY-IT_321127,PY-IT,PTQ10-PY-IT,32627_B-1,CF,0,14,2000,82.15946712,2.05333,0.09276,2.20195,0.90335,0.04185,0.06471,1.53554,0.07938,1.70233,0.08087,0.15682,0.14443,0.44009,0.207,0.24242,0.35143,0.41098,0.58902,0.786,0.32,0.39,52.5240779,17.78612995,9.13226524,0.977549187,1.430209398,1,25.43789022,25.43789022,0.977549187,11.538,0.8991,38.27,3.9703,6.24812995,0.078449187,14.2540779,5.16196524,0.648707731,0.919749115,0.728618217,0.434755222,19.04.2024 23:51,B-1,5.95E-06,0.6,0.6,5.48,5.34,3.64,3.64,1.7,1.984,1.454557964,4.025442036,3.356,1.314557964,1.05306454,0.337008777,PTQ10_321145,PY-IT_321127,CF,Jonas_DonorAcceptor-NoWDonorWH2-AddInt-NewPTQ10BTP4F12-NoBG-ZnOCorr_PTQ10:PY-IT,Jonas_DonorAcceptor-NoWDonorWH2-AddInt-NewPTQ10BTP4F12-NoBG-ZnOCorr,0.059436579,17.04.2024 11:36,32627_261184_OD_x1y2,x1y2,0.009828499,0.6,0.6,3,5,0,0,1,0,0,0,0,0,0,1,193,2.052217772,0.092946329,2.20300102,0.870888936,0.044637999,0.065360557,1.530937369,0.079660033,1.699064126,0.075927384,0.151598159,0.135606309,0.440089586,0.20010957,0.242424242,0.335715879,0.403931769,0.596068231,-0.00111,0.00019,0.00105,-0.03246,0.00278,0.00065,-0.00461,0.00028,-0.00326,-0.00494,-0.00522,-0.00882,0,-0.00689,0,-0.01571,-0.00704
32627,PTQ10_321145,PTQ10,PY-IT_321127,PY-IT,PTQ10-PY-IT,32627_A-3,CF,0,14,2000,87.74457831,2.05396,0.09277,2.20239,0.92651,0.04136,0.06465,1.53656,0.0791,1.70301,0.08437,0.16144,0.15068,0.44009,0.21311,0.24242,0.36379,0.4142,0.5858,0.786,0.32,0.39,52.45748433,17.76675199,9.11400457,0.977898416,1.403018644,1,24.92708429,24.92708429,0.977898416,12.4256,0.9272,38.45,4.4293,5.34115199,0.050698416,14.00748433,4.68470457,0.699373752,0.948155744,0.732974531,0.485988345,19.04.2024 23:51,A-3,8.63E-06,1.4,1.4,5.48,5.34,3.64,3.64,1.7,1.984,1.454557964,4.025442036,3.356,1.314557964,1.053440747,0.336659548,PTQ10_321145,PY-IT_321127,CF,Jonas_DonorAcceptor-NoWDonorWH2-AddInt-NewPTQ10BTP4F12-NoBG-ZnOCorr_PTQ10:PY-IT,Jonas_DonorAcceptor-NoWDonorWH2-AddInt-NewPTQ10BTP4F12-NoBG-ZnOCorr,0.062493977,17.04.2024 11:36,32627_261184_OD_x3y1,x3y1,0.010114795,1.4,1.4,3,5,0,0,1,0,0,0,0,0,0,1,193,2.052716744,0.092944945,2.203483536,0.881697118,0.044640649,0.065216974,1.53166006,0.079427274,1.69939952,0.078298391,0.155386652,0.139840926,0.440089586,0.20511038,0.242424242,0.344951307,0.405393236,0.594606764,-0.00124,0.00018,0.0011,-0.04481,0.00328,0.00057,-0.0049,0.00033,-0.00361,-0.00607,-0.00606,-0.01084,0,-0.008,0,-0.01884,-0.00881
32627,PTQ10_321145,PTQ10,PY-IT_321127,PY-IT,PTQ10-PY-IT,32627_A-1,CF,0,14,2000,81.71118286,2.05298,0.09285,2.20183,0.89381,0.04206,0.06481,1.53532,0.0795,1.70231,0.08064,0.1566,0.14403,0.44009,0.20671,0.24242,0.35074,0.41064,0.58936,0.786,0.32,0.39,52.2967382,17.75661653,9.092684117,0.979168166,1.432659154,1,25.43917921,25.43917921,0.979168166,13.6506,0.9324,43.08,5.4838,4.10601653,0.046768166,9.2167382,3.608884117,0.768761322,0.95223684,0.823760745,0.603100243,19.04.2024 23:51,A-1,9.51E-06,0.6,1.4,5.48,5.34,3.64,3.64,1.7,1.984,1.454557964,4.025442036,3.356,1.314557964,1.054808584,0.335389798,PTQ10_321145,PY-IT_321127,CF,Jonas_DonorAcceptor-NoWDonorWH2-AddInt-NewPTQ10BTP4F12-NoBG-ZnOCorr_PTQ10:PY-IT,Jonas_DonorAcceptor-NoWDonorWH2-AddInt-NewPTQ10BTP4F12-NoBG-ZnOCorr,0.058687951,17.04.2024 11:36,32627_261184_OD_x1y1,x1y1,0.009798024,0.6,1.4,3,5,0,0,1,0,0,0,0,0,0,1,193,2.052568177,0.092935185,2.203293903,0.882125513,0.044720914,0.065275927,1.531603567,0.079538116,1.699425093,0.077854109,0.154519225,0.139047439,0.440089586,0.203965376,0.242424242,0.343012816,0.405370974,0.594629026,-0.00042,0.00008,0.00147,-0.01168,0.00267,0.00047,-0.00372,0.00004,-0.00288,-0.00279,-0.00208,-0.00498,0,-0.00275,0,-0.00773,-0.00527
32627,PTQ10_321145,PTQ10,PY-IT_321127,PY-IT,PTQ10-PY-IT,32627_B-2,CF,0,14,2000,80.47840115,2.05296,0.09295,2.20192,0.89387,0.04181,0.06477,1.53511,0.07927,1.7024,0.08024,0.15528,0.1433,0.44009,0.20496,0.24242,0.34827,0.41147,0.58853,0.786,0.32,0.39,52.17227804,17.68799533,9.015719246,0.976971656,1.438630309,1,25.44648619,25.44648619,0.976971656,5.6449,0.8311,33.44,1.5689,12.04309533,0.145871656,18.73227804,7.446819246,0.319137352,0.850689982,0.640953419,0.174018285,19.04.2024 23:51,B-2,8.32E-07,1,0.6,5.48,5.34,3.64,3.64,1.7,1.984,1.454557964,4.025442036,3.356,1.314557964,1.052442395,0.337586308,PTQ10_321145,PY-IT_321127,CF,Jonas_DonorAcceptor-NoWDonorWH2-AddInt-NewPTQ10BTP4F12-NoBG-ZnOCorr_PTQ10:PY-IT,Jonas_DonorAcceptor-NoWDonorWH2-AddInt-NewPTQ10BTP4F12-NoBG-ZnOCorr,0.058102671,17.04.2024 11:36,32627_261184_OD_x2y2,x2y2,0.00968439,1,0.6,3,5,0,0,1,0,0,0,0,0,0,1,193,2.052326887,0.092876782,2.203070862,0.876758318,0.044496013,0.065304004,1.531052904,0.079603992,1.699064701,0.076512526,0.152347918,0.136651372,0.440089586,0.201099251,0.242424242,0.337750623,0.404588552,0.595411448,-0.00063,-0.00007,0.00115,-0.01711,0.00268,0.00054,-0.00406,0.00034,-0.00334,-0.00372,-0.00293,-0.00665,0,-0.00387,0,-0.01051,-0.00688
32628,PTQ10_321145,PTQ10,PY-IT_321127,PY-IT,PTQ10-PY-IT,32628_B-1,CF,0,12,2000,59.72870349,2.04962,0.09321,2.19952,0.78386,0.04096,0.06473,1.5328,0.08048,1.70119,0.07087,0.13505,0.12657,0.44009,0.17827,0.24242,0.30483,0.4152,0.5848,0.786,0.32,0.39,53.52289872,17.07374941,8.864672328,0.970050084,1.555617945,1,26.56023097,26.56023097,0.970050084,13.4455,0.9263,45.81,5.7056,3.62824941,0.043750084,7.71289872,3.159072328,0.787495451,0.954899149,0.855895348,0.643633491,19.04.2024 23:53,B-1,7.64E-07,0.6,0.6,5.48,5.34,3.64,3.64,1.7,1.984,1.454557964,4.025442036,3.356,1.314557964,1.044986134,0.34450788,PTQ10_321145,PY-IT_321127,CF,Jonas_DonorAcceptor-NoWDonorWH2-AddInt-NewPTQ10BTP4F12-NoBG-ZnOCorr_PTQ10:PY-IT,Jonas_DonorAcceptor-NoWDonorWH2-AddInt-NewPTQ10BTP4F12-NoBG-ZnOCorr,0.061701898,17.04.2024 11:42,32628_261219_OD_x1y2,x1y2,0.008478669,0.6,0.6,3,5,0,0,1,0,0,0,0,0,0,1,194,2.048351912,0.093706129,2.19985692,0.707849223,0.044657293,0.065527085,1.528097614,0.080951094,1.697973651,0.064338367,0.132126979,0.114908323,0.440089586,0.174407613,0.242424242,0.289315935,0.397172463,0.602827537,-0.00127,0.0005,0.00034,-0.07601,0.0037,0.0008,-0.0047,0.00047,-0.00322,-0.00653,-0.00292,-0.01166,0,-0.00386,0,-0.01552,-0.01802
32628,PTQ10_321145,PTQ10,PY-IT_321127,PY-IT,PTQ10-PY-IT,32628_A-3,CF,0,12,2000,63.84837911,2.05016,0.09311,2.19972,0.7996,0.04069,0.06483,1.53312,0.08031,1.70119,0.07163,0.14016,0.12794,0.44009,0.18502,0.24242,0.31296,0.40881,0.59119,0.786,0.32,0.39,53.46928822,16.88311977,8.764038222,0.970838876,1.531379765,1,25.85446799,25.85446799,0.970838876,8.1856,0.1286,25.03,0.2634,8.69751977,0.842238876,28.43928822,8.500638222,0.484839302,0.132462763,0.468119192,0.030054638,19.04.2024 23:53,A-3,1.17E-05,1.4,1.4,5.48,5.34,3.64,3.64,1.7,1.984,1.454557964,4.025442036,3.356,1.314557964,1.04583586,0.343719088,PTQ10_321145,PY-IT_321127,CF,Jonas_DonorAcceptor-NoWDonorWH2-AddInt-NewPTQ10BTP4F12-NoBG-ZnOCorr_PTQ10:PY-IT,Jonas_DonorAcceptor-NoWDonorWH2-AddInt-NewPTQ10BTP4F12-NoBG-ZnOCorr,0.060010846,17.04.2024 11:42,32628_261219_OD_x3y1,x3y1,0.008716735,1.4,1.4,3,5,0,0,1,0,0,0,0,0,0,1,194,2.048876033,0.093561172,2.200453,0.731995062,0.045273289,0.065528841,1.528223943,0.080814823,1.69797585,0.066146961,0.135644385,0.118138472,0.440089586,0.179050589,0.242424242,0.297189061,0.397519584,0.602480416,-0.00128,0.00045,0.00073,-0.0676,0.00458,0.0007,-0.0049,0.00051,-0.00321,-0.00549,-0.00452,-0.0098,0,-0.00597,0,-0.01577,-0.01129
32628,PTQ10_321145,PTQ10,PY-IT_321127,PY-IT,PTQ10-PY-IT,32628_B-2,CF,0,12,2000,59.53577103,2.04954,0.09309,2.19919,0.78017,0.041,0.06473,1.53269,0.08042,1.70085,0.06924,0.13622,0.12367,0.44009,0.17981,0.24242,0.30348,0.4075,0.5925,0.786,0.32,0.39,53.10910568,16.89650214,8.69217642,0.968640752,1.559029815,1,26.3421506,26.3421506,0.968640752,10.0538,0.327,26,0.8548,6.84270214,0.641640752,27.10910568,7.83737642,0.595022562,0.337586457,0.489558234,0.098341308,19.04.2024 23:53,B-2,0.000274018,1,0.6,5.48,5.34,3.64,3.64,1.7,1.984,1.454557964,4.025442036,3.356,1.314557964,1.043467931,0.345917212,PTQ10_321145,PY-IT_321127,CF,Jonas_DonorAcceptor-NoWDonorWH2-AddInt-NewPTQ10BTP4F12-NoBG-ZnOCorr_PTQ10:PY-IT,Jonas_DonorAcceptor-NoWDonorWH2-AddInt-NewPTQ10BTP4F12-NoBG-ZnOCorr,0.061539895,17.04.2024 11:42,32628_261219_OD_x2y2,x2y2,0.00850189,1,0.6,3,5,0,0,1,0,0,0,0,0,0,1,194,2.047575727,0.093352677,2.19783555,0.709587311,0.043776378,0.065346233,1.528125136,0.080881151,1.698333501,0.063801361,0.130081735,0.11394923,0.440089586,0.17170789,0.242424242,0.28565712,0.398924559,0.601075441,-0.00197,0.00027,-0.00136,-0.07058,0.00278,0.00061,-0.00456,0.00046,-0.00252,-0.00544,-0.00614,-0.00972,0,-0.0081,0,-0.01782,-0.00858
32628,PTQ10_321145,PTQ10,PY-IT_321127,PY-IT,PTQ10-PY-IT,32628_A-1,CF,0,12,2000,56.96664825,2.04908,0.09316,2.19944,0.75648,0.04084,0.06463,1.53193,0.08045,1.7002,0.06814,0.134,0.12169,0.44009,0.17688,0.24242,0.29857,0.40758,0.59242,0.786,0.32,0.39,52.88168112,16.94575247,8.677650924,0.968358267,1.577077732,1,26.72476887,26.72476887,0.968358267,13.468,0.9343,45.78,5.7607,3.47775247,0.034058267,7.10168112,2.916950924,0.794771435,0.964828857,0.865706215,0.663854775,19.04.2024 23:53,A-1,0.000717524,0.6,1.4,5.48,5.34,3.64,3.64,1.7,1.984,1.454557964,4.025442036,3.356,1.314557964,1.043163624,0.346199697,PTQ10_321145,PY-IT_321127,CF,Jonas_DonorAcceptor-NoWDonorWH2-AddInt-NewPTQ10BTP4F12-NoBG-ZnOCorr_PTQ10:PY-IT,Jonas_DonorAcceptor-NoWDonorWH2-AddInt-NewPTQ10BTP4F12-NoBG-ZnOCorr,0.059995741,17.04.2024 11:42,32628_261219_OD_x1y1,x1y1,0.008368352,0.6,1.4,3,5,0,0,1,0,0,0,0,0,0,1,194,2.048237259,0.093706182,2.200063579,0.706105566,0.044990664,0.065474826,1.52775672,0.080943758,1.697769935,0.064259115,0.132448711,0.11476678,0.440089586,0.174832298,0.242424242,0.289599078,0.39629539,0.60370461,-0.00084,0.00054,0.00063,-0.05037,0.00415,0.00085,-0.00417,0.0005,-0.00243,-0.00388,-0.00155,-0.00693,0,-0.00205,0,-0.00898,-0.01128
32629,PTQ10_321145,PTQ10,PY-IT_321127,PY-IT,PTQ10-PY-IT,32629_A-3,CF,0,10,2000,40.22266365,2.04626,0.09329,2.19693,0.7,0.0347,0.06364,1.53114,0.08046,1.69986,0.06048,0.11699,0.10801,0.44009,0.15442,0.24242,0.26243,0.41157,0.58843,0.786,0.32,0.39,52.43231638,15.41812711,7.736954809,0.957060503,1.702013312,1,26.24185759,26.24185759,0.957060503,12.5029,0.9283,48.26,5.6007,2.91522711,0.028760503,4.17231638,2.136254809,0.810922099,0.969949128,0.920424718,0.723889455,19.04.2024 23:56,A-3,0.00098748,1.4,1.4,5.48,5.34,3.64,3.64,1.7,1.984,1.454557964,4.025442036,3.356,1.314557964,1.030993112,0.357497461,PTQ10_321145,PY-IT_321127,CF,Jonas_DonorAcceptor-NoWDonorWH2-AddInt-NewPTQ10BTP4F12-NoBG-ZnOCorr_PTQ10:PY-IT,Jonas_DonorAcceptor-NoWDonorWH2-AddInt-NewPTQ10BTP4F12-NoBG-ZnOCorr,0.081928585,17.04.2024 11:47,32629_261233_OD_x3y1,x3y1,0.0072148,1.4,1.4,3,5,0,0,1,0,0,0,0,0,0,1,195,2.04384531,0.091870826,2.191850799,0.7,0.041819938,0.065011823,1.527360107,0.081233151,1.698100563,0.056111474,0.118499151,0.100215092,0.440089586,0.15641888,0.242424242,0.256633972,0.390498154,0.609501846,-0.00241,-0.00142,-0.00507,0,0.00712,0.00137,-0.00378,0.00077,-0.00176,-0.00436,0.00151,-0.00779,0,0.002,0,-0.0058,-0.02107
32629,PTQ10_321145,PTQ10,PY-IT_321127,PY-IT,PTQ10-PY-IT,32629_B-2,CF,0,10,2000,41.17503127,2.04663,0.09385,2.19787,0.71104,0.03707,0.06381,1.5317,0.08065,1.70034,0.06336,0.11575,0.11317,0.44009,0.15279,0.24242,0.26595,0.42552,0.57448,0.786,0.32,0.39,51.63553968,15.64512088,7.711004104,0.954516172,1.689352341,1,26.43012159,26.43012159,0.954516172,12.4235,0.9164,47.76,5.4377,3.22162088,0.038116172,3.87553968,2.273304104,0.794081432,0.960067547,0.924944337,0.705187019,19.04.2024 23:56,B-2,0.00055254,1,0.6,5.48,5.34,3.64,3.64,1.7,1.984,1.454557964,4.025442036,3.356,1.314557964,1.028252232,0.360041792,PTQ10_321145,PY-IT_321127,CF,Jonas_DonorAcceptor-NoWDonorWH2-AddInt-NewPTQ10BTP4F12-NoBG-ZnOCorr_PTQ10:PY-IT,Jonas_DonorAcceptor-NoWDonorWH2-AddInt-NewPTQ10BTP4F12-NoBG-ZnOCorr,0.083613218,17.04.2024 11:47,32629_261233_OD_x2y2,x2y2,0.007401539,1,0.6,3,5,0,0,1,0,0,0,0,0,0,1,195,2.042343307,0.091322399,2.189517715,0.7,0.041717985,0.064766704,1.526980052,0.081356052,1.697941397,0.054591621,0.112334446,0.097500636,0.440089586,0.148281469,0.242424242,0.245782105,0.39670522,0.60329478,-0.00428,-0.00252,-0.00835,-0.01104,0.00465,0.00096,-0.00472,0.00071,-0.00239,-0.00877,-0.00341,-0.01567,0,-0.0045,0,-0.02017,-0.02881
32629,PTQ10_321145,PTQ10,PY-IT_321127,PY-IT,PTQ10-PY-IT,32629_B-1,CF,0,10,2000,38.99744792,2.04633,0.09329,2.19695,0.7,0.03648,0.06368,1.53141,0.08046,1.69998,0.06056,0.11502,0.10816,0.44009,0.15182,0.24242,0.25999,0.41604,0.58396,0.786,0.32,0.39,51.71925245,15.54887436,7.660198466,0.952552297,1.71083809,1,26.6016065,26.6016065,0.952552297,12.5459,0.8832,43.02,4.7663,3.00297436,0.069352297,8.69925245,2.893898466,0.806868697,0.927193187,0.831798566,0.622216255,19.04.2024 23:56,B-1,0.000342658,0.6,0.6,5.48,5.34,3.64,3.64,1.7,1.984,1.454557964,4.025442036,3.356,1.314557964,1.026136648,0.362005667,PTQ10_321145,PY-IT_321127,CF,Jonas_DonorAcceptor-NoWDonorWH2-AddInt-NewPTQ10BTP4F12-NoBG-ZnOCorr_PTQ10:PY-IT,Jonas_DonorAcceptor-NoWDonorWH2-AddInt-NewPTQ10BTP4F12-NoBG-ZnOCorr,0.078875993,17.04.2024 11:47,32629_261233_OD_x1y2,x1y2,0.007223988,0.6,0.6,3,5,0,0,1,0,0,0,0,0,0,1,195,2.042383302,0.091203087,2.18933209,0.7,0.041925791,0.064801974,1.526837492,0.081346151,1.697776917,0.054076636,0.11342878,0.096580871,0.440089586,0.149725989,0.242424242,0.246306861,0.392116042,0.607883958,-0.00395,-0.00209,-0.00762,0,0.00544,0.00112,-0.00457,0.00089,-0.0022,-0.00649,-0.00159,-0.01158,0,-0.0021,0,-0.01368,-0.02392
32629,PTQ10_321145,PTQ10,PY-IT_321127,PY-IT,PTQ10-PY-IT,32629_A-1,CF,0,10,2000,31.3600649,2.04448,0.09243,2.19358,0.7,0.03399,0.06304,1.53068,0.08025,1.69866,0.05595,0.10753,0.09993,0.44009,0.14194,0.24242,0.24187,0.41314,0.58686,0.786,0.32,0.39,51.11416775,14.7050049,7.109258689,0.945840378,1.78168005,1,26.19961386,26.19961386,0.945840378,7.6801,0.9167,23.47,1.6527,7.0249049,0.029140378,27.64416775,5.456558689,0.522277963,0.969191019,0.459168192,0.232471496,19.04.2024 23:56,A-1,0.000129738,0.6,1.4,5.48,5.34,3.64,3.64,1.7,1.984,1.454557964,4.025442036,3.356,1.314557964,1.018906236,0.368717586,PTQ10_321145,PY-IT_321127,CF,Jonas_DonorAcceptor-NoWDonorWH2-AddInt-NewPTQ10BTP4F12-NoBG-ZnOCorr_PTQ10:PY-IT,Jonas_DonorAcceptor-NoWDonorWH2-AddInt-NewPTQ10BTP4F12-NoBG-ZnOCorr,0.093828409,17.04.2024 11:47,32629_261233_OD_x1y1,x1y1,0.0068761,0.6,1.4,3,5,0,0,1,0,0,0,0,0,0,1,195,2.043671943,0.091660491,2.191830245,0.7,0.041757023,0.06480273,1.527621267,0.081016377,1.698169394,0.05513647,0.113339947,0.098473736,0.440089586,0.14960873,0.242424242,0.248082465,0.396939524,0.603060476,-0.00081,-0.00077,-0.00175,0,0.00777,0.00176,-0.00306,0.00077,-0.00049,-0.00081,0.00581,-0.00145,0,0.00767,0,0.00621,-0.0162
32630,PTQ10_321145,PTQ10,PY-IT_321127,PY-IT,PTQ10-PY-IT,32630_A-1,CF,0,10,1000,78.68053536,2.05194,0.09307,2.2015,0.86005,0.04117,0.06451,1.5352,0.07956,1.70259,0.08035,0.15337,0.1435,0.44009,0.20245,0.24242,0.34595,0.4148,0.5852,0.786,0.32,0.39,53.41010454,17.74824941,9.152620792,0.965531658,1.447041203,1,25.68244817,25.68244817,0.965531658,13.7598,0.939,45.78,5.9152,3.98844941,0.026531658,7.63010454,3.237420792,0.775276461,0.972521193,0.857141179,0.646284833,19.04.2024 23:58,A-1,2.99E-05,0.6,1.4,5.48,5.34,3.64,3.64,1.7,1.984,1.454557964,4.025442036,3.356,1.314557964,1.040118661,0.349026306,PTQ10_321145,PY-IT_321127,CF,Jonas_DonorAcceptor-NoWDonorWH2-AddInt-NewPTQ10BTP4F12-NoBG-ZnOCorr_PTQ10:PY-IT,Jonas_DonorAcceptor-NoWDonorWH2-AddInt-NewPTQ10BTP4F12-NoBG-ZnOCorr,0.065210171,17.04.2024 11:53,32630_261254_OD_x1y1,x1y1,0.009711873,0.6,1.4,3,5,0,0,1,0,0,0,0,0,0,1,196,2.052708504,0.093000937,2.202935077,0.889587909,0.042550753,0.065120039,1.533845607,0.07916048,1.701436492,0.080855138,0.156071165,0.144407276,0.440089586,0.206013938,0.242424242,0.350421214,0.412096273,0.587903727,0.00077,-0.00007,0.00144,0.02954,0.00138,0.00061,-0.00135,-0.0004,-0.00115,0.00051,0.0027,0.0009,0,0.00356,0,0.00447,-0.00271
32630,PTQ10_321145,PTQ10,PY-IT_321127,PY-IT,PTQ10-PY-IT,32630_B-1,CF,0,10,1000,75.6815704,2.05182,0.09296,2.20097,0.85724,0.0409,0.06468,1.53502,0.07971,1.70255,0.07815,0.15084,0.13957,0.44009,0.1991,0.24242,0.33868,0.41211,0.58789,0.786,0.32,0.39,53.59560814,17.67288897,9.149687459,0.965983053,1.462672599,1,25.84965044,25.84965044,0.965983053,13.7627,0.9208,46.38,5.8776,3.91018897,0.045183053,7.21560814,3.272087459,0.778746476,0.953225833,0.865369414,0.642382598,19.04.2024 23:58,B-1,1.23E-06,0.6,0.6,5.48,5.34,3.64,3.64,1.7,1.984,1.454557964,4.025442036,3.356,1.314557964,1.040604926,0.348574911,PTQ10_321145,PY-IT_321127,CF,Jonas_DonorAcceptor-NoWDonorWH2-AddInt-NewPTQ10BTP4F12-NoBG-ZnOCorr_PTQ10:PY-IT,Jonas_DonorAcceptor-NoWDonorWH2-AddInt-NewPTQ10BTP4F12-NoBG-ZnOCorr,0.062183083,17.04.2024 11:53,32630_261254_OD_x1y2,x1y2,0.009407693,0.6,0.6,3,5,0,0,1,0,0,0,0,0,0,1,196,2.051024131,0.093380953,2.201665641,0.823952645,0.043487167,0.065364609,1.531487986,0.079992044,1.700249548,0.072942284,0.146070281,0.130274919,0.440089586,0.192812771,0.242424242,0.32308769,0.403218455,0.596781545,-0.0008,0.00042,0.00069,-0.03329,0.00259,0.00069,-0.00353,0.00029,-0.0023,-0.00521,-0.00477,-0.0093,0,-0.00629,0,-0.01559,-0.00889
32630,PTQ10_321145,PTQ10,PY-IT_321127,PY-IT,PTQ10-PY-IT,32630_A-2,CF,0,10,1000,79.11226905,2.05228,0.09298,2.20131,0.86981,0.04072,0.06472,1.53564,0.07946,1.70304,0.0799,0.15413,0.14269,0.44009,0.20345,0.24242,0.34614,0.41224,0.58776,0.786,0.32,0.39,53.27367627,17.64375767,9.069941384,0.964940931,1.444733787,1,25.49053284,25.49053284,0.964940931,13.6947,0.9383,45.65,5.8662,3.94905767,0.026640931,7.62367627,3.203741384,0.776178196,0.972391128,0.856895998,0.64677375,19.04.2024 23:58,A-2,1.16E-06,1,1.4,5.48,5.34,3.64,3.64,1.7,1.984,1.454557964,4.025442036,3.356,1.314557964,1.0394823,0.349617033,PTQ10_321145,PY-IT_321127,CF,Jonas_DonorAcceptor-NoWDonorWH2-AddInt-NewPTQ10BTP4F12-NoBG-ZnOCorr_PTQ10:PY-IT,Jonas_DonorAcceptor-NoWDonorWH2-AddInt-NewPTQ10BTP4F12-NoBG-ZnOCorr,0.06647467,17.04.2024 11:53,32630_261254_OD_x2y1,x2y1,0.009682008,1,1.4,3,5,0,0,1,0,0,0,0,0,0,1,196,2.051881966,0.093062858,2.202300691,0.866497469,0.0438454,0.065497578,1.5329238,0.079669806,1.701388687,0.07829651,0.152907893,0.139837567,0.440089586,0.201838418,0.242424242,0.341675986,0.409195271,0.590804729,-0.0004,0.00008,0.00099,-0.00331,0.00312,0.00078,-0.00271,0.00021,-0.00165,-0.0016,-0.00122,-0.00286,0,-0.00161,0,-0.00446,-0.00305
32630,PTQ10_321145,PTQ10,PY-IT_321127,PY-IT,PTQ10-PY-IT,32630_B-2,CF,0,10,1000,70.2387942,2.05088,0.0931,2.2005,0.8241,0.04061,0.06465,1.53401,0.08,1.70197,0.07514,0.14621,0.13421,0.44009,0.19299,0.24242,0.3272,0.41016,0.58984,0.786,0.32,0.39,53.67019241,17.3669991,8.992608171,0.964778767,1.493344013,1,25.93490413,25.93490413,0.964778767,13.6044,0.9295,48.15,6.089,3.7625991,0.035278767,5.52019241,2.903608171,0.783347769,0.963433309,0.897146029,0.677111677,19.04.2024 23:58,B-2,2.15E-05,1,0.6,5.48,5.34,3.64,3.64,1.7,1.984,1.454557964,4.025442036,3.356,1.314557964,1.039307609,0.349779197,PTQ10_321145,PY-IT_321127,CF,Jonas_DonorAcceptor-NoWDonorWH2-AddInt-NewPTQ10BTP4F12-NoBG-ZnOCorr_PTQ10:PY-IT,Jonas_DonorAcceptor-NoWDonorWH2-AddInt-NewPTQ10BTP4F12-NoBG-ZnOCorr,0.061829846,17.04.2024 11:53,32630_261254_OD_x2y2,x2y2,0.009071779,1,0.6,3,5,0,0,1,0,0,0,0,0,0,1,196,2.050871649,0.0933574,2.201550116,0.819949423,0.04340374,0.065386664,1.531376182,0.080026927,1.700183901,0.07252816,0.145401831,0.129535294,0.440089586,0.191930417,0.242424242,0.321465711,0.402950783,0.597049217,-0.00001,0.00025,0.00105,-0.00415,0.00279,0.00074,-0.00263,0.00003,-0.00178,-0.00261,-0.00081,-0.00467,0,-0.00106,0,-0.00573,-0.00721
32631,PTQ10_321145,PTQ10,PY-IT_321127,PY-IT,PTQ10-PY-IT,32631_B-1,CF,2,10,1000,66.81849877,2.05024,0.09345,2.20216,0.7893,0.04011,0.06508,1.53,0.08051,1.69893,0.07379,0.14317,0.1318,0.44009,0.18899,0.24242,0.32079,0.41085,0.58915,0.786,0.32,0.39,54.36082698,17.58612808,9.219820782,0.964419965,1.516080226,1,26.66198104,26.66198104,0.964419965,12.6218,0.9296,43.39,5.0909,4.96432808,0.034819965,10.97082698,4.128920782,0.717713413,0.963895433,0.798185061,0.552169084,20.04.2024 00:01,B-1,1.17E-06,0.6,0.6,5.48,5.34,3.64,3.64,1.7,1.984,1.454557964,4.025442036,3.356,1.314557964,1.03892109,0.350137999,PTQ10_321145,PY-IT_321127,CF,Jonas_DonorAcceptor-NoWDonorWH2-AddInt-NewPTQ10BTP4F12-NoBG-ZnOCorr_PTQ10:PY-IT,Jonas_DonorAcceptor-NoWDonorWH2-AddInt-NewPTQ10BTP4F12-NoBG-ZnOCorr,0.053157667,17.04.2024 11:59,32631_261264_OD_x1y2,x1y2,0.008748073,0.6,0.6,3,5,0,0,1,0,0,0,0,0,0,1,197,2.053819239,0.093122573,2.205214833,0.900895731,0.0434956,0.064621191,1.532558443,0.079018682,1.699911579,0.081118985,0.155389688,0.144878508,0.440089586,0.205114389,0.242424242,0.349992897,0.413946995,0.586053005,0.00357,-0.00033,0.00305,0.1116,0.00338,-0.00046,0.00256,-0.0015,0.00098,0.00732,0.01221,0.01308,0,0.01612,0,0.02921,0.00309
32631,PTQ10_321145,PTQ10,PY-IT_321127,PY-IT,PTQ10-PY-IT,32631_B-2,CF,2,10,1000,68.35959414,2.05029,0.09351,2.20226,0.79214,0.04021,0.06509,1.52994,0.08046,1.69884,0.07467,0.14466,0.13336,0.44009,0.19095,0.24242,0.32431,0.41122,0.58878,0.786,0.32,0.39,54.34709269,17.59300527,9.207172666,0.962963749,1.507120253,1,26.51477455,26.51477455,0.962963749,11.5058,0.9271,33.77,3.6025,6.08720527,0.035863749,20.57709269,5.604672666,0.653998554,0.962756906,0.621376385,0.391271037,20.04.2024 00:01,B-2,1.52E-06,1,0.6,5.48,5.34,3.64,3.64,1.7,1.984,1.454557964,4.025442036,3.356,1.314557964,1.037352382,0.351594215,PTQ10_321145,PY-IT_321127,CF,Jonas_DonorAcceptor-NoWDonorWH2-AddInt-NewPTQ10BTP4F12-NoBG-ZnOCorr_PTQ10:PY-IT,Jonas_DonorAcceptor-NoWDonorWH2-AddInt-NewPTQ10BTP4F12-NoBG-ZnOCorr,0.052876344,17.04.2024 11:59,32631_261264_OD_x2y2,x2y2,0.008852011,1,0.6,3,5,0,0,1,0,0,0,0,0,0,1,197,2.05218598,0.09324124,2.203460377,0.855623307,0.043964206,0.06498041,1.5308144,0.079674322,1.698926724,0.075396266,0.148255811,0.13465773,0.440089586,0.195697671,0.242424242,0.330355401,0.407214537,0.592785463,0.00189,-0.00027,0.0012,0.06348,0.00375,-0.00011,0.00087,-0.00079,0.00009,0.00072,0.0036,0.00129,0,0.00475,0,0.00605,-0.00401
32631,PTQ10_321145,PTQ10,PY-IT_321127,PY-IT,PTQ10-PY-IT,32631_A-1,CF,2,10,1000,77.01507422,2.05157,0.09323,2.20314,0.83533,0.04126,0.0652,1.53151,0.08008,1.6998,0.07894,0.1527,0.14099,0.44009,0.20156,0.24242,0.34255,0.41158,0.58842,0.786,0.32,0.39,53.54867002,17.56162768,9.052341411,0.962603576,1.45866146,1,25.61646948,25.61646948,0.962603576,12.5288,0.9244,39.91,4.622,5.03282768,0.038203576,13.63867002,4.430341411,0.713419065,0.960312244,0.745303291,0.510586133,20.04.2024 00:01,A-1,3.32E-05,0.6,1.4,5.48,5.34,3.64,3.64,1.7,1.984,1.454557964,4.025442036,3.356,1.314557964,1.036964385,0.351954388,PTQ10_321145,PY-IT_321127,CF,Jonas_DonorAcceptor-NoWDonorWH2-AddInt-NewPTQ10BTP4F12-NoBG-ZnOCorr_PTQ10:PY-IT,Jonas_DonorAcceptor-NoWDonorWH2-AddInt-NewPTQ10BTP4F12-NoBG-ZnOCorr,0.055045726,17.04.2024 11:59,32631_261264_OD_x1y1,x1y1,0.009459325,0.6,1.4,3,5,0,0,1,0,0,0,0,0,0,1,197,2.050817151,0.093155162,2.201732569,0.822859848,0.044976254,0.065517008,1.529478516,0.080371386,1.698385079,0.07104685,0.143822775,0.126889674,0.440089586,0.189846063,0.242424242,0.316735737,0.400616852,0.599383148,-0.00075,-0.00008,-0.0014,-0.01247,0.00371,0.00032,-0.00203,0.00029,-0.00141,-0.00789,-0.00888,-0.0141,0,-0.01172,0,-0.02582,-0.01097
32631,PTQ10_321145,PTQ10,PY-IT_321127,PY-IT,PTQ10-PY-IT,32631_A-2,CF,2,10,1000,66.43594396,2.04987,0.09345,2.20179,0.7786,0.04054,0.0652,1.52957,0.08062,1.69866,0.07354,0.14306,0.13134,0.44009,0.18884,0.24242,0.32018,0.41021,0.58979,0.786,0.32,0.39,53.8744666,17.41912645,9.039706497,0.963263213,1.51879587,1,26.45609732,26.45609732,0.963263213,11.728,0.9078,36.36,3.871,5.69112645,0.055463213,17.5144666,5.168706497,0.673282902,0.942421539,0.674902274,0.428221868,20.04.2024 00:01,A-2,1.27E-06,1,1.4,5.48,5.34,3.64,3.64,1.7,1.984,1.454557964,4.025442036,3.356,1.314557964,1.037674979,0.351294751,PTQ10_321145,PY-IT_321127,CF,Jonas_DonorAcceptor-NoWDonorWH2-AddInt-NewPTQ10BTP4F12-NoBG-ZnOCorr_PTQ10:PY-IT,Jonas_DonorAcceptor-NoWDonorWH2-AddInt-NewPTQ10BTP4F12-NoBG-ZnOCorr,0.05200377,17.04.2024 11:59,32631_261264_OD_x2y1,x2y1,0.008767903,1,1.4,3,5,0,0,1,0,0,0,0,0,0,1,197,2.050969074,0.093049642,2.202017015,0.824407091,0.044910239,0.065397364,1.52948627,0.080250225,1.698134726,0.071271159,0.144168773,0.12729029,0.440089586,0.190302781,0.242424242,0.317593071,0.400796327,0.599203673,0.0011,-0.0004,0.00022,0.04581,0.00437,0.00019,-0.00008,-0.00037,-0.00053,-0.00227,0.00111,-0.00405,0,0.00146,0,-0.00259,-0.00942
32632,PTQ10_321145,PTQ10,PY-IT_321127,PY-IT,PTQ10-PY-IT,32632_A-2,CF,0,10,3000,34.83143068,2.04773,0.09358,2.19871,0.7013,0.03637,0.06362,1.5313,0.08003,1.69948,0.05755,0.11089,0.10279,0.44009,0.14637,0.24242,0.24916,0.41253,0.58747,0.786,0.32,0.39,47.22727628,12.87174533,5.386787385,0.886134196,1.748287768,1,22.50351491,22.50351491,0.886134196,10.5649,0.8579,40.24,3.6471,2.30684533,0.028234196,6.98727628,1.739687385,0.820782243,0.968137788,0.852049984,0.677045471,20.04.2024 00:04,A-2,0.000183404,1,1.4,5.48,5.34,3.64,3.64,1.7,1.984,1.454557964,4.025442036,3.356,1.314557964,0.954587771,0.428423768,PTQ10_321145,PY-IT_321127,CF,Jonas_DonorAcceptor-NoWDonorWH2-AddInt-NewPTQ10BTP4F12-NoBG-ZnOCorr_PTQ10:PY-IT,Jonas_DonorAcceptor-NoWDonorWH2-AddInt-NewPTQ10BTP4F12-NoBG-ZnOCorr,0.086165144,17.04.2024 12:05,32632_261274_OD_x2y1,x2y1,0.007221403,1,1.4,3,5,0,0,1,0,0,0,0,0,0,1,198,2.039150081,0.089791332,2.182158924,0.7,0.040920152,0.063550028,1.525583065,0.080811474,1.696076455,0.043893199,0.094761955,0.078393253,0.440089586,0.125085781,0.242424242,0.203479034,0.385266049,0.614733951,-0.00858,-0.00379,-0.01655,-0.0013,0.00455,-0.00007,-0.00572,0.00078,-0.0034,-0.01366,-0.01613,-0.02439,0,-0.02129,0,-0.04568,-0.02727
32632,PTQ10_321145,PTQ10,PY-IT_321127,PY-IT,PTQ10-PY-IT,32632_B-1,CF,0,10,3000,21.25806419,2.04411,0.09237,2.19271,0.7,0.03277,0.06225,1.53052,0.08005,1.69835,0.04992,0.09723,0.08915,0.44009,0.12834,0.24242,0.21749,0.4099,0.5901,0.786,0.32,0.39,45.72538922,13.0582532,5.286885367,0.885436452,1.888151793,1,24.6559642,24.6559642,0.885436452,9.4024,0.8513,34.25,2.7414,3.6558532,0.034136452,11.47538922,2.545485367,0.72003505,0.961446751,0.749036817,0.51852836,20.04.2024 00:04,B-1,0.000761673,0.6,0.6,5.48,5.34,3.64,3.64,1.7,1.984,1.454557964,4.025442036,3.356,1.314557964,0.953836126,0.429121512,PTQ10_321145,PY-IT_321127,CF,Jonas_DonorAcceptor-NoWDonorWH2-AddInt-NewPTQ10BTP4F12-NoBG-ZnOCorr_PTQ10:PY-IT,Jonas_DonorAcceptor-NoWDonorWH2-AddInt-NewPTQ10BTP4F12-NoBG-ZnOCorr,0.099896558,17.04.2024 12:05,32632_261274_OD_x1y2,x1y2,0.006264636,0.6,0.6,3,5,0,0,1,0,0,0,0,0,0,1,198,2.039303481,0.089833671,2.182696353,0.7,0.040311286,0.063531194,1.525812916,0.081151028,1.696199191,0.044208478,0.095258168,0.078956341,0.440089586,0.125740782,0.242424242,0.204697123,0.385722768,0.614277232,-0.00481,-0.00253,-0.01001,0,0.00754,0.00128,-0.0047,0.0011,-0.00215,-0.00571,-0.00197,-0.01019,0,-0.0026,0,-0.01279,-0.02418
32632,PTQ10_321145,PTQ10,PY-IT_321127,PY-IT,PTQ10-PY-IT,32632_B-2,CF,0,10,3000,20.39412396,2.04393,0.09228,2.19232,0.7,0.03258,0.06216,1.53044,0.08002,1.69821,0.04946,0.09634,0.08834,0.44009,0.12717,0.24242,0.21551,0.40991,0.59009,0.786,0.32,0.39,46.26590569,12.86237764,5.200895671,0.873968576,1.898210657,1,24.41550232,24.41550232,0.873968576,10.6964,0.9312,48.8,4.8613,2.16597764,-0.057231424,-2.53409431,0.339595671,0.831603635,1.065484533,1.054772392,0.934704387,20.04.2024 00:04,B-2,1.28E-05,1,0.6,5.48,5.34,3.64,3.64,1.7,1.984,1.454557964,4.025442036,3.356,1.314557964,0.941482361,0.440589388,PTQ10_321145,PY-IT_321127,CF,Jonas_DonorAcceptor-NoWDonorWH2-AddInt-NewPTQ10BTP4F12-NoBG-ZnOCorr_PTQ10:PY-IT,Jonas_DonorAcceptor-NoWDonorWH2-AddInt-NewPTQ10BTP4F12-NoBG-ZnOCorr,0.10180304,17.04.2024 12:05,32632_261274_OD_x2y2,x2y2,0.006236268,1,0.6,3,5,0,0,1,0,0,0,0,0,0,1,198,2.039063045,0.089748664,2.182243959,0.7,0.040275928,0.06346033,1.525754543,0.081137291,1.696120529,0.04379916,0.094467947,0.0782253,0.440089586,0.124697691,0.242424242,0.202922991,0.385490514,0.614509486,-0.00486,-0.00253,-0.01008,0,0.0077,0.0013,-0.00468,0.00112,-0.00209,-0.00566,-0.00187,-0.01011,0,-0.00247,0,-0.01259,-0.02442
32632,PTQ10_321145,PTQ10,PY-IT_321127,PY-IT,PTQ10-PY-IT,32632_A-3,CF,0,10,3000,21.64203763,2.044,0.09242,2.19255,0.7,0.03189,0.06228,1.53061,0.08015,1.69849,0.0503,0.09751,0.08984,0.44009,0.12871,0.24242,0.21855,0.41108,0.58892,0.786,0.32,0.39,45.55890418,12.7621351,5.164235232,0.888197219,1.883218919,1,24.03389427,24.03389427,0.888197219,10.6137,0.9251,46.84,4.5987,2.1484351,-0.036902781,-1.28109582,0.565535232,0.831655512,1.041547958,1.028119549,0.890490033,20.04.2024 00:04,A-3,0.001237638,1.4,1.4,5.48,5.34,3.64,3.64,1.7,1.984,1.454557964,4.025442036,3.356,1.314557964,0.956810162,0.426360745,PTQ10_321145,PY-IT_321127,CF,Jonas_DonorAcceptor-NoWDonorWH2-AddInt-NewPTQ10BTP4F12-NoBG-ZnOCorr_PTQ10:PY-IT,Jonas_DonorAcceptor-NoWDonorWH2-AddInt-NewPTQ10BTP4F12-NoBG-ZnOCorr,0.102355336,17.04.2024 12:05,32632_261274_OD_x3y1,x3y1,0.006305132,1.4,1.4,3,5,0,0,1,0,0,0,0,0,0,1,198,2.039159394,0.089785783,2.18215502,0.7,0.040952319,0.063592623,1.525653166,0.080505277,1.69616186,0.043881896,0.094450094,0.078373067,0.440089586,0.124674124,0.242424242,0.203047191,0.385984493,0.614015507,-0.00484,-0.00264,-0.01039,0,0.00907,0.00131,-0.00496,0.00035,-0.00233,-0.00642,-0.00306,-0.01147,0,-0.00403,0,-0.0155,-0.0251
32633,PTQ10_321145,PTQ10,PY-IT_321127,PY-IT,PTQ10-PY-IT,32633_A-1,CF,2,10,3000,26.51074518,2.04327,0.0921,2.19276,0.7,0.03312,0.0631,1.52673,0.08068,1.69577,0.05302,0.10281,0.09469,0.44009,0.13571,0.24242,0.23039,0.41098,0.58902,0.786,0.32,0.39,50.16433877,13.45412709,6.349022221,0.940711015,1.834257745,1,24.67833682,24.67833682,0.940711015,11.5323,0.9167,44.9,4.7462,1.92182709,0.024011015,5.26433877,1.602822221,0.857157058,0.974475674,0.895058145,0.747548179,20.04.2024 00:07,A-1,2.70E-05,0.6,1.4,5.48,5.34,3.64,3.64,1.7,1.984,1.454557964,4.025442036,3.356,1.314557964,1.013380631,0.373846949,PTQ10_321145,PY-IT_321127,CF,Jonas_DonorAcceptor-NoWDonorWH2-AddInt-NewPTQ10BTP4F12-NoBG-ZnOCorr_PTQ10:PY-IT,Jonas_DonorAcceptor-NoWDonorWH2-AddInt-NewPTQ10BTP4F12-NoBG-ZnOCorr,0.09906122,17.04.2024 12:10,32633_261307_OD_x1y1,x1y1,0.006545537,0.6,1.4,3,5,0,0,1,0,0,0,0,0,0,1,199,2.038466916,0.089224515,2.18113062,0.7,0.040526157,0.06340181,1.524860891,0.081178816,1.695117017,0.043980982,0.09525782,0.078550034,0.440089586,0.125740323,0.242424242,0.204290357,0.384501918,0.615498082,-0.0048,-0.00288,-0.01163,0,0.00741,0.0003,-0.00186,0.0005,-0.00066,-0.00903,-0.00755,-0.01614,0,-0.00996,0,-0.0261,-0.02648
32633,PTQ10_321145,PTQ10,PY-IT_321127,PY-IT,PTQ10-PY-IT,32633_B-1,CF,2,10,3000,21.36966238,2.04251,0.09191,2.19157,0.7,0.03169,0.06268,1.52654,0.08054,1.69554,0.05021,0.09736,0.08968,0.44009,0.12851,0.24242,0.21819,0.41101,0.58899,0.786,0.32,0.39,50.52987965,13.33212287,6.336831578,0.940642491,1.88991403,1,25.19656606,25.19656606,0.940642491,11.6139,0.9143,45.52,4.8336,1.71822287,0.026342491,5.00987965,1.503231578,0.871121585,0.971995215,0.900853125,0.762778676,20.04.2024 00:07,B-1,0.000188176,0.6,0.6,5.48,5.34,3.64,3.64,1.7,1.984,1.454557964,4.025442036,3.356,1.314557964,1.013306814,0.373915473,PTQ10_321145,PY-IT_321127,CF,Jonas_DonorAcceptor-NoWDonorWH2-AddInt-NewPTQ10BTP4F12-NoBG-ZnOCorr_PTQ10:PY-IT,Jonas_DonorAcceptor-NoWDonorWH2-AddInt-NewPTQ10BTP4F12-NoBG-ZnOCorr,0.109886533,17.04.2024 12:10,32633_261307_OD_x1y2,x1y2,0.006313436,0.6,0.6,3,5,0,0,1,0,0,0,0,0,0,1,199,2.038413989,0.089359072,2.181545574,0.7,0.039649134,0.063475591,1.524900733,0.081309074,1.69555135,0.044303983,0.095353514,0.079126914,0.440089586,0.125866639,0.242424242,0.204993552,0.385997084,0.614002916,-0.0041,-0.00256,-0.01003,0,0.00796,0.0008,-0.00164,0.00077,0.00001,-0.00591,-0.00201,-0.01055,0,-0.00265,0,-0.0132,-0.02501
32633,PTQ10_321145,PTQ10,PY-IT_321127,PY-IT,PTQ10-PY-IT,32633_A-2,CF,2,10,3000,19.3471816,2.04196,0.09171,2.19086,0.7,0.03158,0.06248,1.52639,0.08049,1.69522,0.04927,0.09514,0.088,0.44009,0.12558,0.24242,0.21359,0.41202,0.58798,0.786,0.32,0.39,51.05835512,12.72950113,6.085128759,0.936249435,1.913111556,1,24.35295571,24.35295571,0.936249435,11.0354,0.8453,39.87,3.7188,1.69410113,0.090949435,11.18835512,2.366328759,0.866915356,0.902857688,0.780871219,0.611129221,20.04.2024 00:07,A-2,0.000136317,1,1.4,5.48,5.34,3.64,3.64,1.7,1.984,1.454557964,4.025442036,3.356,1.314557964,1.008574396,0.378308529,PTQ10_321145,PY-IT_321127,CF,Jonas_DonorAcceptor-NoWDonorWH2-AddInt-NewPTQ10BTP4F12-NoBG-ZnOCorr_PTQ10:PY-IT,Jonas_DonorAcceptor-NoWDonorWH2-AddInt-NewPTQ10BTP4F12-NoBG-ZnOCorr,0.1130391,17.04.2024 12:10,32633_261307_OD_x2y1,x2y1,0.006260073,1,1.4,3,5,0,0,1,0,0,0,0,0,0,1,199,2.038190258,0.08927054,2.181099381,0.7,0.040285661,0.063370579,1.524803417,0.081237104,1.695225547,0.043905038,0.094226984,0.078414398,0.440089586,0.124379619,0.242424242,0.202794017,0.38668629,0.61331371,-0.00377,-0.00244,-0.00976,0,0.00871,0.00089,-0.00159,0.00075,0,-0.00537,-0.00091,-0.00959,0,-0.0012,0,-0.01079,-0.02533
32633,PTQ10_321145,PTQ10,PY-IT_321127,PY-IT,PTQ10-PY-IT,32633_B-2,CF,2,10,3000,23.05592997,2.04245,0.09189,2.19175,0.7,0.03201,0.06275,1.52633,0.08067,1.69544,0.05115,0.09915,0.09136,0.44009,0.13087,0.24242,0.22223,0.4111,0.5889,0.786,0.32,0.39,48.73903099,13.14900385,6.016604391,0.938818661,1.87141841,1,24.60728788,24.60728788,0.938818661,11.6996,0.8981,43.46,4.5665,1.44940385,0.040718661,5.27903099,1.450104391,0.889770825,0.956627768,0.891687814,0.758982925,20.04.2024 00:07,B-2,0.000163066,1,0.6,5.48,5.34,3.64,3.64,1.7,1.984,1.454557964,4.025442036,3.356,1.314557964,1.011342093,0.375739303,PTQ10_321145,PY-IT_321127,CF,Jonas_DonorAcceptor-NoWDonorWH2-AddInt-NewPTQ10BTP4F12-NoBG-ZnOCorr_PTQ10:PY-IT,Jonas_DonorAcceptor-NoWDonorWH2-AddInt-NewPTQ10BTP4F12-NoBG-ZnOCorr,0.106391714,17.04.2024 12:10,32633_261307_OD_x2y2,x2y2,0.006393234,1,0.6,3,5,0,0,1,0,0,0,0,0,0,1,199,2.038575161,0.089501797,2.18207664,0.7,0.039737443,0.06356223,1.524908753,0.081348584,1.69571094,0.045082372,0.0963695,0.080517117,0.440089586,0.12720774,0.242424242,0.207724856,0.387593273,0.612406727,-0.00388,-0.00238,-0.00967,0,0.00773,0.00082,-0.00142,0.00068,0.00028,-0.00607,-0.00278,-0.01084,0,-0.00367,0,-0.01451,-0.0235
32634,PTQ10_321145,PTQ10,PY-IT_321127,PY-IT,PTQ10-PY-IT,32634_A-1,CF,1,10,2000,40.53759753,2.04563,0.09307,2.19736,0.7,0.03607,0.06409,1.52716,0.08094,1.69677,0.06077,0.11717,0.10853,0.44009,0.15466,0.24242,0.26319,0.41235,0.58765,0.786,0.32,0.39,53.83373137,15.52962167,7.982120861,0.954779181,1.702664449,1,26.44173473,26.44173473,0.954779181,12.8562,0.9151,46.66,5.4891,2.67342167,0.039679181,7.17373137,2.493020861,0.827850174,0.95844151,0.866742817,0.687674378,20.04.2024 00:09,A-1,0.000244597,0.6,1.4,5.48,5.34,3.64,3.64,1.7,1.984,1.454557964,4.025442036,3.356,1.314557964,1.028535558,0.359778783,PTQ10_321145,PY-IT_321127,CF,Jonas_DonorAcceptor-NoWDonorWH2-AddInt-NewPTQ10BTP4F12-NoBG-ZnOCorr_PTQ10:PY-IT,Jonas_DonorAcceptor-NoWDonorWH2-AddInt-NewPTQ10BTP4F12-NoBG-ZnOCorr,0.074060125,17.04.2024 12:16,32634_261348_OD_x1y1,x1y1,0.007284908,0.6,1.4,3,5,0,0,1,0,0,0,0,0,0,1,200,2.044455917,0.092712368,2.19410748,0.7,0.042877641,0.064876382,1.526443877,0.08133113,1.697016344,0.05815076,0.115135977,0.103857257,0.440089586,0.15197949,0.242424242,0.255836746,0.405951288,0.594048712,-0.00117,-0.00036,-0.00325,0,0.0068,0.00078,-0.00071,0.00039,0.00025,-0.00261,-0.00203,-0.00467,0,-0.00268,0,-0.00735,-0.0064
32634,PTQ10_321145,PTQ10,PY-IT_321127,PY-IT,PTQ10-PY-IT,32634_A-2,CF,1,10,2000,38.85795018,2.04533,0.093,2.19649,0.7,0.03606,0.06396,1.52675,0.08088,1.69643,0.05897,0.11611,0.10532,0.44009,0.15327,0.24242,0.25858,0.40728,0.59272,0.786,0.32,0.39,53.68287674,15.417127,7.894309878,0.9538387,1.718706431,1,26.49751532,26.49751532,0.9538387,13.038,0.8414,39.02,4.2802,2.379127,0.1124387,14.66287674,3.614109878,0.845682856,0.882119797,0.726861196,0.542187989,20.04.2024 00:09,A-2,0.002117954,1,1.4,5.48,5.34,3.64,3.64,1.7,1.984,1.454557964,4.025442036,3.356,1.314557964,1.027522426,0.360719264,PTQ10_321145,PY-IT_321127,CF,Jonas_DonorAcceptor-NoWDonorWH2-AddInt-NewPTQ10BTP4F12-NoBG-ZnOCorr_PTQ10:PY-IT,Jonas_DonorAcceptor-NoWDonorWH2-AddInt-NewPTQ10BTP4F12-NoBG-ZnOCorr,0.076064035,17.04.2024 12:16,32634_261348_OD_x2y1,x2y1,0.007225223,1,1.4,3,5,0,0,1,0,0,0,0,0,0,1,200,2.043619107,0.092153868,2.191752785,0.7,0.042388422,0.064634313,1.52581742,0.081316727,1.696322345,0.054781733,0.113026826,0.097840176,0.440089586,0.14919541,0.242424242,0.247035585,0.395691484,0.604308516,-0.00171,-0.00084,-0.00474,0,0.00633,0.00067,-0.00093,0.00044,-0.00011,-0.00419,-0.00308,-0.00748,0,-0.00407,0,-0.01155,-0.01159
32634,PTQ10_321145,PTQ10,PY-IT_321127,PY-IT,PTQ10-PY-IT,32634_B-2,CF,1,10,2000,38.44796868,2.04504,0.09284,2.19613,0.7,0.03481,0.06395,1.52678,0.08095,1.69645,0.05879,0.11577,0.105,0.44009,0.15281,0.24242,0.25782,0.40728,0.59272,0.786,0.32,0.39,53.64345201,15.29062127,7.806932113,0.951784338,1.722318831,1,26.33532496,26.33532496,0.951784338,12.6314,0.9307,49.25,5.7899,2.65922127,0.021084338,4.39345201,2.017032113,0.826088082,0.977847568,0.918099007,0.741635756,20.04.2024 00:09,B-2,0.000867145,1,0.6,5.48,5.34,3.64,3.64,1.7,1.984,1.454557964,4.025442036,3.356,1.314557964,1.025309365,0.362773626,PTQ10_321145,PY-IT_321127,CF,Jonas_DonorAcceptor-NoWDonorWH2-AddInt-NewPTQ10BTP4F12-NoBG-ZnOCorr_PTQ10:PY-IT,Jonas_DonorAcceptor-NoWDonorWH2-AddInt-NewPTQ10BTP4F12-NoBG-ZnOCorr,0.080945641,17.04.2024 12:16,32634_261348_OD_x2y2,x2y2,0.007123616,1,0.6,3,5,0,0,1,0,0,0,0,0,0,1,200,2.043516562,0.091674414,2.190869918,0.7,0.04181791,0.064598427,1.525514614,0.081257569,1.695909367,0.053089467,0.114144727,0.094817788,0.440089586,0.15067104,0.242424242,0.245488828,0.386240481,0.613759519,-0.00153,-0.00117,-0.00526,0,0.00701,0.00065,-0.00126,0.0003,-0.00054,-0.0057,-0.00162,-0.01019,0,-0.00214,0,-0.01233,-0.02104
32634,PTQ10_321145,PTQ10,PY-IT_321127,PY-IT,PTQ10-PY-IT,32634_B-1,CF,1,10,2000,37.56936936,2.0451,0.09264,2.19558,0.7,0.03542,0.06377,1.52712,0.08097,1.69648,0.05893,0.11435,0.10525,0.44009,0.15095,0.24242,0.2562,0.41082,0.58918,0.786,0.32,0.39,53.22886405,14.95836873,7.545854876,0.947713388,1.728775356,1,25.85965923,25.85965923,0.947713388,12.3837,0.9175,46.35,5.2663,2.57466873,0.030213388,6.87886405,2.279554876,0.827877707,0.968119699,0.87076816,0.697906345,20.04.2024 00:09,B-1,0.000660759,0.6,0.6,5.48,5.34,3.64,3.64,1.7,1.984,1.454557964,4.025442036,3.356,1.314557964,1.020923935,0.366844576,PTQ10_321145,PY-IT_321127,CF,Jonas_DonorAcceptor-NoWDonorWH2-AddInt-NewPTQ10BTP4F12-NoBG-ZnOCorr_PTQ10:PY-IT,Jonas_DonorAcceptor-NoWDonorWH2-AddInt-NewPTQ10BTP4F12-NoBG-ZnOCorr,0.081270864,17.04.2024 12:16,32634_261348_OD_x1y2,x1y2,0.007135414,0.6,0.6,3,5,0,0,1,0,0,0,0,0,0,1,200,2.043417082,0.091583168,2.190630386,0.7,0.041904166,0.064603982,1.525601941,0.081250063,1.696021017,0.052980667,0.113989391,0.094623472,0.440089586,0.150465996,0.242424242,0.245089469,0.386077267,0.613922733,-0.00168,-0.00106,-0.00495,0,0.00649,0.00083,-0.00151,0.00028,-0.00046,-0.00595,-0.00037,-0.01063,0,-0.00048,0,-0.01111,-0.02474
59292,PM6_321136,PM6,L8-BO_321144,L8-BO,PM6-L8-BO,59292_A-3,CF + DIO 1%,0,15,4000,0,1.9672,0.08396,2.16268,0.62669,0.02671,0.07163,1.53953,0.09052,1.71861,0.19891,0.1953,0.2745,0.27536,0.31248,0.375,0.58698,0.46765,0.53235,0.38,0.6,0.25,70.33,22.151535,12.96645,0.8323,0,0,0,0,0,0,0,0,0,0,0,0,0,0,0,0,0,0,A-3,0,0,0,0,0,0,0,0,0,0,0,0,0,0,0,PM6_321136,L8-BO_321144,0,0,0,0,0,0,0,0,0,0,0,0,0,0,0,0,0,0,0,0,0,0,0,0,0,0,0,0,0,0,0,0,0,0,0,0,0,0,0,0,0,0,0,0,0,0,0,0,0,0,0,0,0,0,0,0,0,0
59292,PM6_321136,PM6,L8-BO_321144,L8-BO,PM6-L8-BO,59292_B-3,CF + DIO 1%,0,15,4000,0,1.96712,0.08387,2.16286,0.62719,0.0221,0.07063,1.53832,0.09047,1.71747,0.20001,0.19551,0.27601,0.27536,0.31282,0.375,0.58884,0.46874,0.53126,0.38,0.6,0.25,70.32,22.19028,12.969075,0.8311,0,0,0,0,0,0,0,0,0,0,0,0,0,0,0,0,0,0,B-3,0,0,0,0,0,0,0,0,0,0,0,0,0,0,0,PM6_321136,L8-BO_321144,0,0,0,0,0,0,0,0,0,0,0,0,0,0,0,0,0,0,0,0,0,0,0,0,0,0,0,0,0,0,0,0,0,0,0,0,0,0,0,0,0,0,0,0,0,0,0,0,0,0,0,0,0,0,0,0,0,0
59293,PM6_321136,PM6,L8-BO_321144,L8-BO,PM6-L8-BO,59293_A-2,CF + DIO 1%,2,15,4000,0,1.98331,0.08022,2.16557,0.57064,0.0515,0.06736,1.54384,0.09126,1.71439,0.16632,0.16532,0.22952,0.27536,0.25624,0.35484,0.48576,0.4725,0.5275,0.38,0.55,0.22,72.56,24.44022,15.083355,0.8505,0,0,0,0,0,0,0,0,0,0,0,0,0,0,0,0,0,0,A-2,0,0,0,0,0,0,0,0,0,0,0,0,0,0,0,PM6_321136,L8-BO_321144,0,0,0,0,0,0,0,0,0,0,0,0,0,0,0,0,0,0,0,0,0,0,0,0,0,0,0,0,0,0,0,0,0,0,0,0,0,0,0,0,0,0,0,0,0,0,0,0,0,0,0,0,0,0,0,0,0,0
59293,PM6_321136,PM6,L8-BO_321144,L8-BO,PM6-L8-BO,59293_A-3,CF + DIO 1%,2,15,4000,0,1.98372,0.08009,2.16595,0.57861,0.04166,0.06684,1.54517,0.09023,1.71507,0.17969,0.1736,0.24798,0.27536,0.26909,0.35484,0.51706,0.47959,0.52041,0.38,0.55,0.22,72.37,24.5259,15.074325,0.8492,0,0,0,0,0,0,0,0,0,0,0,0,0,0,0,0,0,0,A-3,0,0,0,0,0,0,0,0,0,0,0,0,0,0,0,PM6_321136,L8-BO_321144,0,0,0,0,0,0,0,0,0,0,0,0,0,0,0,0,0,0,0,0,0,0,0,0,0,0,0,0,0,0,0,0,0,0,0,0,0,0,0,0,0,0,0,0,0,0,0,0,0,0,0,0,0,0,0,0,0,0
59293,PM6_321136,PM6,L8-BO_321144,L8-BO,PM6-L8-BO,59293_B-2,CF + DIO 1%,2,15,4000,0,1.98368,0.08004,2.166,0.58223,0.04474,0.06698,1.54481,0.0906,1.71493,0.17462,0.17046,0.24098,0.27536,0.26422,0.35484,0.5052,0.477,0.523,0.38,0.55,0.22,72.55,24.476865,15.082725,0.8493,0,0,0,0,0,0,0,0,0,0,0,0,0,0,0,0,0,0,B-2,0,0,0,0,0,0,0,0,0,0,0,0,0,0,0,PM6_321136,L8-BO_321144,0,0,0,0,0,0,0,0,0,0,0,0,0,0,0,0,0,0,0,0,0,0,0,0,0,0,0,0,0,0,0,0,0,0,0,0,0,0,0,0,0,0,0,0,0,0,0,0,0,0,0,0,0,0,0,0,0,0
59293,PM6_321136,PM6,L8-BO_321144,L8-BO,PM6-L8-BO,59293_B-3,CF + DIO 1%,2,15,4000,0,1.98372,0.08004,2.16605,0.58374,0.04006,0.06681,1.54534,0.09007,1.71534,0.18035,0.1744,0.24888,0.27536,0.27032,0.35484,0.51919,0.47936,0.52064,0.38,0.55,0.22,72.29,24.568845,15.06288,0.8481,0,0,0,0,0,0,0,0,0,0,0,0,0,0,0,0,0,0,B-3,0,0,0,0,0,0,0,0,0,0,0,0,0,0,0,PM6_321136,L8-BO_321144,0,0,0,0,0,0,0,0,0,0,0,0,0,0,0,0,0,0,0,0,0,0,0,0,0,0,0,0,0,0,0,0,0,0,0,0,0,0,0,0,0,0,0,0,0,0,0,0,0,0,0,0,0,0,0,0,0,0
59294,PM6_321136,PM6,L8-BO_321144,L8-BO,PM6-L8-BO,59294_A-2,CF + DIO 1%,0,15,3000,0,1.96943,0.08314,2.16356,0.63864,0.01298,0.06892,1.53997,0.08954,1.71752,0.21454,0.20887,0.29606,0.27536,0.33419,0.375,0.63025,0.46976,0.53024,0.38,0.6,0.25,70.16,22.504125,13.015905,0.8244,0,0,0,0,0,0,0,0,0,0,0,0,0,0,0,0,0,0,A-2,0,0,0,0,0,0,0,0,0,0,0,0,0,0,0,PM6_321136,L8-BO_321144,0,0,0,0,0,0,0,0,0,0,0,0,0,0,0,0,0,0,0,0,0,0,0,0,0,0,0,0,0,0,0,0,0,0,0,0,0,0,0,0,0,0,0,0,0,0,0,0,0,0,0,0,0,0,0,0,0,0
59294,PM6_321136,PM6,L8-BO_321144,L8-BO,PM6-L8-BO,59294_A-3,CF + DIO 1%,0,15,3000,0,1.9688,0.08321,2.16269,0.64091,0.01585,0.06605,1.53727,0.08943,1.71423,0.20795,0.20375,0.28698,0.27536,0.326,0.375,0.61297,0.46817,0.53183,0.38,0.6,0.25,69.58,22.527225,12.97443,0.8277,0,0,0,0,0,0,0,0,0,0,0,0,0,0,0,0,0,0,A-3,0,0,0,0,0,0,0,0,0,0,0,0,0,0,0,PM6_321136,L8-BO_321144,0,0,0,0,0,0,0,0,0,0,0,0,0,0,0,0,0,0,0,0,0,0,0,0,0,0,0,0,0,0,0,0,0,0,0,0,0,0,0,0,0,0,0,0,0,0,0,0,0,0,0,0,0,0,0,0,0,0
59294,PM6_321136,PM6,L8-BO_321144,L8-BO,PM6-L8-BO,59294_B-2,CF + DIO 1%,0,15,3000,0,1.96986,0.08321,2.16352,0.63496,0.01845,0.06866,1.53956,0.08965,1.71721,0.21038,0.2047,0.29033,0.27536,0.32752,0.375,0.61785,0.4699,0.5301,0.38,0.6,0.25,70.11,22.54035,13.00971,0.8233,0,0,0,0,0,0,0,0,0,0,0,0,0,0,0,0,0,0,B-2,0,0,0,0,0,0,0,0,0,0,0,0,0,0,0,PM6_321136,L8-BO_321144,0,0,0,0,0,0,0,0,0,0,0,0,0,0,0,0,0,0,0,0,0,0,0,0,0,0,0,0,0,0,0,0,0,0,0,0,0,0,0,0,0,0,0,0,0,0,0,0,0,0,0,0,0,0,0,0,0,0
59294,PM6_321136,PM6,L8-BO_321144,L8-BO,PM6-L8-BO,59294_B-3,CF + DIO 1%,0,15,3000,0,1.96996,0.08307,2.16405,0.62692,0.02689,0.06688,1.5383,0.08987,1.71521,0.20308,0.19848,0.28025,0.27536,0.31756,0.375,0.59781,0.4688,0.5312,0.38,0.6,0.25,69.55,22.557465,12.96939,0.8267,0,0,0,0,0,0,0,0,0,0,0,0,0,0,0,0,0,0,B-3,0,0,0,0,0,0,0,0,0,0,0,0,0,0,0,PM6_321136,L8-BO_321144,0,0,0,0,0,0,0,0,0,0,0,0,0,0,0,0,0,0,0,0,0,0,0,0,0,0,0,0,0,0,0,0,0,0,0,0,0,0,0,0,0,0,0,0,0,0,0,0,0,0,0,0,0,0,0,0,0,0
59295,PM6_321136,PM6,L8-BO_321144,L8-BO,PM6-L8-BO,59295_A-3,CF + DIO 1%,2,15,3000,0,1.98363,0.07936,2.16552,0.61282,0.01397,0.06558,1.54713,0.08788,1.71667,0.21624,0.19903,0.29841,0.27536,0.3085,0.35484,0.60691,0.49169,0.50831,0.38,0.55,0.22,70.69,23.48283,13.960905,0.8411,0,0,0,0,0,0,0,0,0,0,0,0,0,0,0,0,0,0,A-3,0,0,0,0,0,0,0,0,0,0,0,0,0,0,0,PM6_321136,L8-BO_321144,0,0,0,0,0,0,0,0,0,0,0,0,0,0,0,0,0,0,0,0,0,0,0,0,0,0,0,0,0,0,0,0,0,0,0,0,0,0,0,0,0,0,0,0,0,0,0,0,0,0,0,0,0,0,0,0,0,0
59295,PM6_321136,PM6,L8-BO_321144,L8-BO,PM6-L8-BO,59295_B-3,CF + DIO 1%,2,15,3000,0,1.98392,0.07935,2.16566,0.61137,0.00936,0.06559,1.54708,0.08816,1.7162,0.22396,0.20402,0.30907,0.27536,0.31623,0.35484,0.6253,0.49427,0.50573,0.38,0.55,0.22,70.64,23.512125,13.95345,0.8401,0,0,0,0,0,0,0,0,0,0,0,0,0,0,0,0,0,0,B-3,0,0,0,0,0,0,0,0,0,0,0,0,0,0,0,PM6_321136,L8-BO_321144,0,0,0,0,0,0,0,0,0,0,0,0,0,0,0,0,0,0,0,0,0,0,0,0,0,0,0,0,0,0,0,0,0,0,0,0,0,0,0,0,0,0,0,0,0,0,0,0,0,0,0,0,0,0,0,0,0,0
59296,PM6_321136,PM6,L8-BO_321144,L8-BO,PM6-L8-BO,59296_A-2,CF + DIO 1%,0,15,2000,0,1.96752,0.08241,2.1615,0.68788,0,0.0672,1.53966,0.08802,1.71713,0.24,0.23212,0.3312,0.27536,0.37139,0.375,0.70259,0.4714,0.5286,0.38,0.6,0.25,68.5,20.42712,11.56218,0.8263,0,0,0,0,0,0,0,0,0,0,0,0,0,0,0,0,0,0,A-2,0,0,0,0,0,0,0,0,0,0,0,0,0,0,0,PM6_321136,L8-BO_321144,0,0,0,0,0,0,0,0,0,0,0,0,0,0,0,0,0,0,0,0,0,0,0,0,0,0,0,0,0,0,0,0,0,0,0,0,0,0,0,0,0,0,0,0,0,0,0,0,0,0,0,0,0,0,0,0,0,0
59296,PM6_321136,PM6,L8-BO_321144,L8-BO,PM6-L8-BO,59296_A-3,CF + DIO 1%,0,15,2000,0,1.96914,0.08168,2.16203,0.69259,0,0.06445,1.53867,0.08746,1.71468,0.25305,0.24293,0.34921,0.27536,0.38868,0.375,0.7379,0.47326,0.52674,0.38,0.6,0.25,68.67,20.936265,11.858385,0.8248,0,0,0,0,0,0,0,0,0,0,0,0,0,0,0,0,0,0,A-3,0,0,0,0,0,0,0,0,0,0,0,0,0,0,0,PM6_321136,L8-BO_321144,0,0,0,0,0,0,0,0,0,0,0,0,0,0,0,0,0,0,0,0,0,0,0,0,0,0,0,0,0,0,0,0,0,0,0,0,0,0,0,0,0,0,0,0,0,0,0,0,0,0,0,0,0,0,0,0,0,0
59296,PM6_321136,PM6,L8-BO_321144,L8-BO,PM6-L8-BO,59296_B-2,CF + DIO 1%,0,15,2000,0,1.96854,0.08218,2.16198,0.68842,0,0.06556,1.53876,0.08784,1.71576,0.2429,0.23491,0.3352,0.27536,0.37586,0.375,0.71106,0.47141,0.52859,0.38,0.6,0.25,68.5,20.48193,11.575305,0.825,0,0,0,0,0,0,0,0,0,0,0,0,0,0,0,0,0,0,B-2,0,0,0,0,0,0,0,0,0,0,0,0,0,0,0,PM6_321136,L8-BO_321144,0,0,0,0,0,0,0,0,0,0,0,0,0,0,0,0,0,0,0,0,0,0,0,0,0,0,0,0,0,0,0,0,0,0,0,0,0,0,0,0,0,0,0,0,0,0,0,0,0,0,0,0,0,0,0,0,0,0
59296,PM6_321136,PM6,L8-BO_321144,L8-BO,PM6-L8-BO,59296_B-3,CF + DIO 1%,0,15,2000,0,1.97021,0.08189,2.16285,0.68681,0,0.06485,1.53934,0.08758,1.71552,0.2528,0.24233,0.34886,0.27536,0.38773,0.375,0.73659,0.47362,0.52638,0.38,0.6,0.25,68.68,20.973225,11.862795,0.8235,0,0,0,0,0,0,0,0,0,0,0,0,0,0,0,0,0,0,B-3,0,0,0,0,0,0,0,0,0,0,0,0,0,0,0,PM6_321136,L8-BO_321144,0,0,0,0,0,0,0,0,0,0,0,0,0,0,0,0,0,0,0,0,0,0,0,0,0,0,0,0,0,0,0,0,0,0,0,0,0,0,0,0,0,0,0,0,0,0,0,0,0,0,0,0,0,0,0,0,0,0
59297,PM6_321136,PM6,L8-BO_321144,L8-BO,PM6-L8-BO,59297_A-2,CF + DIO 1%,2,15,2000,0,1.98356,0.07869,2.16516,0.6184,0,0.06583,1.54694,0.08702,1.71861,0.27132,0.24678,0.37443,0.27536,0.3825,0.35484,0.75693,0.49466,0.50534,0.38,0.55,0.22,52.94,23.12457,10.16442,0.8303,0,0,0,0,0,0,0,0,0,0,0,0,0,0,0,0,0,0,A-2,0,0,0,0,0,0,0,0,0,0,0,0,0,0,0,PM6_321136,L8-BO_321144,0,0,0,0,0,0,0,0,0,0,0,0,0,0,0,0,0,0,0,0,0,0,0,0,0,0,0,0,0,0,0,0,0,0,0,0,0,0,0,0,0,0,0,0,0,0,0,0,0,0,0,0,0,0,0,0,0,0
59297,PM6_321136,PM6,L8-BO_321144,L8-BO,PM6-L8-BO,59297_A-3,CF + DIO 1%,2,15,2000,0,1.98373,0.07877,2.16512,0.61995,0,0.06598,1.54658,0.08755,1.71798,0.2719,0.247,0.37522,0.27536,0.38286,0.35484,0.75808,0.49497,0.50503,0.38,0.55,0.22,69.37,23.545095,13.582905,0.8316,0,0,0,0,0,0,0,0,0,0,0,0,0,0,0,0,0,0,A-3,0,0,0,0,0,0,0,0,0,0,0,0,0,0,0,PM6_321136,L8-BO_321144,0,0,0,0,0,0,0,0,0,0,0,0,0,0,0,0,0,0,0,0,0,0,0,0,0,0,0,0,0,0,0,0,0,0,0,0,0,0,0,0,0,0,0,0,0,0,0,0,0,0,0,0,0,0,0,0,0,0
59297,PM6_321136,PM6,L8-BO_321144,L8-BO,PM6-L8-BO,59297_B-2,CF + DIO 1%,2,15,2000,0,1.98419,0.07833,2.16524,0.62847,0.00101,0.0642,1.54768,0.08645,1.71763,0.26418,0.24312,0.36457,0.27536,0.37683,0.35484,0.7414,0.49173,0.50827,0.38,0.55,0.22,54.61,23.20227,10.50336,0.829,0,0,0,0,0,0,0,0,0,0,0,0,0,0,0,0,0,0,B-2,0,0,0,0,0,0,0,0,0,0,0,0,0,0,0,PM6_321136,L8-BO_321144,0,0,0,0,0,0,0,0,0,0,0,0,0,0,0,0,0,0,0,0,0,0,0,0,0,0,0,0,0,0,0,0,0,0,0,0,0,0,0,0,0,0,0,0,0,0,0,0,0,0,0,0,0,0,0,0,0,0
59297,PM6_321136,PM6,L8-BO_321144,L8-BO,PM6-L8-BO,59297_B-3,CF + DIO 1%,2,15,2000,0,1.98392,0.07867,2.16516,0.62018,0,0.06544,1.5468,0.08744,1.71734,0.27155,0.24447,0.37474,0.27536,0.37893,0.35484,0.75366,0.49722,0.50278,0.38,0.55,0.22,69.37,23.583945,13.58679,0.8305,0,0,0,0,0,0,0,0,0,0,0,0,0,0,0,0,0,0,B-3,0,0,0,0,0,0,0,0,0,0,0,0,0,0,0,PM6_321136,L8-BO_321144,0,0,0,0,0,0,0,0,0,0,0,0,0,0,0,0,0,0,0,0,0,0,0,0,0,0,0,0,0,0,0,0,0,0,0,0,0,0,0,0,0,0,0,0,0,0,0,0,0,0,0,0,0,0,0,0,0,0
59298,PM6_321136,PM6,L8-BO_321144,L8-BO,PM6-L8-BO,59298_A-2,CF + DIO 1%,0,15,1300,0,1.97767,0.07962,2.16497,0.71195,0,0.05206,1.5307,0.08947,1.6959,0.29049,0.28221,0.40087,0.27536,0.45154,0.375,0.85241,0.47028,0.52972,0.38,0.6,0.25,66.61,20.83893,11.448255,0.8248,0,0,0,0,0,0,0,0,0,0,0,0,0,0,0,0,0,0,A-2,0,0,0,0,0,0,0,0,0,0,0,0,0,0,0,PM6_321136,L8-BO_321144,0,0,0,0,0,0,0,0,0,0,0,0,0,0,0,0,0,0,0,0,0,0,0,0,0,0,0,0,0,0,0,0,0,0,0,0,0,0,0,0,0,0,0,0,0,0,0,0,0,0,0,0,0,0,0,0,0,0
59298,PM6_321136,PM6,L8-BO_321144,L8-BO,PM6-L8-BO,59298_A-3,CF + DIO 1%,0,15,1300,0,1.97935,0.07917,2.16606,0.70604,0,0.0509,1.53049,0.09038,1.69322,0.30537,0.29932,0.4214,0.27536,0.47892,0.375,0.90032,0.46806,0.53194,0.38,0.6,0.25,70.48,22.715805,13.76844,0.86,0,0,0,0,0,0,0,0,0,0,0,0,0,0,0,0,0,0,A-3,0,0,0,0,0,0,0,0,0,0,0,0,0,0,0,PM6_321136,L8-BO_321144,0,0,0,0,0,0,0,0,0,0,0,0,0,0,0,0,0,0,0,0,0,0,0,0,0,0,0,0,0,0,0,0,0,0,0,0,0,0,0,0,0,0,0,0,0,0,0,0,0,0,0,0,0,0,0,0,0,0
59298,PM6_321136,PM6,L8-BO_321144,L8-BO,PM6-L8-BO,59298_B-2,CF + DIO 1%,0,15,1300,0,1.9741,0.08015,2.16381,0.71093,0,0.05796,1.53152,0.08825,1.70434,0.29858,0.28658,0.41204,0.27536,0.45854,0.375,0.87057,0.47329,0.52671,0.38,0.6,0.25,66.61,20.890905,11.45802,0.8235,0,0,0,0,0,0,0,0,0,0,0,0,0,0,0,0,0,0,B-2,0,0,0,0,0,0,0,0,0,0,0,0,0,0,0,PM6_321136,L8-BO_321144,0,0,0,0,0,0,0,0,0,0,0,0,0,0,0,0,0,0,0,0,0,0,0,0,0,0,0,0,0,0,0,0,0,0,0,0,0,0,0,0,0,0,0,0,0,0,0,0,0,0,0,0,0,0,0,0,0,0
59298,PM6_321136,PM6,L8-BO_321144,L8-BO,PM6-L8-BO,59298_B-3,CF + DIO 1%,0,15,1300,0,1.9799,0.07955,2.16606,0.69806,0,0.04968,1.53044,0.09071,1.69128,0.26036,0.25503,0.3593,0.27536,0.40805,0.375,0.76735,0.46824,0.53176,0.38,0.6,0.25,70.45,22.762005,13.7739,0.859,0,0,0,0,0,0,0,0,0,0,0,0,0,0,0,0,0,0,B-3,0,0,0,0,0,0,0,0,0,0,0,0,0,0,0,PM6_321136,L8-BO_321144,0,0,0,0,0,0,0,0,0,0,0,0,0,0,0,0,0,0,0,0,0,0,0,0,0,0,0,0,0,0,0,0,0,0,0,0,0,0,0,0,0,0,0,0,0,0,0,0,0,0,0,0,0,0,0,0,0,0
59299,PM6_321136,PM6,L8-BO_321144,L8-BO,PM6-L8-BO,59299_A-2,CF + DIO 1%,2,15,1300,0,1.99067,0.07641,2.16829,0.61701,0.06184,0.05143,1.55369,0.0828,1.70608,0.29813,0.29509,0.41142,0.27536,0.45739,0.35484,0.86881,0.47354,0.52646,0.38,0.55,0.22,61.95,18.289005,9.577995,0.8453,0,0,0,0,0,0,0,0,0,0,0,0,0,0,0,0,0,0,A-2,0,0,0,0,0,0,0,0,0,0,0,0,0,0,0,PM6_321136,L8-BO_321144,0,0,0,0,0,0,0,0,0,0,0,0,0,0,0,0,0,0,0,0,0,0,0,0,0,0,0,0,0,0,0,0,0,0,0,0,0,0,0,0,0,0,0,0,0,0,0,0,0,0,0,0,0,0,0,0,0,0
59299,PM6_321136,PM6,L8-BO_321144,L8-BO,PM6-L8-BO,59299_A-3,CF + DIO 1%,2,15,1300,0,1.98627,0.07718,2.16594,0.62796,0.05104,0.05922,1.55206,0.0827,1.71612,0.30755,0.29777,0.42442,0.27536,0.46154,0.35484,0.88596,0.47905,0.52095,0.38,0.55,0.22,64.85,21.62265,12.09012,0.8622,0,0,0,0,0,0,0,0,0,0,0,0,0,0,0,0,0,0,A-3,0,0,0,0,0,0,0,0,0,0,0,0,0,0,0,PM6_321136,L8-BO_321144,0,0,0,0,0,0,0,0,0,0,0,0,0,0,0,0,0,0,0,0,0,0,0,0,0,0,0,0,0,0,0,0,0,0,0,0,0,0,0,0,0,0,0,0,0,0,0,0,0,0,0,0,0,0,0,0,0,0
59299,PM6_321136,PM6,L8-BO_321144,L8-BO,PM6-L8-BO,59299_B-2,CF + DIO 1%,2,15,1300,0,1.99094,0.07656,2.16904,0.60804,0.04716,0.04887,1.55134,0.08426,1.70108,0.28365,0.28065,0.39143,0.27536,0.435,0.35484,0.82643,0.47364,0.52636,0.38,0.55,0.22,61.93,18.30969,9.568755,0.8439,0,0,0,0,0,0,0,0,0,0,0,0,0,0,0,0,0,0,B-2,0,0,0,0,0,0,0,0,0,0,0,0,0,0,0,PM6_321136,L8-BO_321144,0,0,0,0,0,0,0,0,0,0,0,0,0,0,0,0,0,0,0,0,0,0,0,0,0,0,0,0,0,0,0,0,0,0,0,0,0,0,0,0,0,0,0,0,0,0,0,0,0,0,0,0,0,0,0,0,0,0
59299,PM6_321136,PM6,L8-BO_321144,L8-BO,PM6-L8-BO,59299_B-3,CF + DIO 1%,2,15,1300,0,1.99294,0.07615,2.16945,0.61076,0.04976,0.04895,1.55477,0.08353,1.70102,0.27672,0.28182,0.38187,0.27536,0.43682,0.35484,0.81869,0.46644,0.53356,0.38,0.55,0.22,64.89,21.624855,12.08214,0.8611,0,0,0,0,0,0,0,0,0,0,0,0,0,0,0,0,0,0,B-3,0,0,0,0,0,0,0,0,0,0,0,0,0,0,0,PM6_321136,L8-BO_321144,0,0,0,0,0,0,0,0,0,0,0,0,0,0,0,0,0,0,0,0,0,0,0,0,0,0,0,0,0,0,0,0,0,0,0,0,0,0,0,0,0,0,0,0,0,0,0,0,0,0,0,0,0,0,0,0,0,0
