plan_Info_PID,plan_Solutions_1_M1,plan_Solutions_1_M2,plan_Solutions_1_S1,plan_Solutions_1_ann. time,plan_Solutions_1_conc.,plan_Solutions_1_speed,features_A.1.c_UV,features_A.1.w_UV,features_A.1a.w_UV,features_A.2.a_UV,features_A_UV,features_Atot_UV,features_D.1.c_UV,features_D.1.w_UV,features_D.1a.a_UV,features_D.1a.c_UV,features_D.1a.w_UV,features_D.2.a_UV,features_D.2.c_UV,features_D.2.w_UV,features_D_UV,features_Dtot_UV,features_XA_UV,features_XD_UV,features_XamA_UV,features_XamD_UV,features_atot_UV,FF_IV,JSC_IV,PCE_IV,VOC_IV,date_IV,pos_IV,sigp_IV,xpos_IV,ypos_IV,EnergyLevel_HOMO_Acceptor,EnergyLevel_HOMO_Donor,EnergyLevel_LUMO_Acceptor,EnergyLevel_LUMO_Donor,EnergyLevel_Offset,plan2_Solutions_1_M1,plan2_Solutions_1_M2,plan2_Solutions_1_S1,FitSessionName,Overall_FitSessionName,FOM_UV,date_UV,name_UV,pos_UV,res_UV,xpos_UV,ypos_UV,PseudoFeature_M1,PseudoFeature_M2,HotOneEncoded_plan_Solutions_1_M1_PM6_321136,HotOneEncoded_plan_Solutions_1_M1_PTVT-T_321032,HotOneEncoded_plan_Solutions_1_M1_PTQ10_321145,HotOneEncoded_plan_Solutions_1_M1_PCE10_120058,HotOneEncoded_plan_Solutions_1_M1_D18CL_323001,HotOneEncoded_plan_Solutions_1_M2_BTP-4F-12 (Y12)_321125,HotOneEncoded_plan_Solutions_1_M2_ITIC_120057,HotOneEncoded_plan_Solutions_1_M2_ITIC-4F_120033,HotOneEncoded_plan_Solutions_1_M2_L8-BO_321144,HotOneEncoded_plan_Solutions_1_M2_PY-IT_321127,Paper_PID
25288,PM6_321136,BTP-4F-12 (Y12)_321125,xylene,0,27,2000,1.523538019,0.06702985,0.101697487,0.360634479,0.304518229,0.517680988,1.97474413,0.063834997,0.61,2.105300304,0.08422848,0.9,2.280000015,0.116925613,0.256719679,0.413318683,0.556048519,0.443951481,0.411764705,0.378881988,0.930999671,47.9164555,24.64660334,9.778906442,0.828034688,13.11.2023 14:10,B-3,5.19E-07,1.4,0.6,5.53,5.33,3.77,3.38,1.56,PM6_321136,BTP-4F-12 (Y12)_321125,xylene,Jonas_DonorAcceptor-3bands-NoBG-ZnOCorr-NoInt_PM6:BTP-4F-12 (Y12),Jonas_DonorAcceptor-3bands-NoBG-ZnOCorr-NoInt,556193146.1,24.10.2023 13:30,25288_187767_OD_x3y2,x3y2,0.005317352,1.4,0.6,1,1,1,0,0,0,0,1,0,0,0,0,1
25288,PM6_321136,BTP-4F-12 (Y12)_321125,xylene,0,27,2000,1.523854278,0.067131217,0.102065253,0.357582139,0.306154473,0.520462604,1.9748139,0.064032291,0.609999993,2.105943684,0.08454799,0.9,2.28174311,0.117839556,0.258596282,0.416340012,0.555573388,0.444426612,0.411764705,0.378881985,0.936802616,47.80576817,24.20833204,9.596256312,0.829194992,13.11.2023 14:10,A-3,1.75E-06,1.4,1.4,5.53,5.33,3.77,3.38,1.56,PM6_321136,BTP-4F-12 (Y12)_321125,xylene,Jonas_DonorAcceptor-3bands-NoBG-ZnOCorr-NoInt_PM6:BTP-4F-12 (Y12),Jonas_DonorAcceptor-3bands-NoBG-ZnOCorr-NoInt,555439154.8,24.10.2023 13:30,25288_187767_OD_x3y1,x3y1,0.00530163,1.4,1.4,1,1,1,0,0,0,0,1,0,0,0,0,1
25288,PM6_321136,BTP-4F-12 (Y12)_321125,xylene,0,27,2000,1.523088657,0.066995403,0.102344286,0.39305139,0.301905047,0.51323858,1.9753454,0.064037801,0.61,2.10705612,0.083832022,0.9,2.281179508,0.116065796,0.255848846,0.411916642,0.554759426,0.445240574,0.411764706,0.378881988,0.925155222,47.56083048,24.32561568,9.581414878,0.828164052,13.11.2023 14:10,B-1,5.13E-07,0.6,0.6,5.53,5.33,3.77,3.38,1.56,PM6_321136,BTP-4F-12 (Y12)_321125,xylene,Jonas_DonorAcceptor-3bands-NoBG-ZnOCorr-NoInt_PM6:BTP-4F-12 (Y12),Jonas_DonorAcceptor-3bands-NoBG-ZnOCorr-NoInt,576649678.8,24.10.2023 13:30,25288_187767_OD_x1y2,x1y2,0.005311567,0.6,0.6,1,1,1,0,0,0,0,1,0,0,0,0,1
25288,PM6_321136,BTP-4F-12 (Y12)_321125,xylene,0,27,2000,1.523514432,0.06708563,0.102383409,0.380481886,0.303529526,0.516000194,1.975092375,0.064017781,0.61,2.106477679,0.084038771,0.9,2.280575651,0.116432064,0.256454884,0.412892364,0.555500407,0.444499593,0.411764706,0.378881988,0.928892558,47.62976296,24.21433651,9.573079611,0.830043163,13.11.2023 14:10,A-1,5.55E-07,0.6,1.4,5.53,5.33,3.77,3.38,1.56,PM6_321136,BTP-4F-12 (Y12)_321125,xylene,Jonas_DonorAcceptor-3bands-NoBG-ZnOCorr-NoInt_PM6:BTP-4F-12 (Y12),Jonas_DonorAcceptor-3bands-NoBG-ZnOCorr-NoInt,543495094.6,24.10.2023 13:30,25288_187767_OD_x1y1,x1y1,0.005302612,0.6,1.4,1,1,1,0,0,0,0,1,0,0,0,0,1
25289,PM6_321136,BTP-4F-12 (Y12)_321125,xylene,0,25,2000,1.523489236,0.064012511,0.098345626,0.462345718,0.256671324,0.436341251,1.97709464,0.063147406,0.61,2.108399822,0.081691248,0.899999999,2.28,0.112436124,0.221928598,0.357305044,0.549793093,0.450206907,0.411764706,0.378881988,0.793646294,51.8182822,27.23962347,11.67990146,0.827475353,13.11.2023 14:13,B-3,2.56E-06,1.4,0.6,5.53,5.33,3.77,3.38,1.56,PM6_321136,BTP-4F-12 (Y12)_321125,xylene,Jonas_DonorAcceptor-3bands-NoBG-ZnOCorr-NoInt_PM6:BTP-4F-12 (Y12),Jonas_DonorAcceptor-3bands-NoBG-ZnOCorr-NoInt,762772927,24.10.2023 13:35,25289_187768_OD_x3y2,x3y2,0.00633591,1.4,0.6,1,1,1,0,0,0,0,1,0,0,0,0,2
25289,PM6_321136,BTP-4F-12 (Y12)_321125,xylene,0,25,2000,1.522817148,0.064121858,0.098481716,0.467525898,0.257807546,0.438272828,1.977134822,0.062986785,0.61,2.108580743,0.081373313,0.9,2.28,0.111988779,0.222661621,0.35848521,0.550070168,0.449929832,0.411764706,0.378881988,0.796758038,51.38096039,27.30688007,11.61874816,0.828104296,13.11.2023 14:13,B-1,4.33E-06,0.6,0.6,5.53,5.33,3.77,3.38,1.56,PM6_321136,BTP-4F-12 (Y12)_321125,xylene,Jonas_DonorAcceptor-3bands-NoBG-ZnOCorr-NoInt_PM6:BTP-4F-12 (Y12),Jonas_DonorAcceptor-3bands-NoBG-ZnOCorr-NoInt,708484285.5,24.10.2023 13:35,25289_187768_OD_x1y2,x1y2,0.006198761,0.6,0.6,1,1,1,0,0,0,0,1,0,0,0,0,2
25289,PM6_321136,BTP-4F-12 (Y12)_321125,xylene,0,25,2000,1.523374719,0.064167171,0.098464429,0.460928965,0.258769283,0.439907781,1.976946091,0.0631515,0.61,2.108240191,0.081675575,0.9,2.28,0.11235843,0.223479343,0.359801742,0.55008446,0.44991554,0.411764706,0.378881988,0.799709522,51.84126249,26.98428297,11.58858356,0.828407276,13.11.2023 14:13,A-3,2.46E-06,1.4,1.4,5.53,5.33,3.77,3.38,1.56,PM6_321136,BTP-4F-12 (Y12)_321125,xylene,Jonas_DonorAcceptor-3bands-NoBG-ZnOCorr-NoInt_PM6:BTP-4F-12 (Y12),Jonas_DonorAcceptor-3bands-NoBG-ZnOCorr-NoInt,736983278.7,24.10.2023 13:35,25289_187768_OD_x3y1,x3y1,0.006238695,1.4,1.4,1,1,1,0,0,0,0,1,0,0,0,0,2
25289,PM6_321136,BTP-4F-12 (Y12)_321125,xylene,0,25,2000,1.52348642,0.064440402,0.098657736,0.442130494,0.264050298,0.448885506,1.976737576,0.063144325,0.61,2.107742326,0.082001018,0.899999996,2.28,0.113206607,0.227668363,0.366546065,0.55048826,0.44951174,0.411764706,0.378881988,0.815431571,50.93764906,27.17650194,11.4837477,0.82956647,13.11.2023 14:13,A-1,3.81E-06,0.6,1.4,5.53,5.33,3.77,3.38,1.56,PM6_321136,BTP-4F-12 (Y12)_321125,xylene,Jonas_DonorAcceptor-3bands-NoBG-ZnOCorr-NoInt_PM6:BTP-4F-12 (Y12),Jonas_DonorAcceptor-3bands-NoBG-ZnOCorr-NoInt,707826897.6,24.10.2023 13:35,25289_187768_OD_x1y1,x1y1,0.006146545,0.6,1.4,1,1,1,0,0,0,0,1,0,0,0,0,2
25290,PM6_321136,BTP-4F-12 (Y12)_321125,xylene,0,23,2000,1.524235618,0.064874404,0.102725509,0.5,0.211723629,0.35993017,1.97569196,0.063342869,0.61,2.108986789,0.081745151,0.9,2.280208553,0.111730417,0.180820723,0.291121365,0.552844362,0.447155638,0.411764706,0.378881988,0.651051534,58.52467295,26.37225273,12.81880177,0.83054125,13.11.2023 14:15,A-1,8.11E-07,0.6,1.4,5.53,5.33,3.77,3.38,1.56,PM6_321136,BTP-4F-12 (Y12)_321125,xylene,Jonas_DonorAcceptor-3bands-NoBG-ZnOCorr-NoInt_PM6:BTP-4F-12 (Y12),Jonas_DonorAcceptor-3bands-NoBG-ZnOCorr-NoInt,4465862311,24.10.2023 13:41,25290_187773_OD_x1y1,x1y1,0.006355631,0.6,1.4,1,1,1,0,0,0,0,1,0,0,0,0,3
25290,PM6_321136,BTP-4F-12 (Y12)_321125,xylene,0,23,2000,1.524789687,0.064556547,0.102397349,0.5,0.212958614,0.362029643,1.975859393,0.063320014,0.61,2.108998614,0.081737632,0.9,2.28,0.111667998,0.182084186,0.29315554,0.552560792,0.447439208,0.411764706,0.378881988,0.655185183,58.39748995,26.383395,12.78568531,0.829849145,13.11.2023 14:15,B-1,1.12E-06,0.6,0.6,5.53,5.33,3.77,3.38,1.56,PM6_321136,BTP-4F-12 (Y12)_321125,xylene,Jonas_DonorAcceptor-3bands-NoBG-ZnOCorr-NoInt_PM6:BTP-4F-12 (Y12),Jonas_DonorAcceptor-3bands-NoBG-ZnOCorr-NoInt,4281146965,24.10.2023 13:41,25290_187773_OD_x1y2,x1y2,0.00647864,0.6,0.6,1,1,1,0,0,0,0,1,0,0,0,0,3
25290,PM6_321136,BTP-4F-12 (Y12)_321125,xylene,0,23,2000,1.525644986,0.064476423,0.102746085,0.5,0.21189642,0.360223913,1.975952195,0.063428259,0.61,2.109082771,0.081941473,0.9,2.280112546,0.111911632,0.181271589,0.291847258,0.552430362,0.447569638,0.411764706,0.378881988,0.652071171,58.20494287,26.23225512,12.66127715,0.829243394,13.11.2023 14:15,B-3,1.35E-06,1.4,0.6,5.53,5.33,3.77,3.38,1.56,PM6_321136,BTP-4F-12 (Y12)_321125,xylene,Jonas_DonorAcceptor-3bands-NoBG-ZnOCorr-NoInt_PM6:BTP-4F-12 (Y12),Jonas_DonorAcceptor-3bands-NoBG-ZnOCorr-NoInt,5082779964,24.10.2023 13:41,25290_187773_OD_x3y2,x3y2,0.006472004,1.4,0.6,1,1,1,0,0,0,0,1,0,0,0,0,3
25290,PM6_321136,BTP-4F-12 (Y12)_321125,xylene,0,23,2000,1.524616204,0.06585143,0.105730972,0.5,0.205907756,0.350043185,1.976094339,0.064393215,0.61,2.113800307,0.084061509,0.9,2.292079826,0.117855469,0.178796462,0.287862304,0.548738318,0.451261682,0.411764706,0.378881988,0.637905489,57.76419676,25.99830155,12.44292373,0.828550004,13.11.2023 14:15,A-3,1.30E-06,1.4,1.4,5.53,5.33,3.77,3.38,1.56,PM6_321136,BTP-4F-12 (Y12)_321125,xylene,Jonas_DonorAcceptor-3bands-NoBG-ZnOCorr-NoInt_PM6:BTP-4F-12 (Y12),Jonas_DonorAcceptor-3bands-NoBG-ZnOCorr-NoInt,12379847597,24.10.2023 13:41,25290_187773_OD_x3y1,x3y1,0.006466973,1.4,1.4,1,1,1,0,0,0,0,1,0,0,0,0,3
25291,PM6_321136,BTP-4F-12 (Y12)_321125,xylene,0,23,1000,1.526235219,0.070988923,0.106252167,0.135066304,0.36918399,0.627612783,1.968840166,0.064888026,0.61,2.100978792,0.091675534,0.9,2.288317135,0.13138386,0.303544472,0.488706599,0.562216148,0.437783852,0.411764706,0.378881988,1.116319382,46.56550351,25.63623761,9.789595369,0.820060984,13.11.2023 14:18,A-1,2.80E-06,0.6,1.4,5.53,5.33,3.77,3.38,1.56,PM6_321136,BTP-4F-12 (Y12)_321125,xylene,Jonas_DonorAcceptor-3bands-NoBG-ZnOCorr-NoInt_PM6:BTP-4F-12 (Y12),Jonas_DonorAcceptor-3bands-NoBG-ZnOCorr-NoInt,1394215097,24.10.2023 13:47,25291_187774_OD_x1y1,x1y1,0.00645646,0.6,1.4,1,1,1,0,0,0,0,1,0,0,0,0,4
25291,PM6_321136,BTP-4F-12 (Y12)_321125,xylene,0,23,1000,1.524068645,0.068693631,0.11,0.5,0.319192119,0.542626602,1.975934208,0.064923068,0.61,2.11333964,0.08366652,0.9,2.28676331,0.114138074,0.271779555,0.437565084,0.553592333,0.446407667,0.411764706,0.378881988,0.980191686,46.55947455,25.64821416,9.768586131,0.818024872,13.11.2023 14:18,B-1,3.33E-06,0.6,0.6,5.53,5.33,3.77,3.38,1.56,PM6_321136,BTP-4F-12 (Y12)_321125,xylene,Jonas_DonorAcceptor-3bands-NoBG-ZnOCorr-NoInt_PM6:BTP-4F-12 (Y12),Jonas_DonorAcceptor-3bands-NoBG-ZnOCorr-NoInt,18955407380,24.10.2023 13:47,25291_187774_OD_x1y2,x1y2,0.00628363,0.6,0.6,1,1,1,0,0,0,0,1,0,0,0,0,4
25291,PM6_321136,BTP-4F-12 (Y12)_321125,xylene,0,23,1000,1.524464408,0.068381918,0.11,0.5,0.316226737,0.537585453,1.975688,0.064762459,0.61,2.112835248,0.083488455,0.9,2.286019112,0.113723721,0.268508264,0.432298305,0.55427823,0.44572177,0.411764706,0.378881988,0.969883758,46.59625217,24.99811604,9.555223511,0.820318647,13.11.2023 14:18,A-3,2.99E-06,1.4,1.4,5.53,5.33,3.77,3.38,1.56,PM6_321136,BTP-4F-12 (Y12)_321125,xylene,Jonas_DonorAcceptor-3bands-NoBG-ZnOCorr-NoInt_PM6:BTP-4F-12 (Y12),Jonas_DonorAcceptor-3bands-NoBG-ZnOCorr-NoInt,18991204988,24.10.2023 13:47,25291_187774_OD_x3y1,x3y1,0.006197032,1.4,1.4,1,1,1,0,0,0,0,1,0,0,0,0,4
25291,PM6_321136,BTP-4F-12 (Y12)_321125,xylene,0,23,1000,1.524318879,0.068631612,0.11,0.5,0.319917333,0.543859466,1.975771471,0.064819473,0.61,2.112863333,0.083444694,0.9,2.28587615,0.113658663,0.271095837,0.436464297,0.554775358,0.445224642,0.411764706,0.378881988,0.980323764,46.00570179,25.11270772,9.44318185,0.817359568,13.11.2023 14:18,B-2,2.71E-06,1,0.6,5.53,5.33,3.77,3.38,1.56,PM6_321136,BTP-4F-12 (Y12)_321125,xylene,Jonas_DonorAcceptor-3bands-NoBG-ZnOCorr-NoInt_PM6:BTP-4F-12 (Y12),Jonas_DonorAcceptor-3bands-NoBG-ZnOCorr-NoInt,19424841173,24.10.2023 13:47,25291_187774_OD_x2y2,x2y2,0.006327935,1,0.6,1,1,1,0,0,0,0,1,0,0,0,0,4
25292,PM6_321136,BTP-4F-12 (Y12)_321125,xylene,2,23,1000,1.506402789,0.066819107,0.104273993,0.174888858,0.366270723,0.622660228,1.966650381,0.063321167,0.61,2.09908297,0.089804976,0.9,2.286198741,0.12700868,0.297332078,0.478704645,0.565353266,0.434646734,0.411764706,0.378881988,1.101364873,47.46906613,25.77554762,9.775360003,0.798940012,13.11.2023 14:20,B-3,8.88E-07,1.4,0.6,5.53,5.33,3.77,3.38,1.56,PM6_321136,BTP-4F-12 (Y12)_321125,xylene,Jonas_DonorAcceptor-3bands-NoBG-ZnOCorr-NoInt_PM6:BTP-4F-12 (Y12),Jonas_DonorAcceptor-3bands-NoBG-ZnOCorr-NoInt,1472806698,24.10.2023 13:52,25292_187775_OD_x3y2,x3y2,0.007741841,1.4,0.6,1,1,1,0,0,0,0,1,0,0,0,0,5
25292,PM6_321136,BTP-4F-12 (Y12)_321125,xylene,2,23,1000,1.506407197,0.066800556,0.104230701,0.17559003,0.364330787,0.619362337,1.966569955,0.063403125,0.61,2.099016498,0.089869698,0.9,2.286071716,0.127028516,0.295372378,0.475549529,0.565673235,0.434326765,0.411764706,0.378881988,1.094911866,47.66726647,24.93986821,9.541904495,0.802639749,13.11.2023 14:20,A-3,1.21E-06,1.4,1.4,5.53,5.33,3.77,3.38,1.56,PM6_321136,BTP-4F-12 (Y12)_321125,xylene,Jonas_DonorAcceptor-3bands-NoBG-ZnOCorr-NoInt_PM6:BTP-4F-12 (Y12),Jonas_DonorAcceptor-3bands-NoBG-ZnOCorr-NoInt,1429571678,24.10.2023 13:52,25292_187775_OD_x3y1,x3y1,0.007503097,1.4,1.4,1,1,1,0,0,0,0,1,0,0,0,0,5
25292,PM6_321136,BTP-4F-12 (Y12)_321125,xylene,2,23,1000,1.50681092,0.06734464,0.10513634,0.153813098,0.376489526,0.640032194,1.965701398,0.063186089,0.61,2.098377959,0.090401467,0.9,2.285525954,0.128113067,0.302730616,0.487396292,0.567692055,0.432307945,0.411764706,0.378881988,1.127428486,47.26142822,25.09869849,9.524835579,0.80297023,13.11.2023 14:20,A-2,1.53E-06,1,1.4,5.53,5.33,3.77,3.38,1.56,PM6_321136,BTP-4F-12 (Y12)_321125,xylene,Jonas_DonorAcceptor-3bands-NoBG-ZnOCorr-NoInt_PM6:BTP-4F-12 (Y12),Jonas_DonorAcceptor-3bands-NoBG-ZnOCorr-NoInt,1842934878,24.10.2023 13:52,25292_187775_OD_x2y1,x2y1,0.008363862,1,1.4,1,1,1,0,0,0,0,1,0,0,0,0,5
25292,PM6_321136,BTP-4F-12 (Y12)_321125,xylene,2,23,1000,1.506529999,0.067114347,0.104872464,0.162020226,0.372383225,0.633051482,1.966173824,0.063306979,0.61,2.098755773,0.090192554,0.9,2.286491129,0.127714328,0.301014696,0.48463366,0.566395184,0.433604816,0.411764706,0.378881988,1.117685142,47.18185744,25.07071573,9.473427112,0.800876133,13.11.2023 14:20,B-1,8.61E-07,0.6,0.6,5.53,5.33,3.77,3.38,1.56,PM6_321136,BTP-4F-12 (Y12)_321125,xylene,Jonas_DonorAcceptor-3bands-NoBG-ZnOCorr-NoInt_PM6:BTP-4F-12 (Y12),Jonas_DonorAcceptor-3bands-NoBG-ZnOCorr-NoInt,1651018541,24.10.2023 13:52,25292_187775_OD_x1y2,x1y2,0.007985071,0.6,0.6,1,1,1,0,0,0,0,1,0,0,0,0,5
25293,PM6_321136,BTP-4F-12 (Y12)_321125,xylene,0,23,3000,1.544578553,0.08121644,0.08,0.081119373,0.286834706,0.380395956,1.963382353,0.063923536,0.61,2.092806422,0.094755831,0.9,2.283121395,0.140624497,0.158478207,0.255149914,0.598534227,0.401465773,0.245957532,0.378881988,0.63554587,64.20366582,26.51396567,14.26294872,0.837866459,13.11.2023 14:23,A-1,2.61E-06,0.6,1.4,5.53,5.33,3.77,3.38,1.56,PM6_321136,BTP-4F-12 (Y12)_321125,xylene,Jonas_DonorAcceptor-3bands-NoBG-ZnOCorr-NoInt_PM6:BTP-4F-12 (Y12),Jonas_DonorAcceptor-3bands-NoBG-ZnOCorr-NoInt,2311231266,24.10.2023 13:58,25293_187776_OD_x1y1,x1y1,0.007493047,0.6,1.4,1,1,1,0,0,0,0,1,0,0,0,0,6
25293,PM6_321136,BTP-4F-12 (Y12)_321125,xylene,0,23,3000,1.544621017,0.081712611,0.08,0.07878408,0.28676319,0.379208785,1.963244145,0.06409469,0.61,2.093529627,0.09503346,0.9,2.285515371,0.141844369,0.157912046,0.254238394,0.598643104,0.401356896,0.24378548,0.378881988,0.633447179,63.87961404,26.60688785,14.23015368,0.837246282,13.11.2023 14:23,B-1,2.77E-06,0.6,0.6,5.53,5.33,3.77,3.38,1.56,PM6_321136,BTP-4F-12 (Y12)_321125,xylene,Jonas_DonorAcceptor-3bands-NoBG-ZnOCorr-NoInt_PM6:BTP-4F-12 (Y12),Jonas_DonorAcceptor-3bands-NoBG-ZnOCorr-NoInt,2415405789,24.10.2023 13:58,25293_187776_OD_x1y2,x1y2,0.007564093,0.6,0.6,1,1,1,0,0,0,0,1,0,0,0,0,6
25293,PM6_321136,BTP-4F-12 (Y12)_321125,xylene,0,23,3000,1.545141013,0.080846615,0.08,0.079417594,0.285773056,0.379317684,1.963328503,0.063941249,0.61,2.093166889,0.094615074,0.9,2.284222512,0.140674581,0.158677005,0.255469978,0.597550499,0.402449501,0.246612884,0.378881988,0.634787662,63.55065007,26.48936404,14.08774223,0.836854329,13.11.2023 14:23,B-3,9.36E-07,1.4,0.6,5.53,5.33,3.77,3.38,1.56,PM6_321136,BTP-4F-12 (Y12)_321125,xylene,Jonas_DonorAcceptor-3bands-NoBG-ZnOCorr-NoInt_PM6:BTP-4F-12 (Y12),Jonas_DonorAcceptor-3bands-NoBG-ZnOCorr-NoInt,2328544197,24.10.2023 13:58,25293_187776_OD_x3y2,x3y2,0.007579821,1.4,0.6,1,1,1,0,0,0,0,1,0,0,0,0,6
25293,PM6_321136,BTP-4F-12 (Y12)_321125,xylene,0,23,3000,1.544389368,0.082084075,0.08,0.072257794,0.28342838,0.37455817,1.962958446,0.064382775,0.61,2.094197929,0.095975524,0.9,2.288783056,0.144646761,0.155877692,0.250963084,0.598793675,0.401206325,0.243299431,0.378881988,0.625521254,62.91671533,26.49582722,13.94124628,0.836292255,13.11.2023 14:23,B-2,1.07E-06,1,0.6,5.53,5.33,3.77,3.38,1.56,PM6_321136,BTP-4F-12 (Y12)_321125,xylene,Jonas_DonorAcceptor-3bands-NoBG-ZnOCorr-NoInt_PM6:BTP-4F-12 (Y12),Jonas_DonorAcceptor-3bands-NoBG-ZnOCorr-NoInt,2296809164,24.10.2023 13:58,25293_187776_OD_x2y2,x2y2,0.007579163,1,0.6,1,1,1,0,0,0,0,1,0,0,0,0,6
25294,PM6_321136,BTP-4F-12 (Y12)_321125,xylene,2,23,3000,1.517510537,0.07511978,0.08,0.1933995,0.260908245,0.354622552,1.968898829,0.060936497,0.61,2.096975273,0.087001127,0.899999975,2.28,0.125175889,0.146821205,0.236382141,0.600033395,0.399966605,0.26426494,0.378881988,0.591004692,65.45359496,27.31544094,14.51729362,0.811977398,13.11.2023 14:26,B-3,1.28E-06,1.4,0.6,5.53,5.33,3.77,3.38,1.56,PM6_321136,BTP-4F-12 (Y12)_321125,xylene,Jonas_DonorAcceptor-3bands-NoBG-ZnOCorr-NoInt_PM6:BTP-4F-12 (Y12),Jonas_DonorAcceptor-3bands-NoBG-ZnOCorr-NoInt,1822669107,24.10.2023 14:04,25294_187777_OD_x3y2,x3y2,0.007520013,1.4,0.6,1,1,1,0,0,0,0,1,0,0,0,0,7
25294,PM6_321136,BTP-4F-12 (Y12)_321125,xylene,2,23,3000,1.51748258,0.075136423,0.08,0.192592375,0.261026222,0.354804552,1.968747577,0.060945871,0.61,2.096891646,0.087078754,0.899999974,2.28,0.125460771,0.146947909,0.236586134,0.599949509,0.400050491,0.264309827,0.378881988,0.591390686,65.61853726,27.12892196,14.47151232,0.812933157,13.11.2023 14:26,A-3,1.76E-06,1.4,1.4,5.53,5.33,3.77,3.38,1.56,PM6_321136,BTP-4F-12 (Y12)_321125,xylene,Jonas_DonorAcceptor-3bands-NoBG-ZnOCorr-NoInt_PM6:BTP-4F-12 (Y12),Jonas_DonorAcceptor-3bands-NoBG-ZnOCorr-NoInt,1863899488,24.10.2023 14:04,25294_187777_OD_x3y1,x3y1,0.007571505,1.4,1.4,1,1,1,0,0,0,0,1,0,0,0,0,7
25294,PM6_321136,BTP-4F-12 (Y12)_321125,xylene,2,23,3000,1.51723333,0.074796322,0.08,0.199789451,0.261703023,0.356071101,1.969280394,0.061028741,0.61,2.097413192,0.08684406,0.899999994,2.28,0.124985132,0.147769831,0.237909428,0.599465948,0.400534052,0.265025939,0.378881988,0.593980529,64.61506258,27.5619867,14.44125402,0.810887525,13.11.2023 14:26,B-1,1.30E-06,0.6,0.6,5.53,5.33,3.77,3.38,1.56,PM6_321136,BTP-4F-12 (Y12)_321125,xylene,Jonas_DonorAcceptor-3bands-NoBG-ZnOCorr-NoInt_PM6:BTP-4F-12 (Y12),Jonas_DonorAcceptor-3bands-NoBG-ZnOCorr-NoInt,1870676601,24.10.2023 14:04,25294_187777_OD_x1y2,x1y2,0.007601454,0.6,0.6,1,1,1,0,0,0,0,1,0,0,0,0,7
25294,PM6_321136,BTP-4F-12 (Y12)_321125,xylene,2,23,3000,1.517120399,0.074740242,0.08,0.199307111,0.262446795,0.357229218,1.969060813,0.061057695,0.61,2.097186854,0.086851977,0.899999916,2.28,0.125095725,0.148320191,0.238795507,0.599353018,0.400646982,0.265326623,0.378881988,0.596024724,64.52362597,27.4401703,14.3706936,0.811656297,13.11.2023 14:26,A-1,1.89E-06,0.6,1.4,5.53,5.33,3.77,3.38,1.56,PM6_321136,BTP-4F-12 (Y12)_321125,xylene,Jonas_DonorAcceptor-3bands-NoBG-ZnOCorr-NoInt_PM6:BTP-4F-12 (Y12),Jonas_DonorAcceptor-3bands-NoBG-ZnOCorr-NoInt,1921591142,24.10.2023 14:04,25294_187777_OD_x1y1,x1y1,0.007629583,0.6,1.4,1,1,1,0,0,0,0,1,0,0,0,0,7
25295,PM6_321136,BTP-4F-12 (Y12)_321125,xylene,1,23,2000,1.505189492,0.06162224,0.100871412,0.5,0.217259922,0.369341867,1.972655322,0.062775738,0.61,2.108365865,0.081156043,0.9,2.281005503,0.110340158,0.180865291,0.291193118,0.559155647,0.440844353,0.411764706,0.378881988,0.660534985,60.74434452,26.3726948,13.04221766,0.814124988,13.11.2023 14:29,A-1,1.13E-06,0.6,1.4,5.53,5.33,3.77,3.38,1.56,PM6_321136,BTP-4F-12 (Y12)_321125,xylene,Jonas_DonorAcceptor-3bands-NoBG-ZnOCorr-NoInt_PM6:BTP-4F-12 (Y12),Jonas_DonorAcceptor-3bands-NoBG-ZnOCorr-NoInt,1017100090,24.10.2023 14:10,25295_187786_OD_x1y1,x1y1,0.0060861,0.6,1.4,1,1,1,0,0,0,0,1,0,0,0,0,8
25295,PM6_321136,BTP-4F-12 (Y12)_321125,xylene,1,23,2000,1.50518457,0.061611657,0.10069521,0.5,0.217166407,0.369182892,1.972620009,0.062677231,0.61,2.108057482,0.080957414,0.899999999,2.28,0.109953801,0.18082226,0.291123838,0.559108177,0.440891823,0.411764706,0.378881988,0.66030673,60.58565021,26.35799178,12.97418221,0.812452355,13.11.2023 14:29,B-1,9.37E-07,0.6,0.6,5.53,5.33,3.77,3.38,1.56,PM6_321136,BTP-4F-12 (Y12)_321125,xylene,Jonas_DonorAcceptor-3bands-NoBG-ZnOCorr-NoInt_PM6:BTP-4F-12 (Y12),Jonas_DonorAcceptor-3bands-NoBG-ZnOCorr-NoInt,996172595,24.10.2023 14:10,25295_187786_OD_x1y2,x1y2,0.006008042,0.6,0.6,1,1,1,0,0,0,0,1,0,0,0,0,8
25295,PM6_321136,BTP-4F-12 (Y12)_321125,xylene,1,23,2000,1.50544801,0.061550502,0.100585445,0.5,0.216605363,0.368229118,1.972780879,0.062720191,0.61,2.108219334,0.081052288,0.9,2.28032975,0.110147714,0.180486273,0.290582899,0.558928963,0.441071037,0.411764706,0.378881988,0.658812017,60.08036113,26.1427952,12.73600647,0.8108653,13.11.2023 14:29,B-3,1.01E-06,1.4,0.6,5.53,5.33,3.77,3.38,1.56,PM6_321136,BTP-4F-12 (Y12)_321125,xylene,Jonas_DonorAcceptor-3bands-NoBG-ZnOCorr-NoInt_PM6:BTP-4F-12 (Y12),Jonas_DonorAcceptor-3bands-NoBG-ZnOCorr-NoInt,1005026321,24.10.2023 14:10,25295_187786_OD_x3y2,x3y2,0.006033264,1.4,0.6,1,1,1,0,0,0,0,1,0,0,0,0,8
25295,PM6_321136,BTP-4F-12 (Y12)_321125,xylene,1,23,2000,1.505054148,0.061343361,0.100146072,0.5,0.222348841,0.377993029,1.972931448,0.062684389,0.61,2.108245127,0.080920159,0.9,2.280448559,0.109929944,0.185301491,0.2983354,0.558889754,0.441110246,0.411764706,0.378881988,0.676328429,59.28235588,26.14449109,12.59516936,0.812640317,13.11.2023 14:29,A-2,1.26E-06,1,1.4,5.53,5.33,3.77,3.38,1.56,PM6_321136,BTP-4F-12 (Y12)_321125,xylene,Jonas_DonorAcceptor-3bands-NoBG-ZnOCorr-NoInt_PM6:BTP-4F-12 (Y12),Jonas_DonorAcceptor-3bands-NoBG-ZnOCorr-NoInt,953741797.1,24.10.2023 14:10,25295_187786_OD_x2y1,x2y1,0.005945364,1,1.4,1,1,1,0,0,0,0,1,0,0,0,0,8
25313,PM6_321136,L8-BO_321144,xylene,0,24,2000,1.57338935,0.082144441,0.080146562,0.293334722,0.447233391,0.592584243,1.983387657,0.068137918,0.61,2.128840645,0.082880705,0.9,2.296442738,0.109500969,0.284406787,0.457894928,0.564108513,0.435891487,0.245283019,0.378881988,1.050479171,59.62208046,26.81804215,13.52718851,0.846005812,30.10.2023 10:54,B-1,8.31E-07,0.6,0.6,5.45,5.33,3.77,3.38,1.56,PM6_321136,L8-BO_321144,xylene,Jonas_DonorAcceptor-3bands-NoBG-ZnOCorr-NoInt_PM6:L8-BO,Jonas_DonorAcceptor-3bands-NoBG-ZnOCorr-NoInt,186.545488,25.10.2023 10:36,25313_188424_OD_x1y2,x1y2,0.004948537,0.6,0.6,1,4,1,0,0,0,0,0,0,0,1,0,26
25313,PM6_321136,L8-BO_321144,xylene,0,24,2000,1.574716069,0.082604604,0.079423527,0.264239734,0.458792929,0.607900631,1.984236247,0.068459164,0.61,2.128625627,0.082397587,0.9,2.295783008,0.110159278,0.290577128,0.467829176,0.565105315,0.434894685,0.245283019,0.378881988,1.075729807,59.28553266,26.84998246,13.4865583,0.847243804,30.10.2023 10:54,A-1,8.53E-07,0.6,1.4,5.45,5.33,3.77,3.38,1.56,PM6_321136,L8-BO_321144,xylene,Jonas_DonorAcceptor-3bands-NoBG-ZnOCorr-NoInt_PM6:L8-BO,Jonas_DonorAcceptor-3bands-NoBG-ZnOCorr-NoInt,260.2756696,25.10.2023 10:36,25313_188424_OD_x1y1,x1y1,0.00496136,0.6,1.4,1,4,1,0,0,0,0,0,0,0,1,0,26
25313,PM6_321136,L8-BO_321144,xylene,0,24,2000,1.570976019,0.080736955,0.081433166,0.359560243,0.423403419,0.563149092,1.981909039,0.067730623,0.61,2.129255082,0.084049196,0.9,2.300957633,0.109749799,0.275520885,0.443588625,0.559380147,0.440619853,0.2481504,0.378881988,1.006737717,59.75069771,26.65536832,13.48430766,0.84664429,30.10.2023 10:54,A-3,9.50E-07,1.4,1.4,5.45,5.33,3.77,3.38,1.56,PM6_321136,L8-BO_321144,xylene,Jonas_DonorAcceptor-3bands-NoBG-ZnOCorr-NoInt_PM6:L8-BO,Jonas_DonorAcceptor-3bands-NoBG-ZnOCorr-NoInt,61.52138206,25.10.2023 10:36,25313_188424_OD_x3y1,x3y1,0.004808953,1.4,1.4,1,4,1,0,0,0,0,0,0,0,1,0,26
25313,PM6_321136,L8-BO_321144,xylene,0,24,2000,1.572292378,0.081149073,0.081222008,0.345577202,0.432138845,0.57258397,1.981742051,0.067915318,0.61,2.129277655,0.084602407,0.9,2.301906584,0.111010292,0.281127786,0.452615735,0.55850969,0.44149031,0.245283019,0.378881988,1.025199705,59.53143779,26.57777991,13.36827774,0.844909878,30.10.2023 10:54,B-3,9.98E-07,1.4,0.6,5.45,5.33,3.77,3.38,1.56,PM6_321136,L8-BO_321144,xylene,Jonas_DonorAcceptor-3bands-NoBG-ZnOCorr-NoInt_PM6:L8-BO,Jonas_DonorAcceptor-3bands-NoBG-ZnOCorr-NoInt,68.02757854,25.10.2023 10:36,25313_188424_OD_x3y2,x3y2,0.004830421,1.4,0.6,1,4,1,0,0,0,0,0,0,0,1,0,26
25314,PM6_321136,L8-BO_321144,xylene,0,21,2000,1.57768056,0.08006782,0.077037064,0.242829959,0.292552091,0.387631521,1.98314128,0.067633096,0.61,2.124953082,0.081581142,0.9,2.291986493,0.11111746,0.177638454,0.285997912,0.575437328,0.424562672,0.245283019,0.378881988,0.673629432,70.4701406,24.39512857,14.74056167,0.857444033,30.10.2023 10:56,A-1,7.58E-07,0.6,1.4,5.45,5.33,3.77,3.38,1.56,PM6_321136,L8-BO_321144,xylene,Jonas_DonorAcceptor-3bands-NoBG-ZnOCorr-NoInt_PM6:L8-BO,Jonas_DonorAcceptor-3bands-NoBG-ZnOCorr-NoInt,345.983495,25.10.2023 10:41,25314_188484_OD_x1y1,x1y1,0.004684002,0.6,1.4,1,4,1,0,0,0,0,0,0,0,1,0,27
25314,PM6_321136,L8-BO_321144,xylene,0,21,2000,1.574640239,0.077048173,0.079202688,0.358909552,0.281724758,0.373285304,1.979321761,0.06676364,0.61,2.125716728,0.084431592,0.9,2.299034769,0.111395823,0.180164269,0.290064473,0.562727715,0.437272285,0.245283019,0.378881988,0.663349777,69.90786349,24.28944379,14.52002533,0.855113523,30.10.2023 10:56,B-1,1.23E-06,0.6,0.6,5.45,5.33,3.77,3.38,1.56,PM6_321136,L8-BO_321144,xylene,Jonas_DonorAcceptor-3bands-NoBG-ZnOCorr-NoInt_PM6:L8-BO,Jonas_DonorAcceptor-3bands-NoBG-ZnOCorr-NoInt,65.44401831,25.10.2023 10:41,25314_188484_OD_x1y2,x1y2,0.004181448,0.6,0.6,1,4,1,0,0,0,0,0,0,0,1,0,27
25314,PM6_321136,L8-BO_321144,xylene,0,21,2000,1.572928935,0.072709123,0.085271712,0.324750301,0.266610799,0.373542878,1.977583314,0.066454113,0.61,2.122016283,0.085893712,0.9,2.297273463,0.115470731,0.189965589,0.305844598,0.549823026,0.450176974,0.286264535,0.378881988,0.679387476,69.2311512,24.3218633,14.45333808,0.858360581,30.10.2023 10:56,B-3,1.06E-06,1.4,0.6,5.45,5.33,3.77,3.38,1.56,PM6_321136,L8-BO_321144,xylene,Jonas_DonorAcceptor-3bands-NoBG-ZnOCorr-NoInt_PM6:L8-BO,Jonas_DonorAcceptor-3bands-NoBG-ZnOCorr-NoInt,90.24608316,25.10.2023 10:41,25314_188484_OD_x3y2,x3y2,0.004316026,1.4,0.6,1,4,1,0,0,0,0,0,0,0,1,0,27
25314,PM6_321136,L8-BO_321144,xylene,0,21,2000,1.571633346,0.072477643,0.086397623,0.32241752,0.262037372,0.371647095,1.977242907,0.066441449,0.61,2.121745953,0.086066981,0.9,2.297612879,0.115841376,0.191547591,0.308391622,0.546508729,0.453491271,0.294929583,0.378881988,0.680038716,69.33418341,24.07070641,14.31896606,0.857976552,30.10.2023 10:56,A-3,1.28E-06,1.4,1.4,5.45,5.33,3.77,3.38,1.56,PM6_321136,L8-BO_321144,xylene,Jonas_DonorAcceptor-3bands-NoBG-ZnOCorr-NoInt_PM6:L8-BO,Jonas_DonorAcceptor-3bands-NoBG-ZnOCorr-NoInt,82.70434215,25.10.2023 10:41,25314_188484_OD_x3y1,x3y1,0.00412782,1.4,1.4,1,4,1,0,0,0,0,0,0,0,1,0,27
25315,PM6_321136,L8-BO_321144,xylene,0,21,1000,1.562407597,0.079239924,0.089087147,0.314502441,0.383277689,0.552521568,1.980648671,0.068123851,0.61,2.127222713,0.085772878,0.899999945,2.3023033,0.113852885,0.273213221,0.439873286,0.556755777,0.443244223,0.306311805,0.378881988,0.992394854,61.30789363,26.19915749,13.5126818,0.841274702,30.10.2023 10:58,B-1,7.70E-07,0.6,0.6,5.45,5.33,3.77,3.38,1.56,PM6_321136,L8-BO_321144,xylene,Jonas_DonorAcceptor-3bands-NoBG-ZnOCorr-NoInt_PM6:L8-BO,Jonas_DonorAcceptor-3bands-NoBG-ZnOCorr-NoInt,99.43146053,25.10.2023 10:47,25315_188491_OD_x1y2,x1y2,0.005064363,0.6,0.6,1,4,1,0,0,0,0,0,0,0,1,0,28
25315,PM6_321136,L8-BO_321144,xylene,0,21,1000,1.56187319,0.076384411,0.098048157,0.19056245,0.348781862,0.550541768,1.97637025,0.068425542,0.609998837,2.120999219,0.090491881,0.899999984,2.30459218,0.124604625,0.286297845,0.460939198,0.544292761,0.455707239,0.366475202,0.378881539,1.011480966,62.31198374,25.67840613,13.45000632,0.840587345,30.10.2023 10:58,B-3,9.88E-07,1.4,0.6,5.45,5.33,3.77,3.38,1.56,PM6_321136,L8-BO_321144,xylene,Jonas_DonorAcceptor-3bands-NoBG-ZnOCorr-NoInt_PM6:L8-BO,Jonas_DonorAcceptor-3bands-NoBG-ZnOCorr-NoInt,241.271551,25.10.2023 10:47,25315_188491_OD_x3y2,x3y2,0.004698152,1.4,0.6,1,4,1,0,0,0,0,0,0,0,1,0,28
25315,PM6_321136,L8-BO_321144,xylene,0,21,1000,1.561914779,0.079273808,0.087724361,0.329778172,0.38232441,0.545498045,1.980408717,0.068573163,0.61,2.129295002,0.086089678,0.9,2.306860433,0.115595952,0.272698806,0.439045077,0.554062115,0.445937885,0.299127809,0.378881988,0.984543123,60.53085597,26.07785472,13.24419481,0.839028829,30.10.2023 10:58,B-2,8.96E-07,1,0.6,5.45,5.33,3.77,3.38,1.56,PM6_321136,L8-BO_321144,xylene,Jonas_DonorAcceptor-3bands-NoBG-ZnOCorr-NoInt_PM6:L8-BO,Jonas_DonorAcceptor-3bands-NoBG-ZnOCorr-NoInt,125.5981807,25.10.2023 10:47,25315_188491_OD_x2y2,x2y2,0.005980922,1,0.6,1,4,1,0,0,0,0,0,0,0,1,0,28
25316,PM6_321136,L8-BO_321144,xylene,2,21,1000,1.554093018,0.074030399,0.093734445,0.353809847,0.344239183,0.522040292,1.974672928,0.066186723,0.61,2.123100053,0.086287583,0.9,2.302230096,0.114754173,0.264713701,0.426189059,0.55054222,0.44945778,0.340588862,0.378881987,0.948229351,63.82305806,26.61439471,14.31947813,0.843010507,30.10.2023 11:01,B-3,1.26E-06,1.4,0.6,5.45,5.33,3.77,3.38,1.56,PM6_321136,L8-BO_321144,xylene,Jonas_DonorAcceptor-3bands-NoBG-ZnOCorr-NoInt_PM6:L8-BO,Jonas_DonorAcceptor-3bands-NoBG-ZnOCorr-NoInt,81.17624168,25.10.2023 10:53,25316_188501_OD_x3y2,x3y2,0.004353854,1.4,0.6,1,4,1,0,0,0,0,0,0,0,1,0,29
25316,PM6_321136,L8-BO_321144,xylene,2,21,1000,1.550925895,0.073053374,0.099197236,0.299097659,0.315108892,0.508395426,1.97349294,0.066730992,0.61,2.1211607,0.088370681,0.9,2.304912147,0.120027277,0.266926181,0.429751151,0.541914706,0.458085294,0.380189365,0.378881988,0.938146577,64.21511491,26.1155099,14.14107065,0.84323091,30.10.2023 11:01,A-3,1.66E-06,1.4,1.4,5.45,5.33,3.77,3.38,1.56,PM6_321136,L8-BO_321144,xylene,Jonas_DonorAcceptor-3bands-NoBG-ZnOCorr-NoInt_PM6:L8-BO,Jonas_DonorAcceptor-3bands-NoBG-ZnOCorr-NoInt,107.519782,25.10.2023 10:53,25316_188501_OD_x3y1,x3y1,0.004325812,1.4,1.4,1,4,1,0,0,0,0,0,0,0,1,0,29
25316,PM6_321136,L8-BO_321144,xylene,2,21,1000,1.550259653,0.071781111,0.10244757,0.273929011,0.294715642,0.493106357,1.972911695,0.066631713,0.61,2.119378733,0.088807503,0.9,2.304202343,0.121721699,0.263234947,0.423808265,0.537788738,0.462211262,0.402328447,0.378881988,0.916914622,64.16492912,26.03300055,14.12734766,0.845743534,30.10.2023 11:01,A-2,1.77E-06,1,1.4,5.45,5.33,3.77,3.38,1.56,PM6_321136,L8-BO_321144,xylene,Jonas_DonorAcceptor-3bands-NoBG-ZnOCorr-NoInt_PM6:L8-BO,Jonas_DonorAcceptor-3bands-NoBG-ZnOCorr-NoInt,114.4719258,25.10.2023 10:53,25316_188501_OD_x2y1,x2y1,0.004236053,1,1.4,1,4,1,0,0,0,0,0,0,0,1,0,29
25316,PM6_321136,L8-BO_321144,xylene,2,21,1000,1.554219136,0.074560142,0.092362711,0.360183808,0.348728161,0.522862071,1.975390434,0.066698834,0.61,2.125991307,0.086688235,0.9,2.307216758,0.116036601,0.266113758,0.42844315,0.549625987,0.450374013,0.333039859,0.378881988,0.951305222,64.25235429,26.02828775,14.12639758,0.844688887,30.10.2023 11:01,B-1,9.12E-07,0.6,0.6,5.45,5.33,3.77,3.38,1.56,PM6_321136,L8-BO_321144,xylene,Jonas_DonorAcceptor-3bands-NoBG-ZnOCorr-NoInt_PM6:L8-BO,Jonas_DonorAcceptor-3bands-NoBG-ZnOCorr-NoInt,80.0255503,25.10.2023 10:53,25316_188501_OD_x1y2,x1y2,0.00425927,0.6,0.6,1,4,1,0,0,0,0,0,0,0,1,0,29
25317,PM6_321136,L8-BO_321144,xylene,0,21,3000,1.577096118,0.082486728,0.082974216,0.211549382,0.250982142,0.332551338,1.980197037,0.065642056,0.609996803,2.119191858,0.082444696,0.899984847,2.28443776,0.112925347,0.148079239,0.238407101,0.582444036,0.417555964,0.245283019,0.378880754,0.570958439,71.74403568,25.37820529,15.78553348,0.866986939,30.10.2023 11:03,A-1,1.34E-06,0.6,1.4,5.45,5.33,3.77,3.38,1.56,PM6_321136,L8-BO_321144,xylene,Jonas_DonorAcceptor-3bands-NoBG-ZnOCorr-NoInt_PM6:L8-BO,Jonas_DonorAcceptor-3bands-NoBG-ZnOCorr-NoInt,1234.80038,25.10.2023 10:58,25317_188510_OD_x1y1,x1y1,0.007069931,0.6,1.4,1,4,1,0,0,0,0,0,0,0,1,0,30
25317,PM6_321136,L8-BO_321144,xylene,0,21,3000,1.577221672,0.082077283,0.082873904,0.212508014,0.248928594,0.329830387,1.980156144,0.065370879,0.609996213,2.118120248,0.081859809,0.899994843,2.282060142,0.111618144,0.146884529,0.236483536,0.582416172,0.417583828,0.245283019,0.378880526,0.566313922,71.12742628,25.19930605,15.51807236,0.865789067,30.10.2023 11:03,B-3,1.23E-06,1.4,0.6,5.45,5.33,3.77,3.38,1.56,PM6_321136,L8-BO_321144,xylene,Jonas_DonorAcceptor-3bands-NoBG-ZnOCorr-NoInt_PM6:L8-BO,Jonas_DonorAcceptor-3bands-NoBG-ZnOCorr-NoInt,1185.146907,25.10.2023 10:58,25317_188510_OD_x3y2,x3y2,0.007008543,1.4,0.6,1,4,1,0,0,0,0,0,0,0,1,0,30
25317,PM6_321136,L8-BO_321144,xylene,0,21,3000,1.578022254,0.081062627,0.082018059,0.212366215,0.250635564,0.332092122,1.980207344,0.065587905,0.609992684,2.118008847,0.08186626,0.899999787,2.281907348,0.111625606,0.149005037,0.239897019,0.580591655,0.419408345,0.245283019,0.378879165,0.571989141,70.93226812,25.14397839,15.46243606,0.866962026,30.10.2023 11:03,A-3,1.50E-06,1.4,1.4,5.45,5.33,3.77,3.38,1.56,PM6_321136,L8-BO_321144,xylene,Jonas_DonorAcceptor-3bands-NoBG-ZnOCorr-NoInt_PM6:L8-BO,Jonas_DonorAcceptor-3bands-NoBG-ZnOCorr-NoInt,1162.785253,25.10.2023 10:58,25317_188510_OD_x3y1,x3y1,0.006989663,1.4,1.4,1,4,1,0,0,0,0,0,0,0,1,0,30
25317,PM6_321136,L8-BO_321144,xylene,0,21,3000,1.560354188,0.076462303,0.107817335,0.345956157,0.174991973,0.29154288,1.999218595,0.078292694,0.421210368,2.167020849,0.078965841,0.621978795,2.370808237,0.10894789,0.22123243,0.314417823,0.481125061,0.518874939,0.399772779,0.296374399,0.605960703,70.6805818,25.18413708,15.42891915,0.866778865,30.10.2023 11:03,B-1,1.08E-06,0.6,0.6,5.45,5.33,3.77,3.38,1.56,PM6_321136,L8-BO_321144,xylene,Jonas_DonorAcceptor-3bands-NoBG-ZnOCorr-NoInt_PM6:L8-BO,Jonas_DonorAcceptor-3bands-NoBG-ZnOCorr-NoInt,763.4969115,25.10.2023 10:58,25317_188510_OD_x1y2,x1y2,0.012216796,0.6,0.6,1,4,1,0,0,0,0,0,0,0,1,0,30
25318,PM6_321136,L8-BO_321144,xylene,2,21,3000,1.565767691,0.083602319,0.083409241,0.144703348,0.237172458,0.314253507,1.972702962,0.066385023,0.61,2.113913837,0.08628928,0.89999997,2.289905749,0.126821284,0.136867569,0.220356786,0.587817914,0.412182086,0.245283019,0.378881988,0.534610294,71.35714653,26.22336475,16.14168799,0.862627021,30.10.2023 11:05,A-1,2.33E-06,0.6,1.4,5.45,5.33,3.77,3.38,1.56,PM6_321136,L8-BO_321144,xylene,Jonas_DonorAcceptor-3bands-NoBG-ZnOCorr-NoInt_PM6:L8-BO,Jonas_DonorAcceptor-3bands-NoBG-ZnOCorr-NoInt,814.6142419,25.10.2023 11:04,25318_188517_OD_x1y1,x1y1,0.006217033,0.6,1.4,1,4,1,0,0,0,0,0,0,0,1,0,31
25318,PM6_321136,L8-BO_321144,xylene,2,21,3000,1.565230159,0.083855213,0.084135671,0.142071069,0.234671376,0.310939574,1.971625212,0.066358182,0.609969528,2.113434183,0.086976961,0.899998318,2.290142189,0.128309972,0.134896083,0.217178583,0.588768952,0.411231048,0.245283019,0.378870231,0.528118157,71.39634908,26.07257012,16.02580926,0.860914695,30.10.2023 11:05,B-1,2.10E-06,0.6,0.6,5.45,5.33,3.77,3.38,1.56,PM6_321136,L8-BO_321144,xylene,Jonas_DonorAcceptor-3bands-NoBG-ZnOCorr-NoInt_PM6:L8-BO,Jonas_DonorAcceptor-3bands-NoBG-ZnOCorr-NoInt,884.026422,25.10.2023 11:04,25318_188517_OD_x1y2,x1y2,0.006238637,0.6,0.6,1,4,1,0,0,0,0,0,0,0,1,0,31
25318,PM6_321136,L8-BO_321144,xylene,2,21,3000,1.565873071,0.083736665,0.083368103,0.147849438,0.236045044,0.312759683,1.972758795,0.066252716,0.61,2.113422803,0.085964063,0.899999926,2.287582103,0.125712645,0.135090027,0.217494943,0.589829239,0.410170761,0.245283019,0.378881987,0.530254626,71.04289088,26.01747864,15.90674037,0.860588147,30.10.2023 11:05,B-3,2.25E-06,1.4,0.6,5.45,5.33,3.77,3.38,1.56,PM6_321136,L8-BO_321144,xylene,Jonas_DonorAcceptor-3bands-NoBG-ZnOCorr-NoInt_PM6:L8-BO,Jonas_DonorAcceptor-3bands-NoBG-ZnOCorr-NoInt,783.389388,25.10.2023 11:04,25318_188517_OD_x3y2,x3y2,0.006112,1.4,0.6,1,4,1,0,0,0,0,0,0,0,1,0,31
25318,PM6_321136,L8-BO_321144,xylene,2,21,3000,1.565673496,0.083737711,0.083184659,0.144680443,0.238163374,0.315566471,1.972740096,0.066593681,0.609999852,2.113690039,0.086235155,0.899999984,2.289907092,0.126818631,0.135898322,0.218796279,0.590547285,0.409452715,0.245283019,0.37888193,0.53436275,69.88138989,26.17998904,15.74813641,0.860791904,30.10.2023 11:05,A-2,3.03E-06,1,1.4,5.45,5.33,3.77,3.38,1.56,PM6_321136,L8-BO_321144,xylene,Jonas_DonorAcceptor-3bands-NoBG-ZnOCorr-NoInt_PM6:L8-BO,Jonas_DonorAcceptor-3bands-NoBG-ZnOCorr-NoInt,794.1078786,25.10.2023 11:04,25318_188517_OD_x2y1,x2y1,0.006131288,1,1.4,1,4,1,0,0,0,0,0,0,0,1,0,31
25319,PM6_321136,L8-BO_321144,xylene,1,21,2000,1.55409566,0.067622087,0.110649728,0.123118709,0.211021504,0.385114244,1.970577672,0.066039078,0.61,2.111312286,0.090390003,0.9,2.297370749,0.129524604,0.225983245,0.363833024,0.514207422,0.485792578,0.452054795,0.378881987,0.748947268,70.20882183,24.84811222,14.82362308,0.849707161,30.10.2023 11:07,A-1,1.34E-06,0.6,1.4,5.45,5.33,3.77,3.38,1.56,PM6_321136,L8-BO_321144,xylene,Jonas_DonorAcceptor-3bands-NoBG-ZnOCorr-NoInt_PM6:L8-BO,Jonas_DonorAcceptor-3bands-NoBG-ZnOCorr-NoInt,169.5337586,25.10.2023 11:10,25319_188542_OD_x1y1,x1y1,0.003192865,0.6,1.4,1,4,1,0,0,0,0,0,0,0,1,0,32
25319,PM6_321136,L8-BO_321144,xylene,1,21,2000,1.553928979,0.066927715,0.110291812,0.155095275,0.213381153,0.389420598,1.971207009,0.066225544,0.61,2.112940415,0.090132235,0.9,2.300502287,0.128696217,0.231969395,0.373470726,0.510453568,0.489546432,0.452054786,0.378881988,0.762891323,68.90963006,25.03529791,14.66475478,0.850045403,30.10.2023 11:07,B-1,1.50E-06,0.6,0.6,5.45,5.33,3.77,3.38,1.56,PM6_321136,L8-BO_321144,xylene,Jonas_DonorAcceptor-3bands-NoBG-ZnOCorr-NoInt_PM6:L8-BO,Jonas_DonorAcceptor-3bands-NoBG-ZnOCorr-NoInt,136.8069167,25.10.2023 11:10,25319_188542_OD_x1y2,x1y2,0.003294699,0.6,0.6,1,4,1,0,0,0,0,0,0,0,1,0,32
25319,PM6_321136,L8-BO_321144,xylene,1,21,2000,1.554460994,0.066481877,0.110790672,0.1870115,0.206463744,0.376796332,1.971151045,0.065212263,0.609999996,2.110949893,0.088659767,0.9,2.291552177,0.124219811,0.220401379,0.35484622,0.515000571,0.484999429,0.452054794,0.378881986,0.731642552,69.89276754,24.41190833,14.48476668,0.848941054,30.10.2023 11:07,B-3,9.83E-07,1.4,0.6,5.45,5.33,3.77,3.38,1.56,PM6_321136,L8-BO_321144,xylene,Jonas_DonorAcceptor-3bands-NoBG-ZnOCorr-NoInt_PM6:L8-BO,Jonas_DonorAcceptor-3bands-NoBG-ZnOCorr-NoInt,99.37634568,25.10.2023 11:10,25319_188542_OD_x3y2,x3y2,0.003207331,1.4,0.6,1,4,1,0,0,0,0,0,0,0,1,0,32
25319,PM6_321136,L8-BO_321144,xylene,1,21,2000,1.553251597,0.067020847,0.105871933,0.301843207,0.227816193,0.39809777,1.972575305,0.065262886,0.609999997,2.114947564,0.087204502,0.899999998,2.29234264,0.119278026,0.23082627,0.371630294,0.517192745,0.482807255,0.427738085,0.378881986,0.769728064,67.92479159,24.98412471,14.40012922,0.848543157,30.10.2023 11:07,A-2,1.71E-06,1,1.4,5.45,5.33,3.77,3.38,1.56,PM6_321136,L8-BO_321144,xylene,Jonas_DonorAcceptor-3bands-NoBG-ZnOCorr-NoInt_PM6:L8-BO,Jonas_DonorAcceptor-3bands-NoBG-ZnOCorr-NoInt,60.78124193,25.10.2023 11:10,25319_188542_OD_x2y1,x2y1,0.003323676,1,1.4,1,4,1,0,0,0,0,0,0,0,1,0,32
25340,PTVT-T_321032,BTP-4F-12 (Y12)_321125,CF,0,18,2000,1.514140851,0.059900581,0.097387373,0.5,0.229798484,0.390657423,1.908348187,0.059534334,1.2,2.055099971,0.104817395,1.1,2.260272086,0.109039397,0.171308796,0.376879352,0.508975512,0.491024488,0.411764706,0.545454545,0.767536775,62.40136615,21.87926243,10.98652441,0.804699163,31.10.2023 09:49,B-3,5.06E-07,1.4,0.6,5.53,5.21,3.77,3.2,1.44,PTVT-T_321032,BTP-4F-12 (Y12)_321125,CF,Jonas_DonorAcceptor-3bands-NoBG-ZnOCorr-NoInt_PTVT-T:BTP-4F-12 (Y12),Jonas_DonorAcceptor-3bands-NoBG-ZnOCorr-NoInt,412.9709684,25.10.2023 11:22,25340_188570_OD_x3y2,x3y2,0.007220793,1.4,0.6,2,1,0,1,0,0,0,1,0,0,0,0,33
25340,PTVT-T_321032,BTP-4F-12 (Y12)_321125,CF,0,18,2000,1.514249847,0.059942965,0.097859124,0.5,0.224034557,0.380858747,1.908082933,0.059599606,1.2,2.055945806,0.10568444,1.1,2.264263997,0.110130271,0.168468085,0.370629788,0.506805798,0.493194202,0.411764706,0.545454545,0.751488535,62.19101289,21.56925279,10.84376508,0.808383369,31.10.2023 09:49,A-1,6.38E-07,0.6,1.4,5.53,5.21,3.77,3.2,1.44,PTVT-T_321032,BTP-4F-12 (Y12)_321125,CF,Jonas_DonorAcceptor-3bands-NoBG-ZnOCorr-NoInt_PTVT-T:BTP-4F-12 (Y12),Jonas_DonorAcceptor-3bands-NoBG-ZnOCorr-NoInt,455.6575301,25.10.2023 11:22,25340_188570_OD_x1y1,x1y1,0.007180854,0.6,1.4,2,1,0,1,0,0,0,1,0,0,0,0,33
25340,PTVT-T_321032,BTP-4F-12 (Y12)_321125,CF,0,18,2000,1.514286767,0.060146365,0.097803958,0.5,0.234197309,0.398135426,1.908277009,0.059647299,1.2,2.056279019,0.105269782,1.1,2.264646519,0.109791362,0.177022539,0.389449587,0.505514223,0.494485777,0.411764706,0.545454545,0.787585013,61.49381111,21.79576803,10.78855196,0.8049327,31.10.2023 09:49,B-1,4.14E-07,0.6,0.6,5.53,5.21,3.77,3.2,1.44,PTVT-T_321032,BTP-4F-12 (Y12)_321125,CF,Jonas_DonorAcceptor-3bands-NoBG-ZnOCorr-NoInt_PTVT-T:BTP-4F-12 (Y12),Jonas_DonorAcceptor-3bands-NoBG-ZnOCorr-NoInt,418.3467961,25.10.2023 11:22,25340_188570_OD_x1y2,x1y2,0.007037179,0.6,0.6,2,1,0,1,0,0,0,1,0,0,0,0,33
25340,PTVT-T_321032,BTP-4F-12 (Y12)_321125,CF,0,18,2000,1.514756971,0.059977041,0.097554588,0.5,0.231692729,0.393877639,1.90830028,0.059602203,1.2,2.054896622,0.104984278,1.1,2.260102656,0.109301542,0.173156723,0.38094479,0.508345686,0.491654314,0.411764706,0.545454545,0.774822428,62.0115654,21.30810308,10.65762846,0.806571909,31.10.2023 09:49,A-3,7.41E-07,1.4,1.4,5.53,5.21,3.77,3.2,1.44,PTVT-T_321032,BTP-4F-12 (Y12)_321125,CF,Jonas_DonorAcceptor-3bands-NoBG-ZnOCorr-NoInt_PTVT-T:BTP-4F-12 (Y12),Jonas_DonorAcceptor-3bands-NoBG-ZnOCorr-NoInt,426.3835926,25.10.2023 11:22,25340_188570_OD_x3y1,x3y1,0.007121495,1.4,1.4,2,1,0,1,0,0,0,1,0,0,0,0,33
25341,PTVT-T_321032,BTP-4F-12 (Y12)_321125,CF,0,15.5,2000,1.516971107,0.062188081,0.105404515,0.488902303,0.182887416,0.310908607,1.907781736,0.05930912,0.955941391,2.045864263,0.099981437,1.1,2.242242806,0.113189029,0.144364582,0.282368661,0.524052789,0.475947211,0.411764706,0.488737237,0.593277268,67.47256553,22.20820379,12.08850896,0.806737191,31.10.2023 09:51,A-3,7.33E-07,1.4,1.4,5.53,5.21,3.77,3.2,1.44,PTVT-T_321032,BTP-4F-12 (Y12)_321125,CF,Jonas_DonorAcceptor-3bands-NoBG-ZnOCorr-NoInt_PTVT-T:BTP-4F-12 (Y12),Jonas_DonorAcceptor-3bands-NoBG-ZnOCorr-NoInt,81.80660297,25.10.2023 11:28,25341_188578_OD_x3y1,x3y1,0.007181996,1.4,1.4,2,1,0,1,0,0,0,1,0,0,0,0,34
25341,PTVT-T_321032,BTP-4F-12 (Y12)_321125,CF,0,15.5,2000,1.516787308,0.061052078,0.103106333,0.5,0.189682949,0.322461013,1.907701932,0.059368181,1.131926963,2.0517455,0.107249983,1.1,2.261827518,0.113881778,0.145389761,0.309960351,0.509883175,0.490116825,0.411764706,0.530940779,0.632421364,66.76225918,22.35916163,12.03166159,0.806007473,31.10.2023 09:51,A-1,3.10E-06,0.6,1.4,5.53,5.21,3.77,3.2,1.44,PTVT-T_321032,BTP-4F-12 (Y12)_321125,CF,Jonas_DonorAcceptor-3bands-NoBG-ZnOCorr-NoInt_PTVT-T:BTP-4F-12 (Y12),Jonas_DonorAcceptor-3bands-NoBG-ZnOCorr-NoInt,87.36641898,25.10.2023 11:28,25341_188578_OD_x1y1,x1y1,0.007233885,0.6,1.4,2,1,0,1,0,0,0,1,0,0,0,0,34
25341,PTVT-T_321032,BTP-4F-12 (Y12)_321125,CF,0,15.5,2000,1.516850782,0.061677365,0.104422571,0.499999989,0.185602259,0.31552384,1.907886711,0.059301188,1.010164643,2.047991655,0.102208243,1.099999995,2.248375789,0.113204682,0.144847232,0.291166784,0.520073704,0.479926296,0.411764706,0.502528311,0.606690623,67.51077983,21.96895273,11.92509642,0.804043268,31.10.2023 09:51,B-3,5.67E-07,1.4,0.6,5.53,5.21,3.77,3.2,1.44,PTVT-T_321032,BTP-4F-12 (Y12)_321125,CF,Jonas_DonorAcceptor-3bands-NoBG-ZnOCorr-NoInt_PTVT-T:BTP-4F-12 (Y12),Jonas_DonorAcceptor-3bands-NoBG-ZnOCorr-NoInt,77.98706869,25.10.2023 11:28,25341_188578_OD_x3y2,x3y2,0.007168427,1.4,0.6,2,1,0,1,0,0,0,1,0,0,0,0,34
25341,PTVT-T_321032,BTP-4F-12 (Y12)_321125,CF,0,15.5,2000,1.516441349,0.063248163,0.106851082,0.442439733,0.182251203,0.309827044,1.907758461,0.059614457,0.889908153,2.043577726,0.098394785,1.099999234,2.237570561,0.115722543,0.145349807,0.274697786,0.530049415,0.469950585,0.411764706,0.470873757,0.58452483,66.96835002,22.09313692,11.8809059,0.803012995,31.10.2023 09:51,B-2,7.30E-07,1,0.6,5.53,5.21,3.77,3.2,1.44,PTVT-T_321032,BTP-4F-12 (Y12)_321125,CF,Jonas_DonorAcceptor-3bands-NoBG-ZnOCorr-NoInt_PTVT-T:BTP-4F-12 (Y12),Jonas_DonorAcceptor-3bands-NoBG-ZnOCorr-NoInt,104.6273266,25.10.2023 11:28,25341_188578_OD_x2y2,x2y2,0.007072959,1,0.6,2,1,0,1,0,0,0,1,0,0,0,0,34
25342,PTVT-T_321032,BTP-4F-12 (Y12)_321125,CF,0,13,2000,1.531426592,0.076615305,0.08,0.338209767,0.24955586,0.338867317,1.97,0.073050347,1.199839759,2.102553688,0.093785723,0.7,2.276811044,0.07464793,0.101477853,0.223235016,0.602856984,0.397143016,0.263558782,0.545421435,0.562102333,68.6259443,23.03983958,12.82796506,0.811315894,31.10.2023 09:54,A-1,1.03E-06,0.6,1.4,5.53,5.21,3.77,3.2,1.44,PTVT-T_321032,BTP-4F-12 (Y12)_321125,CF,Jonas_DonorAcceptor-3bands-NoBG-ZnOCorr-NoInt_PTVT-T:BTP-4F-12 (Y12),Jonas_DonorAcceptor-3bands-NoBG-ZnOCorr-NoInt,631.7398036,25.10.2023 11:33,25342_188585_OD_x1y1,x1y1,0.00718616,0.6,1.4,2,1,0,1,0,0,0,1,0,0,0,0,35
25342,PTVT-T_321032,BTP-4F-12 (Y12)_321125,CF,0,13,2000,1.531450272,0.076875969,0.08,0.328540255,0.249160532,0.337951167,1.969999623,0.071920623,0.967649425,2.100404527,0.087661799,0.700000002,2.27026592,0.077769293,0.113063776,0.222469873,0.603030834,0.396969166,0.262732145,0.491779385,0.56042104,68.68197221,22.67175128,12.62582963,0.810834275,31.10.2023 09:54,A-3,2.31E-06,1.4,1.4,5.53,5.21,3.77,3.2,1.44,PTVT-T_321032,BTP-4F-12 (Y12)_321125,CF,Jonas_DonorAcceptor-3bands-NoBG-ZnOCorr-NoInt_PTVT-T:BTP-4F-12 (Y12),Jonas_DonorAcceptor-3bands-NoBG-ZnOCorr-NoInt,427.7797593,25.10.2023 11:33,25342_188585_OD_x3y1,x3y1,0.007059102,1.4,1.4,2,1,0,1,0,0,0,1,0,0,0,0,35
25342,PTVT-T_321032,BTP-4F-12 (Y12)_321125,CF,0,13,2000,1.531864183,0.07585273,0.08,0.344359001,0.250946496,0.341989044,1.97,0.072962367,1.199999808,2.10199792,0.093202417,0.7,2.27396787,0.074041761,0.102754189,0.226059196,0.602042255,0.397957745,0.266214807,0.545454506,0.56804824,67.8227303,22.95277239,12.62038342,0.810703654,31.10.2023 09:54,A-2,1.22E-06,1,1.4,5.53,5.21,3.77,3.2,1.44,PTVT-T_321032,BTP-4F-12 (Y12)_321125,CF,Jonas_DonorAcceptor-3bands-NoBG-ZnOCorr-NoInt_PTVT-T:BTP-4F-12 (Y12),Jonas_DonorAcceptor-3bands-NoBG-ZnOCorr-NoInt,610.3426261,25.10.2023 11:33,25342_188585_OD_x2y1,x2y1,0.007237718,1,1.4,2,1,0,1,0,0,0,1,0,0,0,0,35
25342,PTVT-T_321032,BTP-4F-12 (Y12)_321125,CF,0,13,2000,1.520220494,0.07030088,0.08554978,0.299877732,0.211862995,0.311456922,1.922537509,0.080544194,0.838295531,2.084996094,0.105015664,0.862309254,2.29663811,0.123385124,0.145747291,0.267926594,0.537566074,0.462433926,0.319767904,0.456017826,0.579383516,68.75193115,22.63046856,12.60738147,0.810301133,31.10.2023 09:54,B-1,9.19E-07,0.6,0.6,5.53,5.21,3.77,3.2,1.44,PTVT-T_321032,BTP-4F-12 (Y12)_321125,CF,Jonas_DonorAcceptor-3bands-NoBG-ZnOCorr-NoInt_PTVT-T:BTP-4F-12 (Y12),Jonas_DonorAcceptor-3bands-NoBG-ZnOCorr-NoInt,5066.714574,25.10.2023 11:33,25342_188585_OD_x1y2,x1y2,0.011529714,0.6,0.6,2,1,0,1,0,0,0,1,0,0,0,0,35
25343,PTVT-T_321032,BTP-4F-12 (Y12)_321125,CF,0,13,1000,1.513385711,0.060009676,0.100977514,0.5,0.204389204,0.347461648,1.905705474,0.059579974,1.2,2.052879099,0.110683275,1.1,2.269997771,0.114233821,0.155517228,0.342137901,0.503860027,0.496139973,0.411764706,0.545454545,0.689599549,65.10870379,21.01118513,10.93646333,0.799442629,31.10.2023 09:56,B-3,8.20E-07,1.4,0.6,5.53,5.21,3.77,3.2,1.44,PTVT-T_321032,BTP-4F-12 (Y12)_321125,CF,Jonas_DonorAcceptor-3bands-NoBG-ZnOCorr-NoInt_PTVT-T:BTP-4F-12 (Y12),Jonas_DonorAcceptor-3bands-NoBG-ZnOCorr-NoInt,94.54095714,25.10.2023 11:39,25343_188590_OD_x3y2,x3y2,0.006998746,1.4,0.6,2,1,0,1,0,0,0,1,0,0,0,0,36
25343,PTVT-T_321032,BTP-4F-12 (Y12)_321125,CF,0,13,1000,1.51353646,0.059859755,0.098730266,0.5,0.213348024,0.362691641,1.906850712,0.059696332,1.2,2.054896318,0.107684792,1.1,2.266348273,0.112030047,0.161003895,0.35420857,0.505916494,0.494083506,0.411764706,0.545454545,0.71690021,63.2350461,21.35578688,10.79191122,0.799143822,31.10.2023 09:56,A-2,1.27E-06,1,1.4,5.53,5.21,3.77,3.2,1.44,PTVT-T_321032,BTP-4F-12 (Y12)_321125,CF,Jonas_DonorAcceptor-3bands-NoBG-ZnOCorr-NoInt_PTVT-T:BTP-4F-12 (Y12),Jonas_DonorAcceptor-3bands-NoBG-ZnOCorr-NoInt,187.501399,25.10.2023 11:39,25343_188590_OD_x2y1,x2y1,0.007221622,1,1.4,2,1,0,1,0,0,0,1,0,0,0,0,36
25343,PTVT-T_321032,BTP-4F-12 (Y12)_321125,CF,0,13,1000,1.513908897,0.059843865,0.097710128,0.5,0.222861802,0.378865064,1.90780459,0.059433517,1.199999984,2.054586207,0.104899657,1.1,2.259109165,0.108368323,0.165344483,0.36375786,0.510171518,0.489828482,0.411764706,0.545454542,0.742622924,63.28191475,21.0462315,10.64313689,0.799126796,31.10.2023 09:56,A-3,8.97E-07,1.4,1.4,5.53,5.21,3.77,3.2,1.44,PTVT-T_321032,BTP-4F-12 (Y12)_321125,CF,Jonas_DonorAcceptor-3bands-NoBG-ZnOCorr-NoInt_PTVT-T:BTP-4F-12 (Y12),Jonas_DonorAcceptor-3bands-NoBG-ZnOCorr-NoInt,433.551488,25.10.2023 11:39,25343_188590_OD_x3y1,x3y1,0.007174271,1.4,1.4,2,1,0,1,0,0,0,1,0,0,0,0,36
25343,PTVT-T_321032,BTP-4F-12 (Y12)_321125,CF,0,13,1000,1.513761345,0.059807978,0.09780162,0.5,0.219975265,0.37395795,1.907431237,0.059402077,1.2,2.054174917,0.105382633,1.1,2.260151797,0.10913917,0.16433332,0.361533304,0.508446494,0.491553506,0.411764706,0.545454545,0.735491254,63.08607001,21.10831905,10.60913984,0.796696759,31.10.2023 09:56,B-1,9.00E-07,0.6,0.6,5.53,5.21,3.77,3.2,1.44,PTVT-T_321032,BTP-4F-12 (Y12)_321125,CF,Jonas_DonorAcceptor-3bands-NoBG-ZnOCorr-NoInt_PTVT-T:BTP-4F-12 (Y12),Jonas_DonorAcceptor-3bands-NoBG-ZnOCorr-NoInt,465.8709302,25.10.2023 11:39,25343_188590_OD_x1y2,x1y2,0.007290853,0.6,0.6,2,1,0,1,0,0,0,1,0,0,0,0,36
25344,PTVT-T_321032,BTP-4F-12 (Y12)_321125,CF,2,13,1000,1.492635365,0.05883103,0.103499684,0.499998273,0.219265539,0.372751416,1.899262916,0.05802477,1.157119568,2.051712952,0.111716437,1.1,2.278477415,0.115253872,0.16776391,0.361886813,0.507394526,0.492605474,0.411764706,0.536418836,0.734638229,63.661527,22.26042205,11.1142159,0.784275021,31.10.2023 09:59,A-2,1.52E-06,1,1.4,5.53,5.21,3.77,3.2,1.44,PTVT-T_321032,BTP-4F-12 (Y12)_321125,CF,Jonas_DonorAcceptor-3bands-NoBG-ZnOCorr-NoInt_PTVT-T:BTP-4F-12 (Y12),Jonas_DonorAcceptor-3bands-NoBG-ZnOCorr-NoInt,76.71689851,25.10.2023 11:45,25344_188595_OD_x2y1,x2y1,0.006720317,1,1.4,2,1,0,1,0,0,0,1,0,0,0,0,37
25344,PTVT-T_321032,BTP-4F-12 (Y12)_321125,CF,2,13,1000,1.492126944,0.058736773,0.103366606,0.499998944,0.220933225,0.375586482,1.898877842,0.05795396,1.162165939,2.052021136,0.112217158,1.1,2.280964829,0.115848603,0.169377678,0.366222645,0.506311487,0.493688513,0.411764706,0.537500808,0.741809128,64.64231812,21.84811274,11.08741557,0.7850539,31.10.2023 09:59,A-1,1.86E-06,0.6,1.4,5.53,5.21,3.77,3.2,1.44,PTVT-T_321032,BTP-4F-12 (Y12)_321125,CF,Jonas_DonorAcceptor-3bands-NoBG-ZnOCorr-NoInt_PTVT-T:BTP-4F-12 (Y12),Jonas_DonorAcceptor-3bands-NoBG-ZnOCorr-NoInt,74.8106184,25.10.2023 11:45,25344_188595_OD_x1y1,x1y1,0.006607629,0.6,1.4,2,1,0,1,0,0,0,1,0,0,0,0,37
25344,PTVT-T_321032,BTP-4F-12 (Y12)_321125,CF,2,13,1000,1.492443037,0.058679566,0.103347168,0.5,0.220270592,0.374460007,1.898917898,0.057869722,1.18310458,2.052123135,0.112902299,1.1,2.281765028,0.115417209,0.168620585,0.368116371,0.504271369,0.495728631,0.411764706,0.54193674,0.742576378,63.21275914,22.27252385,11.00436477,0.781611243,31.10.2023 09:59,B-3,1.11E-06,1.4,0.6,5.53,5.21,3.77,3.2,1.44,PTVT-T_321032,BTP-4F-12 (Y12)_321125,CF,Jonas_DonorAcceptor-3bands-NoBG-ZnOCorr-NoInt_PTVT-T:BTP-4F-12 (Y12),Jonas_DonorAcceptor-3bands-NoBG-ZnOCorr-NoInt,75.1708073,25.10.2023 11:45,25344_188595_OD_x3y2,x3y2,0.00661988,1.4,0.6,2,1,0,1,0,0,0,1,0,0,0,0,37
25344,PTVT-T_321032,BTP-4F-12 (Y12)_321125,CF,2,13,1000,1.492274491,0.058727952,0.103357863,0.499999981,0.22085558,0.375454486,1.89880893,0.05771933,1.179605867,2.051284509,0.11236013,1.1,2.279048434,0.114846824,0.168024062,0.366226232,0.506221177,0.493778823,0.411764706,0.541201455,0.741680718,63.06094062,21.73860416,10.73716254,0.783244635,31.10.2023 09:59,A-3,1.62E-06,1.4,1.4,5.53,5.21,3.77,3.2,1.44,PTVT-T_321032,BTP-4F-12 (Y12)_321125,CF,Jonas_DonorAcceptor-3bands-NoBG-ZnOCorr-NoInt_PTVT-T:BTP-4F-12 (Y12),Jonas_DonorAcceptor-3bands-NoBG-ZnOCorr-NoInt,75.28156485,25.10.2023 11:45,25344_188595_OD_x3y1,x3y1,0.006686705,1.4,1.4,2,1,0,1,0,0,0,1,0,0,0,0,37
25345,PTVT-T_321032,BTP-4F-12 (Y12)_321125,CF,0,13,3000,1.532866117,0.086362105,0.081575698,0.107069343,0.231719419,0.301235245,1.931269559,0.05983439,0.656628876,2.050807131,0.086228578,0.961981618,2.223788327,0.119265084,0.109667215,0.181677875,0.623787659,0.376212341,0.230769231,0.3963645,0.48291312,68.43442646,23.28185088,12.9843212,0.814942778,31.10.2023 10:01,A-1,2.29E-06,0.6,1.4,5.53,5.21,3.77,3.2,1.44,PTVT-T_321032,BTP-4F-12 (Y12)_321125,CF,Jonas_DonorAcceptor-3bands-NoBG-ZnOCorr-NoInt_PTVT-T:BTP-4F-12 (Y12),Jonas_DonorAcceptor-3bands-NoBG-ZnOCorr-NoInt,95.58451702,25.10.2023 11:51,25345_188604_OD_x1y1,x1y1,0.006510404,0.6,1.4,2,1,0,1,0,0,0,1,0,0,0,0,38
25345,PTVT-T_321032,BTP-4F-12 (Y12)_321125,CF,0,13,3000,1.530256548,0.086587963,0.081426439,0.105066086,0.226939621,0.295021508,1.930184519,0.060801761,0.640142716,2.053191618,0.086809299,0.906893577,2.229920786,0.119055523,0.112010903,0.183713867,0.61625174,0.38374826,0.230769231,0.39029696,0.478735375,67.87136023,23.10879752,12.77456517,0.814483379,31.10.2023 10:01,B-1,2.38E-06,0.6,0.6,5.53,5.21,3.77,3.2,1.44,PTVT-T_321032,BTP-4F-12 (Y12)_321125,CF,Jonas_DonorAcceptor-3bands-NoBG-ZnOCorr-NoInt_PTVT-T:BTP-4F-12 (Y12),Jonas_DonorAcceptor-3bands-NoBG-ZnOCorr-NoInt,95.65179576,25.10.2023 11:51,25345_188604_OD_x1y2,x1y2,0.006226453,0.6,0.6,2,1,0,1,0,0,0,1,0,0,0,0,38
25345,PTVT-T_321032,BTP-4F-12 (Y12)_321125,CF,0,13,3000,1.532517228,0.08618421,0.08125644,0.105959593,0.228871031,0.29753234,1.93075382,0.060320416,0.655156287,2.052091813,0.087126317,0.945924441,2.228206276,0.120658329,0.111184231,0.184027279,0.617851515,0.382148485,0.230769231,0.395827447,0.481559619,67.43258747,23.05909238,12.66179881,0.814298013,31.10.2023 10:01,B-3,1.92E-06,1.4,0.6,5.53,5.21,3.77,3.2,1.44,PTVT-T_321032,BTP-4F-12 (Y12)_321125,CF,Jonas_DonorAcceptor-3bands-NoBG-ZnOCorr-NoInt_PTVT-T:BTP-4F-12 (Y12),Jonas_DonorAcceptor-3bands-NoBG-ZnOCorr-NoInt,98.58108561,25.10.2023 11:51,25345_188604_OD_x3y2,x3y2,0.006248765,1.4,0.6,2,1,0,1,0,0,0,1,0,0,0,0,38
25345,PTVT-T_321032,BTP-4F-12 (Y12)_321125,CF,0,13,3000,1.531644918,0.086636785,0.081784033,0.106151178,0.227385226,0.295600793,1.931068717,0.060178587,0.649246063,2.051733761,0.086249961,0.938828602,2.226211194,0.119134694,0.108697179,0.179268395,0.622488889,0.377511111,0.230769231,0.393662339,0.474869188,67.23442991,23.02453486,12.60462894,0.8142307,31.10.2023 10:01,B-2,1.62E-05,1,0.6,5.53,5.21,3.77,3.2,1.44,PTVT-T_321032,BTP-4F-12 (Y12)_321125,CF,Jonas_DonorAcceptor-3bands-NoBG-ZnOCorr-NoInt_PTVT-T:BTP-4F-12 (Y12),Jonas_DonorAcceptor-3bands-NoBG-ZnOCorr-NoInt,91.83689897,25.10.2023 11:51,25345_188604_OD_x2y2,x2y2,0.006256874,1,0.6,2,1,0,1,0,0,0,1,0,0,0,0,38
25346,PTVT-T_321032,BTP-4F-12 (Y12)_321125,CF,2,13,3000,1.504558163,0.081324095,0.08,0.169236766,0.218946301,0.288108446,1.887191034,0.068115035,0.897138221,2.061104278,0.096830171,0.850615671,2.270277565,0.106807771,0.105689818,0.200508193,0.589641087,0.410358913,0.240055943,0.472890278,0.488616639,56.37505923,23.56960062,10.20693419,0.768167767,31.10.2023 10:04,B-2,4.13E-06,1,0.6,5.53,5.21,3.77,3.2,1.44,PTVT-T_321032,BTP-4F-12 (Y12)_321125,CF,Jonas_DonorAcceptor-3bands-NoBG-ZnOCorr-NoInt_PTVT-T:BTP-4F-12 (Y12),Jonas_DonorAcceptor-3bands-NoBG-ZnOCorr-NoInt,839.3320143,25.10.2023 11:56,25346_188613_OD_x2y2,x2y2,0.006266509,1,0.6,2,1,0,1,0,0,0,1,0,0,0,0,39
25346,PTVT-T_321032,BTP-4F-12 (Y12)_321125,CF,2,13,3000,1.505488898,0.080551348,0.08,0.217620036,0.220733362,0.291340321,1.888430646,0.063767231,1.2,2.07134912,0.104884884,1.1,2.304156362,0.112897372,0.088625398,0.194975877,0.599075915,0.400924085,0.242352171,0.545454545,0.486316198,56.37349444,23.43527084,10.11743131,0.765817579,31.10.2023 10:04,A-3,3.10E-05,1.4,1.4,5.53,5.21,3.77,3.2,1.44,PTVT-T_321032,BTP-4F-12 (Y12)_321125,CF,Jonas_DonorAcceptor-3bands-NoBG-ZnOCorr-NoInt_PTVT-T:BTP-4F-12 (Y12),Jonas_DonorAcceptor-3bands-NoBG-ZnOCorr-NoInt,624.2552289,25.10.2023 11:56,25346_188613_OD_x3y1,x3y1,0.006990613,1.4,1.4,2,1,0,1,0,0,0,1,0,0,0,0,39
25346,PTVT-T_321032,BTP-4F-12 (Y12)_321125,CF,2,13,3000,1.495587945,0.078243301,0.097504791,0.278512322,0.181768118,0.261629818,1.919627942,0.077572966,0.848889862,2.087775496,0.10240693,0.863363914,2.296892389,0.122725836,0.098811434,0.182691459,0.588830271,0.411169729,0.305246935,0.4591349,0.444321277,55.69258764,23.48450086,9.985322208,0.763454839,31.10.2023 10:04,B-1,9.04E-06,0.6,0.6,5.53,5.21,3.77,3.2,1.44,PTVT-T_321032,BTP-4F-12 (Y12)_321125,CF,Jonas_DonorAcceptor-3bands-NoBG-ZnOCorr-NoInt_PTVT-T:BTP-4F-12 (Y12),Jonas_DonorAcceptor-3bands-NoBG-ZnOCorr-NoInt,855.338985,25.10.2023 11:56,25346_188613_OD_x1y2,x1y2,0.011300862,0.6,0.6,2,1,0,1,0,0,0,1,0,0,0,0,39
25346,PTVT-T_321032,BTP-4F-12 (Y12)_321125,CF,2,13,3000,1.495510146,0.078562116,0.097554442,0.278166176,0.181502392,0.261173695,1.919734165,0.077750949,0.84980527,2.087540584,0.10230308,0.863474677,2.297058625,0.122243691,0.097879507,0.181058027,0.590581096,0.409418904,0.305051026,0.459402556,0.442231722,54.05775539,23.65953085,9.716169575,0.759680447,31.10.2023 10:04,A-1,5.18E-05,0.6,1.4,5.53,5.21,3.77,3.2,1.44,PTVT-T_321032,BTP-4F-12 (Y12)_321125,CF,Jonas_DonorAcceptor-3bands-NoBG-ZnOCorr-NoInt_PTVT-T:BTP-4F-12 (Y12),Jonas_DonorAcceptor-3bands-NoBG-ZnOCorr-NoInt,823.8816648,25.10.2023 11:56,25346_188613_OD_x1y1,x1y1,0.011104854,0.6,1.4,2,1,0,1,0,0,0,1,0,0,0,0,39
25347,PTVT-T_321032,BTP-4F-12 (Y12)_321125,CF,1,13,2000,1.504244496,0.071210159,0.08,0.445470403,0.236165715,0.321654442,1.898928104,0.05870001,1.199998684,2.091337578,0.103090702,1.09999867,2.299110106,0.099203454,0.098562948,0.216838355,0.597323574,0.402676426,0.265778164,0.545454273,0.538492797,68.02968305,23.32462614,12.55461306,0.791207131,31.10.2023 10:06,A-1,3.29E-06,0.6,1.4,5.53,5.21,3.77,3.2,1.44,PTVT-T_321032,BTP-4F-12 (Y12)_321125,CF,Jonas_DonorAcceptor-3bands-NoBG-ZnOCorr-NoInt_PTVT-T:BTP-4F-12 (Y12),Jonas_DonorAcceptor-3bands-NoBG-ZnOCorr-NoInt,201.3555578,25.10.2023 12:02,25347_188618_OD_x1y1,x1y1,0.00738681,0.6,1.4,2,1,0,1,0,0,0,1,0,0,0,0,40
25347,PTVT-T_321032,BTP-4F-12 (Y12)_321125,CF,1,13,2000,1.504576391,0.071734747,0.08,0.433357772,0.234832876,0.319430863,1.898876018,0.058731834,1.2,2.089587331,0.101331324,1.1,2.293857357,0.098117185,0.09594689,0.211083159,0.602115778,0.397884222,0.26483974,0.545454545,0.530514021,67.71104017,22.85983246,12.217798,0.789333276,31.10.2023 10:06,B-3,2.39E-06,1.4,0.6,5.53,5.21,3.77,3.2,1.44,PTVT-T_321032,BTP-4F-12 (Y12)_321125,CF,Jonas_DonorAcceptor-3bands-NoBG-ZnOCorr-NoInt_PTVT-T:BTP-4F-12 (Y12),Jonas_DonorAcceptor-3bands-NoBG-ZnOCorr-NoInt,172.7736253,25.10.2023 12:02,25347_188618_OD_x3y2,x3y2,0.007392999,1.4,0.6,2,1,0,1,0,0,0,1,0,0,0,0,40
25347,PTVT-T_321032,BTP-4F-12 (Y12)_321125,CF,1,13,2000,1.504328184,0.071471849,0.08,0.442535583,0.235668369,0.320721118,1.898984818,0.058726678,1.199999999,2.090823295,0.102382903,1.1,2.29656841,0.098778974,0.097072176,0.213558788,0.600286693,0.399713307,0.26519223,0.545454545,0.534279906,66.63196807,23.00199745,12.11451279,0.790419709,31.10.2023 10:06,B-1,9.44E-05,0.6,0.6,5.53,5.21,3.77,3.2,1.44,PTVT-T_321032,BTP-4F-12 (Y12)_321125,CF,Jonas_DonorAcceptor-3bands-NoBG-ZnOCorr-NoInt_PTVT-T:BTP-4F-12 (Y12),Jonas_DonorAcceptor-3bands-NoBG-ZnOCorr-NoInt,193.002462,25.10.2023 12:02,25347_188618_OD_x1y2,x1y2,0.00741939,0.6,0.6,2,1,0,1,0,0,0,1,0,0,0,0,40
25347,PTVT-T_321032,BTP-4F-12 (Y12)_321125,CF,1,13,2000,1.504233152,0.071319437,0.08,0.445648575,0.236480575,0.32174734,1.898930846,0.058586095,1.2,2.091107069,0.103292892,1.099999854,2.298483449,0.099363264,0.097796544,0.215152398,0.599268946,0.400731054,0.265011562,0.545454545,0.536899738,66.24480529,23.05260392,12.05080311,0.789122042,31.10.2023 10:06,A-2,8.75E-06,1,1.4,5.53,5.21,3.77,3.2,1.44,PTVT-T_321032,BTP-4F-12 (Y12)_321125,CF,Jonas_DonorAcceptor-3bands-NoBG-ZnOCorr-NoInt_PTVT-T:BTP-4F-12 (Y12),Jonas_DonorAcceptor-3bands-NoBG-ZnOCorr-NoInt,213.3667356,25.10.2023 12:02,25347_188618_OD_x2y1,x2y1,0.007456998,1,1.4,2,1,0,1,0,0,0,1,0,0,0,0,40
25364,PTVT-T_321032,PY-IT_321127,CF,0,18,2000,1.531324663,0.053660323,0.124250851,0.47021634,0.150757301,0.229151098,1.905680147,0.054637301,0.711045084,2.024102478,0.083735054,1.099999855,2.191360971,0.108052149,0.121225624,0.207422509,0.524885368,0.475114632,0.342105263,0.415561864,0.436573607,56.37384929,16.03516975,7.92884396,0.877119203,16.11.2023 18:06,A-1,1.26E-06,0.6,1.4,5.48,5.21,3.64,3.2,1.57,PTVT-T_321032,PY-IT_321127,CF,Jonas_DonorAcceptor-3bands-NoBG-ZnOCorr-NoInt_PTVT-T:PY-IT,Jonas_DonorAcceptor-3bands-NoBG-ZnOCorr-NoInt,8.6648E+15,25.10.2023 15:20,25364_188902_OD_x1y1,x1y1,0.012218945,0.6,1.4,2,5,0,1,0,0,0,0,0,0,0,1,57
25364,PTVT-T_321032,PY-IT_321127,CF,0,18,2000,1.530498737,0.051563518,0.105148503,0.359324622,0.166644751,0.253300022,1.903822399,0.058647833,0.686394038,2.027746747,0.093625325,1.09997728,2.203697588,0.128433829,0.14901751,0.251302241,0.501979561,0.498020439,0.342105263,0.407018777,0.504602263,55.96893525,15.63363731,7.66150008,0.875601976,16.11.2023 18:06,B-3,1.20E-06,1.4,0.6,5.48,5.21,3.64,3.2,1.57,PTVT-T_321032,PY-IT_321127,CF,Jonas_DonorAcceptor-3bands-NoBG-ZnOCorr-NoInt_PTVT-T:PY-IT,Jonas_DonorAcceptor-3bands-NoBG-ZnOCorr-NoInt,8.00582E+15,25.10.2023 15:20,25364_188902_OD_x3y2,x3y2,0.011661297,1.4,0.6,2,5,0,1,0,0,0,0,0,0,0,1,57
25364,PTVT-T_321032,PY-IT_321127,CF,0,18,2000,1.530523577,0.051379813,0.102385997,0.341381385,0.17315045,0.263188683,1.904986775,0.059827973,0.738059548,2.033478291,0.097717782,1.099926765,2.220010824,0.134003081,0.155834764,0.2708501,0.49282691,0.50717309,0.342105263,0.42464572,0.534038783,55.17077213,15.63901227,7.532592567,0.873023823,16.11.2023 18:06,B-1,1.29E-05,0.6,0.6,5.48,5.21,3.64,3.2,1.57,PTVT-T_321032,PY-IT_321127,CF,Jonas_DonorAcceptor-3bands-NoBG-ZnOCorr-NoInt_PTVT-T:PY-IT,Jonas_DonorAcceptor-3bands-NoBG-ZnOCorr-NoInt,1.51E+16,25.10.2023 15:20,25364_188902_OD_x1y2,x1y2,0.011520809,0.6,0.6,2,5,0,1,0,0,0,0,0,0,0,1,57
25364,PTVT-T_321032,PY-IT_321127,CF,0,18,2000,1.530476773,0.051830647,0.10381881,0.354831013,0.168944742,0.256796008,1.904705628,0.059353308,0.725794455,2.03338434,0.096898831,1.099953268,2.217458177,0.132479264,0.150906206,0.260433094,0.496484066,0.503515934,0.342105263,0.42055672,0.517229102,55.417195,15.44173883,7.504832209,0.877001314,16.11.2023 18:06,A-2,1.41E-06,1,1.4,5.48,5.21,3.64,3.2,1.57,PTVT-T_321032,PY-IT_321127,CF,Jonas_DonorAcceptor-3bands-NoBG-ZnOCorr-NoInt_PTVT-T:PY-IT,Jonas_DonorAcceptor-3bands-NoBG-ZnOCorr-NoInt,1.06E+16,25.10.2023 15:20,25364_188902_OD_x2y1,x2y1,0.011696694,1,1.4,2,5,0,1,0,0,0,0,0,0,0,1,57
25365,PTVT-T_321032,PY-IT_321127,CF,0,15.5,2000,1.532095019,0.057405803,0.147733747,0.56607576,0.143120905,0.217543776,1.913975436,0.05345293,0.855876736,2.039018226,0.082860964,1.099999998,2.207226749,0.095840523,0.096466251,0.179029471,0.54855888,0.45144112,0.342105263,0.461171111,0.396573247,54.85430391,18.79161591,8.858274607,0.859358356,16.11.2023 18:08,B-3,2.71E-06,1.4,0.6,5.48,5.21,3.64,3.2,1.57,PTVT-T_321032,PY-IT_321127,CF,Jonas_DonorAcceptor-3bands-NoBG-ZnOCorr-NoInt_PTVT-T:PY-IT,Jonas_DonorAcceptor-3bands-NoBG-ZnOCorr-NoInt,1.30E+17,25.10.2023 15:26,25365_188905_OD_x3y2,x3y2,0.012592151,1.4,0.6,2,5,0,1,0,0,0,0,0,0,0,1,58
25365,PTVT-T_321032,PY-IT_321127,CF,0,15.5,2000,1.530309229,0.058767476,0.161997868,0.6,0.132379828,0.201217338,1.913363002,0.053120158,0.93808703,2.041141816,0.082847229,1.1,2.207798486,0.090451875,0.082058161,0.159035857,0.558544215,0.441455785,0.342105263,0.484027299,0.360253195,55.01328109,18.54209378,8.758984083,0.858672227,16.11.2023 18:08,B-1,9.15E-06,0.6,0.6,5.48,5.21,3.64,3.2,1.57,PTVT-T_321032,PY-IT_321127,CF,Jonas_DonorAcceptor-3bands-NoBG-ZnOCorr-NoInt_PTVT-T:PY-IT,Jonas_DonorAcceptor-3bands-NoBG-ZnOCorr-NoInt,8.65E+16,25.10.2023 15:26,25365_188905_OD_x1y2,x1y2,0.011805566,0.6,0.6,2,5,0,1,0,0,0,0,0,0,0,1,58
25365,PTVT-T_321032,PY-IT_321127,CF,0,15.5,2000,1.532521351,0.055673146,0.146232116,0.545695955,0.144349946,0.219411918,1.911164169,0.052688232,0.8372697,2.032739034,0.081352805,1.1,2.198531498,0.095321767,0.100743532,0.185093039,0.542420839,0.457579161,0.342105263,0.455714096,0.404504957,55.72082649,17.86573136,8.611506519,0.865049154,16.11.2023 18:08,A-3,2.23E-06,1.4,1.4,5.48,5.21,3.64,3.2,1.57,PTVT-T_321032,PY-IT_321127,CF,Jonas_DonorAcceptor-3bands-NoBG-ZnOCorr-NoInt_PTVT-T:PY-IT,Jonas_DonorAcceptor-3bands-NoBG-ZnOCorr-NoInt,1.28E+17,25.10.2023 15:26,25365_188905_OD_x3y1,x3y1,0.012818346,1.4,1.4,2,5,0,1,0,0,0,0,0,0,0,1,58
25365,PTVT-T_321032,PY-IT_321127,CF,0,15.5,2000,1.532663495,0.055827699,0.143885503,0.536760313,0.144627683,0.219834078,1.910368838,0.052719351,0.804278475,2.031055681,0.081345016,1.1,2.196354969,0.097066329,0.101538312,0.18320339,0.545443278,0.454556722,0.342105263,0.44576183,0.403037468,55.53109647,17.78036874,8.542989733,0.865232596,16.11.2023 18:08,A-1,5.53E-06,0.6,1.4,5.48,5.21,3.64,3.2,1.57,PTVT-T_321032,PY-IT_321127,CF,Jonas_DonorAcceptor-3bands-NoBG-ZnOCorr-NoInt_PTVT-T:PY-IT,Jonas_DonorAcceptor-3bands-NoBG-ZnOCorr-NoInt,1.29E+17,25.10.2023 15:26,25365_188905_OD_x1y1,x1y1,0.013131845,0.6,1.4,2,5,0,1,0,0,0,0,0,0,0,1,58
25366,PTVT-T_321032,PY-IT_321127,CF,0,13,2000,1.532794613,0.058547843,0.181358258,0.589969073,0.127337195,0.193552537,1.91594145,0.051692359,0.895592801,2.039848908,0.08032193,1.099999908,2.20082917,0.089889339,0.074756592,0.141708057,0.577319674,0.422680326,0.342105263,0.472460541,0.335260594,55.80286379,19.0629177,9.099213182,0.85537781,16.11.2023 18:11,B-3,3.42E-06,1.4,0.6,5.48,5.21,3.64,3.2,1.57,PTVT-T_321032,PY-IT_321127,CF,Jonas_DonorAcceptor-3bands-NoBG-ZnOCorr-NoInt_PTVT-T:PY-IT,Jonas_DonorAcceptor-3bands-NoBG-ZnOCorr-NoInt,1.27E+17,25.10.2023 15:32,25366_188910_OD_x3y2,x3y2,0.011740511,1.4,0.6,2,5,0,1,0,0,0,0,0,0,0,1,59
25366,PTVT-T_321032,PY-IT_321127,CF,0,13,2000,1.529932819,0.060013706,0.192876191,0.599934816,0.116556966,0.177166588,1.914586038,0.051664999,0.937012241,2.040622964,0.081009489,1.099999999,2.202886823,0.088253074,0.063377394,0.122762789,0.590694349,0.409305651,0.342105263,0.483741001,0.299929377,55.45374777,18.95602133,8.986435608,0.854888304,16.11.2023 18:11,B-2,4.32E-06,1,0.6,5.48,5.21,3.64,3.2,1.57,PTVT-T_321032,PY-IT_321127,CF,Jonas_DonorAcceptor-3bands-NoBG-ZnOCorr-NoInt_PTVT-T:PY-IT,Jonas_DonorAcceptor-3bands-NoBG-ZnOCorr-NoInt,1.02E+17,25.10.2023 15:32,25366_188910_OD_x2y2,x2y2,0.010270621,1,0.6,2,5,0,1,0,0,0,0,0,0,0,1,59
25366,PTVT-T_321032,PY-IT_321127,CF,0,13,2000,1.530190405,0.059783319,0.186630619,0.595924082,0.116436447,0.176983399,1.914255851,0.051768338,0.960411474,2.040933123,0.08126105,1.1,2.20394635,0.087055215,0.06341861,0.124326571,0.58737983,0.41262017,0.342105263,0.489903006,0.301309971,55.33825981,18.56660067,8.741513886,0.850802499,16.11.2023 18:11,A-2,3.13E-06,1,1.4,5.48,5.21,3.64,3.2,1.57,PTVT-T_321032,PY-IT_321127,CF,Jonas_DonorAcceptor-3bands-NoBG-ZnOCorr-NoInt_PTVT-T:PY-IT,Jonas_DonorAcceptor-3bands-NoBG-ZnOCorr-NoInt,1.42E+17,25.10.2023 15:32,25366_188910_OD_x2y1,x2y1,0.010665797,1,1.4,2,5,0,1,0,0,0,0,0,0,0,1,59
25367,PTVT-T_321032,PY-IT_321127,CF,0,13,1000,1.52998975,0.057689839,0.149569035,0.55387217,0.135782166,0.206388893,1.911276554,0.053385306,0.89898199,2.035981447,0.082735983,1.099999989,2.201319877,0.092843779,0.085782833,0.162900055,0.558881856,0.441118144,0.342105263,0.473402062,0.369288948,54.33472655,17.85654004,8.376811534,0.863383902,16.11.2023 18:14,A-2,2.65E-06,1,1.4,5.48,5.21,3.64,3.2,1.57,PTVT-T_321032,PY-IT_321127,CF,Jonas_DonorAcceptor-3bands-NoBG-ZnOCorr-NoInt_PTVT-T:PY-IT,Jonas_DonorAcceptor-3bands-NoBG-ZnOCorr-NoInt,1.31E+17,25.10.2023 15:37,25367_188916_OD_x2y1,x2y1,0.012161794,1,1.4,2,5,0,1,0,0,0,0,0,0,0,1,60
25367,PTVT-T_321032,PY-IT_321127,CF,0,13,1000,1.531240821,0.055082716,0.130184176,0.499169128,0.149804685,0.227703121,1.909304502,0.054476593,0.783439201,2.030290724,0.083373707,1.099999967,2.196840787,0.100907976,0.109182455,0.194720271,0.539040038,0.460959962,0.342105263,0.439285623,0.422423392,55.16270359,17.46282979,8.340194172,0.865796842,16.11.2023 18:14,B-2,2.72E-06,1,0.6,5.48,5.21,3.64,3.2,1.57,PTVT-T_321032,PY-IT_321127,CF,Jonas_DonorAcceptor-3bands-NoBG-ZnOCorr-NoInt_PTVT-T:PY-IT,Jonas_DonorAcceptor-3bands-NoBG-ZnOCorr-NoInt,1.82E+16,25.10.2023 15:37,25367_188916_OD_x2y2,x2y2,0.012545015,1,0.6,2,5,0,1,0,0,0,0,0,0,0,1,60
25367,PTVT-T_321032,PY-IT_321127,CF,0,13,1000,1.531290662,0.054994077,0.127531516,0.493316219,0.156169285,0.237377313,1.909363178,0.054830324,0.767257154,2.030775127,0.084003587,1.1,2.198506884,0.103347969,0.116078243,0.205140105,0.536424789,0.463575211,0.342105263,0.434151392,0.442517418,55.24373189,16.86442248,8.105640189,0.870027217,16.11.2023 18:14,A-1,1.47E-06,0.6,1.4,5.48,5.21,3.64,3.2,1.57,PTVT-T_321032,PY-IT_321127,CF,Jonas_DonorAcceptor-3bands-NoBG-ZnOCorr-NoInt_PTVT-T:PY-IT,Jonas_DonorAcceptor-3bands-NoBG-ZnOCorr-NoInt,9.66028E+15,25.10.2023 15:37,25367_188916_OD_x1y1,x1y1,0.012390483,0.6,1.4,2,5,0,1,0,0,0,0,0,0,0,1,60
25367,PTVT-T_321032,PY-IT_321127,CF,0,13,1000,1.530710883,0.053438717,0.117661492,0.439382906,0.159195542,0.241977223,1.905662789,0.056056128,0.710641631,2.025436679,0.086061511,1.1,2.194919901,0.110917943,0.127377425,0.217897126,0.526181171,0.473818829,0.342105263,0.415424025,0.459874349,54.46274293,16.26706864,7.698013754,0.868900153,16.11.2023 18:14,B-3,1.15E-05,1.4,0.6,5.48,5.21,3.64,3.2,1.57,PTVT-T_321032,PY-IT_321127,CF,Jonas_DonorAcceptor-3bands-NoBG-ZnOCorr-NoInt_PTVT-T:PY-IT,Jonas_DonorAcceptor-3bands-NoBG-ZnOCorr-NoInt,6.01032E+15,25.10.2023 15:37,25367_188916_OD_x3y2,x3y2,0.011706727,1.4,0.6,2,5,0,1,0,0,0,0,0,0,0,1,60
25368,PTVT-T_321032,PY-IT_321127,CF,2,13,1000,1.527555412,0.056176676,0.123470618,0.442550525,0.159933762,0.243099318,1.904334886,0.055571357,0.761033247,2.029552288,0.087620941,1.099999904,2.203822313,0.111329476,0.121017924,0.213116588,0.532860242,0.467139758,0.342105263,0.43215155,0.456215906,54.33520864,16.88105699,7.93870645,0.86550338,16.11.2023 18:16,B-3,2.62E-06,1.4,0.6,5.48,5.21,3.64,3.2,1.57,PTVT-T_321032,PY-IT_321127,CF,Jonas_DonorAcceptor-3bands-NoBG-ZnOCorr-NoInt_PTVT-T:PY-IT,Jonas_DonorAcceptor-3bands-NoBG-ZnOCorr-NoInt,8.18275E+15,25.10.2023 15:43,25368_188922_OD_x3y2,x3y2,0.011540736,1.4,0.6,2,5,0,1,0,0,0,0,0,0,0,1,61
25368,PTVT-T_321032,PY-IT_321127,CF,2,13,1000,1.527340068,0.056107796,0.123563657,0.451176111,0.160016825,0.243225574,1.903767443,0.05539167,0.766450133,2.028058665,0.086446463,1.099999936,2.201293848,0.107835018,0.120217272,0.212357815,0.533877178,0.466122822,0.342105263,0.433892879,0.455583389,53.87166398,16.97656965,7.89657884,0.863433005,16.11.2023 18:16,A-2,2.97E-06,1,1.4,5.48,5.21,3.64,3.2,1.57,PTVT-T_321032,PY-IT_321127,CF,Jonas_DonorAcceptor-3bands-NoBG-ZnOCorr-NoInt_PTVT-T:PY-IT,Jonas_DonorAcceptor-3bands-NoBG-ZnOCorr-NoInt,8.47613E+15,25.10.2023 15:43,25368_188922_OD_x2y1,x2y1,0.011794628,1,1.4,2,5,0,1,0,0,0,0,0,0,0,1,61
25368,PTVT-T_321032,PY-IT_321127,CF,2,13,1000,1.527611848,0.055269098,0.122141556,0.43024143,0.158680071,0.241193709,1.90236206,0.055376954,0.724789803,2.025750096,0.087004519,1.1,2.199252179,0.113072251,0.123835402,0.213590039,0.530348126,0.469651874,0.342105263,0.420219207,0.454783748,55.09498964,16.43554871,7.855373879,0.867502124,16.11.2023 18:16,B-1,2.37E-06,0.6,0.6,5.48,5.21,3.64,3.2,1.57,PTVT-T_321032,PY-IT_321127,CF,Jonas_DonorAcceptor-3bands-NoBG-ZnOCorr-NoInt_PTVT-T:PY-IT,Jonas_DonorAcceptor-3bands-NoBG-ZnOCorr-NoInt,8.57941E+15,25.10.2023 15:43,25368_188922_OD_x1y2,x1y2,0.012058187,0.6,0.6,2,5,0,1,0,0,0,0,0,0,0,1,61
25368,PTVT-T_321032,PY-IT_321127,CF,2,13,1000,1.527047037,0.053524981,0.107337157,0.344756315,0.171557767,0.260767805,1.900526884,0.058419748,0.722935731,2.029579788,0.095031995,1.099982715,2.216136066,0.130254468,0.1471436,0.253518967,0.507047467,0.492952533,0.342105263,0.419595298,0.514286772,54.16970059,16.57866709,7.769183994,0.865106074,16.11.2023 18:16,B-2,2.35E-06,1,0.6,5.48,5.21,3.64,3.2,1.57,PTVT-T_321032,PY-IT_321127,CF,Jonas_DonorAcceptor-3bands-NoBG-ZnOCorr-NoInt_PTVT-T:PY-IT,Jonas_DonorAcceptor-3bands-NoBG-ZnOCorr-NoInt,8.73787E+15,25.10.2023 15:43,25368_188922_OD_x2y2,x2y2,0.011456141,1,0.6,2,5,0,1,0,0,0,0,0,0,0,1,61
25369,PTVT-T_321032,PY-IT_321127,CF,0,13,3000,1.527565598,0.05929652,0.179177887,0.560177505,0.103575306,0.157434464,1.911888352,0.052286964,0.836534583,2.032441112,0.08,1.1,2.191472502,0.092677043,0.058427299,0.107303755,0.594679773,0.405320227,0.342105263,0.455496232,0.26473822,56.48848353,18.6240766,8.9692023,0.852548617,16.11.2023 18:19,B-1,6.28E-06,0.6,0.6,5.48,5.21,3.64,3.2,1.57,PTVT-T_321032,PY-IT_321127,CF,Jonas_DonorAcceptor-3bands-NoBG-ZnOCorr-NoInt_PTVT-T:PY-IT,Jonas_DonorAcceptor-3bands-NoBG-ZnOCorr-NoInt,7.09E+16,25.10.2023 15:49,25369_188924_OD_x1y2,x1y2,0.00839308,0.6,0.6,2,5,0,1,0,0,0,0,0,0,0,1,62
25369,PTVT-T_321032,PY-IT_321127,CF,0,13,3000,1.527212558,0.059278168,0.174117036,0.5488777,0.10102247,0.153554155,1.912342468,0.052682562,0.829025536,2.032349505,0.08,1.1,2.190748719,0.092823502,0.05701048,0.104273624,0.595568698,0.404431302,0.342105263,0.453260777,0.257827779,56.5137758,18.60814775,8.95143832,0.851207327,16.11.2023 18:19,B-3,2.53E-06,1.4,0.6,5.48,5.21,3.64,3.2,1.57,PTVT-T_321032,PY-IT_321127,CF,Jonas_DonorAcceptor-3bands-NoBG-ZnOCorr-NoInt_PTVT-T:PY-IT,Jonas_DonorAcceptor-3bands-NoBG-ZnOCorr-NoInt,5.47E+16,25.10.2023 15:49,25369_188924_OD_x3y2,x3y2,0.00809374,1.4,0.6,2,5,0,1,0,0,0,0,0,0,0,1,62
25369,PTVT-T_321032,PY-IT_321127,CF,0,13,3000,1.52792727,0.059337424,0.186108357,0.566778103,0.104549145,0.1589147,1.911936582,0.051700407,0.859162337,2.033052107,0.08,1.1,2.19231263,0.091351439,0.057138165,0.106229124,0.599352825,0.400647175,0.342105263,0.462123355,0.265143825,56.49190664,18.39642373,8.875332262,0.854013987,16.11.2023 18:19,A-2,3.73E-06,1,1.4,5.48,5.21,3.64,3.2,1.57,PTVT-T_321032,PY-IT_321127,CF,Jonas_DonorAcceptor-3bands-NoBG-ZnOCorr-NoInt_PTVT-T:PY-IT,Jonas_DonorAcceptor-3bands-NoBG-ZnOCorr-NoInt,1.04E+17,25.10.2023 15:49,25369_188924_OD_x2y1,x2y1,0.00857194,1,1.4,2,5,0,1,0,0,0,0,0,0,0,1,62
25369,PTVT-T_321032,PY-IT_321127,CF,0,13,3000,1.526924229,0.059334972,0.176547914,0.552045584,0.100798637,0.153213929,1.912141184,0.052300173,0.854522807,2.033104928,0.08,1.1,2.192085768,0.091493054,0.055690945,0.103280128,0.597339099,0.402660901,0.342105263,0.460777729,0.256494057,56.70394266,18.33138781,8.86750781,0.85308632,16.11.2023 18:19,A-3,2.00E-06,1.4,1.4,5.48,5.21,3.64,3.2,1.57,PTVT-T_321032,PY-IT_321127,CF,Jonas_DonorAcceptor-3bands-NoBG-ZnOCorr-NoInt_PTVT-T:PY-IT,Jonas_DonorAcceptor-3bands-NoBG-ZnOCorr-NoInt,5.79E+16,25.10.2023 15:49,25369_188924_OD_x3y1,x3y1,0.008061055,1.4,1.4,2,5,0,1,0,0,0,0,0,0,0,1,62
25370,PTVT-T_321032,PY-IT_321127,CF,2,13,3000,1.524203234,0.061021718,0.183618838,0.554437766,0.108283967,0.16459163,1.907216425,0.052143135,0.885830599,2.032920094,0.082184909,1.099999984,2.196721285,0.093183679,0.058573638,0.110459959,0.59840276,0.40159724,0.342105263,0.469729677,0.275051589,55.24956791,18.83991189,8.753581197,0.840965174,16.11.2023 18:21,B-2,6.73E-06,1,0.6,5.48,5.21,3.64,3.2,1.57,PTVT-T_321032,PY-IT_321127,CF,Jonas_DonorAcceptor-3bands-NoBG-ZnOCorr-NoInt_PTVT-T:PY-IT,Jonas_DonorAcceptor-3bands-NoBG-ZnOCorr-NoInt,9.49E+16,25.10.2023 15:55,25370_188941_OD_x2y2,x2y2,0.008573076,1,0.6,2,5,0,1,0,0,0,0,0,0,0,1,63
25370,PTVT-T_321032,PY-IT_321127,CF,2,13,3000,1.523858512,0.060863693,0.184737281,0.553985755,0.107347082,0.163167565,1.906210422,0.051918339,0.856299161,2.030833593,0.081934635,1.099999957,2.194033005,0.094737309,0.058574707,0.108732179,0.600101943,0.399898057,0.342105263,0.461293728,0.271899744,55.32768449,18.71531407,8.719059524,0.842034775,16.11.2023 18:21,B-1,9.25E-06,0.6,0.6,5.48,5.21,3.64,3.2,1.57,PTVT-T_321032,PY-IT_321127,CF,Jonas_DonorAcceptor-3bands-NoBG-ZnOCorr-NoInt_PTVT-T:PY-IT,Jonas_DonorAcceptor-3bands-NoBG-ZnOCorr-NoInt,9.75E+16,25.10.2023 15:55,25370_188941_OD_x1y2,x1y2,0.008450668,0.6,0.6,2,5,0,1,0,0,0,0,0,0,0,1,63
25370,PTVT-T_321032,PY-IT_321127,CF,2,13,3000,1.524557383,0.061002021,0.190132105,0.56119262,0.109703773,0.166749734,1.906591764,0.051787591,0.862600841,2.031867851,0.081989322,1.099999758,2.195163594,0.094360652,0.05925654,0.110371281,0.601721722,0.398278278,0.342105263,0.463116317,0.277121015,55.228876,18.52760284,8.594099461,0.83987555,16.11.2023 18:21,A-2,4.91E-06,1,1.4,5.48,5.21,3.64,3.2,1.57,PTVT-T_321032,PY-IT_321127,CF,Jonas_DonorAcceptor-3bands-NoBG-ZnOCorr-NoInt_PTVT-T:PY-IT,Jonas_DonorAcceptor-3bands-NoBG-ZnOCorr-NoInt,1.18E+17,25.10.2023 15:55,25370_188941_OD_x2y1,x2y1,0.008709455,1,1.4,2,5,0,1,0,0,0,0,0,0,0,1,63
25370,PTVT-T_321032,PY-IT_321127,CF,2,13,3000,1.5234598,0.06075708,0.186098177,0.547403384,0.104545531,0.158909206,1.90580317,0.051860197,0.844755216,2.029727621,0.081684823,1.099999999,2.192238334,0.094975566,0.056875657,0.104921665,0.602314678,0.397685322,0.342105263,0.45792266,0.263830871,55.12338592,18.36585724,8.533580342,0.842915794,16.11.2023 18:21,A-3,3.11E-06,1.4,1.4,5.48,5.21,3.64,3.2,1.57,PTVT-T_321032,PY-IT_321127,CF,Jonas_DonorAcceptor-3bands-NoBG-ZnOCorr-NoInt_PTVT-T:PY-IT,Jonas_DonorAcceptor-3bands-NoBG-ZnOCorr-NoInt,1.01E+17,25.10.2023 15:55,25370_188941_OD_x3y1,x3y1,0.008285435,1.4,1.4,2,5,0,1,0,0,0,0,0,0,0,1,63
25371,PTVT-T_321032,PY-IT_321127,CF,1,13,2000,1.527995491,0.060730757,0.194301028,0.592261951,0.125762452,0.191158927,1.908789674,0.05119879,0.918503632,2.037189295,0.0822878,1.099999989,2.203201217,0.091215755,0.069314055,0.132979267,0.589745148,0.410254852,0.342105263,0.478760434,0.324138194,56.89748739,18.43923703,9.007515544,0.858556707,16.11.2023 18:24,B-3,2.79E-06,1.4,0.6,5.48,5.21,3.64,3.2,1.57,PTVT-T_321032,PY-IT_321127,CF,Jonas_DonorAcceptor-3bands-NoBG-ZnOCorr-NoInt_PTVT-T:PY-IT,Jonas_DonorAcceptor-3bands-NoBG-ZnOCorr-NoInt,1.14E+17,25.10.2023 16:01,25371_188952_OD_x3y2,x3y2,0.010870998,1.4,0.6,2,5,0,1,0,0,0,0,0,0,0,1,64
25371,PTVT-T_321032,PY-IT_321127,CF,1,13,2000,1.529350812,0.060282369,0.194532251,0.593834092,0.128588261,0.195454157,1.909785131,0.05107721,0.907330461,2.038064566,0.082366872,1.099999988,2.204564115,0.092415404,0.072598671,0.138469656,0.585325602,0.414674398,0.342105263,0.475707005,0.333923814,56.61151274,18.34686234,8.915306107,0.858360446,16.11.2023 18:24,A-1,9.22E-06,0.6,1.4,5.48,5.21,3.64,3.2,1.57,PTVT-T_321032,PY-IT_321127,CF,Jonas_DonorAcceptor-3bands-NoBG-ZnOCorr-NoInt_PTVT-T:PY-IT,Jonas_DonorAcceptor-3bands-NoBG-ZnOCorr-NoInt,1.11E+17,25.10.2023 16:01,25371_188952_OD_x1y1,x1y1,0.011396552,0.6,1.4,2,5,0,1,0,0,0,0,0,0,0,1,64
25371,PTVT-T_321032,PY-IT_321127,CF,1,13,2000,1.52865986,0.0604727,0.196195395,0.59126911,0.127409941,0.193663111,1.909114419,0.05100374,0.909829651,2.037248343,0.082249284,1.1,2.2034179,0.092066793,0.070282464,0.134227534,0.590633229,0.409366771,0.342105263,0.476393091,0.327890645,56.65754378,18.29254702,8.899261641,0.858661621,16.11.2023 18:24,B-2,4.48E-06,1,0.6,5.48,5.21,3.64,3.2,1.57,PTVT-T_321032,PY-IT_321127,CF,Jonas_DonorAcceptor-3bands-NoBG-ZnOCorr-NoInt_PTVT-T:PY-IT,Jonas_DonorAcceptor-3bands-NoBG-ZnOCorr-NoInt,1.00E+17,25.10.2023 16:01,25371_188952_OD_x2y2,x2y2,0.01110869,1,0.6,2,5,0,1,0,0,0,0,0,0,0,1,64
25371,PTVT-T_321032,PY-IT_321127,CF,1,13,2000,1.528148922,0.060776821,0.197379583,0.592527626,0.126184938,0.191801106,1.908652534,0.050991834,0.912567988,2.036158041,0.081972814,1.099999919,2.201787739,0.091009943,0.069476225,0.132878005,0.590740519,0.409259481,0.342105263,0.47714277,0.324679111,55.23398395,18.43540625,8.687021091,0.853123282,16.11.2023 18:24,B-1,2.83E-05,0.6,0.6,5.48,5.21,3.64,3.2,1.57,PTVT-T_321032,PY-IT_321127,CF,Jonas_DonorAcceptor-3bands-NoBG-ZnOCorr-NoInt_PTVT-T:PY-IT,Jonas_DonorAcceptor-3bands-NoBG-ZnOCorr-NoInt,9.08E+16,25.10.2023 16:01,25371_188952_OD_x1y2,x1y2,0.010912897,0.6,0.6,2,5,0,1,0,0,0,0,0,0,0,1,64
25372,PTVT-T_321032,L8-BO_321144,CF,0,18,2000,1.528564021,0.051447223,0.083125204,0.169640827,0.226133039,0.404061456,1.835,0.113993269,0.6,2.073981359,0.115168103,0.700001899,2.379999999,0.132797708,0.382175561,0.611480898,0.397877503,0.602122497,0.440349889,0.375,1.015542354,62.792998,19.68584513,10.3521724,0.837464127,16.11.2023 17:38,A-1,2.18E-06,0.6,1.4,5.45,5.21,3.77,3.2,1.44,PTVT-T_321032,L8-BO_321144,CF,Jonas_DonorAcceptor-3bands-NoBG-ZnOCorr-NoInt_PTVT-T:L8-BO,Jonas_DonorAcceptor-3bands-NoBG-ZnOCorr-NoInt,273.5908526,25.10.2023 16:19,25372_188979_OD_x1y1,x1y1,0.02140308,0.6,1.4,2,4,0,1,0,0,0,0,0,0,1,0,65
25372,PTVT-T_321032,L8-BO_321144,CF,0,18,2000,1.527247207,0.051040326,0.083285405,0.175650912,0.232457353,0.416093488,1.835,0.114393589,0.600000074,2.076258446,0.114513366,0.700000003,2.379999991,0.129379786,0.392734706,0.628375559,0.398377998,0.601622002,0.441333836,0.375000029,1.044469047,62.86793728,19.53896813,10.26920401,0.835999362,16.11.2023 17:38,B-1,1.51E-06,0.6,0.6,5.45,5.21,3.77,3.2,1.44,PTVT-T_321032,L8-BO_321144,CF,Jonas_DonorAcceptor-3bands-NoBG-ZnOCorr-NoInt_PTVT-T:L8-BO,Jonas_DonorAcceptor-3bands-NoBG-ZnOCorr-NoInt,256.4506834,25.10.2023 16:19,25372_188979_OD_x1y2,x1y2,0.022036559,0.6,0.6,2,4,0,1,0,0,0,0,0,0,1,0,65
25372,PTVT-T_321032,L8-BO_321144,CF,0,18,2000,1.51904719,0.046304267,0.084207228,0.16564785,0.240138922,0.438253533,1.835,0.117758425,0.6,2.081439244,0.114124875,0.7,2.38,0.120180254,0.396167036,0.633867257,0.408772535,0.591227465,0.452054795,0.375,1.07212079,60.9919408,20.19425602,10.24708354,0.831955249,16.11.2023 17:38,B-3,2.34E-06,1.4,0.6,5.45,5.21,3.77,3.2,1.44,PTVT-T_321032,L8-BO_321144,CF,Jonas_DonorAcceptor-3bands-NoBG-ZnOCorr-NoInt_PTVT-T:L8-BO,Jonas_DonorAcceptor-3bands-NoBG-ZnOCorr-NoInt,286.2463768,25.10.2023 16:19,25372_188979_OD_x3y2,x3y2,0.028064359,1.4,0.6,2,4,0,1,0,0,0,0,0,0,1,0,65
25372,PTVT-T_321032,L8-BO_321144,CF,0,18,2000,1.544068919,0.057825867,0.087156936,0.351866745,0.272863176,0.461960064,1.835,0.088239833,0.6,2.055663617,0.080177315,0.700008649,2.224380232,0.095775468,0.251469242,0.402350788,0.534483702,0.465516298,0.409336006,0.375,0.864310852,61.32094482,19.74207453,10.14408521,0.837936799,16.11.2023 17:38,A-2,1.83E-06,1,1.4,5.45,5.21,3.77,3.2,1.44,PTVT-T_321032,L8-BO_321144,CF,Jonas_DonorAcceptor-3bands-NoBG-ZnOCorr-NoInt_PTVT-T:L8-BO,Jonas_DonorAcceptor-3bands-NoBG-ZnOCorr-NoInt,54.84554727,25.10.2023 16:19,25372_188979_OD_x2y1,x2y1,0.01366576,1,1.4,2,4,0,1,0,0,0,0,0,0,1,0,65
25373,PTVT-T_321032,L8-BO_321144,CF,0,15.5,2000,1.538589831,0.056687972,0.093389445,0.391627159,0.194759708,0.355436466,1.835,0.091921629,0.6,2.05765616,0.08,0.7,2.224004042,0.095721188,0.184414041,0.295062465,0.546405919,0.453594081,0.452054795,0.375,0.650498932,67.62032367,20.14288724,11.44865399,0.840534344,16.11.2023 17:41,A-1,2.67E-06,0.6,1.4,5.45,5.21,3.77,3.2,1.44,PTVT-T_321032,L8-BO_321144,CF,Jonas_DonorAcceptor-3bands-NoBG-ZnOCorr-NoInt_PTVT-T:L8-BO,Jonas_DonorAcceptor-3bands-NoBG-ZnOCorr-NoInt,83.45166464,25.10.2023 16:25,25373_188982_OD_x1y1,x1y1,0.011892444,0.6,1.4,2,4,0,1,0,0,0,0,0,0,1,0,66
25373,PTVT-T_321032,L8-BO_321144,CF,0,15.5,2000,1.534432294,0.054814241,0.089680693,0.340759986,0.197566662,0.360559158,1.835,0.087786183,0.6,2.052411905,0.082714316,0.7,2.224339431,0.100609997,0.196279698,0.314047517,0.534473155,0.465526845,0.452054795,0.375,0.674606674,68.05053739,19.97856899,11.40831673,0.839123016,16.11.2023 17:41,B-1,1.93E-06,0.6,0.6,5.45,5.21,3.77,3.2,1.44,PTVT-T_321032,L8-BO_321144,CF,Jonas_DonorAcceptor-3bands-NoBG-ZnOCorr-NoInt_PTVT-T:L8-BO,Jonas_DonorAcceptor-3bands-NoBG-ZnOCorr-NoInt,61.71693215,25.10.2023 16:25,25373_188982_OD_x1y2,x1y2,0.014309166,0.6,0.6,2,4,0,1,0,0,0,0,0,0,1,0,66
25373,PTVT-T_321032,L8-BO_321144,CF,0,15.5,2000,1.535766291,0.056835567,0.094381876,0.392507204,0.188063847,0.343216521,1.835,0.093370587,0.6,2.060037968,0.08,0.7,2.226856867,0.096432523,0.174475033,0.279160053,0.551461181,0.448538819,0.452054795,0.375,0.622376574,67.87483084,19.95989746,11.4014401,0.841574648,16.11.2023 17:41,A-3,1.36E-06,1.4,1.4,5.45,5.21,3.77,3.2,1.44,PTVT-T_321032,L8-BO_321144,CF,Jonas_DonorAcceptor-3bands-NoBG-ZnOCorr-NoInt_PTVT-T:L8-BO,Jonas_DonorAcceptor-3bands-NoBG-ZnOCorr-NoInt,96.99509074,25.10.2023 16:25,25373_188982_OD_x3y1,x3y1,0.01225182,1.4,1.4,2,4,0,1,0,0,0,0,0,0,1,0,66
25373,PTVT-T_321032,L8-BO_321144,CF,0,15.5,2000,1.549452456,0.059578904,0.104135071,0.5,0.219717252,0.400983985,1.912131014,0.060047769,1.199999669,2.068625756,0.106748882,1.1,2.267553918,0.104871098,0.106828972,0.235023703,0.630470342,0.369529658,0.452054794,0.545454477,0.636007688,65.59898365,20.47675328,11.26499785,0.838634848,16.11.2023 17:41,A-2,2.02E-06,1,1.4,5.45,5.21,3.77,3.2,1.44,PTVT-T_321032,L8-BO_321144,CF,Jonas_DonorAcceptor-3bands-NoBG-ZnOCorr-NoInt_PTVT-T:L8-BO,Jonas_DonorAcceptor-3bands-NoBG-ZnOCorr-NoInt,577.5570691,25.10.2023 16:25,25373_188982_OD_x2y1,x2y1,0.008235514,1,1.4,2,4,0,1,0,0,0,0,0,0,1,0,66
25374,PTVT-T_321032,L8-BO_321144,CF,0,13,2000,1.562394464,0.080719324,0.080475393,0.146209735,0.279902639,0.370870997,1.880566073,0.04853514,1.199998716,2.055271176,0.081186606,1.1,2.222303768,0.086771865,0.069060523,0.151933062,0.709388136,0.290611864,0.245283019,0.54545428,0.522804058,69.40330437,20.4268043,12.01541403,0.847536019,16.11.2023 17:43,A-1,5.41E-06,0.6,1.4,5.45,5.21,3.77,3.2,1.44,PTVT-T_321032,L8-BO_321144,CF,Jonas_DonorAcceptor-3bands-NoBG-ZnOCorr-NoInt_PTVT-T:L8-BO,Jonas_DonorAcceptor-3bands-NoBG-ZnOCorr-NoInt,24.95871872,25.10.2023 16:31,25374_188989_OD_x1y1,x1y1,0.00605898,0.6,1.4,2,4,0,1,0,0,0,0,0,0,1,0,67
25374,PTVT-T_321032,L8-BO_321144,CF,0,13,2000,1.561783031,0.081346033,0.081308704,0.14556057,0.272437562,0.360979769,1.881106464,0.04932571,1.199998442,2.055793526,0.081891623,1.1,2.223833297,0.088108487,0.066328141,0.145921807,0.712129901,0.287870099,0.245283019,0.545454224,0.506901576,69.69114167,20.33997966,12.01303725,0.847470775,16.11.2023 17:43,B-1,6.97E-06,0.6,0.6,5.45,5.21,3.77,3.2,1.44,PTVT-T_321032,L8-BO_321144,CF,Jonas_DonorAcceptor-3bands-NoBG-ZnOCorr-NoInt_PTVT-T:L8-BO,Jonas_DonorAcceptor-3bands-NoBG-ZnOCorr-NoInt,29.24979629,25.10.2023 16:31,25374_188989_OD_x1y2,x1y2,0.005826172,0.6,0.6,2,4,0,1,0,0,0,0,0,0,1,0,67
25374,PTVT-T_321032,L8-BO_321144,CF,0,13,2000,1.563272325,0.081252558,0.081309572,0.149567146,0.271430069,0.359644842,1.882652092,0.051181029,1.199996296,2.057485742,0.083627645,1.099998193,2.227105133,0.090680668,0.06700445,0.147409542,0.709282581,0.290717419,0.245283019,0.54545378,0.507054384,68.6043578,20.5801492,11.96086014,0.847153657,16.11.2023 17:43,B-3,2.36E-06,1.4,0.6,5.45,5.21,3.77,3.2,1.44,PTVT-T_321032,L8-BO_321144,CF,Jonas_DonorAcceptor-3bands-NoBG-ZnOCorr-NoInt_PTVT-T:L8-BO,Jonas_DonorAcceptor-3bands-NoBG-ZnOCorr-NoInt,49.91410247,25.10.2023 16:31,25374_188989_OD_x3y2,x3y2,0.006122544,1.4,0.6,2,4,0,1,0,0,0,0,0,0,1,0,67
25374,PTVT-T_321032,L8-BO_321144,CF,0,13,2000,1.564081937,0.080443863,0.080366452,0.146991181,0.278752622,0.369347224,1.88231601,0.050625711,1.199999864,2.055320558,0.083124581,1.1,2.221348859,0.088877366,0.070261728,0.154575792,0.704964686,0.295035314,0.245283019,0.545454517,0.523923016,68.17229366,20.65573233,11.9093288,0.845743722,16.11.2023 17:43,A-2,6.44E-06,1,1.4,5.45,5.21,3.77,3.2,1.44,PTVT-T_321032,L8-BO_321144,CF,Jonas_DonorAcceptor-3bands-NoBG-ZnOCorr-NoInt_PTVT-T:L8-BO,Jonas_DonorAcceptor-3bands-NoBG-ZnOCorr-NoInt,43.69496789,25.10.2023 16:31,25374_188989_OD_x2y1,x2y1,0.006643752,1,1.4,2,4,0,1,0,0,0,0,0,0,1,0,67
25375,PTVT-T_321032,L8-BO_321144,CF,0,13,1000,1.545386568,0.060045817,0.106349217,0.5,0.209172825,0.381740405,1.909730255,0.05862519,1.2,2.055949938,0.108182304,1.1,2.260944604,0.105164371,0.100830465,0.221827023,0.632473502,0.367526498,0.452054795,0.545454545,0.603567428,66.35271694,19.69548003,10.94833777,0.837766339,16.11.2023 17:46,B-2,3.59E-06,1,0.6,5.45,5.21,3.77,3.2,1.44,PTVT-T_321032,L8-BO_321144,CF,Jonas_DonorAcceptor-3bands-NoBG-ZnOCorr-NoInt_PTVT-T:L8-BO,Jonas_DonorAcceptor-3bands-NoBG-ZnOCorr-NoInt,423.5541212,25.10.2023 16:36,25375_188994_OD_x2y2,x2y2,0.009099152,1,0.6,2,4,0,1,0,0,0,0,0,0,1,0,68
25375,PTVT-T_321032,L8-BO_321144,CF,0,13,1000,1.548468359,0.059558505,0.105652678,0.5,0.215648433,0.39355839,1.910161065,0.059228891,1.2,2.056184263,0.109045311,1.1,2.261290807,0.106962327,0.107324348,0.236113566,0.625021309,0.374978691,0.452054795,0.545454545,0.629671956,66.23803243,19.45169875,10.79217204,0.837613949,16.11.2023 17:46,B-3,3.11E-06,1.4,0.6,5.45,5.21,3.77,3.2,1.44,PTVT-T_321032,L8-BO_321144,CF,Jonas_DonorAcceptor-3bands-NoBG-ZnOCorr-NoInt_PTVT-T:L8-BO,Jonas_DonorAcceptor-3bands-NoBG-ZnOCorr-NoInt,340.8506227,25.10.2023 16:36,25375_188994_OD_x3y2,x3y2,0.008357801,1.4,0.6,2,4,0,1,0,0,0,0,0,0,1,0,68
25375,PTVT-T_321032,L8-BO_321144,CF,0,13,1000,1.552094314,0.063349431,0.101869218,0.499999948,0.368767652,0.622366729,1.911498785,0.05857279,1.199999999,2.067835882,0.107033203,1.1,2.278820645,0.094086753,0.162686627,0.35791058,0.634888438,0.365111562,0.407475311,0.545454545,0.980277308,63.49772473,20.10500362,10.58445486,0.829098588,16.11.2023 17:46,A-3,2.05E-06,1.4,1.4,5.45,5.21,3.77,3.2,1.44,PTVT-T_321032,L8-BO_321144,CF,Jonas_DonorAcceptor-3bands-NoBG-ZnOCorr-NoInt_PTVT-T:L8-BO,Jonas_DonorAcceptor-3bands-NoBG-ZnOCorr-NoInt,498.8967766,25.10.2023 16:36,25375_188994_OD_x3y1,x3y1,0.010983663,1.4,1.4,2,4,0,1,0,0,0,0,0,0,1,0,68
25376,PTVT-T_321032,L8-BO_321144,CF,2,13,1000,1.541743746,0.060557774,0.109947886,0.5,0.204922431,0.373983436,1.904276683,0.056175627,1.2,2.05021365,0.107788472,1.1,2.258294051,0.106711267,0.100256941,0.22056527,0.629020688,0.370979312,0.452054795,0.545454545,0.594548706,65.49610737,20.65537624,11.17725828,0.826202847,16.11.2023 17:49,A-2,4.70E-06,1,1.4,5.45,5.21,3.77,3.2,1.44,PTVT-T_321032,L8-BO_321144,CF,Jonas_DonorAcceptor-3bands-NoBG-ZnOCorr-NoInt_PTVT-T:L8-BO,Jonas_DonorAcceptor-3bands-NoBG-ZnOCorr-NoInt,554.7088704,25.10.2023 16:42,25376_188999_OD_x2y1,x2y1,0.007444284,1,1.4,2,4,0,1,0,0,0,0,0,0,1,0,69
25376,PTVT-T_321032,L8-BO_321144,CF,2,13,1000,1.537941236,0.059856046,0.085587371,0.307049477,0.31824923,0.510575256,1.886293579,0.075025916,0.824974008,2.089584515,0.103203881,0.849952526,2.299323361,0.13281614,0.243287949,0.443994183,0.534874924,0.465125076,0.376684971,0.45204699,0.954569439,63.70604656,21.04093193,11.00246056,0.82081294,16.11.2023 17:49,B-2,3.89E-06,1,0.6,5.45,5.21,3.77,3.2,1.44,PTVT-T_321032,L8-BO_321144,CF,Jonas_DonorAcceptor-3bands-NoBG-ZnOCorr-NoInt_PTVT-T:L8-BO,Jonas_DonorAcceptor-3bands-NoBG-ZnOCorr-NoInt,2762.671325,25.10.2023 16:42,25376_188999_OD_x2y2,x2y2,0.02074544,1,0.6,2,4,0,1,0,0,0,0,0,0,1,0,69
25376,PTVT-T_321032,L8-BO_321144,CF,2,13,1000,1.533562126,0.055781947,0.096559843,0.5,0.236730213,0.42191755,1.907143824,0.067975676,0.600000004,2.078550375,0.0834411,0.700002174,2.248946393,0.088125734,0.177321721,0.283714754,0.597928337,0.402071663,0.438918309,0.375000001,0.705632305,65.31134793,20.31340953,10.96417057,0.826426647,16.11.2023 17:49,A-1,3.71E-06,0.6,1.4,5.45,5.21,3.77,3.2,1.44,PTVT-T_321032,L8-BO_321144,CF,Jonas_DonorAcceptor-3bands-NoBG-ZnOCorr-NoInt_PTVT-T:L8-BO,Jonas_DonorAcceptor-3bands-NoBG-ZnOCorr-NoInt,514.9202765,25.10.2023 16:42,25376_188999_OD_x1y1,x1y1,0.015182846,0.6,1.4,2,4,0,1,0,0,0,0,0,0,1,0,69
25376,PTVT-T_321032,L8-BO_321144,CF,2,13,1000,1.516875676,0.045534084,0.084046418,0.206214462,0.186255474,0.339916239,1.835,0.111992921,0.6,2.089080344,0.1128089,0.7,2.38,0.097838671,0.310136504,0.496218407,0.406532896,0.593467104,0.452054795,0.375,0.836134647,65.66253978,19.96969338,10.82943664,0.825879699,16.11.2023 17:49,B-1,6.02E-06,0.6,0.6,5.45,5.21,3.77,3.2,1.44,PTVT-T_321032,L8-BO_321144,CF,Jonas_DonorAcceptor-3bands-NoBG-ZnOCorr-NoInt_PTVT-T:L8-BO,Jonas_DonorAcceptor-3bands-NoBG-ZnOCorr-NoInt,146.8072352,25.10.2023 16:42,25376_188999_OD_x1y2,x1y2,0.024384734,0.6,0.6,2,4,0,1,0,0,0,0,0,0,1,0,69
25377,PTVT-T_321032,L8-BO_321144,CF,0,13,3000,1.558781117,0.082714583,0.083353443,0.14190521,0.242346427,0.321109016,1.881500611,0.050201314,1.19999795,2.056600472,0.083196902,1.1,2.226633751,0.090406241,0.056281953,0.123820182,0.721708122,0.278291878,0.245283019,0.545454122,0.444929198,68.88243336,19.60410313,11.44483166,0.847527795,16.11.2023 17:51,B-2,2.64E-05,1,0.6,5.45,5.21,3.77,3.2,1.44,PTVT-T_321032,L8-BO_321144,CF,Jonas_DonorAcceptor-3bands-NoBG-ZnOCorr-NoInt_PTVT-T:L8-BO,Jonas_DonorAcceptor-3bands-NoBG-ZnOCorr-NoInt,28.37225492,25.10.2023 16:48,25377_189000_OD_x2y2,x2y2,0.004587608,1,0.6,2,4,0,1,0,0,0,0,0,0,1,0,70
25377,PTVT-T_321032,L8-BO_321144,CF,0,13,3000,1.558107783,0.082703463,0.083610586,0.140719947,0.234741586,0.311032602,1.881413538,0.050115077,1.199999074,2.055889449,0.083095289,1.1,2.224873758,0.090311826,0.053644814,0.118018542,0.724931296,0.275068704,0.245283019,0.545454354,0.429051144,69.64868084,19.29900876,11.4072913,0.84866176,16.11.2023 17:51,B-3,5.39E-06,1.4,0.6,5.45,5.21,3.77,3.2,1.44,PTVT-T_321032,L8-BO_321144,CF,Jonas_DonorAcceptor-3bands-NoBG-ZnOCorr-NoInt_PTVT-T:L8-BO,Jonas_DonorAcceptor-3bands-NoBG-ZnOCorr-NoInt,24.02030981,25.10.2023 16:48,25377_189000_OD_x3y2,x3y2,0.004101107,1.4,0.6,2,4,0,1,0,0,0,0,0,0,1,0,70
25377,PTVT-T_321032,L8-BO_321144,CF,0,13,3000,1.561492148,0.082162789,0.088058998,0.280392503,0.254494899,0.337205741,1.97,0.16,1.2,2.091495739,0.08,0.700000015,2.241207879,0.060993932,0.056200452,0.123640995,0.73170908,0.26829092,0.245283019,0.545454545,0.460846736,69.72608794,19.19951328,11.36335865,0.848830929,16.11.2023 17:51,A-1,5.39E-06,0.6,1.4,5.45,5.21,3.77,3.2,1.44,PTVT-T_321032,L8-BO_321144,CF,Jonas_DonorAcceptor-3bands-NoBG-ZnOCorr-NoInt_PTVT-T:L8-BO,Jonas_DonorAcceptor-3bands-NoBG-ZnOCorr-NoInt,392.2711564,25.10.2023 16:48,25377_189000_OD_x1y1,x1y1,0.008539654,0.6,1.4,2,4,0,1,0,0,0,0,0,0,1,0,70
25377,PTVT-T_321032,L8-BO_321144,CF,0,13,3000,1.557861167,0.082811312,0.083819159,0.141636694,0.229984008,0.30472881,1.881646769,0.050368962,1.19999829,2.056384964,0.083560653,1.1,2.226070223,0.090965937,0.052676116,0.115887365,0.724481911,0.275518089,0.245283019,0.545454192,0.420616175,69.99414047,19.10212451,11.34823237,0.848759921,16.11.2023 17:51,B-1,4.89E-06,0.6,0.6,5.45,5.21,3.77,3.2,1.44,PTVT-T_321032,L8-BO_321144,CF,Jonas_DonorAcceptor-3bands-NoBG-ZnOCorr-NoInt_PTVT-T:L8-BO,Jonas_DonorAcceptor-3bands-NoBG-ZnOCorr-NoInt,27.26485925,25.10.2023 16:48,25377_189000_OD_x1y2,x1y2,0.004206175,0.6,0.6,2,4,0,1,0,0,0,0,0,0,1,0,70
25378,PTVT-T_321032,L8-BO_321144,CF,2,13,3000,1.548953239,0.081817762,0.082380375,0.147403601,0.234384149,0.310558997,1.873922936,0.048468583,1.199917273,2.053380871,0.085559049,1.1,2.233498854,0.095554358,0.05727721,0.126005123,0.711370869,0.288629131,0.245283019,0.545437452,0.43656412,68.65177227,20.13265779,11.47193485,0.830010922,16.11.2023 17:54,A-1,7.61E-06,0.6,1.4,5.45,5.21,3.77,3.2,1.44,PTVT-T_321032,L8-BO_321144,CF,Jonas_DonorAcceptor-3bands-NoBG-ZnOCorr-NoInt_PTVT-T:L8-BO,Jonas_DonorAcceptor-3bands-NoBG-ZnOCorr-NoInt,15.86904143,25.10.2023 16:54,25378_189010_OD_x1y1,x1y1,0.003652192,0.6,1.4,2,4,0,1,0,0,0,0,0,0,1,0,71
25378,PTVT-T_321032,L8-BO_321144,CF,2,13,3000,1.549065657,0.081828878,0.08244336,0.142709208,0.235848363,0.312499081,1.874031223,0.048423658,1.199917784,2.052095652,0.085808106,1.1,2.232757301,0.096245295,0.057509795,0.126516822,0.711817223,0.288182777,0.245283019,0.545437558,0.439015903,67.93916912,20.22940883,11.40756198,0.830021638,16.11.2023 17:54,A-2,7.98E-06,1,1.4,5.45,5.21,3.77,3.2,1.44,PTVT-T_321032,L8-BO_321144,CF,Jonas_DonorAcceptor-3bands-NoBG-ZnOCorr-NoInt_PTVT-T:L8-BO,Jonas_DonorAcceptor-3bands-NoBG-ZnOCorr-NoInt,15.73057786,25.10.2023 16:54,25378_189010_OD_x2y1,x2y1,0.003678126,1,1.4,2,4,0,1,0,0,0,0,0,0,1,0,71
25378,PTVT-T_321032,L8-BO_321144,CF,2,13,3000,1.548066252,0.081600977,0.082374685,0.147624714,0.229224372,0.303722294,1.873546499,0.049001187,1.199613314,2.053158868,0.086180273,1.1,2.234294031,0.096692527,0.055648098,0.122404297,0.712751329,0.287248671,0.245283019,0.545374638,0.42612659,68.1342078,20.0741822,11.33475352,0.828722267,16.11.2023 17:54,B-3,9.20E-06,1.4,0.6,5.45,5.21,3.77,3.2,1.44,PTVT-T_321032,L8-BO_321144,CF,Jonas_DonorAcceptor-3bands-NoBG-ZnOCorr-NoInt_PTVT-T:L8-BO,Jonas_DonorAcceptor-3bands-NoBG-ZnOCorr-NoInt,15.97817019,25.10.2023 16:54,25378_189010_OD_x3y2,x3y2,0.003418271,1.4,0.6,2,4,0,1,0,0,0,0,0,0,1,0,71
25378,PTVT-T_321032,L8-BO_321144,CF,2,13,3000,1.532351065,0.07423407,0.097513307,0.301451563,0.177650575,0.26621261,1.881325327,0.081271253,0.832253766,2.090448704,0.103546776,0.860379073,2.297658687,0.127676039,0.078301762,0.143468698,0.64980414,0.35019586,0.33267408,0.454224072,0.409681308,67.92500144,20.08468016,11.30493266,0.828654328,16.11.2023 17:54,B-2,7.91E-06,1,0.6,5.45,5.21,3.77,3.2,1.44,PTVT-T_321032,L8-BO_321144,CF,Jonas_DonorAcceptor-3bands-NoBG-ZnOCorr-NoInt_PTVT-T:L8-BO,Jonas_DonorAcceptor-3bands-NoBG-ZnOCorr-NoInt,2258.060975,25.10.2023 16:54,25378_189010_OD_x2y2,x2y2,0.008255633,1,0.6,2,4,0,1,0,0,0,0,0,0,1,0,71
25379,PTVT-T_321032,L8-BO_321144,CF,1,13,2000,1.553390738,0.081311222,0.08159442,0.147414358,0.261998983,0.347148652,1.876402997,0.047704394,1.199869891,2.055185919,0.084740806,1.1,2.234033602,0.094266297,0.06607137,0.145348417,0.704874554,0.295125446,0.245283019,0.545427662,0.492497069,69.18930122,20.76195456,11.94930565,0.831831743,16.11.2023 17:56,A-1,4.63E-06,0.6,1.4,5.45,5.21,3.77,3.2,1.44,PTVT-T_321032,L8-BO_321144,CF,Jonas_DonorAcceptor-3bands-NoBG-ZnOCorr-NoInt_PTVT-T:L8-BO,Jonas_DonorAcceptor-3bands-NoBG-ZnOCorr-NoInt,25.2889128,25.10.2023 16:59,25379_189015_OD_x1y1,x1y1,0.005311,0.6,1.4,2,4,0,1,0,0,0,0,0,0,1,0,72
25379,PTVT-T_321032,L8-BO_321144,CF,1,13,2000,1.551085792,0.079696165,0.078791239,0.19835281,0.253633721,0.33606468,1.871101612,0.04886714,1.155242672,2.070121675,0.08,0.892316917,2.236399771,0.078122663,0.066801155,0.143972701,0.70008023,0.29991977,0.245283019,0.536015126,0.480037381,68.59526917,20.49547528,11.68143541,0.830890997,16.11.2023 17:56,A-2,1.52E-05,1,1.4,5.45,5.21,3.77,3.2,1.44,PTVT-T_321032,L8-BO_321144,CF,Jonas_DonorAcceptor-3bands-NoBG-ZnOCorr-NoInt_PTVT-T:L8-BO,Jonas_DonorAcceptor-3bands-NoBG-ZnOCorr-NoInt,18.60896752,25.10.2023 16:59,25379_189015_OD_x2y1,x2y1,0.006399664,1,1.4,2,4,0,1,0,0,0,0,0,0,1,0,72
25379,PTVT-T_321032,L8-BO_321144,CF,1,13,2000,1.551467168,0.079660326,0.07985212,0.155481036,0.26442182,0.350358912,1.873777274,0.049992748,1.199992821,2.054486321,0.086861608,1.1,2.237206997,0.096556062,0.069590817,0.153099298,0.695904655,0.304095345,0.245283019,0.545453062,0.50345821,69.90200542,19.93204799,11.59952939,0.832527926,16.11.2023 17:56,B-3,2.79E-06,1.4,0.6,5.45,5.21,3.77,3.2,1.44,PTVT-T_321032,L8-BO_321144,CF,Jonas_DonorAcceptor-3bands-NoBG-ZnOCorr-NoInt_PTVT-T:L8-BO,Jonas_DonorAcceptor-3bands-NoBG-ZnOCorr-NoInt,34.80753043,25.10.2023 16:59,25379_189015_OD_x3y2,x3y2,0.005275231,1.4,0.6,2,4,0,1,0,0,0,0,0,0,1,0,72
25379,PTVT-T_321032,L8-BO_321144,CF,1,13,2000,1.551614979,0.078647381,0.078816515,0.167253518,0.26747864,0.354409198,1.873053383,0.050842615,1.19983029,2.057584203,0.087644509,1.1,2.242785669,0.098145039,0.071424788,0.157122413,0.69283929,0.30716071,0.245283019,0.545419479,0.511531611,69.20661441,20.10536118,11.57862167,0.832141881,16.11.2023 17:56,B-2,9.56E-06,1,0.6,5.45,5.21,3.77,3.2,1.44,PTVT-T_321032,L8-BO_321144,CF,Jonas_DonorAcceptor-3bands-NoBG-ZnOCorr-NoInt_PTVT-T:L8-BO,Jonas_DonorAcceptor-3bands-NoBG-ZnOCorr-NoInt,44.61871038,25.10.2023 16:59,25379_189015_OD_x2y2,x2y2,0.005342422,1,0.6,2,4,0,1,0,0,0,0,0,0,1,0,72
25388,PTQ10_321145,ITIC_120057,xylene,0,30,2000,1.790051526,0.092944741,0.064243627,0.11653833,0.282996656,0.339595987,2.050390569,0.05,1.022353066,2.230139497,0.084813523,0.7,2.41,0.087849774,0.078303486,0.158357294,0.681983632,0.318016368,0.166666667,0.505526499,0.497953281,58.99711192,15.21630602,9.170203109,1.021501406,08.11.2023 18:07,B-1,9.34E-07,0.6,0.6,5.45,5.34,3.81,3.64,1.53,PTQ10_321145,ITIC_120057,xylene,Jonas_DonorAcceptor-3bands-NoBG-ZnOCorr-NoInt_PTQ10:ITIC,Jonas_DonorAcceptor-3bands-NoBG-ZnOCorr-NoInt,7208572926,26.10.2023 12:27,25388_189235_OD_x1y2,x1y2,0.010962042,0.6,0.6,3,2,0,0,1,0,0,0,1,0,0,0,73
25388,PTQ10_321145,ITIC_120057,xylene,0,30,2000,1.790987028,0.091401221,0.062827692,0.117100632,0.281278351,0.337534021,2.05180161,0.05,0.974267907,2.229889565,0.085041342,0.7,2.41,0.091155099,0.081139959,0.160192017,0.678152227,0.321847773,0.166666667,0.49348313,0.497726038,57.93271929,15.38411466,9.081451125,1.018963969,08.11.2023 18:07,B-3,2.28E-06,1.4,0.6,5.45,5.34,3.81,3.64,1.53,PTQ10_321145,ITIC_120057,xylene,Jonas_DonorAcceptor-3bands-NoBG-ZnOCorr-NoInt_PTQ10:ITIC,Jonas_DonorAcceptor-3bands-NoBG-ZnOCorr-NoInt,7814036481,26.10.2023 12:27,25388_189235_OD_x3y2,x3y2,0.009891037,1.4,0.6,3,2,0,0,1,0,0,0,1,0,0,0,73
25388,PTQ10_321145,ITIC_120057,xylene,0,30,2000,1.790904959,0.091472262,0.063015601,0.119499107,0.27998456,0.335981472,2.051335537,0.05,0.973375257,2.230426685,0.084850341,0.7,2.41,0.091077716,0.080253368,0.158370011,0.67964087,0.32035913,0.166666667,0.493254009,0.494351483,57.93797615,15.29648761,9.037858833,1.019789448,08.11.2023 18:07,B-2,7.25E-07,1,0.6,5.45,5.34,3.81,3.64,1.53,PTQ10_321145,ITIC_120057,xylene,Jonas_DonorAcceptor-3bands-NoBG-ZnOCorr-NoInt_PTQ10:ITIC,Jonas_DonorAcceptor-3bands-NoBG-ZnOCorr-NoInt,7878023156,26.10.2023 12:27,25388_189235_OD_x2y2,x2y2,0.009940903,1,0.6,3,2,0,0,1,0,0,0,1,0,0,0,73
25388,PTQ10_321145,ITIC_120057,xylene,0,30,2000,1.789745875,0.092067949,0.063455782,0.119667652,0.274183292,0.32901995,2.051529867,0.05,0.97315749,2.230962956,0.084848604,0.700000034,2.41,0.091128839,0.077051593,0.152034927,0.683955128,0.316044872,0.166666667,0.493198082,0.481054878,57.11710728,15.30831769,8.892655017,1.01703939,08.11.2023 18:07,A-3,2.51E-06,1.4,1.4,5.45,5.34,3.81,3.64,1.53,PTQ10_321145,ITIC_120057,xylene,Jonas_DonorAcceptor-3bands-NoBG-ZnOCorr-NoInt_PTQ10:ITIC,Jonas_DonorAcceptor-3bands-NoBG-ZnOCorr-NoInt,7721552252,26.10.2023 12:27,25388_189235_OD_x3y1,x3y1,0.009421787,1.4,1.4,3,2,0,0,1,0,0,0,1,0,0,0,73
25389,PTQ10_321145,ITIC_120057,xylene,0,28,2000,1.790167455,0.092094063,0.06360009,0.116992378,0.269248503,0.323098203,2.050510902,0.05,1.020578945,2.229124186,0.08555322,0.7,2.41,0.090170303,0.074494596,0.150522212,0.682188083,0.317811917,0.166666667,0.505092339,0.473620416,58.09523635,15.92495669,9.350581633,1.010694363,08.11.2023 18:09,A-1,1.03E-06,0.6,1.4,5.45,5.34,3.81,3.64,1.53,PTQ10_321145,ITIC_120057,xylene,Jonas_DonorAcceptor-3bands-NoBG-ZnOCorr-NoInt_PTQ10:ITIC,Jonas_DonorAcceptor-3bands-NoBG-ZnOCorr-NoInt,6624306647,26.10.2023 12:33,25389_189240_OD_x1y1,x1y1,0.009121905,0.6,1.4,3,2,0,0,1,0,0,0,1,0,0,0,74
25389,PTQ10_321145,ITIC_120057,xylene,0,28,2000,1.790055925,0.092026041,0.063489968,0.119432935,0.269884539,0.323861447,2.05104123,0.05,0.99735432,2.230144432,0.085275991,0.7,2.41,0.090852779,0.07536442,0.15052945,0.682689,0.317311,0.166666667,0.499337704,0.474390897,58.35967233,15.73934121,9.278250753,1.010105441,08.11.2023 18:09,B-3,2.10E-06,1.4,0.6,5.45,5.34,3.81,3.64,1.53,PTQ10_321145,ITIC_120057,xylene,Jonas_DonorAcceptor-3bands-NoBG-ZnOCorr-NoInt_PTQ10:ITIC,Jonas_DonorAcceptor-3bands-NoBG-ZnOCorr-NoInt,7242681526,26.10.2023 12:33,25389_189240_OD_x3y2,x3y2,0.009111766,1.4,0.6,3,2,0,0,1,0,0,0,1,0,0,0,74
25389,PTQ10_321145,ITIC_120057,xylene,0,28,2000,1.790471547,0.091620055,0.063270492,0.118068236,0.273291163,0.327949395,2.051044087,0.05,0.996134274,2.229740296,0.085221706,0.7,2.41,0.090688593,0.077808698,0.155316608,0.678610523,0.321389477,0.166666667,0.499031697,0.483266004,57.91321844,15.82721823,9.25970976,1.010217954,08.11.2023 18:09,B-1,1.22E-06,0.6,0.6,5.45,5.34,3.81,3.64,1.53,PTQ10_321145,ITIC_120057,xylene,Jonas_DonorAcceptor-3bands-NoBG-ZnOCorr-NoInt_PTQ10:ITIC,Jonas_DonorAcceptor-3bands-NoBG-ZnOCorr-NoInt,7257171326,26.10.2023 12:33,25389_189240_OD_x1y2,x1y2,0.009519562,0.6,0.6,3,2,0,0,1,0,0,0,1,0,0,0,74
25389,PTQ10_321145,ITIC_120057,xylene,0,28,2000,1.789735191,0.092279936,0.063807836,0.118623153,0.268743127,0.322491752,2.050588319,0.05,1.016929663,2.229867703,0.085283253,0.7,2.41,0.089975815,0.074040201,0.149333877,0.683497742,0.316502258,0.166666667,0.50419689,0.471825629,57.88272789,15.78730413,9.226043232,1.009621335,08.11.2023 18:09,B-2,1.90E-06,1,0.6,5.45,5.34,3.81,3.64,1.53,PTQ10_321145,ITIC_120057,xylene,Jonas_DonorAcceptor-3bands-NoBG-ZnOCorr-NoInt_PTQ10:ITIC,Jonas_DonorAcceptor-3bands-NoBG-ZnOCorr-NoInt,6864121104,26.10.2023 12:33,25389_189240_OD_x2y2,x2y2,0.009266356,1,0.6,3,2,0,0,1,0,0,0,1,0,0,0,74
25390,PTQ10_321145,ITIC_120057,xylene,0,26,2000,1.78817607,0.093069913,0.064381046,0.119146726,0.25489887,0.305878644,2.05039013,0.05,1.040284235,2.229482353,0.086145086,0.7,2.41,0.090485675,0.067083352,0.136869105,0.690864368,0.309135632,0.166666667,0.509872211,0.442747749,57.7004004,16.30767248,9.456308531,1.004964744,08.11.2023 18:12,B-1,7.29E-06,0.6,0.6,5.45,5.34,3.81,3.64,1.53,PTQ10_321145,ITIC_120057,xylene,Jonas_DonorAcceptor-3bands-NoBG-ZnOCorr-NoInt_PTQ10:ITIC,Jonas_DonorAcceptor-3bands-NoBG-ZnOCorr-NoInt,6339948483,26.10.2023 12:38,25390_189269_OD_x1y2,x1y2,0.007808587,0.6,0.6,3,2,0,0,1,0,0,0,1,0,0,0,75
25390,PTQ10_321145,ITIC_120057,xylene,0,26,2000,1.787994681,0.093172882,0.064434841,0.121018671,0.252578333,0.303094,2.050354224,0.05,1.019318395,2.230077885,0.085628819,0.7,2.41,0.091286231,0.066777305,0.13484464,0.692092389,0.307907611,0.166666667,0.504783395,0.43793864,57.04339722,16.24902176,9.285419933,1.001772135,08.11.2023 18:12,A-1,6.43E-06,0.6,1.4,5.45,5.34,3.81,3.64,1.53,PTQ10_321145,ITIC_120057,xylene,Jonas_DonorAcceptor-3bands-NoBG-ZnOCorr-NoInt_PTQ10:ITIC,Jonas_DonorAcceptor-3bands-NoBG-ZnOCorr-NoInt,6059075382,26.10.2023 12:38,25390_189269_OD_x1y1,x1y1,0.007593314,0.6,1.4,3,2,0,0,1,0,0,0,1,0,0,0,75
25390,PTQ10_321145,ITIC_120057,xylene,0,26,2000,1.789022807,0.092613783,0.064024817,0.119001246,0.257976383,0.30957166,2.05029392,0.05,1.043440679,2.229210621,0.086031081,0.7,2.41,0.089949869,0.069279606,0.141568766,0.686198005,0.313801995,0.166666667,0.510629298,0.451140425,56.78032467,16.08202088,9.151171683,1.002162643,08.11.2023 18:12,B-2,5.16E-06,1,0.6,5.45,5.34,3.81,3.64,1.53,PTQ10_321145,ITIC_120057,xylene,Jonas_DonorAcceptor-3bands-NoBG-ZnOCorr-NoInt_PTQ10:ITIC,Jonas_DonorAcceptor-3bands-NoBG-ZnOCorr-NoInt,6125698628,26.10.2023 12:38,25390_189269_OD_x2y2,x2y2,0.008146353,1,0.6,3,2,0,0,1,0,0,0,1,0,0,0,75
25390,PTQ10_321145,ITIC_120057,xylene,0,26,2000,1.78925574,0.0925339,0.063949674,0.120328878,0.25717638,0.308611656,2.05032083,0.05,1.024597355,2.229432417,0.085954373,0.7,2.41,0.090922046,0.06974832,0.141212265,0.68607213,0.31392787,0.166666667,0.506074629,0.449823921,56.37353095,16.11511216,9.089969912,1.000584741,08.11.2023 18:12,A-2,4.82E-06,1,1.4,5.45,5.34,3.81,3.64,1.53,PTQ10_321145,ITIC_120057,xylene,Jonas_DonorAcceptor-3bands-NoBG-ZnOCorr-NoInt_PTQ10:ITIC,Jonas_DonorAcceptor-3bands-NoBG-ZnOCorr-NoInt,6326786328,26.10.2023 12:38,25390_189269_OD_x2y1,x2y1,0.007958843,1,1.4,3,2,0,0,1,0,0,0,1,0,0,0,75
25391,PTQ10_321145,ITIC_120057,xylene,0,26,1000,1.790247711,0.079320268,0.057154796,0.089470509,0.312527552,0.375033063,2.036910842,0.05,1.086,2.207372834,0.094487175,0.7,2.41,0.098962578,0.124182213,0.259044096,0.591462818,0.408537182,0.166666667,0.520613615,0.634077158,53.98992893,15.39305811,8.367749393,1.006864434,08.11.2023 18:14,A-3,1.06E-06,1.4,1.4,5.45,5.34,3.81,3.64,1.53,PTQ10_321145,ITIC_120057,xylene,Jonas_DonorAcceptor-3bands-NoBG-ZnOCorr-NoInt_PTQ10:ITIC,Jonas_DonorAcceptor-3bands-NoBG-ZnOCorr-NoInt,2465346030,26.10.2023 12:44,25391_189274_OD_x3y1,x3y1,0.008619884,1.4,1.4,3,2,0,0,1,0,0,0,1,0,0,0,76
25391,PTQ10_321145,ITIC_120057,xylene,0,26,1000,1.790977114,0.080203892,0.057382626,0.109838018,0.317643451,0.381172141,2.038357375,0.05,1.086,2.21247113,0.092451018,0.7,2.41,0.094661005,0.120122774,0.250576107,0.60336082,0.39663918,0.166666667,0.520613615,0.631748248,53.85773981,15.39483927,8.356601227,1.007874356,08.11.2023 18:14,B-2,2.10E-06,1,0.6,5.45,5.34,3.81,3.64,1.53,PTQ10_321145,ITIC_120057,xylene,Jonas_DonorAcceptor-3bands-NoBG-ZnOCorr-NoInt_PTQ10:ITIC,Jonas_DonorAcceptor-3bands-NoBG-ZnOCorr-NoInt,3044160019,26.10.2023 12:44,25391_189274_OD_x2y2,x2y2,0.00894334,1,0.6,3,2,0,0,1,0,0,0,1,0,0,0,76
25391,PTQ10_321145,ITIC_120057,xylene,0,26,1000,1.788697887,0.077118679,0.056443705,0.076415402,0.313143096,0.375771716,2.033049297,0.05,1.086,2.201623077,0.096292158,0.7,2.41,0.10224826,0.133712029,0.278923292,0.573964535,0.426035465,0.166666667,0.520613615,0.654695008,52.97302943,15.65185112,8.340402582,1.00592707,08.11.2023 18:14,A-2,4.45E-06,1,1.4,5.45,5.34,3.81,3.64,1.53,PTQ10_321145,ITIC_120057,xylene,Jonas_DonorAcceptor-3bands-NoBG-ZnOCorr-NoInt_PTQ10:ITIC,Jonas_DonorAcceptor-3bands-NoBG-ZnOCorr-NoInt,1482757196,26.10.2023 12:44,25391_189274_OD_x2y1,x2y1,0.007851135,1,1.4,3,2,0,0,1,0,0,0,1,0,0,0,76
25391,PTQ10_321145,ITIC_120057,xylene,0,26,1000,1.786682794,0.075095704,0.057400952,0.092020249,0.318146443,0.381775731,2.028362024,0.053122747,1.086,2.199707676,0.098332719,0.7,2.41,0.103609941,0.143224747,0.298766823,0.560987301,0.439012699,0.166666667,0.520613615,0.680542554,52.6707416,15.39230055,8.156787664,1.006111676,08.11.2023 18:14,B-1,2.52E-06,0.6,0.6,5.45,5.34,3.81,3.64,1.53,PTQ10_321145,ITIC_120057,xylene,Jonas_DonorAcceptor-3bands-NoBG-ZnOCorr-NoInt_PTQ10:ITIC,Jonas_DonorAcceptor-3bands-NoBG-ZnOCorr-NoInt,1966994338,26.10.2023 12:44,25391_189274_OD_x1y2,x1y2,0.006884789,0.6,0.6,3,2,0,0,1,0,0,0,1,0,0,0,76
25392,PTQ10_321145,ITIC_120057,xylene,2,26,1000,1.787425388,0.083483551,0.05745256,0.107589982,0.334692559,0.401631071,2.040931785,0.05,1.02702255,2.213793354,0.091066617,0.7,2.41,0.096508132,0.125537581,0.254467507,0.612150498,0.387849502,0.166666667,0.506665577,0.656098578,54.91342376,15.9715459,8.927294528,1.017874858,08.11.2023 18:17,B-2,2.38E-06,1,0.6,5.45,5.34,3.81,3.64,1.53,PTQ10_321145,ITIC_120057,xylene,Jonas_DonorAcceptor-3bands-NoBG-ZnOCorr-NoInt_PTQ10:ITIC,Jonas_DonorAcceptor-3bands-NoBG-ZnOCorr-NoInt,3636036491,26.10.2023 12:50,25392_189279_OD_x2y2,x2y2,0.009371692,1,0.6,3,2,0,0,1,0,0,0,1,0,0,0,77
25392,PTQ10_321145,ITIC_120057,xylene,2,26,1000,1.785612099,0.075824667,0.05638063,0.144447839,0.310490228,0.372588274,2.02887116,0.05257968,1.086,2.209408401,0.09311266,0.7,2.41,0.096469398,0.132656624,0.276721717,0.573821871,0.426178129,0.166666667,0.520613615,0.64930999,54.41343569,16.23053681,8.92203911,1.010241233,08.11.2023 18:17,B-3,2.68E-06,1.4,0.6,5.45,5.34,3.81,3.64,1.53,PTQ10_321145,ITIC_120057,xylene,Jonas_DonorAcceptor-3bands-NoBG-ZnOCorr-NoInt_PTQ10:ITIC,Jonas_DonorAcceptor-3bands-NoBG-ZnOCorr-NoInt,1973128655,26.10.2023 12:50,25392_189279_OD_x3y2,x3y2,0.006882766,1.4,0.6,3,2,0,0,1,0,0,0,1,0,0,0,77
25392,PTQ10_321145,ITIC_120057,xylene,2,26,1000,1.787819458,0.078599921,0.056427827,0.102902297,0.31141361,0.373696332,2.034111356,0.05,1.086,2.206733156,0.093882644,0.7,2.41,0.098687849,0.12818512,0.26739416,0.582907307,0.417092693,0.166666667,0.520613615,0.641090491,53.91643826,16.12858123,8.801802234,1.012171828,08.11.2023 18:17,A-2,2.35E-06,1,1.4,5.45,5.34,3.81,3.64,1.53,PTQ10_321145,ITIC_120057,xylene,Jonas_DonorAcceptor-3bands-NoBG-ZnOCorr-NoInt_PTQ10:ITIC,Jonas_DonorAcceptor-3bands-NoBG-ZnOCorr-NoInt,2005542447,26.10.2023 12:50,25392_189279_OD_x2y1,x2y1,0.007931949,1,1.4,3,2,0,0,1,0,0,0,1,0,0,0,77
25392,PTQ10_321145,ITIC_120057,xylene,2,26,1000,1.785689048,0.075973919,0.056310755,0.143817862,0.311719444,0.374063333,2.028866479,0.052256135,1.086,2.20957878,0.092995152,0.7,2.41,0.096404056,0.132518918,0.276434464,0.57504166,0.42495834,0.166666667,0.520613615,0.650497796,53.4978078,16.14592945,8.725771687,1.010194056,08.11.2023 18:17,A-3,2.11E-06,1.4,1.4,5.45,5.34,3.81,3.64,1.53,PTQ10_321145,ITIC_120057,xylene,Jonas_DonorAcceptor-3bands-NoBG-ZnOCorr-NoInt_PTQ10:ITIC,Jonas_DonorAcceptor-3bands-NoBG-ZnOCorr-NoInt,1899260005,26.10.2023 12:50,25392_189279_OD_x3y1,x3y1,0.006965465,1.4,1.4,3,2,0,0,1,0,0,0,1,0,0,0,77
25393,PTQ10_321145,ITIC_120057,xylene,0,26,3000,1.783394309,0.092747175,0.064057585,0.116041741,0.206563459,0.247876151,2.051328922,0.05,1.085999094,2.228052075,0.089370229,0.7,2.41,0.094114416,0.047285389,0.098637279,0.715343562,0.284656438,0.166666667,0.520613406,0.34651343,57.88325199,14.7784869,8.350109425,0.976133625,08.11.2023 18:19,B-1,7.32E-06,0.6,0.6,5.45,5.34,3.81,3.64,1.53,PTQ10_321145,ITIC_120057,xylene,Jonas_DonorAcceptor-3bands-NoBG-ZnOCorr-NoInt_PTQ10:ITIC,Jonas_DonorAcceptor-3bands-NoBG-ZnOCorr-NoInt,5459335643,26.10.2023 12:55,25393_189280_OD_x1y2,x1y2,0.004202609,0.6,0.6,3,2,0,0,1,0,0,0,1,0,0,0,78
25393,PTQ10_321145,ITIC_120057,xylene,0,26,3000,1.784249379,0.092655917,0.063921109,0.11491121,0.206446375,0.24773565,2.05062848,0.05,1.085859307,2.227198298,0.08891458,0.7,2.41,0.094074315,0.048053418,0.100232669,0.711948866,0.288051134,0.166666667,0.520581279,0.347968319,57.30490388,14.73451034,8.222829322,0.973853836,08.11.2023 18:19,B-2,1.19E-06,1,0.6,5.45,5.34,3.81,3.64,1.53,PTQ10_321145,ITIC_120057,xylene,Jonas_DonorAcceptor-3bands-NoBG-ZnOCorr-NoInt_PTQ10:ITIC,Jonas_DonorAcceptor-3bands-NoBG-ZnOCorr-NoInt,4556325076,26.10.2023 12:55,25393_189280_OD_x2y2,x2y2,0.00416774,1,0.6,3,2,0,0,1,0,0,0,1,0,0,0,78
25393,PTQ10_321145,ITIC_120057,xylene,0,26,3000,1.783817191,0.092532311,0.063914808,0.113749701,0.206810716,0.248172859,2.051008097,0.05,1.085961578,2.227317923,0.088810104,0.7,2.41,0.09378915,0.047974403,0.100072762,0.712637414,0.287362586,0.166666667,0.520604785,0.348245621,56.98316507,14.56436449,8.02980516,0.967535481,08.11.2023 18:19,B-3,3.07E-06,1.4,0.6,5.45,5.34,3.81,3.64,1.53,PTQ10_321145,ITIC_120057,xylene,Jonas_DonorAcceptor-3bands-NoBG-ZnOCorr-NoInt_PTQ10:ITIC,Jonas_DonorAcceptor-3bands-NoBG-ZnOCorr-NoInt,4267461724,26.10.2023 12:55,25393_189280_OD_x3y2,x3y2,0.004105615,1.4,0.6,3,2,0,0,1,0,0,0,1,0,0,0,78
25393,PTQ10_321145,ITIC_120057,xylene,0,26,3000,1.78389319,0.092887478,0.064170671,0.117803428,0.208977967,0.25077356,2.050714039,0.05,1.085999468,2.228457787,0.08846587,0.7,2.41,0.092946107,0.048315505,0.100786118,0.713317185,0.286682815,0.166666667,0.520613492,0.351559678,55.58302535,14.84372767,7.948932607,0.963437742,08.11.2023 18:19,A-2,1.54E-06,1,1.4,5.45,5.34,3.81,3.64,1.53,PTQ10_321145,ITIC_120057,xylene,Jonas_DonorAcceptor-3bands-NoBG-ZnOCorr-NoInt_PTQ10:ITIC,Jonas_DonorAcceptor-3bands-NoBG-ZnOCorr-NoInt,4730563119,26.10.2023 12:55,25393_189280_OD_x2y1,x2y1,0.004393919,1,1.4,3,2,0,0,1,0,0,0,1,0,0,0,78
25394,PTQ10_321145,ITIC_120057,xylene,2,26,3000,1.7818111,0.092044337,0.063225522,0.107985618,0.197919379,0.237503255,2.048926988,0.05,1.083411898,2.219316235,0.092979114,0.7,2.41,0.101536509,0.050226464,0.104642413,0.694158299,0.305841701,0.166666667,0.520018101,0.342145668,59.13940465,14.63189696,8.467302506,0.978515014,08.11.2023 18:22,B-1,3.28E-06,0.6,0.6,5.45,5.34,3.81,3.64,1.53,PTQ10_321145,ITIC_120057,xylene,Jonas_DonorAcceptor-3bands-NoBG-ZnOCorr-NoInt_PTQ10:ITIC,Jonas_DonorAcceptor-3bands-NoBG-ZnOCorr-NoInt,7992780855,26.10.2023 13:01,25394_189281_OD_x1y2,x1y2,0.004005039,0.6,0.6,3,2,0,0,1,0,0,0,1,0,0,0,79
25394,PTQ10_321145,ITIC_120057,xylene,2,26,3000,1.781596975,0.092205872,0.063347716,0.110472006,0.197849301,0.237419161,2.049022812,0.05,1.085573299,2.220181743,0.092643966,0.7,2.41,0.100628727,0.049291946,0.102801967,0.697837792,0.302162208,0.166666667,0.520515534,0.340221128,58.46898173,14.65625064,8.331831202,0.97228156,08.11.2023 18:22,A-1,1.07E-05,0.6,1.4,5.45,5.34,3.81,3.64,1.53,PTQ10_321145,ITIC_120057,xylene,Jonas_DonorAcceptor-3bands-NoBG-ZnOCorr-NoInt_PTQ10:ITIC,Jonas_DonorAcceptor-3bands-NoBG-ZnOCorr-NoInt,8243684629,26.10.2023 13:01,25394_189281_OD_x1y1,x1y1,0.004059533,0.6,1.4,3,2,0,0,1,0,0,0,1,0,0,0,79
25394,PTQ10_321145,ITIC_120057,xylene,2,26,3000,1.782853826,0.093288537,0.06326344,0.1096403,0.203210833,0.243853,2.050776559,0.05,1.041598167,2.22274467,0.091275622,0.7,2.41,0.100411731,0.051263021,0.10465849,0.699698596,0.300301404,0.166666667,0.510187648,0.348511489,57.87156203,14.67178267,8.264042565,0.973294917,08.11.2023 18:22,A-2,4.55E-06,1,1.4,5.45,5.34,3.81,3.64,1.53,PTQ10_321145,ITIC_120057,xylene,Jonas_DonorAcceptor-3bands-NoBG-ZnOCorr-NoInt_PTQ10:ITIC,Jonas_DonorAcceptor-3bands-NoBG-ZnOCorr-NoInt,8739404510,26.10.2023 13:01,25394_189281_OD_x2y1,x2y1,0.004475874,1,1.4,3,2,0,0,1,0,0,0,1,0,0,0,79
25394,PTQ10_321145,ITIC_120057,xylene,2,26,3000,1.782100039,0.091927878,0.063080315,0.108371002,0.197150871,0.236581046,2.048662133,0.05,1.086,2.218944501,0.092885839,0.7,2.41,0.101299026,0.050194129,0.104704953,0.693204662,0.306795338,0.166666667,0.520613615,0.341285999,58.09048905,14.53762505,8.203998836,0.971464856,08.11.2023 18:22,B-2,2.63E-06,1,0.6,5.45,5.34,3.81,3.64,1.53,PTQ10_321145,ITIC_120057,xylene,Jonas_DonorAcceptor-3bands-NoBG-ZnOCorr-NoInt_PTQ10:ITIC,Jonas_DonorAcceptor-3bands-NoBG-ZnOCorr-NoInt,7520459393,26.10.2023 13:01,25394_189281_OD_x2y2,x2y2,0.003972952,1,0.6,3,2,0,0,1,0,0,0,1,0,0,0,79
25395,PTQ10_321145,ITIC_120057,xylene,1,26,2000,1.784413509,0.093949068,0.064127917,0.11756056,0.233050905,0.279661085,2.051418132,0.05,0.993388562,2.228237587,0.087313843,0.7,2.41,0.095965274,0.061467231,0.122528075,0.695347147,0.304652853,0.166666667,0.498341659,0.402189161,60.49887856,15.49935208,9.429915981,1.005650225,08.11.2023 18:24,A-1,2.16E-06,0.6,1.4,5.45,5.34,3.81,3.64,1.53,PTQ10_321145,ITIC_120057,xylene,Jonas_DonorAcceptor-3bands-NoBG-ZnOCorr-NoInt_PTQ10:ITIC,Jonas_DonorAcceptor-3bands-NoBG-ZnOCorr-NoInt,8121343369,26.10.2023 13:07,25395_189285_OD_x1y1,x1y1,0.006226766,0.6,1.4,3,2,0,0,1,0,0,0,1,0,0,0,80
25395,PTQ10_321145,ITIC_120057,xylene,1,26,2000,1.785103854,0.093675256,0.063714093,0.11721722,0.231674228,0.278009074,2.051497104,0.05,0.996998903,2.227618667,0.087617456,0.7,2.41,0.096292355,0.061542167,0.12289964,0.693447321,0.306552679,0.166666667,0.499248598,0.400908714,59.8360382,15.26167064,9.143986632,1.001314891,08.11.2023 18:24,B-3,1.53E-06,1.4,0.6,5.45,5.34,3.81,3.64,1.53,PTQ10_321145,ITIC_120057,xylene,Jonas_DonorAcceptor-3bands-NoBG-ZnOCorr-NoInt_PTQ10:ITIC,Jonas_DonorAcceptor-3bands-NoBG-ZnOCorr-NoInt,7367978895,26.10.2023 13:07,25395_189285_OD_x3y2,x3y2,0.005872884,1.4,0.6,3,2,0,0,1,0,0,0,1,0,0,0,80
25395,PTQ10_321145,ITIC_120057,xylene,1,26,2000,1.784951733,0.093858636,0.063998833,0.119243538,0.232282101,0.278738521,2.051575945,0.05,1.011191057,2.227672958,0.088485131,0.7,2.41,0.096166983,0.060848337,0.122377632,0.694907246,0.305092754,0.166666667,0.502782196,0.401116153,59.01334998,15.40965851,9.09232016,0.999842139,08.11.2023 18:24,A-2,4.37E-06,1,1.4,5.45,5.34,3.81,3.64,1.53,PTQ10_321145,ITIC_120057,xylene,Jonas_DonorAcceptor-3bands-NoBG-ZnOCorr-NoInt_PTQ10:ITIC,Jonas_DonorAcceptor-3bands-NoBG-ZnOCorr-NoInt,9807355133,26.10.2023 13:07,25395_189285_OD_x2y1,x2y1,0.006167533,1,1.4,3,2,0,0,1,0,0,0,1,0,0,0,80
25395,PTQ10_321145,ITIC_120057,xylene,1,26,2000,1.785203639,0.093706493,0.063704563,0.117234931,0.230758008,0.276909609,2.051433074,0.05,1.006418556,2.227166918,0.088187261,0.7,2.41,0.096398223,0.060834724,0.122059919,0.694062052,0.305937948,0.166666667,0.501599506,0.398969528,59.25066596,15.21130685,8.994892205,0.998013003,08.11.2023 18:24,B-2,1.88E-06,1,0.6,5.45,5.34,3.81,3.64,1.53,PTQ10_321145,ITIC_120057,xylene,Jonas_DonorAcceptor-3bands-NoBG-ZnOCorr-NoInt_PTQ10:ITIC,Jonas_DonorAcceptor-3bands-NoBG-ZnOCorr-NoInt,8337380900,26.10.2023 13:07,25395_189285_OD_x2y2,x2y2,0.005972659,1,0.6,3,2,0,0,1,0,0,0,1,0,0,0,80
25396,PTQ10_321145,ITIC-4F_120033,xylene,0,30,2000,1.729954812,0.085079167,0.12,0.244486081,0.134534933,0.2018024,2.054457122,0.05536002,1.086,2.201958727,0.094867242,0.812034693,2.41,0.105401284,0.11027111,0.230025535,0.467321319,0.532678681,0.333333333,0.520613615,0.431827934,61.34446956,19.2354088,10.96548787,0.929289698,26.10.2023 16:36,A-1,6.63E-07,0.6,1.4,5.47,5.34,3.97,3.64,1.37,PTQ10_321145,ITIC-4F_120033,xylene,Jonas_DonorAcceptor-3bands-NoBG-ZnOCorr-NoInt_PTQ10:ITIC-4F,Jonas_DonorAcceptor-3bands-NoBG-ZnOCorr-NoInt,102.0593798,26.10.2023 13:36,25396_189312_OD_x1y1,x1y1,0.005737361,0.6,1.4,3,3,0,0,1,0,0,0,0,1,0,0,81
25396,PTQ10_321145,ITIC-4F_120033,xylene,0,30,2000,1.74,0.088877793,0.06,0.282151149,0.19804509,0.221051338,2.046905069,0.056301636,1.086,2.204036934,0.096872306,0.84398221,2.41,0.106235937,0.107062059,0.223331455,0.497434512,0.502565488,0.104076491,0.520613615,0.444382793,61.28574289,18.95748708,10.77946697,0.927805756,26.10.2023 16:36,A-3,1.60E-07,1.4,1.4,5.47,5.34,3.97,3.64,1.37,PTQ10_321145,ITIC-4F_120033,xylene,Jonas_DonorAcceptor-3bands-NoBG-ZnOCorr-NoInt_PTQ10:ITIC-4F,Jonas_DonorAcceptor-3bands-NoBG-ZnOCorr-NoInt,96.13143459,26.10.2023 13:36,25396_189312_OD_x3y1,x3y1,0.00435782,1.4,1.4,3,3,0,0,1,0,0,0,0,1,0,0,81
25396,PTQ10_321145,ITIC-4F_120033,xylene,0,30,2000,1.74,0.089641149,0.06,0.263113307,0.198874421,0.222429632,2.046939359,0.056224068,1.086,2.204040347,0.09679263,0.82164675,2.41,0.104937233,0.106586798,0.222340061,0.500100693,0.499899307,0.105899608,0.520613615,0.444769694,61.31265228,18.96306853,10.77208922,0.92649104,26.10.2023 16:36,B-1,3.02E-07,0.6,0.6,5.47,5.34,3.97,3.64,1.37,PTQ10_321145,ITIC-4F_120033,xylene,Jonas_DonorAcceptor-3bands-NoBG-ZnOCorr-NoInt_PTQ10:ITIC-4F,Jonas_DonorAcceptor-3bands-NoBG-ZnOCorr-NoInt,98.95365973,26.10.2023 13:36,25396_189312_OD_x1y2,x1y2,0.004343654,0.6,0.6,3,3,0,0,1,0,0,0,0,1,0,0,81
25396,PTQ10_321145,ITIC-4F_120033,xylene,0,30,2000,1.729332968,0.084701741,0.12,0.250155278,0.134319335,0.201479003,2.05473386,0.055495273,1.086,2.202887918,0.09493815,0.795742615,2.41,0.103812496,0.110696591,0.230913088,0.465963664,0.534036336,0.333333333,0.520613615,0.432392091,60.47768113,19.10403334,10.71843086,0.927707382,26.10.2023 16:36,A-2,2.82E-07,1,1.4,5.47,5.34,3.97,3.64,1.37,PTQ10_321145,ITIC-4F_120033,xylene,Jonas_DonorAcceptor-3bands-NoBG-ZnOCorr-NoInt_PTQ10:ITIC-4F,Jonas_DonorAcceptor-3bands-NoBG-ZnOCorr-NoInt,91.30794063,26.10.2023 13:36,25396_189312_OD_x2y1,x2y1,0.005554737,1,1.4,3,3,0,0,1,0,0,0,0,1,0,0,81
25397,PTQ10_321145,ITIC-4F_120033,xylene,0,28,2000,1.738031619,0.09,0.06,0.270249346,0.186989853,0.208600868,2.046326757,0.056350646,1.086,2.203799579,0.097369691,0.79964256,2.41,0.104955205,0.099269024,0.207075184,0.501835184,0.498164816,0.10359983,0.520613615,0.415676052,61.32865911,20.82221826,11.75831578,0.920777409,26.10.2023 16:38,A-1,1.53E-06,0.6,1.4,5.47,5.34,3.97,3.64,1.37,PTQ10_321145,ITIC-4F_120033,xylene,Jonas_DonorAcceptor-3bands-NoBG-ZnOCorr-NoInt_PTQ10:ITIC-4F,Jonas_DonorAcceptor-3bands-NoBG-ZnOCorr-NoInt,75.75743708,26.10.2023 13:42,25397_189345_OD_x1y1,x1y1,0.003566027,0.6,1.4,3,3,0,0,1,0,0,0,0,1,0,0,82
25397,PTQ10_321145,ITIC-4F_120033,xylene,0,28,2000,1.729370579,0.086474858,0.12,0.241864215,0.132800015,0.194381189,2.054470453,0.055404712,1.086,2.202071976,0.094889801,0.787988175,2.41,0.104377432,0.104418436,0.217816857,0.47157232,0.52842768,0.316806241,0.520613615,0.412198045,61.34916692,20.78441148,11.73838518,0.920580889,26.10.2023 16:38,A-3,1.16E-06,1.4,1.4,5.47,5.34,3.97,3.64,1.37,PTQ10_321145,ITIC-4F_120033,xylene,Jonas_DonorAcceptor-3bands-NoBG-ZnOCorr-NoInt_PTQ10:ITIC-4F,Jonas_DonorAcceptor-3bands-NoBG-ZnOCorr-NoInt,97.58340473,26.10.2023 13:42,25397_189345_OD_x3y1,x3y1,0.004997717,1.4,1.4,3,3,0,0,1,0,0,0,0,1,0,0,82
25397,PTQ10_321145,ITIC-4F_120033,xylene,0,28,2000,1.737630303,0.09,0.06,0.275687393,0.186126224,0.207705444,2.046487569,0.056311314,1.086,2.20412302,0.097033724,0.796282915,2.41,0.104380169,0.098865921,0.206234311,0.501776989,0.498223011,0.103893379,0.520613615,0.413939755,60.79648407,20.83669277,11.65743664,0.920228779,26.10.2023 16:38,A-2,6.75E-07,1,1.4,5.47,5.34,3.97,3.64,1.37,PTQ10_321145,ITIC-4F_120033,xylene,Jonas_DonorAcceptor-3bands-NoBG-ZnOCorr-NoInt_PTQ10:ITIC-4F,Jonas_DonorAcceptor-3bands-NoBG-ZnOCorr-NoInt,69.36446159,26.10.2023 13:42,25397_189345_OD_x2y1,x2y1,0.003477003,1,1.4,3,3,0,0,1,0,0,0,0,1,0,0,82
25397,PTQ10_321145,ITIC-4F_120033,xylene,0,28,2000,1.736816148,0.09,0.06,0.286148861,0.183991484,0.204560667,2.046545206,0.056225537,1.086,2.203745208,0.097340053,0.820493374,2.41,0.106884999,0.09655458,0.201412854,0.503876869,0.496123131,0.100552969,0.520613615,0.405973521,61.45394548,20.58105483,11.65055335,0.921147446,26.10.2023 16:38,B-1,2.01E-06,0.6,0.6,5.47,5.34,3.97,3.64,1.37,PTQ10_321145,ITIC-4F_120033,xylene,Jonas_DonorAcceptor-3bands-NoBG-ZnOCorr-NoInt_PTQ10:ITIC-4F,Jonas_DonorAcceptor-3bands-NoBG-ZnOCorr-NoInt,75.37801287,26.10.2023 13:42,25397_189345_OD_x1y2,x1y2,0.003593532,0.6,0.6,3,3,0,0,1,0,0,0,0,1,0,0,82
25398,PTQ10_321145,ITIC-4F_120033,xylene,0,26,2000,1.7333527,0.09,0.06,0.337914887,0.161534773,0.177957595,2.046568406,0.056815696,1.086,2.206747786,0.09651554,0.771941534,2.41,0.101535734,0.083642597,0.174478457,0.504935843,0.495064157,0.092285029,0.520613615,0.352436052,61.32271859,19.51181905,10.98185207,0.917817702,26.10.2023 16:40,B-1,5.01E-06,0.6,0.6,5.47,5.34,3.97,3.64,1.37,PTQ10_321145,ITIC-4F_120033,xylene,Jonas_DonorAcceptor-3bands-NoBG-ZnOCorr-NoInt_PTQ10:ITIC-4F,Jonas_DonorAcceptor-3bands-NoBG-ZnOCorr-NoInt,50.1068523,26.10.2023 13:48,25398_189356_OD_x1y2,x1y2,0.002828891,0.6,0.6,3,3,0,0,1,0,0,0,0,1,0,0,83
25398,PTQ10_321145,ITIC-4F_120033,xylene,0,26,2000,1.732680862,0.09,0.06,0.345262135,0.159092689,0.175001957,2.046394463,0.056931068,1.086,2.20691025,0.096539255,0.770704286,2.41,0.101414898,0.082114655,0.17129117,0.50535787,0.49464213,0.090909091,0.520613615,0.346293128,60.95041272,19.55155864,10.94281053,0.918270947,26.10.2023 16:40,A-1,1.44E-06,0.6,1.4,5.47,5.34,3.97,3.64,1.37,PTQ10_321145,ITIC-4F_120033,xylene,Jonas_DonorAcceptor-3bands-NoBG-ZnOCorr-NoInt_PTQ10:ITIC-4F,Jonas_DonorAcceptor-3bands-NoBG-ZnOCorr-NoInt,50.2492107,26.10.2023 13:48,25398_189356_OD_x1y1,x1y1,0.002804367,0.6,1.4,3,3,0,0,1,0,0,0,0,1,0,0,83
25398,PTQ10_321145,ITIC-4F_120033,xylene,0,26,2000,1.733984869,0.09,0.06,0.314045424,0.162674483,0.180035369,2.046020799,0.056795883,1.086,2.205620959,0.097240936,0.766756456,2.41,0.102586874,0.083841697,0.17489378,0.50724312,0.49275688,0.096430417,0.520613615,0.354929148,61.10133573,19.33023905,10.82776661,0.91675008,26.10.2023 16:40,B-3,4.78E-07,1.4,0.6,5.47,5.34,3.97,3.64,1.37,PTQ10_321145,ITIC-4F_120033,xylene,Jonas_DonorAcceptor-3bands-NoBG-ZnOCorr-NoInt_PTQ10:ITIC-4F,Jonas_DonorAcceptor-3bands-NoBG-ZnOCorr-NoInt,46.71888164,26.10.2023 13:48,25398_189356_OD_x3y2,x3y2,0.002682315,1.4,0.6,3,3,0,0,1,0,0,0,0,1,0,0,83
25398,PTQ10_321145,ITIC-4F_120033,xylene,0,26,2000,1.734055019,0.09,0.06,0.302605959,0.15980015,0.177442422,2.045189149,0.056902001,1.086,2.204846124,0.097887444,0.749508221,2.41,0.102256629,0.082048823,0.171153844,0.509019858,0.490980142,0.099425331,0.520613615,0.348596266,60.57097249,19.23173094,10.66909832,0.91589312,26.10.2023 16:40,A-3,8.79E-07,1.4,1.4,5.47,5.34,3.97,3.64,1.37,PTQ10_321145,ITIC-4F_120033,xylene,Jonas_DonorAcceptor-3bands-NoBG-ZnOCorr-NoInt_PTQ10:ITIC-4F,Jonas_DonorAcceptor-3bands-NoBG-ZnOCorr-NoInt,40.80630768,26.10.2023 13:48,25398_189356_OD_x3y1,x3y1,0.002363831,1.4,1.4,3,3,0,0,1,0,0,0,0,1,0,0,83
25399,PTQ10_321145,ITIC-4F_120033,xylene,0,26,1000,1.731307481,0.080004462,0.12,0.293502865,0.141604273,0.21240641,2.05530005,0.055760749,1.086,2.203459998,0.093354204,0.837697949,2.41,0.104213857,0.124339587,0.259372378,0.450224586,0.549775414,0.333333333,0.520613615,0.471778788,58.88497035,19.09630584,10.27442877,0.913700501,26.10.2023 16:43,A-1,5.47E-07,0.6,1.4,5.47,5.34,3.97,3.64,1.37,PTQ10_321145,ITIC-4F_120033,xylene,Jonas_DonorAcceptor-3bands-NoBG-ZnOCorr-NoInt_PTQ10:ITIC-4F,Jonas_DonorAcceptor-3bands-NoBG-ZnOCorr-NoInt,30.26030417,26.10.2023 13:53,25399_189366_OD_x1y1,x1y1,0.005787155,0.6,1.4,3,3,0,0,1,0,0,0,0,1,0,0,84
25399,PTQ10_321145,ITIC-4F_120033,xylene,0,26,1000,1.730883014,0.08068421,0.12,0.291240181,0.138485013,0.207727519,2.055123269,0.05548905,1.086,2.20209936,0.093776895,0.868049968,2.41,0.108074144,0.118894586,0.248014105,0.455801068,0.544198932,0.333333333,0.520613615,0.455741624,59.15737723,18.85388497,10.18082444,0.912794856,26.10.2023 16:43,B-2,4.67E-07,1,0.6,5.47,5.34,3.97,3.64,1.37,PTQ10_321145,ITIC-4F_120033,xylene,Jonas_DonorAcceptor-3bands-NoBG-ZnOCorr-NoInt_PTQ10:ITIC-4F,Jonas_DonorAcceptor-3bands-NoBG-ZnOCorr-NoInt,31.57032819,26.10.2023 13:53,25399_189366_OD_x2y2,x2y2,0.005439353,1,0.6,3,3,0,0,1,0,0,0,0,1,0,0,84
25399,PTQ10_321145,ITIC-4F_120033,xylene,0,26,1000,1.74,0.084697329,0.06,0.313065928,0.207872706,0.233862343,2.047464938,0.056206065,1.086,2.204782036,0.096500262,0.861828067,2.41,0.106199491,0.121309641,0.253051912,0.480294714,0.519705286,0.111132201,0.520613615,0.486914254,58.96014815,18.83087628,10.14067007,0.913350681,26.10.2023 16:43,B-1,2.78E-07,0.6,0.6,5.47,5.34,3.97,3.64,1.37,PTQ10_321145,ITIC-4F_120033,xylene,Jonas_DonorAcceptor-3bands-NoBG-ZnOCorr-NoInt_PTQ10:ITIC-4F,Jonas_DonorAcceptor-3bands-NoBG-ZnOCorr-NoInt,64.86388141,26.10.2023 13:53,25399_189366_OD_x1y2,x1y2,0.004434294,0.6,0.6,3,3,0,0,1,0,0,0,0,1,0,0,84
25399,PTQ10_321145,ITIC-4F_120033,xylene,0,26,1000,1.731158597,0.080962344,0.12,0.285062341,0.138443166,0.207664748,2.05521481,0.055774345,1.086,2.203841155,0.093790221,0.816420851,2.41,0.103184441,0.12239037,0.255306313,0.448548011,0.551451989,0.333333333,0.520613615,0.462971061,58.42459678,18.92712633,10.10544835,0.913850559,26.10.2023 16:43,A-2,3.97E-07,1,1.4,5.47,5.34,3.97,3.64,1.37,PTQ10_321145,ITIC-4F_120033,xylene,Jonas_DonorAcceptor-3bands-NoBG-ZnOCorr-NoInt_PTQ10:ITIC-4F,Jonas_DonorAcceptor-3bands-NoBG-ZnOCorr-NoInt,33.95984245,26.10.2023 13:53,25399_189366_OD_x2y1,x2y1,0.00564528,1,1.4,3,3,0,0,1,0,0,0,0,1,0,0,84
25400,PTQ10_321145,ITIC-4F_120033,xylene,2,26,1000,1.732882087,0.09,0.06,0.200066513,0.205835004,0.234333738,2.043891059,0.05577367,1.086,2.201226884,0.099059692,0.794956439,2.41,0.105824843,0.119007386,0.248249407,0.485582103,0.514417897,0.121616009,0.520613615,0.482583145,59.41473514,19.17563746,10.33563207,0.907179161,26.10.2023 16:45,A-2,1.60E-06,1,1.4,5.47,5.34,3.97,3.64,1.37,PTQ10_321145,ITIC-4F_120033,xylene,Jonas_DonorAcceptor-3bands-NoBG-ZnOCorr-NoInt_PTQ10:ITIC-4F,Jonas_DonorAcceptor-3bands-NoBG-ZnOCorr-NoInt,19.5471163,26.10.2023 13:59,25400_189372_OD_x2y1,x2y1,0.00241343,1,1.4,3,3,0,0,1,0,0,0,0,1,0,0,85
25400,PTQ10_321145,ITIC-4F_120033,xylene,2,26,1000,1.704722171,0.076484234,0.084407242,0.339193904,0.155311763,0.215669126,2.049401991,0.061680938,0.826590713,2.21479199,0.08947282,0.804263388,2.412835965,0.111406387,0.135202116,0.246958929,0.46618255,0.53381745,0.279860933,0.45253198,0.462628055,59.21380589,19.06044045,10.24155516,0.907423454,26.10.2023 16:45,B-2,2.64E-06,1,0.6,5.47,5.34,3.97,3.64,1.37,PTQ10_321145,ITIC-4F_120033,xylene,Jonas_DonorAcceptor-3bands-NoBG-ZnOCorr-NoInt_PTQ10:ITIC-4F,Jonas_DonorAcceptor-3bands-NoBG-ZnOCorr-NoInt,178.6305864,26.10.2023 13:59,25400_189372_OD_x2y2,x2y2,0.007899171,1,0.6,3,3,0,0,1,0,0,0,0,1,0,0,85
25400,PTQ10_321145,ITIC-4F_120033,xylene,2,26,1000,1.738280011,0.09,0.061563171,0.314029601,0.238778147,0.279816768,2.040860096,0.053251274,1.086,2.229186754,0.086442655,1,2.41,0.096278165,0.096956128,0.202250483,0.580451727,0.419548273,0.146662482,0.520613615,0.482067251,59.67674164,18.86112627,10.22232046,0.908190106,26.10.2023 16:45,B-1,1.73E-06,0.6,0.6,5.47,5.34,3.97,3.64,1.37,PTQ10_321145,ITIC-4F_120033,xylene,Jonas_DonorAcceptor-3bands-NoBG-ZnOCorr-NoInt_PTQ10:ITIC-4F,Jonas_DonorAcceptor-3bands-NoBG-ZnOCorr-NoInt,41.32977272,26.10.2023 13:59,25400_189372_OD_x1y2,x1y2,0.002768351,0.6,0.6,3,3,0,0,1,0,0,0,0,1,0,0,85
25400,PTQ10_321145,ITIC-4F_120033,xylene,2,26,1000,1.735672341,0.09,0.06,0.119067956,0.224502552,0.258764461,2.042953792,0.056493873,1.086,2.200731337,0.101550286,0.752934163,2.415335284,0.106827185,0.130705789,0.272652277,0.486933215,0.513066785,0.132405773,0.520613615,0.531416737,59.72602141,18.79364948,10.19784824,0.908518629,26.10.2023 16:45,A-1,1.68E-06,0.6,1.4,5.47,5.34,3.97,3.64,1.37,PTQ10_321145,ITIC-4F_120033,xylene,Jonas_DonorAcceptor-3bands-NoBG-ZnOCorr-NoInt_PTQ10:ITIC-4F,Jonas_DonorAcceptor-3bands-NoBG-ZnOCorr-NoInt,35.03185774,26.10.2023 13:59,25400_189372_OD_x1y1,x1y1,0.002957002,0.6,1.4,3,3,0,0,1,0,0,0,0,1,0,0,85
25401,PTQ10_321145,ITIC-4F_120033,xylene,0,26,3000,1.704834748,0.076500373,0.0862045,0.34503937,0.100020018,0.138703253,2.042000225,0.064234597,0.817212133,2.208493088,0.094676336,0.772024902,2.412470728,0.124599029,0.072406314,0.131577633,0.51318188,0.48681812,0.278892054,0.449706514,0.270280886,52.44801603,17.99807889,8.351173467,0.884692385,26.10.2023 16:47,B-1,3.42E-06,0.6,0.6,5.47,5.34,3.97,3.64,1.37,PTQ10_321145,ITIC-4F_120033,xylene,Jonas_DonorAcceptor-3bands-NoBG-ZnOCorr-NoInt_PTQ10:ITIC-4F,Jonas_DonorAcceptor-3bands-NoBG-ZnOCorr-NoInt,153.6642346,26.10.2023 14:05,25401_189373_OD_x1y2,x1y2,0.00454562,0.6,0.6,3,3,0,0,1,0,0,0,0,1,0,0,86
25401,PTQ10_321145,ITIC-4F_120033,xylene,0,26,3000,1.704567277,0.076599406,0.086425753,0.344241255,0.09965493,0.138131506,2.04203505,0.064072315,0.821486173,2.208937779,0.094681058,0.77239166,2.412937282,0.124608806,0.071678948,0.130562214,0.514085355,0.485914645,0.27855033,0.450997754,0.26869372,52.38307321,18.02099126,8.343858876,0.883888127,26.10.2023 16:47,A-1,2.15E-06,0.6,1.4,5.47,5.34,3.97,3.64,1.37,PTQ10_321145,ITIC-4F_120033,xylene,Jonas_DonorAcceptor-3bands-NoBG-ZnOCorr-NoInt_PTQ10:ITIC-4F,Jonas_DonorAcceptor-3bands-NoBG-ZnOCorr-NoInt,158.809785,26.10.2023 14:05,25401_189373_OD_x1y1,x1y1,0.004517202,0.6,1.4,3,3,0,0,1,0,0,0,0,1,0,0,86
25401,PTQ10_321145,ITIC-4F_120033,xylene,0,26,3000,1.704464051,0.076719783,0.086414654,0.342124847,0.101018161,0.139996881,2.041733756,0.064013704,0.829090313,2.207367312,0.095459406,0.774699032,2.411300436,0.123382885,0.071050894,0.129958503,0.518592661,0.481407339,0.278425627,0.45328014,0.269955383,51.75332327,18.03285267,8.226706653,0.881502066,26.10.2023 16:47,A-2,2.26E-06,1,1.4,5.47,5.34,3.97,3.64,1.37,PTQ10_321145,ITIC-4F_120033,xylene,Jonas_DonorAcceptor-3bands-NoBG-ZnOCorr-NoInt_PTQ10:ITIC-4F,Jonas_DonorAcceptor-3bands-NoBG-ZnOCorr-NoInt,169.3764676,26.10.2023 14:05,25401_189373_OD_x2y1,x2y1,0.00465116,1,1.4,3,3,0,0,1,0,0,0,0,1,0,0,86
25401,PTQ10_321145,ITIC-4F_120033,xylene,0,26,3000,1.732989078,0.088671335,0.06,0.206808419,0.135988427,0.154163831,2.039171382,0.05759408,1.085999987,2.195460168,0.103730404,0.700000004,2.41,0.111182226,0.067156473,0.140088401,0.523917287,0.476082713,0.117896682,0.520613611,0.294252232,51.8165636,17.76133003,8.09836538,0.879940436,26.10.2023 16:47,A-3,2.30E-06,1.4,1.4,5.47,5.34,3.97,3.64,1.37,PTQ10_321145,ITIC-4F_120033,xylene,Jonas_DonorAcceptor-3bands-NoBG-ZnOCorr-NoInt_PTQ10:ITIC-4F,Jonas_DonorAcceptor-3bands-NoBG-ZnOCorr-NoInt,24.4539704,26.10.2023 14:05,25401_189373_OD_x3y1,x3y1,0.001347123,1.4,1.4,3,3,0,0,1,0,0,0,0,1,0,0,86
25402,PTQ10_321145,ITIC-4F_120033,xylene,2,26,3000,1.698556143,0.076945695,0.085193564,0.335291066,0.102245823,0.141093931,2.042326604,0.061590084,0.833325168,2.207851382,0.093966842,0.779019928,2.413149222,0.123876164,0.073057389,0.13393795,0.513009365,0.486990635,0.27533507,0.454543025,0.275031881,51.05801948,18.04362462,7.992253876,0.867524049,26.10.2023 16:49,A-3,4.39E-06,1.4,1.4,5.47,5.34,3.97,3.64,1.37,PTQ10_321145,ITIC-4F_120033,xylene,Jonas_DonorAcceptor-3bands-NoBG-ZnOCorr-NoInt_PTQ10:ITIC-4F,Jonas_DonorAcceptor-3bands-NoBG-ZnOCorr-NoInt,111.2442764,26.10.2023 14:11,25402_189376_OD_x3y1,x3y1,0.003515208,1.4,1.4,3,3,0,0,1,0,0,0,0,1,0,0,87
25402,PTQ10_321145,ITIC-4F_120033,xylene,2,26,3000,1.698824709,0.077081745,0.085080249,0.336497477,0.103093742,0.142315637,2.042494253,0.061763476,0.827662862,2.208100769,0.093812226,0.778773376,2.413228706,0.12398691,0.075143089,0.137336233,0.508902861,0.491097139,0.275597929,0.452853138,0.27965187,50.0382302,18.08926177,7.843826297,0.866573059,26.10.2023 16:49,B-2,3.96E-06,1,0.6,5.47,5.34,3.97,3.64,1.37,PTQ10_321145,ITIC-4F_120033,xylene,Jonas_DonorAcceptor-3bands-NoBG-ZnOCorr-NoInt_PTQ10:ITIC-4F,Jonas_DonorAcceptor-3bands-NoBG-ZnOCorr-NoInt,126.1728419,26.10.2023 14:11,25402_189376_OD_x2y2,x2y2,0.003695782,1,0.6,3,3,0,0,1,0,0,0,0,1,0,0,87
25402,PTQ10_321145,ITIC-4F_120033,xylene,2,26,3000,1.698843083,0.076944444,0.085075614,0.337129859,0.101452939,0.140048501,2.042068128,0.061698871,0.826340863,2.207361586,0.093817746,0.777890387,2.412641271,0.12443594,0.072790314,0.132939926,0.513019921,0.486980079,0.275587112,0.452457085,0.272988427,48.86598296,18.02024074,7.545043057,0.856829666,26.10.2023 16:49,B-1,7.09E-06,0.6,0.6,5.47,5.34,3.97,3.64,1.37,PTQ10_321145,ITIC-4F_120033,xylene,Jonas_DonorAcceptor-3bands-NoBG-ZnOCorr-NoInt_PTQ10:ITIC-4F,Jonas_DonorAcceptor-3bands-NoBG-ZnOCorr-NoInt,118.440346,26.10.2023 14:11,25402_189376_OD_x1y2,x1y2,0.003555803,0.6,0.6,3,3,0,0,1,0,0,0,0,1,0,0,87
25402,PTQ10_321145,ITIC-4F_120033,xylene,2,26,3000,1.698741341,0.076754685,0.085118942,0.336411834,0.100802425,0.139122432,2.042180472,0.06149243,0.831716771,2.207576413,0.093838209,0.77813715,2.412759158,0.124187169,0.071514922,0.130995082,0.515044101,0.484955899,0.275440893,0.454064069,0.270117514,48.80235798,17.8315803,7.434537062,0.854325345,26.10.2023 16:49,B-3,3.62E-06,1.4,0.6,5.47,5.34,3.97,3.64,1.37,PTQ10_321145,ITIC-4F_120033,xylene,Jonas_DonorAcceptor-3bands-NoBG-ZnOCorr-NoInt_PTQ10:ITIC-4F,Jonas_DonorAcceptor-3bands-NoBG-ZnOCorr-NoInt,108.2826792,26.10.2023 14:11,25402_189376_OD_x3y2,x3y2,0.003413733,1.4,0.6,3,3,0,0,1,0,0,0,0,1,0,0,87
25609,D18CL_323001,BTP-4F-12 (Y12)_321125,CF,0,18,2000,1.540919397,0.069914278,0.098220203,0.5,0.368879079,0.565502282,2.108276626,0.072080762,0.777,2.262901759,0.097004765,0.95,2.48,0.139869345,0.283389477,0.503583101,0.528958951,0.471041049,0.347696569,0.437253799,1.069085383,43.631411,24.76582966,9.609114002,0.889265014,03.11.2023 13:46,B-2,7.53E-07,1,0.6,5.53,5.34,3.77,3.31,1.57,D18CL_323001,BTP-4F-12 (Y12)_321125,CF,Jonas_DonorAcceptor-3bands-NoBG-ZnOCorr-NoInt_D18CL:BTP-4F-12 (Y12),Jonas_DonorAcceptor-3bands-NoBG-ZnOCorr-NoInt,8.811999896,03.11.2023 10:37,25609_192625_OD_x2y2,x2y2,0.00601964,1,0.6,5,1,0,0,0,0,1,1,0,0,0,0,121
25609,D18CL_323001,BTP-4F-12 (Y12)_321125,CF,0,18,2000,1.550812504,0.073403156,0.082409017,0.47187467,0.473620905,0.615707176,2.108021025,0.071756527,0.777,2.262312503,0.097097281,0.95,2.48,0.140073805,0.31381871,0.557655847,0.524737156,0.475262844,0.230769231,0.437253799,1.173363023,40.78553829,23.93506213,8.674791548,0.888624515,03.11.2023 13:46,B-3,8.84E-07,1.4,0.6,5.53,5.34,3.77,3.31,1.57,D18CL_323001,BTP-4F-12 (Y12)_321125,CF,Jonas_DonorAcceptor-3bands-NoBG-ZnOCorr-NoInt_D18CL:BTP-4F-12 (Y12),Jonas_DonorAcceptor-3bands-NoBG-ZnOCorr-NoInt,10.34527922,03.11.2023 10:37,25609_192625_OD_x3y2,x3y2,0.008319468,1.4,0.6,5,1,0,0,0,0,1,1,0,0,0,0,121
25610,D18CL_323001,BTP-4F-12 (Y12)_321125,CF,0,15.5,2000,1.536807375,0.065353484,0.100871734,0.5,0.273844455,0.465535573,2.104898985,0.075490739,0.640213521,2.262387206,0.097509022,0.886713265,2.48,0.15,0.281581265,0.461853398,0.501985238,0.498014762,0.411764706,0.39032328,0.927388971,50.92519935,24.7636075,11.2246651,0.890075286,03.11.2023 13:48,A-3,2.66E-07,1.4,1.4,5.53,5.34,3.77,3.31,1.57,D18CL_323001,BTP-4F-12 (Y12)_321125,CF,Jonas_DonorAcceptor-3bands-NoBG-ZnOCorr-NoInt_D18CL:BTP-4F-12 (Y12),Jonas_DonorAcceptor-3bands-NoBG-ZnOCorr-NoInt,7.304782971,03.11.2023 10:43,25610_192635_OD_x3y1,x3y1,0.005638531,1.4,1.4,5,1,0,0,0,0,1,1,0,0,0,0,122
25610,D18CL_323001,BTP-4F-12 (Y12)_321125,CF,0,15.5,2000,1.537440913,0.066421468,0.102717394,0.5,0.289679224,0.49245468,2.104715902,0.073259878,0.777,2.259650932,0.100812375,0.95,2.484880234,0.147134144,0.262229934,0.465982593,0.513810026,0.486189974,0.411764706,0.437253799,0.958437273,49.05253792,25.0278333,10.90810542,0.888514645,03.11.2023 13:48,A-2,5.25E-07,1,1.4,5.53,5.34,3.77,3.31,1.57,D18CL_323001,BTP-4F-12 (Y12)_321125,CF,Jonas_DonorAcceptor-3bands-NoBG-ZnOCorr-NoInt_D18CL:BTP-4F-12 (Y12),Jonas_DonorAcceptor-3bands-NoBG-ZnOCorr-NoInt,6.281774171,03.11.2023 10:43,25610_192635_OD_x2y1,x2y1,0.005176896,1,1.4,5,1,0,0,0,0,1,1,0,0,0,0,122
25611,D18CL_323001,BTP-4F-12 (Y12)_321125,CF,0,11.5,2000,1.557365669,0.0817329,0.08,0.191900793,0.28019388,0.364252044,2.096544785,0.07413182,0.777,2.256118051,0.107154101,0.863761655,2.499285709,0.15,0.165157304,0.29348453,0.553796244,0.446203756,0.230769231,0.437253799,0.657736574,64.07587115,25.21062706,14.53426193,0.899735415,03.11.2023 13:51,A-1,4.29E-06,0.6,1.4,5.53,5.34,3.77,3.31,1.57,D18CL_323001,BTP-4F-12 (Y12)_321125,CF,Jonas_DonorAcceptor-3bands-NoBG-ZnOCorr-NoInt_D18CL:BTP-4F-12 (Y12),Jonas_DonorAcceptor-3bands-NoBG-ZnOCorr-NoInt,31.77113711,03.11.2023 10:48,25611_192640_OD_x1y1,x1y1,0.007290576,0.6,1.4,5,1,0,0,0,0,1,1,0,0,0,0,123
25611,D18CL_323001,BTP-4F-12 (Y12)_321125,CF,0,11.5,2000,1.55494196,0.078616473,0.08,0.247477472,0.274806912,0.358829879,2.099326841,0.072775157,0.777,2.25345768,0.104297887,0.930132944,2.489440903,0.15,0.164164518,0.291720349,0.551579054,0.448420946,0.234158223,0.437253799,0.650550228,63.88413277,24.75979527,14.2107504,0.898414926,03.11.2023 13:51,B-3,2.05E-06,1.4,0.6,5.53,5.34,3.77,3.31,1.57,D18CL_323001,BTP-4F-12 (Y12)_321125,CF,Jonas_DonorAcceptor-3bands-NoBG-ZnOCorr-NoInt_D18CL:BTP-4F-12 (Y12),Jonas_DonorAcceptor-3bands-NoBG-ZnOCorr-NoInt,26.55700844,03.11.2023 10:48,25611_192640_OD_x3y2,x3y2,0.006934692,1.4,0.6,5,1,0,0,0,0,1,1,0,0,0,0,123
25611,D18CL_323001,BTP-4F-12 (Y12)_321125,CF,0,11.5,2000,1.557082354,0.078605827,0.08,0.229197736,0.277139336,0.362650783,2.099457545,0.072874721,0.777,2.254235865,0.104716477,0.922999697,2.491431915,0.15,0.163505779,0.290549769,0.555190564,0.444809436,0.235795567,0.437253799,0.653200553,63.02906363,24.94668325,14.15162046,0.900020713,03.11.2023 13:51,A-2,2.81E-06,1,1.4,5.53,5.34,3.77,3.31,1.57,D18CL_323001,BTP-4F-12 (Y12)_321125,CF,Jonas_DonorAcceptor-3bands-NoBG-ZnOCorr-NoInt_D18CL:BTP-4F-12 (Y12),Jonas_DonorAcceptor-3bands-NoBG-ZnOCorr-NoInt,28.78556651,03.11.2023 10:48,25611_192640_OD_x2y1,x2y1,0.007118301,1,1.4,5,1,0,0,0,0,1,1,0,0,0,0,123
25611,D18CL_323001,BTP-4F-12 (Y12)_321125,CF,0,11.5,2000,1.556658027,0.079946992,0.08,0.224403944,0.279316938,0.364110771,2.098601181,0.07282228,0.777,2.253842066,0.104955729,0.914977931,2.491688262,0.15,0.163749903,0.290983578,0.555814245,0.444185755,0.232879221,0.437253799,0.655094349,63.09553782,24.84121445,14.07027894,0.897700024,03.11.2023 13:51,B-1,3.94E-06,0.6,0.6,5.53,5.34,3.77,3.31,1.57,D18CL_323001,BTP-4F-12 (Y12)_321125,CF,Jonas_DonorAcceptor-3bands-NoBG-ZnOCorr-NoInt_D18CL:BTP-4F-12 (Y12),Jonas_DonorAcceptor-3bands-NoBG-ZnOCorr-NoInt,27.91119283,03.11.2023 10:48,25611_192640_OD_x1y2,x1y2,0.007099182,0.6,0.6,5,1,0,0,0,0,1,1,0,0,0,0,123
25612,D18CL_323001,BTP-4F-12 (Y12)_321125,CF,0,11.5,1000,1.536713368,0.064496961,0.100392849,0.5,0.234036356,0.397861806,2.100492122,0.073956441,0.777,2.252897855,0.102534883,0.95,2.48,0.144572608,0.219811834,0.390605629,0.504601443,0.495398557,0.411764706,0.437253799,0.788467435,54.15392183,24.84243333,11.99082861,0.89130255,03.11.2023 13:53,A-2,1.58E-06,1,1.4,5.53,5.34,3.77,3.31,1.57,D18CL_323001,BTP-4F-12 (Y12)_321125,CF,Jonas_DonorAcceptor-3bands-NoBG-ZnOCorr-NoInt_D18CL:BTP-4F-12 (Y12),Jonas_DonorAcceptor-3bands-NoBG-ZnOCorr-NoInt,11.09565888,03.11.2023 10:54,25612_192648_OD_x2y1,x2y1,0.00659642,1,1.4,5,1,0,0,0,0,1,1,0,0,0,0,124
25612,D18CL_323001,BTP-4F-12 (Y12)_321125,CF,0,11.5,1000,1.537506576,0.064144856,0.098987851,0.5,0.257621103,0.435175998,2.105910317,0.077802152,0.55852566,2.267177202,0.095513568,0.814504092,2.48,0.149999969,0.292596297,0.456018838,0.488306239,0.511693761,0.408007095,0.358367959,0.891194836,52.87844801,25.41606416,11.99010519,0.892146128,03.11.2023 13:53,A-1,7.39E-06,0.6,1.4,5.53,5.34,3.77,3.31,1.57,D18CL_323001,BTP-4F-12 (Y12)_321125,CF,Jonas_DonorAcceptor-3bands-NoBG-ZnOCorr-NoInt_D18CL:BTP-4F-12 (Y12),Jonas_DonorAcceptor-3bands-NoBG-ZnOCorr-NoInt,8.805632256,03.11.2023 10:54,25612_192648_OD_x1y1,x1y1,0.006180838,0.6,1.4,5,1,0,0,0,0,1,1,0,0,0,0,124
25612,D18CL_323001,BTP-4F-12 (Y12)_321125,CF,0,11.5,1000,1.536083432,0.064452349,0.099007435,0.5,0.255773859,0.434815561,2.10613927,0.078397584,0.52979196,2.268785867,0.094359378,0.790201987,2.48,0.15,0.303823041,0.464786045,0.483342357,0.516657643,0.411764706,0.346316345,0.899601606,51.77429149,24.64803243,11.32777502,0.887663156,03.11.2023 13:53,B-2,2.43E-06,1,0.6,5.53,5.34,3.77,3.31,1.57,D18CL_323001,BTP-4F-12 (Y12)_321125,CF,Jonas_DonorAcceptor-3bands-NoBG-ZnOCorr-NoInt_D18CL:BTP-4F-12 (Y12),Jonas_DonorAcceptor-3bands-NoBG-ZnOCorr-NoInt,8.140910751,03.11.2023 10:54,25612_192648_OD_x2y2,x2y2,0.006159148,1,0.6,5,1,0,0,0,0,1,1,0,0,0,0,124
25613,D18CL_323001,BTP-4F-12 (Y12)_321125,CF,2,11.5,1000,1.5132524,0.063448238,0.099794716,0.5,0.220636523,0.375082088,2.104938454,0.07122242,0.671397478,2.262210694,0.095490988,0.88967093,2.48,0.15,0.222569727,0.37200248,0.502061084,0.497938916,0.411764706,0.401698271,0.747084569,57.54494539,24.63533609,12.3602318,0.871888484,03.11.2023 13:56,A-2,3.65E-06,1,1.4,5.53,5.34,3.77,3.31,1.57,D18CL_323001,BTP-4F-12 (Y12)_321125,CF,Jonas_DonorAcceptor-3bands-NoBG-ZnOCorr-NoInt_D18CL:BTP-4F-12 (Y12),Jonas_DonorAcceptor-3bands-NoBG-ZnOCorr-NoInt,8.774447469,03.11.2023 11:00,25613_192659_OD_x2y1,x2y1,0.006140164,1,1.4,5,1,0,0,0,0,1,1,0,0,0,0,125
25613,D18CL_323001,BTP-4F-12 (Y12)_321125,CF,2,11.5,1000,1.512051501,0.063935285,0.099483835,0.5,0.265635034,0.451579558,2.105952871,0.072599105,0.631739054,2.265533868,0.094496611,0.845191636,2.48,0.15,0.279772822,0.45651624,0.49728185,0.50271815,0.411764706,0.387156912,0.908095798,51.46410148,24.61885863,11.00461885,0.868565742,03.11.2023 13:56,B-2,3.11E-06,1,0.6,5.53,5.34,3.77,3.31,1.57,D18CL_323001,BTP-4F-12 (Y12)_321125,CF,Jonas_DonorAcceptor-3bands-NoBG-ZnOCorr-NoInt_D18CL:BTP-4F-12 (Y12),Jonas_DonorAcceptor-3bands-NoBG-ZnOCorr-NoInt,7.464486944,03.11.2023 11:00,25613_192659_OD_x2y2,x2y2,0.006195818,1,0.6,5,1,0,0,0,0,1,1,0,0,0,0,125
25614,D18CL_323001,BTP-4F-12 (Y12)_321125,CF,0,11.5,3000,1.55511125,0.08877086,0.086581313,0.108216099,0.246738075,0.320759497,2.098535048,0.086387461,0.381162095,2.27432295,0.092939294,0.6,2.48,0.15,0.184805165,0.255245888,0.55686892,0.44313108,0.230769231,0.275972021,0.576005385,65.36217902,26.34011454,15.54640782,0.902996101,03.11.2023 13:58,A-3,2.08E-06,1.4,1.4,5.53,5.34,3.77,3.31,1.57,D18CL_323001,BTP-4F-12 (Y12)_321125,CF,Jonas_DonorAcceptor-3bands-NoBG-ZnOCorr-NoInt_D18CL:BTP-4F-12 (Y12),Jonas_DonorAcceptor-3bands-NoBG-ZnOCorr-NoInt,23.96327381,03.11.2023 11:06,25614_192668_OD_x3y1,x3y1,0.006665051,1.4,1.4,5,1,0,0,0,0,1,1,0,0,0,0,126
25614,D18CL_323001,BTP-4F-12 (Y12)_321125,CF,0,11.5,3000,1.556554665,0.088201406,0.085851496,0.110981451,0.252594177,0.328372429,2.101595825,0.086625132,0.359913507,2.27846683,0.090440444,0.6,2.48,0.15,0.198791248,0.270338903,0.548465365,0.451534635,0.230769231,0.264659116,0.598711333,65.15944944,26.25488763,15.44520478,0.902830248,03.11.2023 13:58,A-1,3.26E-06,0.6,1.4,5.53,5.34,3.77,3.31,1.57,D18CL_323001,BTP-4F-12 (Y12)_321125,CF,Jonas_DonorAcceptor-3bands-NoBG-ZnOCorr-NoInt_D18CL:BTP-4F-12 (Y12),Jonas_DonorAcceptor-3bands-NoBG-ZnOCorr-NoInt,21.58938019,03.11.2023 11:06,25614_192668_OD_x1y1,x1y1,0.006852262,0.6,1.4,5,1,0,0,0,0,1,1,0,0,0,0,126
25614,D18CL_323001,BTP-4F-12 (Y12)_321125,CF,0,11.5,3000,1.55474211,0.088881728,0.086730083,0.107119581,0.24493605,0.318416866,2.098380617,0.086594426,0.380946059,2.274236713,0.093087198,0.6,2.48,0.15,0.182983825,0.252690793,0.55754263,0.44245737,0.230769231,0.275858754,0.571107658,65.1777302,26.15746873,15.37961584,0.902091396,03.11.2023 13:58,B-3,7.77E-06,1.4,0.6,5.53,5.34,3.77,3.31,1.57,D18CL_323001,BTP-4F-12 (Y12)_321125,CF,Jonas_DonorAcceptor-3bands-NoBG-ZnOCorr-NoInt_D18CL:BTP-4F-12 (Y12),Jonas_DonorAcceptor-3bands-NoBG-ZnOCorr-NoInt,23.68677841,03.11.2023 11:06,25614_192668_OD_x3y2,x3y2,0.006574988,1.4,0.6,5,1,0,0,0,0,1,1,0,0,0,0,126
25614,D18CL_323001,BTP-4F-12 (Y12)_321125,CF,0,11.5,3000,1.556132324,0.088136005,0.085835056,0.109782572,0.253187122,0.329143258,2.100645616,0.086846283,0.361708397,2.27720684,0.091069221,0.6,2.48,0.15,0.194357519,0.264658265,0.55429844,0.44570156,0.230769231,0.265628381,0.593801524,64.33378981,26.43011818,15.34650171,0.902549752,03.11.2023 13:58,A-2,2.34E-06,1,1.4,5.53,5.34,3.77,3.31,1.57,D18CL_323001,BTP-4F-12 (Y12)_321125,CF,Jonas_DonorAcceptor-3bands-NoBG-ZnOCorr-NoInt_D18CL:BTP-4F-12 (Y12),Jonas_DonorAcceptor-3bands-NoBG-ZnOCorr-NoInt,23.02407394,03.11.2023 11:06,25614_192668_OD_x2y1,x2y1,0.006921158,1,1.4,5,1,0,0,0,0,1,1,0,0,0,0,126
25615,D18CL_323001,BTP-4F-12 (Y12)_321125,CF,2,11.5,3000,1.529120741,0.084704685,0.083547214,0.23209722,0.238157345,0.309604549,2.102146859,0.069972453,0.776448082,2.261033637,0.100301469,0.858612134,2.507924099,0.15,0.136920573,0.243232289,0.560028797,0.439971203,0.230769231,0.437078961,0.552836838,63.17058234,26.67671347,14.81934336,0.879390473,03.11.2023 14:01,A-1,5.78E-06,0.6,1.4,5.53,5.34,3.77,3.31,1.57,D18CL_323001,BTP-4F-12 (Y12)_321125,CF,Jonas_DonorAcceptor-3bands-NoBG-ZnOCorr-NoInt_D18CL:BTP-4F-12 (Y12),Jonas_DonorAcceptor-3bands-NoBG-ZnOCorr-NoInt,19.48394146,03.11.2023 11:11,25615_192721_OD_x1y1,x1y1,0.007071034,0.6,1.4,5,1,0,0,0,0,1,1,0,0,0,0,127
25615,D18CL_323001,BTP-4F-12 (Y12)_321125,CF,2,11.5,3000,1.526864515,0.087039378,0.085129494,0.195572897,0.23422251,0.304489263,2.102297437,0.074560947,0.557032693,2.266491994,0.094280531,0.692329926,2.48,0.145673473,0.145993587,0.227316788,0.572556974,0.427443026,0.230769231,0.357752728,0.53180605,63.10958752,26.35404816,14.59552983,0.877560745,03.11.2023 14:01,B-1,7.81E-06,0.6,0.6,5.53,5.34,3.77,3.31,1.57,D18CL_323001,BTP-4F-12 (Y12)_321125,CF,Jonas_DonorAcceptor-3bands-NoBG-ZnOCorr-NoInt_D18CL:BTP-4F-12 (Y12),Jonas_DonorAcceptor-3bands-NoBG-ZnOCorr-NoInt,17.14980088,03.11.2023 11:11,25615_192721_OD_x1y2,x1y2,0.006332838,0.6,0.6,5,1,0,0,0,0,1,1,0,0,0,0,127
25615,D18CL_323001,BTP-4F-12 (Y12)_321125,CF,2,11.5,3000,1.527010167,0.086540764,0.084808956,0.20494835,0.234254987,0.304531483,2.1027713,0.073526176,0.561089496,2.264852482,0.093702981,0.743218227,2.48,0.15,0.144513496,0.225598501,0.574446819,0.425553181,0.230769231,0.359421736,0.530129985,63.21486289,26.23418339,14.5645028,0.878231303,03.11.2023 14:01,A-3,4.00E-06,1.4,1.4,5.53,5.34,3.77,3.31,1.57,D18CL_323001,BTP-4F-12 (Y12)_321125,CF,Jonas_DonorAcceptor-3bands-NoBG-ZnOCorr-NoInt_D18CL:BTP-4F-12 (Y12),Jonas_DonorAcceptor-3bands-NoBG-ZnOCorr-NoInt,17.21282803,03.11.2023 11:11,25615_192721_OD_x3y1,x3y1,0.006435379,1.4,1.4,5,1,0,0,0,0,1,1,0,0,0,0,127
25615,D18CL_323001,BTP-4F-12 (Y12)_321125,CF,2,11.5,3000,1.527305852,0.086450494,0.084647354,0.205494873,0.236593981,0.307572175,2.10237003,0.073191493,0.57524602,2.263897053,0.09429044,0.753344563,2.48,0.15,0.144476394,0.227585864,0.574731486,0.425268514,0.230769231,0.365178526,0.535158039,62.56902869,26.45380875,14.53410805,0.878093499,03.11.2023 14:01,A-2,4.63E-06,1,1.4,5.53,5.34,3.77,3.31,1.57,D18CL_323001,BTP-4F-12 (Y12)_321125,CF,Jonas_DonorAcceptor-3bands-NoBG-ZnOCorr-NoInt_D18CL:BTP-4F-12 (Y12),Jonas_DonorAcceptor-3bands-NoBG-ZnOCorr-NoInt,17.85014383,03.11.2023 11:11,25615_192721_OD_x2y1,x2y1,0.006564966,1,1.4,5,1,0,0,0,0,1,1,0,0,0,0,127
25616,D18CL_323001,BTP-4F-12 (Y12)_321125,CF,1,11.5,2000,1.526308203,0.076100868,0.080558533,0.367308083,0.251248545,0.326623109,2.10414407,0.068948889,0.777,2.258122037,0.098273844,0.95,2.483354111,0.14797447,0.152656991,0.271271473,0.546288792,0.453711208,0.230769231,0.437253799,0.597894582,63.42948568,25.48007547,14.17983164,0.877362715,03.11.2023 14:03,A-1,4.99E-06,0.6,1.4,5.53,5.34,3.77,3.31,1.57,D18CL_323001,BTP-4F-12 (Y12)_321125,CF,Jonas_DonorAcceptor-3bands-NoBG-ZnOCorr-NoInt_D18CL:BTP-4F-12 (Y12),Jonas_DonorAcceptor-3bands-NoBG-ZnOCorr-NoInt,19.2905967,03.11.2023 11:17,25616_192738_OD_x1y1,x1y1,0.007129479,0.6,1.4,5,1,0,0,0,0,1,1,0,0,0,0,128
25616,D18CL_323001,BTP-4F-12 (Y12)_321125,CF,1,11.5,2000,1.52612411,0.075957987,0.08036573,0.364524099,0.251611525,0.327094983,2.104282393,0.069110185,0.777,2.258249004,0.098240424,0.95,2.483344571,0.147745662,0.152073161,0.270234008,0.547596028,0.452403972,0.230769231,0.437253799,0.597328991,62.4028733,25.18689874,13.77240817,0.876255188,03.11.2023 14:03,A-2,3.29E-06,1,1.4,5.53,5.34,3.77,3.31,1.57,D18CL_323001,BTP-4F-12 (Y12)_321125,CF,Jonas_DonorAcceptor-3bands-NoBG-ZnOCorr-NoInt_D18CL:BTP-4F-12 (Y12),Jonas_DonorAcceptor-3bands-NoBG-ZnOCorr-NoInt,19.07365411,03.11.2023 11:17,25616_192738_OD_x2y1,x2y1,0.007076204,1,1.4,5,1,0,0,0,0,1,1,0,0,0,0,128
25616,D18CL_323001,BTP-4F-12 (Y12)_321125,CF,1,11.5,2000,1.527009534,0.076899085,0.080422462,0.345820544,0.251705286,0.327216872,2.103643404,0.069437072,0.777,2.258489051,0.099394066,0.945490173,2.486458067,0.15,0.152470737,0.270940499,0.547041444,0.452958556,0.230769231,0.437253799,0.598157372,61.89587352,25.28472635,13.7047732,0.875693041,03.11.2023 14:03,B-1,1.60E-05,0.6,0.6,5.53,5.34,3.77,3.31,1.57,D18CL_323001,BTP-4F-12 (Y12)_321125,CF,Jonas_DonorAcceptor-3bands-NoBG-ZnOCorr-NoInt_D18CL:BTP-4F-12 (Y12),Jonas_DonorAcceptor-3bands-NoBG-ZnOCorr-NoInt,20.86771295,03.11.2023 11:17,25616_192738_OD_x1y2,x1y2,0.007133502,0.6,0.6,5,1,0,0,0,0,1,1,0,0,0,0,128
25616,D18CL_323001,BTP-4F-12 (Y12)_321125,CF,1,11.5,2000,1.526196102,0.076123357,0.080477144,0.364572852,0.250899452,0.326169288,2.104090358,0.069233414,0.777,2.258379553,0.098678031,0.95,2.484308747,0.148723351,0.15239505,0.270806004,0.546369828,0.453630172,0.230769231,0.437253799,0.596975292,62.94069412,24.81899319,13.6936232,0.876602461,03.11.2023 14:03,A-3,2.93E-06,1.4,1.4,5.53,5.34,3.77,3.31,1.57,D18CL_323001,BTP-4F-12 (Y12)_321125,CF,Jonas_DonorAcceptor-3bands-NoBG-ZnOCorr-NoInt_D18CL:BTP-4F-12 (Y12),Jonas_DonorAcceptor-3bands-NoBG-ZnOCorr-NoInt,19.76629125,03.11.2023 11:17,25616_192738_OD_x3y1,x3y1,0.007078575,1.4,1.4,5,1,0,0,0,0,1,1,0,0,0,0,128
25617,D18CL_323001,ITIC_120057,CF,0,15,2000,1.77116548,0.073363904,0.078970386,0.208237189,0.3555776,0.482705985,2.128759479,0.096586547,0.595691133,2.327506162,0.095694009,0.6540812,2.621997015,0.130086063,0.19327944,0.308414288,0.610154993,0.389845007,0.263366085,0.373312304,0.791120273,51.97805524,14.20184867,7.577219924,1.026466986,03.11.2023 16:32,A-3,1.25E-06,1.4,1.4,5.45,5.34,3.81,3.31,1.53,D18CL_323001,ITIC_120057,CF,Jonas_DonorAcceptor-3bands-NoBG-ZnOCorr-NoInt_D18CL:ITIC,Jonas_DonorAcceptor-3bands-NoBG-ZnOCorr-NoInt,12143.17909,03.11.2023 11:29,25617_192758_OD_x3y1,x3y1,0.012965817,1.4,1.4,5,2,0,0,0,0,1,0,1,0,0,0,129
25617,D18CL_323001,ITIC_120057,CF,0,15,2000,1.765655792,0.06562906,0.085,0.5,0.282902777,0.378389183,2.121114771,0.07504673,0.777,2.264460943,0.099995372,0.770272191,2.48,0.15,0.151023277,0.268368363,0.585055692,0.414944308,0.252349726,0.437253799,0.646757546,50.7800227,14.05580867,7.323845657,1.026101815,03.11.2023 16:32,B-2,1.17E-06,1,0.6,5.45,5.34,3.81,3.31,1.53,D18CL_323001,ITIC_120057,CF,Jonas_DonorAcceptor-3bands-NoBG-ZnOCorr-NoInt_D18CL:ITIC,Jonas_DonorAcceptor-3bands-NoBG-ZnOCorr-NoInt,166.411858,03.11.2023 11:29,25617_192758_OD_x2y2,x2y2,0.007681237,1,0.6,5,2,0,0,0,0,1,0,1,0,0,0,129
25617,D18CL_323001,ITIC_120057,CF,0,15,2000,1.764755406,0.064965959,0.085,0.5,0.289171058,0.389658113,2.121593755,0.077699469,0.687405936,2.269065598,0.098966085,0.70349613,2.48,0.15,0.1713436,0.289126208,0.574052907,0.425947093,0.257885187,0.407374374,0.678784321,50.0943666,14.19106769,7.307043472,1.027868909,03.11.2023 16:32,A-1,1.16E-06,0.6,1.4,5.45,5.34,3.81,3.31,1.53,D18CL_323001,ITIC_120057,CF,Jonas_DonorAcceptor-3bands-NoBG-ZnOCorr-NoInt_D18CL:ITIC,Jonas_DonorAcceptor-3bands-NoBG-ZnOCorr-NoInt,146.3868584,03.11.2023 11:29,25617_192758_OD_x1y1,x1y1,0.007367566,0.6,1.4,5,2,0,0,0,0,1,0,1,0,0,0,129
25617,D18CL_323001,ITIC_120057,CF,0,15,2000,1.765186582,0.065175134,0.085,0.5,0.286288994,0.384901527,2.119901723,0.076127444,0.777,2.264025602,0.100856493,0.757418123,2.48,0.15,0.15618353,0.277538133,0.581036357,0.418963643,0.256201977,0.437253799,0.66243966,50.19390027,14.15107701,7.28469108,1.025582736,03.11.2023 16:32,B-3,9.61E-07,1.4,0.6,5.45,5.34,3.81,3.31,1.53,D18CL_323001,ITIC_120057,CF,Jonas_DonorAcceptor-3bands-NoBG-ZnOCorr-NoInt_D18CL:ITIC,Jonas_DonorAcceptor-3bands-NoBG-ZnOCorr-NoInt,150.5423157,03.11.2023 11:29,25617_192758_OD_x3y2,x3y2,0.007350858,1.4,0.6,5,2,0,0,0,0,1,0,1,0,0,0,129
25618,D18CL_323001,ITIC_120057,CF,0,12.5,2000,1.788638704,0.089481011,0.061511877,0.075700587,0.387313304,0.464775965,2.142722656,0.065680154,0.776990899,2.268203468,0.095014813,0.644577068,2.48,0.13947909,0.11617487,0.206441686,0.692437042,0.307562958,0.166666667,0.437250916,0.671217651,55.77803632,16.06867647,9.20630929,1.02716978,03.11.2023 16:34,A-2,1.82E-06,1,1.4,5.45,5.34,3.81,3.31,1.53,D18CL_323001,ITIC_120057,CF,Jonas_DonorAcceptor-3bands-NoBG-ZnOCorr-NoInt_D18CL:ITIC,Jonas_DonorAcceptor-3bands-NoBG-ZnOCorr-NoInt,574.908507,03.11.2023 11:35,25618_192772_OD_x2y1,x2y1,0.015176978,1,1.4,5,2,0,0,0,0,1,0,1,0,0,0,130
25618,D18CL_323001,ITIC_120057,CF,0,12.5,2000,1.788249512,0.084817983,0.059337725,0.077146793,0.388650092,0.466380111,2.131314735,0.065938112,0.777,2.262972245,0.096374756,0.6,2.48,0.132731615,0.136262259,0.242138035,0.658247236,0.341752764,0.166666667,0.437253799,0.708518145,54.59844054,15.96465981,8.961201966,1.028078693,03.11.2023 16:34,A-1,3.52E-06,0.6,1.4,5.45,5.34,3.81,3.31,1.53,D18CL_323001,ITIC_120057,CF,Jonas_DonorAcceptor-3bands-NoBG-ZnOCorr-NoInt_D18CL:ITIC,Jonas_DonorAcceptor-3bands-NoBG-ZnOCorr-NoInt,277.1535963,03.11.2023 11:35,25618_192772_OD_x1y1,x1y1,0.014047922,0.6,1.4,5,2,0,0,0,0,1,0,1,0,0,0,130
25618,D18CL_323001,ITIC_120057,CF,0,12.5,2000,1.787132475,0.084809098,0.059326297,0.06483818,0.392531833,0.4710382,2.123954845,0.068014272,0.776999986,2.255423774,0.099535106,0.621296505,2.48,0.142499788,0.136970419,0.243396432,0.659316022,0.340683978,0.166666667,0.437253794,0.714434632,55.2664355,15.78794322,8.949696923,1.025702273,03.11.2023 16:34,A-3,1.72E-06,1.4,1.4,5.45,5.34,3.81,3.31,1.53,D18CL_323001,ITIC_120057,CF,Jonas_DonorAcceptor-3bands-NoBG-ZnOCorr-NoInt_D18CL:ITIC,Jonas_DonorAcceptor-3bands-NoBG-ZnOCorr-NoInt,378.8732059,03.11.2023 11:35,25618_192772_OD_x3y1,x3y1,0.014143847,1.4,1.4,5,2,0,0,0,0,1,0,1,0,0,0,130
25618,D18CL_323001,ITIC_120057,CF,0,12.5,2000,1.787410021,0.08375179,0.058916922,0.064504409,0.393255169,0.471906203,2.121628925,0.068550529,0.776999988,2.253313052,0.100952381,0.636734524,2.48,0.145873256,0.140398175,0.249487555,0.654158977,0.345841023,0.166666667,0.437253795,0.721393758,54.17417105,15.57460211,8.647170894,1.024860623,03.11.2023 16:34,B-1,5.60E-06,0.6,0.6,5.45,5.34,3.81,3.31,1.53,D18CL_323001,ITIC_120057,CF,Jonas_DonorAcceptor-3bands-NoBG-ZnOCorr-NoInt_D18CL:ITIC,Jonas_DonorAcceptor-3bands-NoBG-ZnOCorr-NoInt,379.1569498,03.11.2023 11:35,25618_192772_OD_x1y2,x1y2,0.013802603,0.6,0.6,5,2,0,0,0,0,1,0,1,0,0,0,130
25619,D18CL_323001,ITIC_120057,CF,0,10,2000,1.780550257,0.095,0.067602044,0.115972403,0.315407448,0.378488938,2.089139132,0.057798185,0.77699998,2.288406934,0.091861109,0.769059845,2.480000073,0.149998765,0.069122359,0.122830431,0.754985666,0.245014334,0.166666667,0.437253792,0.501319369,56.57205384,15.77208019,9.152187075,1.025732145,03.11.2023 16:37,A-1,2.63E-06,0.6,1.4,5.45,5.34,3.81,3.31,1.53,D18CL_323001,ITIC_120057,CF,Jonas_DonorAcceptor-3bands-NoBG-ZnOCorr-NoInt_D18CL:ITIC,Jonas_DonorAcceptor-3bands-NoBG-ZnOCorr-NoInt,1533.323118,03.11.2023 11:41,25619_192781_OD_x1y1,x1y1,0.010626792,0.6,1.4,5,2,0,0,0,0,1,0,1,0,0,0,131
25619,D18CL_323001,ITIC_120057,CF,0,10,2000,1.780094739,0.095,0.067326387,0.050865519,0.314893076,0.377871692,2.138539294,0.068928404,0.776983657,2.264739778,0.098898456,0.6,2.48,0.145953561,0.084996518,0.151037424,0.71443596,0.28556404,0.166666667,0.437248623,0.528909116,56.37369434,15.6862418,9.05782455,1.024303136,03.11.2023 16:37,B-1,1.55E-06,0.6,0.6,5.45,5.34,3.81,3.31,1.53,D18CL_323001,ITIC_120057,CF,Jonas_DonorAcceptor-3bands-NoBG-ZnOCorr-NoInt_D18CL:ITIC,Jonas_DonorAcceptor-3bands-NoBG-ZnOCorr-NoInt,861.4020291,03.11.2023 11:41,25619_192781_OD_x1y2,x1y2,0.010394813,0.6,0.6,5,2,0,0,0,0,1,0,1,0,0,0,131
25619,D18CL_323001,ITIC_120057,CF,0,10,2000,1.778847399,0.095,0.067684641,0.053863803,0.303440402,0.364128482,2.140455255,0.069710356,0.777,2.265506614,0.100153466,0.6,2.48,0.148851536,0.079993701,0.142148807,0.719227368,0.280772632,0.166666667,0.437253799,0.506277289,55.97865591,15.59097759,8.932910878,1.023522013,03.11.2023 16:37,B-3,3.49E-06,1.4,0.6,5.45,5.34,3.81,3.31,1.53,D18CL_323001,ITIC_120057,CF,Jonas_DonorAcceptor-3bands-NoBG-ZnOCorr-NoInt_D18CL:ITIC,Jonas_DonorAcceptor-3bands-NoBG-ZnOCorr-NoInt,986.5874306,03.11.2023 11:41,25619_192781_OD_x3y2,x3y2,0.009314561,1.4,0.6,5,2,0,0,0,0,1,0,1,0,0,0,131
25619,D18CL_323001,ITIC_120057,CF,0,10,2000,1.781303411,0.095,0.067576514,0.05908657,0.303139026,0.363766831,2.143978337,0.068547348,0.776999954,2.268288555,0.098046322,0.600000001,2.48,0.143986247,0.079532655,0.141329524,0.720192944,0.279807056,0.166666667,0.437253784,0.505096355,55.19957615,15.66433348,8.866367776,1.025411251,03.11.2023 16:37,A-2,1.96E-06,1,1.4,5.45,5.34,3.81,3.31,1.53,D18CL_323001,ITIC_120057,CF,Jonas_DonorAcceptor-3bands-NoBG-ZnOCorr-NoInt_D18CL:ITIC,Jonas_DonorAcceptor-3bands-NoBG-ZnOCorr-NoInt,893.3202818,03.11.2023 11:41,25619_192781_OD_x2y1,x2y1,0.009667104,1,1.4,5,2,0,0,0,0,1,0,1,0,0,0,131
25620,D18CL_323001,ITIC_120057,CF,0,10,1000,1.785347668,0.083054865,0.058924147,0.0661984,0.387603026,0.465123632,2.12109859,0.069691416,0.776999995,2.259746827,0.102991564,0.617726914,2.504969926,0.15,0.146349429,0.260062934,0.641384788,0.358615212,0.166666667,0.437253797,0.725186565,55.22834358,15.23586378,8.603508316,1.022460369,03.11.2023 16:39,A-1,2.53E-06,0.6,1.4,5.45,5.34,3.81,3.31,1.53,D18CL_323001,ITIC_120057,CF,Jonas_DonorAcceptor-3bands-NoBG-ZnOCorr-NoInt_D18CL:ITIC,Jonas_DonorAcceptor-3bands-NoBG-ZnOCorr-NoInt,337.6397927,03.11.2023 11:47,25620_192789_OD_x1y1,x1y1,0.013188753,0.6,1.4,5,2,0,0,0,0,1,0,1,0,0,0,132
25620,D18CL_323001,ITIC_120057,CF,0,10,1000,1.788337575,0.086881227,0.060296293,0.068128804,0.387197839,0.464637407,2.132730522,0.067043207,0.777,2.261359856,0.097283897,0.645154184,2.480000003,0.14016853,0.126101514,0.224082391,0.674639249,0.325360751,0.166666667,0.437253799,0.688719798,55.29669295,14.89065203,8.456488965,1.027016007,03.11.2023 16:39,B-1,1.97E-06,0.6,0.6,5.45,5.34,3.81,3.31,1.53,D18CL_323001,ITIC_120057,CF,Jonas_DonorAcceptor-3bands-NoBG-ZnOCorr-NoInt_D18CL:ITIC,Jonas_DonorAcceptor-3bands-NoBG-ZnOCorr-NoInt,475.3067282,03.11.2023 11:47,25620_192789_OD_x1y2,x1y2,0.014772787,0.6,0.6,5,2,0,0,0,0,1,0,1,0,0,0,132
25620,D18CL_323001,ITIC_120057,CF,0,10,1000,1.785455116,0.082190653,0.058662492,0.058510992,0.390843144,0.469011772,2.114089908,0.070506609,0.777,2.248146019,0.104104587,0.638515466,2.48,0.15,0.147695767,0.262455378,0.641193213,0.358806787,0.166666667,0.437253799,0.731467151,55.09654722,14.67126106,8.275364608,1.023753287,03.11.2023 16:39,B-3,1.33E-06,1.4,0.6,5.45,5.34,3.81,3.31,1.53,D18CL_323001,ITIC_120057,CF,Jonas_DonorAcceptor-3bands-NoBG-ZnOCorr-NoInt_D18CL:ITIC,Jonas_DonorAcceptor-3bands-NoBG-ZnOCorr-NoInt,379.8361494,03.11.2023 11:47,25620_192789_OD_x3y2,x3y2,0.013279834,1.4,0.6,5,2,0,0,0,0,1,0,1,0,0,0,132
25620,D18CL_323001,ITIC_120057,CF,0,10,1000,1.788097319,0.084289593,0.059124555,0.064519483,0.387764401,0.465317282,2.124680471,0.068464382,0.776999519,2.255290543,0.100358777,0.657077419,2.48,0.145626466,0.134847492,0.239623929,0.660079557,0.339920443,0.166666667,0.437253646,0.704941211,53.68876065,14.79529713,8.15161615,1.026210965,03.11.2023 16:39,B-2,1.97E-06,1,0.6,5.45,5.34,3.81,3.31,1.53,D18CL_323001,ITIC_120057,CF,Jonas_DonorAcceptor-3bands-NoBG-ZnOCorr-NoInt_D18CL:ITIC,Jonas_DonorAcceptor-3bands-NoBG-ZnOCorr-NoInt,432.2533756,03.11.2023 11:47,25620_192789_OD_x2y2,x2y2,0.014111755,1,0.6,5,2,0,0,0,0,1,0,1,0,0,0,132
25621,D18CL_323001,ITIC_120057,CF,2,10,1000,1.787010076,0.087895921,0.060464016,0.070440092,0.379111135,0.454933362,2.132203347,0.066438181,0.77699993,2.260443983,0.096694519,0.649929082,2.48,0.143080834,0.12391402,0.220195205,0.673847004,0.326152996,0.166666667,0.437253776,0.675128567,56.40714025,14.86500249,8.604474163,1.026184065,03.11.2023 16:42,B-1,4.72E-06,0.6,0.6,5.45,5.34,3.81,3.31,1.53,D18CL_323001,ITIC_120057,CF,Jonas_DonorAcceptor-3bands-NoBG-ZnOCorr-NoInt_D18CL:ITIC,Jonas_DonorAcceptor-3bands-NoBG-ZnOCorr-NoInt,433.1570495,03.11.2023 11:52,25621_192796_OD_x1y2,x1y2,0.013955083,0.6,0.6,5,2,0,0,0,0,1,0,1,0,0,0,133
25621,D18CL_323001,ITIC_120057,CF,2,10,1000,1.78645844,0.086544576,0.059734129,0.066760477,0.381504002,0.457804803,2.126667325,0.0671407,0.777,2.256956345,0.098467899,0.648085979,2.48,0.146197572,0.130262778,0.231476957,0.664176582,0.335823418,0.166666667,0.437253799,0.689281759,56.23245311,14.79087535,8.548080445,1.027750493,03.11.2023 16:42,A-1,2.12E-06,0.6,1.4,5.45,5.34,3.81,3.31,1.53,D18CL_323001,ITIC_120057,CF,Jonas_DonorAcceptor-3bands-NoBG-ZnOCorr-NoInt_D18CL:ITIC,Jonas_DonorAcceptor-3bands-NoBG-ZnOCorr-NoInt,412.7987826,03.11.2023 11:52,25621_192796_OD_x1y1,x1y1,0.013712009,0.6,1.4,5,2,0,0,0,0,1,0,1,0,0,0,133
25621,D18CL_323001,ITIC_120057,CF,2,10,1000,1.788383276,0.0883269,0.060556255,0.073570022,0.375169681,0.450203617,2.136550942,0.066183653,0.77699777,2.263419777,0.096068737,0.648916834,2.48,0.141171449,0.119032104,0.211519783,0.680350154,0.319649846,0.166666667,0.437253092,0.6617234,55.14888135,15.04549036,8.541705475,1.029441183,03.11.2023 16:42,A-2,1.81E-06,1,1.4,5.45,5.34,3.81,3.31,1.53,D18CL_323001,ITIC_120057,CF,Jonas_DonorAcceptor-3bands-NoBG-ZnOCorr-NoInt_D18CL:ITIC,Jonas_DonorAcceptor-3bands-NoBG-ZnOCorr-NoInt,455.5560881,03.11.2023 11:52,25621_192796_OD_x2y1,x2y1,0.013881571,1,1.4,5,2,0,0,0,0,1,0,1,0,0,0,133
25621,D18CL_323001,ITIC_120057,CF,2,10,1000,1.787127886,0.086506386,0.059765143,0.065662666,0.378715622,0.454458746,2.126503608,0.067257282,0.776999892,2.256598391,0.09835178,0.634511806,2.48,0.143610695,0.129651434,0.230390584,0.663589386,0.336410614,0.166666667,0.437253764,0.68484933,55.83756031,14.87779525,8.533369041,1.027201194,03.11.2023 16:42,A-3,2.06E-06,1.4,1.4,5.45,5.34,3.81,3.31,1.53,D18CL_323001,ITIC_120057,CF,Jonas_DonorAcceptor-3bands-NoBG-ZnOCorr-NoInt_D18CL:ITIC,Jonas_DonorAcceptor-3bands-NoBG-ZnOCorr-NoInt,381.5495383,03.11.2023 11:52,25621_192796_OD_x3y1,x3y1,0.013476619,1.4,1.4,5,2,0,0,0,0,1,0,1,0,0,0,133
25622,D18CL_323001,ITIC_120057,CF,0,10,3000,1.774661815,0.095,0.06818861,0.075148004,0.263746623,0.316495947,2.161163209,0.073863191,0.777,2.305303263,0.105390705,0.6,2.637393474,0.15,0.071637033,0.127299008,0.713158055,0.286841945,0.166666667,0.437253799,0.443794956,51.84770295,15.31020402,7.868835236,0.991288239,03.11.2023 16:44,A-1,3.71E-06,0.6,1.4,5.45,5.34,3.81,3.31,1.53,D18CL_323001,ITIC_120057,CF,Jonas_DonorAcceptor-3bands-NoBG-ZnOCorr-NoInt_D18CL:ITIC,Jonas_DonorAcceptor-3bands-NoBG-ZnOCorr-NoInt,887.5532802,03.11.2023 11:58,25622_192810_OD_x1y1,x1y1,0.005915906,0.6,1.4,5,2,0,0,0,0,1,0,1,0,0,0,134
25622,D18CL_323001,ITIC_120057,CF,0,10,3000,1.776387234,0.095,0.06791231,0.074944887,0.262256217,0.314707461,2.161106109,0.073435813,0.777,2.30478909,0.105005192,0.600004883,2.636136052,0.15,0.071529688,0.127108256,0.712304811,0.287695189,0.166666667,0.437253799,0.441815717,52.09402504,15.10800249,7.785009919,0.989154675,03.11.2023 16:44,B-3,3.19E-06,1.4,0.6,5.45,5.34,3.81,3.31,1.53,D18CL_323001,ITIC_120057,CF,Jonas_DonorAcceptor-3bands-NoBG-ZnOCorr-NoInt_D18CL:ITIC,Jonas_DonorAcceptor-3bands-NoBG-ZnOCorr-NoInt,727.1919403,03.11.2023 11:58,25622_192810_OD_x3y2,x3y2,0.00556544,1.4,0.6,5,2,0,0,0,0,1,0,1,0,0,0,134
25622,D18CL_323001,ITIC_120057,CF,0,10,3000,1.775162586,0.095,0.067955202,0.072935754,0.260243696,0.312292436,2.160035005,0.072551427,0.777,2.303100326,0.10413082,0.600000254,2.630840623,0.15,0.070346143,0.125005095,0.714141776,0.285858224,0.166666667,0.437253799,0.437297531,51.39974557,15.2699956,7.752693565,0.987762961,03.11.2023 16:44,B-1,4.33E-06,0.6,0.6,5.45,5.34,3.81,3.31,1.53,D18CL_323001,ITIC_120057,CF,Jonas_DonorAcceptor-3bands-NoBG-ZnOCorr-NoInt_D18CL:ITIC,Jonas_DonorAcceptor-3bands-NoBG-ZnOCorr-NoInt,654.320812,03.11.2023 11:58,25622_192810_OD_x1y2,x1y2,0.005713098,0.6,0.6,5,2,0,0,0,0,1,0,1,0,0,0,134
25622,D18CL_323001,ITIC_120057,CF,0,10,3000,1.775535023,0.095,0.068056084,0.073532833,0.262997198,0.315596638,2.160147808,0.073542846,0.776999708,2.304561539,0.105360474,0.600009507,2.637722344,0.15,0.072110781,0.128140838,0.711223765,0.288776235,0.166666667,0.437253706,0.443737475,51.04421438,15.22149773,7.654172601,0.985131804,03.11.2023 16:44,A-2,2.08E-06,1,1.4,5.45,5.34,3.81,3.31,1.53,D18CL_323001,ITIC_120057,CF,Jonas_DonorAcceptor-3bands-NoBG-ZnOCorr-NoInt_D18CL:ITIC,Jonas_DonorAcceptor-3bands-NoBG-ZnOCorr-NoInt,800.7569812,03.11.2023 11:58,25622_192810_OD_x2y1,x2y1,0.005817776,1,1.4,5,2,0,0,0,0,1,0,1,0,0,0,134
25623,D18CL_323001,ITIC_120057,CF,2,10,3000,1.77436366,0.095,0.067543402,0.081784416,0.257211314,0.308653577,2.152438765,0.067164865,0.777,2.273332632,0.095987119,0.6,2.48,0.15,0.060896416,0.108212931,0.740413468,0.259586532,0.166666667,0.437253799,0.416866508,58.09212577,15.42562345,9.1898343,1.025528387,03.11.2023 16:47,B-3,2.55E-06,1.4,0.6,5.45,5.34,3.81,3.31,1.53,D18CL_323001,ITIC_120057,CF,Jonas_DonorAcceptor-3bands-NoBG-ZnOCorr-NoInt_D18CL:ITIC,Jonas_DonorAcceptor-3bands-NoBG-ZnOCorr-NoInt,400.6206447,03.11.2023 12:04,25623_192819_OD_x3y2,x3y2,0.005846937,1.4,0.6,5,2,0,0,0,0,1,0,1,0,0,0,135
25623,D18CL_323001,ITIC_120057,CF,2,10,3000,1.77460769,0.095,0.067626373,0.089007399,0.261167052,0.313400462,2.154771018,0.068559968,0.777,2.275891654,0.096768613,0.6,2.48,0.15,0.062233893,0.110589629,0.739169308,0.260830692,0.166666667,0.437253798,0.423990091,57.6011178,15.40620985,9.082173015,1.023441564,03.11.2023 16:47,A-3,2.58E-06,1.4,1.4,5.45,5.34,3.81,3.31,1.53,D18CL_323001,ITIC_120057,CF,Jonas_DonorAcceptor-3bands-NoBG-ZnOCorr-NoInt_D18CL:ITIC,Jonas_DonorAcceptor-3bands-NoBG-ZnOCorr-NoInt,570.6412301,03.11.2023 12:04,25623_192819_OD_x3y1,x3y1,0.006105284,1.4,1.4,5,2,0,0,0,0,1,0,1,0,0,0,135
25623,D18CL_323001,ITIC_120057,CF,2,10,3000,1.773632408,0.095,0.067836684,0.086844201,0.249772056,0.299726467,2.159776458,0.076055622,0.776999805,2.305538002,0.106311859,0.600014608,2.649629861,0.15,0.070174092,0.124699347,0.706192831,0.293807169,0.166666667,0.437253737,0.424425815,57.46531755,15.45137679,9.080378062,1.022659216,03.11.2023 16:47,A-2,4.24E-06,1,1.4,5.45,5.34,3.81,3.31,1.53,D18CL_323001,ITIC_120057,CF,Jonas_DonorAcceptor-3bands-NoBG-ZnOCorr-NoInt_D18CL:ITIC,Jonas_DonorAcceptor-3bands-NoBG-ZnOCorr-NoInt,1178.073905,03.11.2023 12:04,25623_192819_OD_x2y1,x2y1,0.005597797,1,1.4,5,2,0,0,0,0,1,0,1,0,0,0,135
25623,D18CL_323001,ITIC_120057,CF,2,10,3000,1.776221542,0.095,0.067776202,0.085039554,0.25017682,0.300212184,2.162838569,0.075786834,0.776971793,2.308591529,0.106661265,0.600000001,2.65286699,0.15,0.071069367,0.126288261,0.703896531,0.296103469,0.166666667,0.437244866,0.426500445,57.45159306,15.33258223,9.050185751,1.02740131,03.11.2023 16:47,B-2,2.62E-06,1,0.6,5.45,5.34,3.81,3.31,1.53,D18CL_323001,ITIC_120057,CF,Jonas_DonorAcceptor-3bands-NoBG-ZnOCorr-NoInt_D18CL:ITIC,Jonas_DonorAcceptor-3bands-NoBG-ZnOCorr-NoInt,1294.422115,03.11.2023 12:04,25623_192819_OD_x2y2,x2y2,0.005769356,1,0.6,5,2,0,0,0,0,1,0,1,0,0,0,135
25624,D18CL_323001,ITIC_120057,CF,1,10,2000,1.78004104,0.095,0.06651732,0.068861642,0.307179738,0.368615686,2.144267108,0.069521887,0.776999998,2.267851249,0.09845722,0.600000862,2.48,0.146521734,0.083034121,0.147551632,0.714139917,0.285860083,0.166666667,0.437253798,0.516167318,58.20421622,15.87270725,9.482492683,1.026400995,03.11.2023 16:49,B-1,4.82E-06,0.6,0.6,5.45,5.34,3.81,3.31,1.53,D18CL_323001,ITIC_120057,CF,Jonas_DonorAcceptor-3bands-NoBG-ZnOCorr-NoInt_D18CL:ITIC,Jonas_DonorAcceptor-3bands-NoBG-ZnOCorr-NoInt,947.9143591,03.11.2023 12:10,25624_192824_OD_x1y2,x1y2,0.009278429,0.6,0.6,5,2,0,0,0,0,1,0,1,0,0,0,136
25624,D18CL_323001,ITIC_120057,CF,1,10,2000,1.77849896,0.095,0.067082044,0.08639911,0.283242765,0.339891318,2.160162364,0.07579595,0.776999741,2.304862242,0.105469054,0.600010899,2.632851173,0.15,0.08387787,0.149050953,0.695156337,0.304843663,0.166666667,0.437253717,0.488942271,58.0399886,15.67310745,9.341181598,1.026879268,03.11.2023 16:49,A-1,3.83E-06,0.6,1.4,5.45,5.34,3.81,3.31,1.53,D18CL_323001,ITIC_120057,CF,Jonas_DonorAcceptor-3bands-NoBG-ZnOCorr-NoInt_D18CL:ITIC,Jonas_DonorAcceptor-3bands-NoBG-ZnOCorr-NoInt,1748.957878,03.11.2023 12:10,25624_192824_OD_x1y1,x1y1,0.007795662,0.6,1.4,5,2,0,0,0,0,1,0,1,0,0,0,136
25624,D18CL_323001,ITIC_120057,CF,1,10,2000,1.779978448,0.095,0.066549519,0.056590567,0.302498355,0.362998027,2.137011022,0.06707179,0.777,2.263889155,0.097846383,0.6,2.48,0.15,0.083803358,0.148918567,0.709096035,0.290903965,0.166666667,0.437253799,0.511916593,58.07099769,15.66232561,9.338479438,1.026740353,03.11.2023 16:49,A-2,3.36E-06,1,1.4,5.45,5.34,3.81,3.31,1.53,D18CL_323001,ITIC_120057,CF,Jonas_DonorAcceptor-3bands-NoBG-ZnOCorr-NoInt_D18CL:ITIC,Jonas_DonorAcceptor-3bands-NoBG-ZnOCorr-NoInt,586.6228099,03.11.2023 12:10,25624_192824_OD_x2y1,x2y1,0.009138323,1,1.4,5,2,0,0,0,0,1,0,1,0,0,0,136
25624,D18CL_323001,ITIC_120057,CF,1,10,2000,1.77949333,0.095,0.066781299,0.102174347,0.303323257,0.363987909,2.168212635,0.075409552,0.776999972,2.307274811,0.103306372,0.6,2.607953775,0.15,0.087468045,0.155430713,0.700760221,0.299239779,0.166666667,0.43725379,0.519418622,58.48036847,15.41476924,9.251610767,1.026290302,03.11.2023 16:49,A-3,3.67E-06,1.4,1.4,5.45,5.34,3.81,3.31,1.53,D18CL_323001,ITIC_120057,CF,Jonas_DonorAcceptor-3bands-NoBG-ZnOCorr-NoInt_D18CL:ITIC,Jonas_DonorAcceptor-3bands-NoBG-ZnOCorr-NoInt,2161.857862,03.11.2023 12:10,25624_192824_OD_x3y1,x3y1,0.009080616,1.4,1.4,5,2,0,0,0,0,1,0,1,0,0,0,136
25633,D18CL_323001,L8-BO_321144,CF,0,15,2000,1.560394508,0.061384641,0.108386828,0.5,0.239473403,0.43703896,2.122322841,0.081946387,0.458558885,2.283291471,0.08791314,0.949999423,2.480000369,0.143549505,0.171384136,0.249973854,0.636143827,0.363856173,0.452054795,0.314391753,0.687012814,61.3921868,23.82701566,13.68902083,0.9358142,08.11.2023 12:00,B-3,1.47E-06,1.4,0.6,5.45,5.34,3.77,3.31,1.57,D18CL_323001,L8-BO_321144,CF,Jonas_DonorAcceptor-3bands-NoBG-ZnOCorr-NoInt_D18CL:L8-BO,Jonas_DonorAcceptor-3bands-NoBG-ZnOCorr-NoInt,25.04359649,03.11.2023 16:04,25633_193228_OD_x3y2,x3y2,0.007281034,1.4,0.6,5,4,0,0,0,0,1,0,0,0,1,0,137
25633,D18CL_323001,L8-BO_321144,CF,0,15,2000,1.561073113,0.061230411,0.108210498,0.5,0.241636859,0.440987268,2.122355855,0.082190164,0.459051409,2.283387629,0.088327697,0.949999536,2.48,0.143836378,0.173536784,0.253199089,0.635257756,0.364742244,0.452054795,0.31462319,0.694186357,61.14815769,23.83492303,13.66969448,0.937911104,08.11.2023 12:00,A-3,1.18E-06,1.4,1.4,5.45,5.34,3.77,3.31,1.57,D18CL_323001,L8-BO_321144,CF,Jonas_DonorAcceptor-3bands-NoBG-ZnOCorr-NoInt_D18CL:L8-BO,Jonas_DonorAcceptor-3bands-NoBG-ZnOCorr-NoInt,25.8367468,03.11.2023 16:04,25633_193228_OD_x3y1,x3y1,0.007343951,1.4,1.4,5,4,0,0,0,0,1,0,0,0,1,0,137
25633,D18CL_323001,L8-BO_321144,CF,0,15,2000,1.559870938,0.061316263,0.107880745,0.5,0.241748254,0.441190564,2.120739977,0.080627283,0.509259893,2.280395952,0.089543181,0.95,2.480007712,0.13993614,0.167900888,0.253406076,0.635175206,0.364824794,0.452054795,0.337423591,0.69459664,61.08823957,23.60165988,13.51193579,0.937167923,08.11.2023 12:00,B-1,2.08E-06,0.6,0.6,5.45,5.34,3.77,3.31,1.57,D18CL_323001,L8-BO_321144,CF,Jonas_DonorAcceptor-3bands-NoBG-ZnOCorr-NoInt_D18CL:L8-BO,Jonas_DonorAcceptor-3bands-NoBG-ZnOCorr-NoInt,25.06027098,03.11.2023 16:04,25633_193228_OD_x1y2,x1y2,0.007621238,0.6,0.6,5,4,0,0,0,0,1,0,0,0,1,0,137
25633,D18CL_323001,L8-BO_321144,CF,0,15,2000,1.56211085,0.061294368,0.103650914,0.5,0.263243328,0.459783745,2.115464129,0.077701603,0.776999964,2.276204236,0.098814689,0.95,2.493080971,0.129184109,0.153675769,0.273081835,0.627378004,0.372621996,0.427462735,0.437253787,0.73286558,59.5972434,24.08513538,13.47315459,0.938629131,08.11.2023 12:00,A-1,2.19E-06,0.6,1.4,5.45,5.34,3.77,3.31,1.57,D18CL_323001,L8-BO_321144,CF,Jonas_DonorAcceptor-3bands-NoBG-ZnOCorr-NoInt_D18CL:L8-BO,Jonas_DonorAcceptor-3bands-NoBG-ZnOCorr-NoInt,24.27465236,03.11.2023 16:04,25633_193228_OD_x1y1,x1y1,0.007561163,0.6,1.4,5,4,0,0,0,0,1,0,0,0,1,0,137
25634,D18CL_323001,L8-BO_321144,CF,0,12.5,2000,1.562290516,0.074985398,0.12,0.122830905,0.230118212,0.385343939,2.116325122,0.115,0.36027326,2.345222743,0.104627968,0.6,2.643520539,0.15,0.223410005,0.303898655,0.559083177,0.440916823,0.402823844,0.264853592,0.689242595,66.16772134,24.78623069,15.38492278,0.93807736,08.11.2023 12:03,A-1,2.16E-06,0.6,1.4,5.45,5.34,3.77,3.31,1.57,D18CL_323001,L8-BO_321144,CF,Jonas_DonorAcceptor-3bands-NoBG-ZnOCorr-NoInt_D18CL:L8-BO,Jonas_DonorAcceptor-3bands-NoBG-ZnOCorr-NoInt,2867.454382,03.11.2023 16:09,25634_193236_OD_x1y1,x1y1,0.011181614,0.6,1.4,5,4,0,0,0,0,1,0,0,0,1,0,138
25634,D18CL_323001,L8-BO_321144,CF,0,12.5,2000,1.561377986,0.075547457,0.12,0.126111148,0.228973176,0.38190376,2.11813369,0.115,0.351131749,2.34622338,0.103126059,0.6,2.643579072,0.15,0.223253397,0.301644753,0.558707615,0.441292385,0.400442729,0.259879726,0.683548513,66.68010391,24.48945558,15.29195942,0.936456781,08.11.2023 12:03,B-1,1.25E-06,0.6,0.6,5.45,5.34,3.77,3.31,1.57,D18CL_323001,L8-BO_321144,CF,Jonas_DonorAcceptor-3bands-NoBG-ZnOCorr-NoInt_D18CL:L8-BO,Jonas_DonorAcceptor-3bands-NoBG-ZnOCorr-NoInt,2472.413313,03.11.2023 16:09,25634_193236_OD_x1y2,x1y2,0.010815817,0.6,0.6,5,4,0,0,0,0,1,0,0,0,1,0,138
25634,D18CL_323001,L8-BO_321144,CF,0,12.5,2000,1.559334182,0.066379614,0.12,0.39205012,0.200387135,0.365706521,2.137582523,0.09894338,0.251896692,2.325519894,0.082522698,0.600015146,2.511186911,0.140214902,0.205493794,0.257257,0.587043235,0.412956765,0.452054795,0.201212044,0.622963521,66.24095656,24.42408114,15.15521862,0.936736357,08.11.2023 12:03,A-3,1.64E-06,1.4,1.4,5.45,5.34,3.77,3.31,1.57,D18CL_323001,L8-BO_321144,CF,Jonas_DonorAcceptor-3bands-NoBG-ZnOCorr-NoInt_D18CL:L8-BO,Jonas_DonorAcceptor-3bands-NoBG-ZnOCorr-NoInt,172.8553315,03.11.2023 16:09,25634_193236_OD_x3y1,x3y1,0.010992062,1.4,1.4,5,4,0,0,0,0,1,0,0,0,1,0,138
25634,D18CL_323001,L8-BO_321144,CF,0,12.5,2000,1.561309923,0.07435467,0.12,0.158972487,0.225727106,0.380903724,2.124517319,0.115,0.332259649,2.349805783,0.099389218,0.6,2.638038234,0.15,0.225600498,0.300558441,0.558950656,0.441049344,0.407390656,0.249395566,0.681462165,66.39305413,24.33972129,15.12036032,0.935672559,08.11.2023 12:03,B-3,1.76E-06,1.4,0.6,5.45,5.34,3.77,3.31,1.57,D18CL_323001,L8-BO_321144,CF,Jonas_DonorAcceptor-3bands-NoBG-ZnOCorr-NoInt_D18CL:L8-BO,Jonas_DonorAcceptor-3bands-NoBG-ZnOCorr-NoInt,2230.906841,03.11.2023 16:09,25634_193236_OD_x3y2,x3y2,0.010920992,1.4,0.6,5,4,0,0,0,0,1,0,0,0,1,0,138
25635,D18CL_323001,L8-BO_321144,CF,0,10,2000,1.567027066,0.082931252,0.087505186,0.201292263,0.256658923,0.340073074,2.108104321,0.077225033,0.577205517,2.259394068,0.098274851,0.870026761,2.484162076,0.15,0.094000411,0.148257967,0.696398642,0.303601358,0.245283019,0.365967219,0.488331041,66.60662368,23.84643747,14.90395326,0.938340698,08.11.2023 12:05,A-2,2.13E-06,1,1.4,5.45,5.34,3.77,3.31,1.57,D18CL_323001,L8-BO_321144,CF,Jonas_DonorAcceptor-3bands-NoBG-ZnOCorr-NoInt_D18CL:L8-BO,Jonas_DonorAcceptor-3bands-NoBG-ZnOCorr-NoInt,50.22130201,03.11.2023 16:15,25635_193258_OD_x2y1,x2y1,0.00689708,1,1.4,5,4,0,0,0,0,1,0,0,0,1,0,139
25635,D18CL_323001,L8-BO_321144,CF,0,10,2000,1.563723505,0.083601122,0.087689625,0.187512986,0.243494203,0.322629819,2.102194651,0.074905374,0.777,2.247070238,0.108054205,0.928283449,2.489688854,0.15,0.075682096,0.134487084,0.7057928,0.2942072,0.245283019,0.437253798,0.457116902,66.98161337,23.58913577,14.81110281,0.937388805,08.11.2023 12:05,A-1,2.07E-06,0.6,1.4,5.45,5.34,3.77,3.31,1.57,D18CL_323001,L8-BO_321144,CF,Jonas_DonorAcceptor-3bands-NoBG-ZnOCorr-NoInt_D18CL:L8-BO,Jonas_DonorAcceptor-3bands-NoBG-ZnOCorr-NoInt,40.75498605,03.11.2023 16:15,25635_193258_OD_x1y1,x1y1,0.005456674,0.6,1.4,5,4,0,0,0,0,1,0,0,0,1,0,139
25635,D18CL_323001,L8-BO_321144,CF,0,10,2000,1.566614448,0.082999965,0.087479572,0.200289126,0.253608038,0.33603065,2.105212851,0.076319507,0.777,2.252117866,0.108442051,0.946169041,2.496167378,0.149999152,0.082102727,0.145896546,0.697264344,0.302735656,0.245283019,0.437253799,0.481927196,66.86356446,23.57205236,14.78368046,0.937984464,08.11.2023 12:05,A-3,7.19E-06,1.4,1.4,5.45,5.34,3.77,3.31,1.57,D18CL_323001,L8-BO_321144,CF,Jonas_DonorAcceptor-3bands-NoBG-ZnOCorr-NoInt_D18CL:L8-BO,Jonas_DonorAcceptor-3bands-NoBG-ZnOCorr-NoInt,63.45851454,03.11.2023 16:15,25635_193258_OD_x3y1,x3y1,0.00663476,1.4,1.4,5,4,0,0,0,0,1,0,0,0,1,0,139
25635,D18CL_323001,L8-BO_321144,CF,0,10,2000,1.565026074,0.083064715,0.088052429,0.193078748,0.240274604,0.318363851,2.10372103,0.077296319,0.776999999,2.252470511,0.110435116,0.883787778,2.498145153,0.15,0.076745124,0.136376085,0.700100927,0.299899073,0.245283019,0.437253798,0.454739936,67.19872236,23.32742435,14.70983516,0.938382717,08.11.2023 12:05,B-1,1.45E-06,0.6,0.6,5.45,5.34,3.77,3.31,1.57,D18CL_323001,L8-BO_321144,CF,Jonas_DonorAcceptor-3bands-NoBG-ZnOCorr-NoInt_D18CL:L8-BO,Jonas_DonorAcceptor-3bands-NoBG-ZnOCorr-NoInt,62.5761094,03.11.2023 16:15,25635_193258_OD_x1y2,x1y2,0.005838314,0.6,0.6,5,4,0,0,0,0,1,0,0,0,1,0,139
25636,D18CL_323001,L8-BO_321144,CF,0,10,1000,1.561788678,0.067631364,0.12,0.391479035,0.196443556,0.35850949,2.126117746,0.097120706,0.227485387,2.303359978,0.081743013,0.702245011,2.480798278,0.149999972,0.182423156,0.223921758,0.615539587,0.384460413,0.452054795,0.185326351,0.582431248,65.90376093,24.30765637,14.99208752,0.935855552,08.11.2023 12:08,A-1,1.67E-06,0.6,1.4,5.45,5.34,3.77,3.31,1.57,D18CL_323001,L8-BO_321144,CF,Jonas_DonorAcceptor-3bands-NoBG-ZnOCorr-NoInt_D18CL:L8-BO,Jonas_DonorAcceptor-3bands-NoBG-ZnOCorr-NoInt,214.1559942,03.11.2023 16:21,25636_193276_OD_x1y1,x1y1,0.010400229,0.6,1.4,5,4,0,0,0,0,1,0,0,0,1,0,140
25636,D18CL_323001,L8-BO_321144,CF,0,10,1000,1.563673669,0.075447302,0.12,0.090637181,0.230004408,0.382312443,2.109911344,0.115,0.389897994,2.344189385,0.110197578,0.6,2.656475605,0.15,0.219366002,0.304896366,0.556326459,0.443673541,0.398386289,0.28052274,0.687208809,65.04993506,24.22374251,14.74316536,0.935626746,08.11.2023 12:08,A-2,1.60E-06,1,1.4,5.45,5.34,3.77,3.31,1.57,D18CL_323001,L8-BO_321144,CF,Jonas_DonorAcceptor-3bands-NoBG-ZnOCorr-NoInt_D18CL:L8-BO,Jonas_DonorAcceptor-3bands-NoBG-ZnOCorr-NoInt,3089.459402,03.11.2023 16:21,25636_193276_OD_x2y1,x2y1,0.011458544,1,1.4,5,4,0,0,0,0,1,0,0,0,1,0,140
25636,D18CL_323001,L8-BO_321144,CF,0,10,1000,1.557807338,0.068744944,0.12,0.393516947,0.194699389,0.355326384,2.129617294,0.09750452,0.237913326,2.306009165,0.080546808,0.6,2.48,0.135020665,0.185899275,0.23012719,0.606924955,0.393075045,0.452054795,0.192189002,0.585453574,66.49911419,23.66760636,14.68899607,0.933301399,08.11.2023 12:08,B-1,1.67E-06,0.6,0.6,5.45,5.34,3.77,3.31,1.57,D18CL_323001,L8-BO_321144,CF,Jonas_DonorAcceptor-3bands-NoBG-ZnOCorr-NoInt_D18CL:L8-BO,Jonas_DonorAcceptor-3bands-NoBG-ZnOCorr-NoInt,144.6226029,03.11.2023 16:21,25636_193276_OD_x1y2,x1y2,0.00950396,0.6,0.6,5,4,0,0,0,0,1,0,0,0,1,0,140
25636,D18CL_323001,L8-BO_321144,CF,0,10,1000,1.558680885,0.068899626,0.12,0.421784613,0.189102479,0.345112024,2.12535242,0.093327675,0.307557629,2.297933424,0.083989359,0.612099675,2.48,0.129398246,0.16760326,0.219150921,0.611615607,0.388384393,0.452054795,0.235215353,0.564262945,66.16674205,23.58299156,14.60097466,0.935714158,08.11.2023 12:08,A-3,9.81E-07,1.4,1.4,5.45,5.34,3.77,3.31,1.57,D18CL_323001,L8-BO_321144,CF,Jonas_DonorAcceptor-3bands-NoBG-ZnOCorr-NoInt_D18CL:L8-BO,Jonas_DonorAcceptor-3bands-NoBG-ZnOCorr-NoInt,154.300892,03.11.2023 16:21,25636_193276_OD_x3y1,x3y1,0.010286248,1.4,1.4,5,4,0,0,0,0,1,0,0,0,1,0,140
25637,D18CL_323001,L8-BO_321144,CF,2,10,1000,1.559005358,0.074839792,0.079565944,0.285811469,0.30377637,0.40250369,2.108451105,0.07086521,0.777,2.260012503,0.099208871,0.95,2.488261817,0.13763152,0.113134132,0.201039353,0.666901383,0.333098617,0.245283019,0.437253799,0.603543044,65.52557748,25.11421686,15.24278904,0.926262202,08.11.2023 12:10,B-3,4.99E-06,1.4,0.6,5.45,5.34,3.77,3.31,1.57,D18CL_323001,L8-BO_321144,CF,Jonas_DonorAcceptor-3bands-NoBG-ZnOCorr-NoInt_D18CL:L8-BO,Jonas_DonorAcceptor-3bands-NoBG-ZnOCorr-NoInt,19.36656975,03.11.2023 16:27,25637_193290_OD_x3y2,x3y2,0.006270645,1.4,0.6,5,4,0,0,0,0,1,0,0,0,1,0,141
25637,D18CL_323001,L8-BO_321144,CF,2,10,1000,1.563762242,0.07442978,0.078245982,0.269605086,0.313724377,0.415684799,2.105782063,0.070853641,0.777,2.258121884,0.099664111,0.95,2.491950724,0.140392041,0.122200191,0.21714974,0.656861744,0.343138256,0.245283019,0.437253799,0.632834539,64.40261031,25.11977639,15.01463538,0.928101663,08.11.2023 12:10,A-2,1.17E-05,1,1.4,5.45,5.34,3.77,3.31,1.57,D18CL_323001,L8-BO_321144,CF,Jonas_DonorAcceptor-3bands-NoBG-ZnOCorr-NoInt_D18CL:L8-BO,Jonas_DonorAcceptor-3bands-NoBG-ZnOCorr-NoInt,22.24384887,03.11.2023 16:27,25637_193290_OD_x2y1,x2y1,0.007546511,1,1.4,5,4,0,0,0,0,1,0,0,0,1,0,141
25637,D18CL_323001,L8-BO_321144,CF,2,10,1000,1.562164918,0.076495616,0.07922524,0.238344334,0.311364622,0.412558124,2.102599453,0.071324091,0.777,2.252823853,0.10347565,0.95,2.489621032,0.142598343,0.115473291,0.205196037,0.667835443,0.332164557,0.245283019,0.437253799,0.617754162,64.4209014,24.69469289,14.75872676,0.927723303,08.11.2023 12:10,A-1,1.04E-05,0.6,1.4,5.45,5.34,3.77,3.31,1.57,D18CL_323001,L8-BO_321144,CF,Jonas_DonorAcceptor-3bands-NoBG-ZnOCorr-NoInt_D18CL:L8-BO,Jonas_DonorAcceptor-3bands-NoBG-ZnOCorr-NoInt,22.51589176,03.11.2023 16:27,25637_193290_OD_x1y1,x1y1,0.006498327,0.6,1.4,5,4,0,0,0,0,1,0,0,0,1,0,141
25637,D18CL_323001,L8-BO_321144,CF,2,10,1000,1.563709672,0.077861682,0.079267203,0.195492166,0.312011483,0.413415215,2.097288611,0.072896148,0.777,2.251490528,0.108796431,0.924831551,2.50070563,0.15,0.119204465,0.211826335,0.6612088,0.3387912,0.245283019,0.437253798,0.62524155,63.58089199,25.07620992,14.75327742,0.925337144,08.11.2023 12:10,A-3,1.56E-05,1.4,1.4,5.45,5.34,3.77,3.31,1.57,D18CL_323001,L8-BO_321144,CF,Jonas_DonorAcceptor-3bands-NoBG-ZnOCorr-NoInt_D18CL:L8-BO,Jonas_DonorAcceptor-3bands-NoBG-ZnOCorr-NoInt,31.12265273,03.11.2023 16:27,25637_193290_OD_x3y1,x3y1,0.006674501,1.4,1.4,5,4,0,0,0,0,1,0,0,0,1,0,141
25638,D18CL_323001,L8-BO_321144,CF,0,10,3000,1.561736672,0.08221151,0.087266651,0.176989688,0.211638008,0.28042036,2.099157884,0.074345043,0.777,2.239970269,0.108535613,0.887806592,2.481638889,0.15,0.063730494,0.113249088,0.712324417,0.287675583,0.245283019,0.437253798,0.393669449,66.9217389,23.01023996,14.43355493,0.937313656,08.11.2023 12:13,A-3,4.60E-06,1.4,1.4,5.45,5.34,3.77,3.31,1.57,D18CL_323001,L8-BO_321144,CF,Jonas_DonorAcceptor-3bands-NoBG-ZnOCorr-NoInt_D18CL:L8-BO,Jonas_DonorAcceptor-3bands-NoBG-ZnOCorr-NoInt,22.93369329,03.11.2023 16:32,25638_193303_OD_x3y1,x3y1,0.003772085,1.4,1.4,5,4,0,0,0,0,1,0,0,0,1,0,142
25638,D18CL_323001,L8-BO_321144,CF,0,10,3000,1.561935961,0.081994123,0.087116706,0.177142212,0.208232818,0.275908483,2.098852204,0.07420031,0.777,2.239207955,0.108353116,0.88619663,2.480000001,0.15,0.062782546,0.111564585,0.712071382,0.287928618,0.245283019,0.437253799,0.387473068,66.06660967,22.96360236,14.21813457,0.937174756,08.11.2023 12:13,A-2,7.22E-06,1,1.4,5.45,5.34,3.77,3.31,1.57,D18CL_323001,L8-BO_321144,CF,Jonas_DonorAcceptor-3bands-NoBG-ZnOCorr-NoInt_D18CL:L8-BO,Jonas_DonorAcceptor-3bands-NoBG-ZnOCorr-NoInt,22.61608252,03.11.2023 16:32,25638_193303_OD_x2y1,x2y1,0.003752517,1,1.4,5,4,0,0,0,0,1,0,0,0,1,0,142
25638,D18CL_323001,L8-BO_321144,CF,0,10,3000,1.561893528,0.082291367,0.087285868,0.177360558,0.213071416,0.282319626,2.09892226,0.074093518,0.776999991,2.239388195,0.108123419,0.89853043,2.4800007,0.15,0.064132801,0.113963986,0.71241812,0.28758188,0.245283019,0.437253796,0.396283613,66.01797106,22.95497017,14.20020202,0.937034578,08.11.2023 12:13,B-2,6.65E-06,1,0.6,5.45,5.34,3.77,3.31,1.57,D18CL_323001,L8-BO_321144,CF,Jonas_DonorAcceptor-3bands-NoBG-ZnOCorr-NoInt_D18CL:L8-BO,Jonas_DonorAcceptor-3bands-NoBG-ZnOCorr-NoInt,23.60201491,03.11.2023 16:32,25638_193303_OD_x2y2,x2y2,0.003948443,1,0.6,5,4,0,0,0,0,1,0,0,0,1,0,142
25638,D18CL_323001,L8-BO_321144,CF,0,10,3000,1.561621121,0.082012974,0.087018315,0.176323611,0.20885435,0.276732014,2.098815733,0.073931229,0.777,2.239281331,0.108166523,0.889934941,2.48,0.15,0.062790565,0.111578835,0.712655892,0.287344108,0.245283019,0.437253799,0.388310849,65.84755938,22.64991202,13.94919016,0.935282466,08.11.2023 12:13,B-3,1.89E-05,1.4,0.6,5.45,5.34,3.77,3.31,1.57,D18CL_323001,L8-BO_321144,CF,Jonas_DonorAcceptor-3bands-NoBG-ZnOCorr-NoInt_D18CL:L8-BO,Jonas_DonorAcceptor-3bands-NoBG-ZnOCorr-NoInt,20.69671602,03.11.2023 16:32,25638_193303_OD_x3y2,x3y2,0.003612912,1.4,0.6,5,4,0,0,0,0,1,0,0,0,1,0,142
25639,D18CL_323001,L8-BO_321144,CF,2,10,3000,1.552328826,0.082547699,0.086360861,0.129846193,0.210578804,0.279016915,2.082890422,0.07675801,0.777,2.242181671,0.118563595,0.672478457,2.504451166,0.15,0.076649023,0.136205314,0.671970081,0.328029919,0.245283019,0.437253799,0.415222229,61.53757181,23.07174911,13.05480818,0.919495523,08.11.2023 12:15,A-2,1.34E-05,1,1.4,5.45,5.34,3.77,3.31,1.57,D18CL_323001,L8-BO_321144,CF,Jonas_DonorAcceptor-3bands-NoBG-ZnOCorr-NoInt_D18CL:L8-BO,Jonas_DonorAcceptor-3bands-NoBG-ZnOCorr-NoInt,17.38596254,03.11.2023 16:38,25639_193306_OD_x2y1,x2y1,0.00317546,1,1.4,5,4,0,0,0,0,1,0,0,0,1,0,143
25639,D18CL_323001,L8-BO_321144,CF,2,10,3000,1.552890884,0.082764711,0.086442969,0.124973221,0.215993048,0.286190789,2.082906013,0.078060807,0.776543313,2.244621025,0.120068066,0.661371482,2.506378326,0.149999998,0.080112612,0.142323526,0.667867511,0.332132489,0.245283019,0.437109136,0.428514314,61.6799688,22.92499156,12.99250403,0.918839233,08.11.2023 12:15,B-1,2.81E-05,0.6,0.6,5.45,5.34,3.77,3.31,1.57,D18CL_323001,L8-BO_321144,CF,Jonas_DonorAcceptor-3bands-NoBG-ZnOCorr-NoInt_D18CL:L8-BO,Jonas_DonorAcceptor-3bands-NoBG-ZnOCorr-NoInt,20.62194999,03.11.2023 16:38,25639_193306_OD_x1y2,x1y2,0.003208159,0.6,0.6,5,4,0,0,0,0,1,0,0,0,1,0,143
25639,D18CL_323001,L8-BO_321144,CF,2,10,3000,1.551790782,0.082182774,0.085982886,0.13571874,0.207913072,0.27548482,2.08404119,0.076772507,0.776973361,2.241599138,0.118360987,0.67641979,2.499596677,0.15,0.074949357,0.133183011,0.674104491,0.325895509,0.245283019,0.437245362,0.408667832,58.55463022,22.55827984,12.05263854,0.912462258,08.11.2023 12:15,A-3,5.84E-05,1.4,1.4,5.45,5.34,3.77,3.31,1.57,D18CL_323001,L8-BO_321144,CF,Jonas_DonorAcceptor-3bands-NoBG-ZnOCorr-NoInt_D18CL:L8-BO,Jonas_DonorAcceptor-3bands-NoBG-ZnOCorr-NoInt,16.47327392,03.11.2023 16:38,25639_193306_OD_x3y1,x3y1,0.002941824,1.4,1.4,5,4,0,0,0,0,1,0,0,0,1,0,143
25639,D18CL_323001,L8-BO_321144,CF,2,10,3000,1.551640314,0.082090348,0.085948522,0.137332275,0.206203015,0.273218995,2.08416133,0.076597715,0.777,2.239715715,0.117856378,0.689026539,2.495258448,0.15,0.073832454,0.131200272,0.675583528,0.324416472,0.245283019,0.437253799,0.404419266,58.28338658,22.41401208,11.90731995,0.911485246,08.11.2023 12:15,B-2,1.76E-05,1,0.6,5.45,5.34,3.77,3.31,1.57,D18CL_323001,L8-BO_321144,CF,Jonas_DonorAcceptor-3bands-NoBG-ZnOCorr-NoInt_D18CL:L8-BO,Jonas_DonorAcceptor-3bands-NoBG-ZnOCorr-NoInt,16.24580469,03.11.2023 16:38,25639_193306_OD_x2y2,x2y2,0.002937887,1,0.6,5,4,0,0,0,0,1,0,0,0,1,0,143
25640,D18CL_323001,L8-BO_321144,CF,1,10,2000,1.557796045,0.083073666,0.085093147,0.144483318,0.259587258,0.343953117,2.089553929,0.077047679,0.776999988,2.252270677,0.116903621,0.747507481,2.516772029,0.15,0.097921754,0.174006956,0.664053341,0.335946659,0.245283019,0.437253795,0.517960074,65.8688558,24.3334042,14.838864,0.925801041,08.11.2023 12:18,B-3,7.24E-06,1.4,0.6,5.45,5.34,3.77,3.31,1.57,D18CL_323001,L8-BO_321144,CF,Jonas_DonorAcceptor-3bands-NoBG-ZnOCorr-NoInt_D18CL:L8-BO,Jonas_DonorAcceptor-3bands-NoBG-ZnOCorr-NoInt,31.57427063,03.11.2023 16:44,25640_193319_OD_x3y2,x3y2,0.004664727,1.4,0.6,5,4,0,0,0,0,1,0,0,0,1,0,144
25640,D18CL_323001,L8-BO_321144,CF,1,10,2000,1.55865615,0.082730565,0.084897905,0.150284893,0.263131457,0.348649181,2.090038711,0.075960916,0.777,2.24858288,0.115078444,0.784802676,2.506481533,0.15,0.096779452,0.171977087,0.669672666,0.330327334,0.245283019,0.437253798,0.520626268,65.05092252,24.5548684,14.78522484,0.925628807,08.11.2023 12:18,B-2,8.85E-06,1,0.6,5.45,5.34,3.77,3.31,1.57,D18CL_323001,L8-BO_321144,CF,Jonas_DonorAcceptor-3bands-NoBG-ZnOCorr-NoInt_D18CL:L8-BO,Jonas_DonorAcceptor-3bands-NoBG-ZnOCorr-NoInt,32.64050164,03.11.2023 16:44,25640_193319_OD_x2y2,x2y2,0.005024356,1,0.6,5,4,0,0,0,0,1,0,0,0,1,0,144
25640,D18CL_323001,L8-BO_321144,CF,1,10,2000,1.556380041,0.083188174,0.08586726,0.140263077,0.245958934,0.325895588,2.087144427,0.076768804,0.776972746,2.246397839,0.116786153,0.736036697,2.50795583,0.15,0.090258619,0.160387106,0.670177228,0.329822772,0.245283019,0.437245167,0.486282695,65.02860398,24.40591115,14.70261475,0.926392693,08.11.2023 12:18,A-2,7.10E-06,1,1.4,5.45,5.34,3.77,3.31,1.57,D18CL_323001,L8-BO_321144,CF,Jonas_DonorAcceptor-3bands-NoBG-ZnOCorr-NoInt_D18CL:L8-BO,Jonas_DonorAcceptor-3bands-NoBG-ZnOCorr-NoInt,26.95329065,03.11.2023 16:44,25640_193319_OD_x2y1,x2y1,0.004267605,1,1.4,5,4,0,0,0,0,1,0,0,0,1,0,144
25640,D18CL_323001,L8-BO_321144,CF,1,10,2000,1.556291116,0.083206418,0.085745907,0.140356501,0.245386851,0.325137578,2.087477854,0.076920361,0.777,2.247482981,0.117631303,0.720743117,2.50702643,0.15,0.090168184,0.160228863,0.669880631,0.330119369,0.245283019,0.437253798,0.485366441,65.79773901,24.09220759,14.68743185,0.926527465,08.11.2023 12:18,A-3,5.10E-06,1.4,1.4,5.45,5.34,3.77,3.31,1.57,D18CL_323001,L8-BO_321144,CF,Jonas_DonorAcceptor-3bands-NoBG-ZnOCorr-NoInt_D18CL:L8-BO,Jonas_DonorAcceptor-3bands-NoBG-ZnOCorr-NoInt,27.08330062,03.11.2023 16:44,25640_193319_OD_x3y1,x3y1,0.004039089,1.4,1.4,5,4,0,0,0,0,1,0,0,0,1,0,144
26141,D18CL_323001,ITIC-4F_120033,CF,0,15,2000,1.685826598,0.072380255,0.083323365,0.207925697,0.358098377,0.537147565,2.088361864,0.071222851,0.777,2.236264799,0.104026604,0.743691868,2.48,0.15,0.214733113,0.381580741,0.584664216,0.415335784,0.333333333,0.437253799,0.918728306,55.59765464,18.1258854,8.930803819,0.886206331,29.11.2023 12:52,B-3,5.12E-06,1.4,0.6,5.47,5.34,3.97,3.31,1.37,D18CL_323001,ITIC-4F_120033,CF,Jonas_DonorAcceptor-3bands-NoBG-ZnOCorr-NoInt_D18CL:ITIC-4F,Jonas_DonorAcceptor-3bands-NoBG-ZnOCorr-NoInt,18.37533996,29.11.2023 10:45,26141_208095_OD_x3y2,x3y2,0.005649076,1.4,0.6,5,3,0,0,0,0,1,0,0,1,0,0,145
26141,D18CL_323001,ITIC-4F_120033,CF,0,15,2000,1.698333337,0.0889909,0.073222389,0.4687485,0.304020111,0.375696778,2.080129309,0.059798166,0.777,2.394681243,0.080068232,0.95,2.48,0.15,0.042873644,0.076186465,0.831402322,0.168597678,0.190783289,0.437253799,0.451883243,57.3728686,17.15895754,8.737244276,0.88751768,29.11.2023 12:52,A-1,6.90E-06,0.6,1.4,5.47,5.34,3.97,3.31,1.37,D18CL_323001,ITIC-4F_120033,CF,Jonas_DonorAcceptor-3bands-NoBG-ZnOCorr-NoInt_D18CL:ITIC-4F,Jonas_DonorAcceptor-3bands-NoBG-ZnOCorr-NoInt,809.4308037,29.11.2023 10:45,26141_208095_OD_x1y1,x1y1,0.022341279,0.6,1.4,5,3,0,0,0,0,1,0,0,1,0,0,145
26141,D18CL_323001,ITIC-4F_120033,CF,0,15,2000,1.681721222,0.083018291,0.110892042,0.149581541,0.213265237,0.319897856,2.106251813,0.069931034,0.777,2.259850411,0.104619379,0.692070945,2.48,0.15,0.084111971,0.149466972,0.681554809,0.318445191,0.333333333,0.437253799,0.469364828,56.59417047,16.82808986,8.462632061,0.888584918,29.11.2023 12:52,A-2,7.37E-06,1,1.4,5.47,5.34,3.97,3.31,1.37,D18CL_323001,ITIC-4F_120033,CF,Jonas_DonorAcceptor-3bands-NoBG-ZnOCorr-NoInt_D18CL:ITIC-4F,Jonas_DonorAcceptor-3bands-NoBG-ZnOCorr-NoInt,619.7276461,29.11.2023 10:45,26141_208095_OD_x2y1,x2y1,0.005465872,1,1.4,5,3,0,0,0,0,1,0,0,1,0,0,145
26141,D18CL_323001,ITIC-4F_120033,CF,0,15,2000,1.680053792,0.073009003,0.079661226,0.101012518,0.284713443,0.427070164,2.073320419,0.080915612,0.777,2.239441165,0.111418469,0.622812888,2.521706623,0.15,0.185624697,0.329855087,0.564217092,0.435782908,0.333333333,0.437253799,0.756925251,53.14028026,17.64560685,8.313358218,0.886576173,29.11.2023 12:52,B-1,5.93E-07,0.6,0.6,5.47,5.34,3.97,3.31,1.37,D18CL_323001,ITIC-4F_120033,CF,Jonas_DonorAcceptor-3bands-NoBG-ZnOCorr-NoInt_D18CL:ITIC-4F,Jonas_DonorAcceptor-3bands-NoBG-ZnOCorr-NoInt,61.86159916,29.11.2023 10:45,26141_208095_OD_x1y2,x1y2,0.009891174,0.6,0.6,5,3,0,0,0,0,1,0,0,1,0,0,145
26142,D18CL_323001,ITIC-4F_120033,CF,0,15,2000,1.694668799,0.070990426,0.082103019,0.197388166,0.355528872,0.533293308,2.094610784,0.070300032,0.777,2.244709213,0.102256939,0.712716157,2.48,0.15,0.250973364,0.445979667,0.544580849,0.455419151,0.333333333,0.437253799,0.979272975,52.07618126,20.89696919,9.799073989,0.900456225,29.11.2023 12:55,A-1,5.43E-07,0.6,1.4,5.47,5.34,3.97,3.31,1.37,D18CL_323001,ITIC-4F_120033,CF,Jonas_DonorAcceptor-3bands-NoBG-ZnOCorr-NoInt_D18CL:ITIC-4F,Jonas_DonorAcceptor-3bands-NoBG-ZnOCorr-NoInt,33.89170974,29.11.2023 10:50,26142_208096_OD_x1y1,x1y1,0.008265461,0.6,1.4,5,3,0,0,0,0,1,0,0,1,0,0,146
26142,D18CL_323001,ITIC-4F_120033,CF,0,15,2000,1.697811599,0.072605453,0.084872205,0.16846329,0.377691319,0.566536978,2.093753845,0.07101103,0.777,2.244258794,0.102821088,0.706403427,2.48,0.15,0.263799603,0.468771895,0.547215418,0.452784582,0.333333333,0.437253799,1.035308873,49.32727196,21.27129708,9.454025056,0.901022588,29.11.2023 12:55,B-2,4.24E-07,1,0.6,5.47,5.34,3.97,3.31,1.37,D18CL_323001,ITIC-4F_120033,CF,Jonas_DonorAcceptor-3bands-NoBG-ZnOCorr-NoInt_D18CL:ITIC-4F,Jonas_DonorAcceptor-3bands-NoBG-ZnOCorr-NoInt,27.75726249,29.11.2023 10:50,26142_208096_OD_x2y2,x2y2,0.007454727,1,0.6,5,3,0,0,0,0,1,0,0,1,0,0,146
26142,D18CL_323001,ITIC-4F_120033,CF,0,15,2000,1.707492508,0.077322842,0.086638605,0.08177278,0.514022992,0.729355295,2.09577958,0.074972738,0.777,2.251578613,0.105903203,0.6,2.48,0.137991898,0.346444781,0.615632376,0.542276566,0.457723434,0.295236498,0.437253799,1.344987671,49.32290301,20.6329817,9.13131456,0.897269036,29.11.2023 12:55,A-3,3.98E-07,1.4,1.4,5.47,5.34,3.97,3.31,1.37,D18CL_323001,ITIC-4F_120033,CF,Jonas_DonorAcceptor-3bands-NoBG-ZnOCorr-NoInt_D18CL:ITIC-4F,Jonas_DonorAcceptor-3bands-NoBG-ZnOCorr-NoInt,33.6956761,29.11.2023 10:50,26142_208096_OD_x3y1,x3y1,0.008466973,1.4,1.4,5,3,0,0,0,0,1,0,0,1,0,0,146
26142,D18CL_323001,ITIC-4F_120033,CF,0,15,2000,1.705493691,0.076658621,0.090900701,0.088250516,0.448215,0.662124332,2.09403179,0.072398885,0.77699999,2.245648237,0.104304728,0.685461783,2.48,0.149999999,0.289421756,0.514302458,0.562826635,0.437173365,0.323065204,0.437253795,1.17642679,48.12134441,21.04937572,9.107711204,0.89915027,29.11.2023 12:55,A-2,3.84E-07,1,1.4,5.47,5.34,3.97,3.31,1.37,D18CL_323001,ITIC-4F_120033,CF,Jonas_DonorAcceptor-3bands-NoBG-ZnOCorr-NoInt_D18CL:ITIC-4F,Jonas_DonorAcceptor-3bands-NoBG-ZnOCorr-NoInt,12.08355965,29.11.2023 10:50,26142_208096_OD_x2y1,x2y1,0.005059037,1,1.4,5,3,0,0,0,0,1,0,0,1,0,0,146
26143,D18CL_323001,ITIC-4F_120033,CF,0,12.3,2000,1.70327309,0.09,0.093463327,0.17455539,0.240910868,0.329708383,2.174930387,0.060118651,0.777,2.300110017,0.08,0.6,2.50978667,0.098126753,0.083092884,0.147656055,0.690684846,0.309315154,0.269321375,0.437253799,0.477364438,62.83065128,19.62627312,11.10262913,0.900360499,29.11.2023 12:57,B-1,1.67E-06,0.6,0.6,5.47,5.34,3.97,3.31,1.37,D18CL_323001,ITIC-4F_120033,CF,Jonas_DonorAcceptor-3bands-NoBG-ZnOCorr-NoInt_D18CL:ITIC-4F,Jonas_DonorAcceptor-3bands-NoBG-ZnOCorr-NoInt,77.2680365,29.11.2023 10:56,26143_208107_OD_x1y2,x1y2,0.011658715,0.6,0.6,5,3,0,0,0,0,1,0,0,1,0,0,147
26143,D18CL_323001,ITIC-4F_120033,CF,0,12.3,2000,1.698394893,0.071264626,0.084750134,0.151921484,0.290142572,0.435213858,2.092946501,0.071369856,0.777,2.242735853,0.103567651,0.717956825,2.48,0.149999996,0.199710483,0.354885529,0.550834319,0.449165681,0.333333333,0.437253799,0.790099388,62.6790969,19.19629626,10.86988059,0.903409387,29.11.2023 12:57,A-3,3.72E-07,1.4,1.4,5.47,5.34,3.97,3.31,1.37,D18CL_323001,ITIC-4F_120033,CF,Jonas_DonorAcceptor-3bands-NoBG-ZnOCorr-NoInt_D18CL:ITIC-4F,Jonas_DonorAcceptor-3bands-NoBG-ZnOCorr-NoInt,19.76032182,29.11.2023 10:56,26143_208107_OD_x3y1,x3y1,0.005270268,1.4,1.4,5,3,0,0,0,0,1,0,0,1,0,0,147
26143,D18CL_323001,ITIC-4F_120033,CF,0,12.3,2000,1.702254658,0.071372602,0.085141755,0.13421376,0.289881489,0.434822234,2.091702258,0.071519082,0.776999999,2.242451302,0.10396296,0.709705228,2.48,0.15,0.201474953,0.358020991,0.548434066,0.451565934,0.333333333,0.437253798,0.792843225,61.68711564,19.32443129,10.79448964,0.905526007,29.11.2023 12:57,A-1,2.03E-07,0.6,1.4,5.47,5.34,3.97,3.31,1.37,D18CL_323001,ITIC-4F_120033,CF,Jonas_DonorAcceptor-3bands-NoBG-ZnOCorr-NoInt_D18CL:ITIC-4F,Jonas_DonorAcceptor-3bands-NoBG-ZnOCorr-NoInt,17.29623161,29.11.2023 10:56,26143_208107_OD_x1y1,x1y1,0.005048224,0.6,1.4,5,3,0,0,0,0,1,0,0,1,0,0,147
26143,D18CL_323001,ITIC-4F_120033,CF,0,12.3,2000,1.702669748,0.070769847,0.084335205,0.14374748,0.291401954,0.437102931,2.091849843,0.071421491,0.777,2.242689331,0.103754942,0.709323103,2.48,0.15,0.204445078,0.363298904,0.546104359,0.453895641,0.333333333,0.437253799,0.800401835,61.1701072,19.27979603,10.68526503,0.906032178,29.11.2023 12:57,A-2,2.48E-07,1,1.4,5.47,5.34,3.97,3.31,1.37,D18CL_323001,ITIC-4F_120033,CF,Jonas_DonorAcceptor-3bands-NoBG-ZnOCorr-NoInt_D18CL:ITIC-4F,Jonas_DonorAcceptor-3bands-NoBG-ZnOCorr-NoInt,19.28402317,29.11.2023 10:56,26143_208107_OD_x2y1,x2y1,0.005432804,1,1.4,5,3,0,0,0,0,1,0,0,1,0,0,147
26144,D18CL_323001,ITIC-4F_120033,CF,0,10.1,1000,1.692959477,0.070185489,0.081083105,0.203597579,0.341871925,0.512807888,2.094570537,0.070134409,0.777,2.244324684,0.101978231,0.717759317,2.48,0.15,0.242572164,0.431050735,0.543310063,0.456689937,0.333333333,0.437253799,0.943858623,54.48976805,20.44232041,9.974146907,0.895427876,29.11.2023 13:00,B-2,5.38E-07,1,0.6,5.47,5.34,3.97,3.31,1.37,D18CL_323001,ITIC-4F_120033,CF,Jonas_DonorAcceptor-3bands-NoBG-ZnOCorr-NoInt_D18CL:ITIC-4F,Jonas_DonorAcceptor-3bands-NoBG-ZnOCorr-NoInt,34.02775056,29.11.2023 11:02,26144_208110_OD_x2y2,x2y2,0.008308195,1,0.6,5,3,0,0,0,0,1,0,0,1,0,0,148
26145,D18CL_323001,ITIC-4F_120033,CF,2,10.1,1000,1.696568432,0.070732433,0.083150468,0.1748637,0.342121416,0.513182123,2.093006586,0.07025745,0.777,2.243742979,0.102392203,0.705608228,2.48,0.15,0.249767583,0.443836994,0.536229751,0.463770249,0.333333332,0.437253799,0.957019117,54.67052477,20.96968237,10.31981139,0.900174415,29.11.2023 13:02,B-3,5.69E-07,1.4,0.6,5.47,5.34,3.97,3.31,1.37,D18CL_323001,ITIC-4F_120033,CF,Jonas_DonorAcceptor-3bands-NoBG-ZnOCorr-NoInt_D18CL:ITIC-4F,Jonas_DonorAcceptor-3bands-NoBG-ZnOCorr-NoInt,29.18466363,29.11.2023 11:08,26145_208114_OD_x3y2,x3y2,0.007663525,1.4,0.6,5,3,0,0,0,0,1,0,0,1,0,0,149
26145,D18CL_323001,ITIC-4F_120033,CF,2,10.1,1000,1.693620649,0.070452973,0.082232251,0.185874506,0.337164046,0.50574607,2.093394153,0.069957685,0.777,2.243702132,0.102048662,0.710359125,2.48,0.15,0.246344842,0.437754784,0.536031386,0.463968614,0.333333333,0.437253799,0.943500853,55.71070908,20.15007135,10.10050053,0.899761946,29.11.2023 13:02,A-3,7.42E-07,1.4,1.4,5.47,5.34,3.97,3.31,1.37,D18CL_323001,ITIC-4F_120033,CF,Jonas_DonorAcceptor-3bands-NoBG-ZnOCorr-NoInt_D18CL:ITIC-4F,Jonas_DonorAcceptor-3bands-NoBG-ZnOCorr-NoInt,29.37563001,29.11.2023 11:08,26145_208114_OD_x3y1,x3y1,0.00779436,1.4,1.4,5,3,0,0,0,0,1,0,0,1,0,0,149
26145,D18CL_323001,ITIC-4F_120033,CF,2,10.1,1000,1.694112181,0.070200263,0.082167281,0.186310843,0.329870624,0.494805936,2.09311313,0.069785993,0.777,2.24342758,0.101624193,0.716847054,2.48,0.149999992,0.240131263,0.426713255,0.536945883,0.463054117,0.333333333,0.437253799,0.921519191,55.22630841,20.13061985,10.00505152,0.899945413,29.11.2023 13:02,A-1,7.15E-07,0.6,1.4,5.47,5.34,3.97,3.31,1.37,D18CL_323001,ITIC-4F_120033,CF,Jonas_DonorAcceptor-3bands-NoBG-ZnOCorr-NoInt_D18CL:ITIC-4F,Jonas_DonorAcceptor-3bands-NoBG-ZnOCorr-NoInt,27.73407333,29.11.2023 11:08,26145_208114_OD_x1y1,x1y1,0.007609583,0.6,1.4,5,3,0,0,0,0,1,0,0,1,0,0,149
26145,D18CL_323001,ITIC-4F_120033,CF,2,10.1,1000,1.699358262,0.070883399,0.084380102,0.158382512,0.345777769,0.518666654,2.092705205,0.070700577,0.777,2.243756206,0.102872857,0.702939616,2.48,0.15,0.251874915,0.447581723,0.536783984,0.463216016,0.333333333,0.437253799,0.966248377,53.39957624,20.67106404,9.980800121,0.904200443,29.11.2023 13:02,B-2,5.48E-07,1,0.6,5.47,5.34,3.97,3.31,1.37,D18CL_323001,ITIC-4F_120033,CF,Jonas_DonorAcceptor-3bands-NoBG-ZnOCorr-NoInt_D18CL:ITIC-4F,Jonas_DonorAcceptor-3bands-NoBG-ZnOCorr-NoInt,28.68890434,29.11.2023 11:08,26145_208114_OD_x2y2,x2y2,0.0074499,1,0.6,5,3,0,0,0,0,1,0,0,1,0,0,149
26146,D18CL_323001,ITIC-4F_120033,CF,0,10.1,3000,1.702947046,0.09,0.109342115,0.097074842,0.219323106,0.31021663,2.108973388,0.067130027,0.777,2.25447212,0.094530047,0.744785803,2.48,0.15,0.089117276,0.158361399,0.66203836,0.33796164,0.293000167,0.437253799,0.468578029,67.65194389,20.14806876,12.45774189,0.913956707,29.11.2023 13:05,B-1,1.26E-06,0.6,0.6,5.47,5.34,3.97,3.31,1.37,D18CL_323001,ITIC-4F_120033,CF,Jonas_DonorAcceptor-3bands-NoBG-ZnOCorr-NoInt_D18CL:ITIC-4F,Jonas_DonorAcceptor-3bands-NoBG-ZnOCorr-NoInt,657.3313643,29.11.2023 11:13,26146_208143_OD_x1y2,x1y2,0.005419387,0.6,0.6,5,3,0,0,0,0,1,0,0,1,0,0,150
26146,D18CL_323001,ITIC-4F_120033,CF,0,10.1,3000,1.702482194,0.09,0.108607109,0.085786481,0.222633284,0.315303745,2.108097085,0.067331787,0.777,2.253746725,0.095005409,0.738684763,2.48,0.15,0.091303029,0.162245483,0.66025391,0.33974609,0.293908532,0.437253799,0.477549228,66.04902553,20.14013615,12.14502374,0.912997422,29.11.2023 13:05,B-3,1.76E-06,1.4,0.6,5.47,5.34,3.97,3.31,1.37,D18CL_323001,ITIC-4F_120033,CF,Jonas_DonorAcceptor-3bands-NoBG-ZnOCorr-NoInt_D18CL:ITIC-4F,Jonas_DonorAcceptor-3bands-NoBG-ZnOCorr-NoInt,679.2445689,29.11.2023 11:13,26146_208143_OD_x3y2,x3y2,0.005299003,1.4,0.6,5,3,0,0,0,0,1,0,0,1,0,0,150
26146,D18CL_323001,ITIC-4F_120033,CF,0,10.1,3000,1.696552826,0.09,0.112725965,0.184574589,0.188154582,0.282231866,2.102300303,0.065980724,0.777,2.246138364,0.097066368,0.706466163,2.48,0.15,0.102417487,0.181995874,0.607959933,0.392040067,0.333333318,0.437253799,0.46422774,65.89151726,20.04177211,12.0592465,0.913176118,29.11.2023 13:05,B-2,1.67E-06,1,0.6,5.47,5.34,3.97,3.31,1.37,D18CL_323001,ITIC-4F_120033,CF,Jonas_DonorAcceptor-3bands-NoBG-ZnOCorr-NoInt_D18CL:ITIC-4F,Jonas_DonorAcceptor-3bands-NoBG-ZnOCorr-NoInt,51.39290482,29.11.2023 11:13,26146_208143_OD_x2y2,x2y2,0.005815457,1,0.6,5,3,0,0,0,0,1,0,0,1,0,0,150
26146,D18CL_323001,ITIC-4F_120033,CF,0,10.1,3000,1.696222761,0.09,0.110977854,0.192805981,0.181780241,0.272670362,2.101501278,0.066020395,0.777,2.245515865,0.09736078,0.692808359,2.48,0.15,0.100498838,0.178586434,0.604246549,0.395753451,0.333333333,0.437253799,0.451256796,67.00174451,19.64311026,12.04631653,0.915288289,29.11.2023 13:05,A-1,1.51E-06,0.6,1.4,5.47,5.34,3.97,3.31,1.37,D18CL_323001,ITIC-4F_120033,CF,Jonas_DonorAcceptor-3bands-NoBG-ZnOCorr-NoInt_D18CL:ITIC-4F,Jonas_DonorAcceptor-3bands-NoBG-ZnOCorr-NoInt,52.58919075,29.11.2023 11:13,26146_208143_OD_x1y1,x1y1,0.005706876,0.6,1.4,5,3,0,0,0,0,1,0,0,1,0,0,150
26147,D18CL_323001,ITIC-4F_120033,CF,2,10.1,3000,1.702232876,0.09,0.10160343,0.072135437,0.228621926,0.315240284,2.104358789,0.067803278,0.776999995,2.251419036,0.096726263,0.727448986,2.48,0.15,0.096201129,0.170949405,0.648389488,0.351610512,0.274769318,0.437253797,0.486189689,68.53608127,20.45238491,12.76318075,0.910533006,29.11.2023 13:07,B-3,1.97E-06,1.4,0.6,5.47,5.34,3.97,3.31,1.37,D18CL_323001,ITIC-4F_120033,CF,Jonas_DonorAcceptor-3bands-NoBG-ZnOCorr-NoInt_D18CL:ITIC-4F,Jonas_DonorAcceptor-3bands-NoBG-ZnOCorr-NoInt,766.6174561,29.11.2023 11:19,26147_208180_OD_x3y2,x3y2,0.005002535,1.4,0.6,5,3,0,0,0,0,1,0,0,1,0,0,151
26147,D18CL_323001,ITIC-4F_120033,CF,2,10.1,3000,1.69988037,0.09,0.103820532,0.04457992,0.221759307,0.312298409,2.103904641,0.068032345,0.777,2.250375544,0.097326298,0.702730487,2.48,0.15,0.092811648,0.164926299,0.654405365,0.345594635,0.289912146,0.437253799,0.477224708,67.93932855,20.49731949,12.70288689,0.912187487,29.11.2023 13:07,B-1,1.18E-05,0.6,0.6,5.47,5.34,3.97,3.31,1.37,D18CL_323001,ITIC-4F_120033,CF,Jonas_DonorAcceptor-3bands-NoBG-ZnOCorr-NoInt_D18CL:ITIC-4F,Jonas_DonorAcceptor-3bands-NoBG-ZnOCorr-NoInt,843.9009816,29.11.2023 11:19,26147_208180_OD_x1y2,x1y2,0.00462442,0.6,0.6,5,3,0,0,0,0,1,0,0,1,0,0,151
26147,D18CL_323001,ITIC-4F_120033,CF,2,10.1,3000,1.699209639,0.09,0.105108484,0.036985377,0.220871209,0.314012237,2.103904797,0.067975781,0.776999993,2.250246252,0.097212486,0.704866564,2.48,0.15,0.0931817,0.16558388,0.654743076,0.345256924,0.29661592,0.437253796,0.479596117,68.63569792,20.07134115,12.55819184,0.911592338,29.11.2023 13:07,A-1,2.26E-06,0.6,1.4,5.47,5.34,3.97,3.31,1.37,D18CL_323001,ITIC-4F_120033,CF,Jonas_DonorAcceptor-3bands-NoBG-ZnOCorr-NoInt_D18CL:ITIC-4F,Jonas_DonorAcceptor-3bands-NoBG-ZnOCorr-NoInt,949.6759291,29.11.2023 11:19,26147_208180_OD_x1y1,x1y1,0.004732843,0.6,1.4,5,3,0,0,0,0,1,0,0,1,0,0,151
26147,D18CL_323001,ITIC-4F_120033,CF,2,10.1,3000,1.70031432,0.09,0.103626875,0.047199742,0.225174653,0.316948091,2.103858279,0.067832543,0.777,2.250056546,0.097034319,0.71588244,2.48,0.15,0.095037824,0.168882213,0.652384357,0.347615643,0.289553528,0.437253799,0.485830304,68.75424092,19.74944518,12.38008559,0.911736321,29.11.2023 13:07,A-3,1.09E-06,1.4,1.4,5.47,5.34,3.97,3.31,1.37,D18CL_323001,ITIC-4F_120033,CF,Jonas_DonorAcceptor-3bands-NoBG-ZnOCorr-NoInt_D18CL:ITIC-4F,Jonas_DonorAcceptor-3bands-NoBG-ZnOCorr-NoInt,853.7813249,29.11.2023 11:19,26147_208180_OD_x3y1,x3y1,0.00479446,1.4,1.4,5,3,0,0,0,0,1,0,0,1,0,0,151
26148,D18CL_323001,ITIC-4F_120033,CF,1,10.1,2000,1.718894728,0.09,0.067952257,0.223996639,0.313473983,0.362919814,2.098881899,0.07280623,0.776999999,2.254056071,0.099345349,0.791418993,2.48,0.15,0.129404293,0.229951429,0.612139345,0.387860655,0.136244506,0.437253798,0.592871242,67.70308753,19.84127394,12.13604904,0.903439957,29.11.2023 13:10,B-1,3.85E-07,0.6,0.6,5.47,5.34,3.97,3.31,1.37,D18CL_323001,ITIC-4F_120033,CF,Jonas_DonorAcceptor-3bands-NoBG-ZnOCorr-NoInt_D18CL:ITIC-4F,Jonas_DonorAcceptor-3bands-NoBG-ZnOCorr-NoInt,28.24911332,29.11.2023 11:25,26148_208209_OD_x1y2,x1y2,0.004500916,0.6,0.6,5,3,0,0,0,0,1,0,0,1,0,0,152
26148,D18CL_323001,ITIC-4F_120033,CF,1,10.1,2000,1.723470677,0.09,0.068620406,0.138475784,0.327626158,0.387218225,2.093617,0.073896604,0.776999985,2.248670292,0.102872269,0.736561481,2.48,0.15,0.141141615,0.250808648,0.606899555,0.393100445,0.153897888,0.437253794,0.638026873,67.473716,19.32060384,11.80574431,0.905603408,29.11.2023 13:10,A-1,3.83E-07,0.6,1.4,5.47,5.34,3.97,3.31,1.37,D18CL_323001,ITIC-4F_120033,CF,Jonas_DonorAcceptor-3bands-NoBG-ZnOCorr-NoInt_D18CL:ITIC-4F,Jonas_DonorAcceptor-3bands-NoBG-ZnOCorr-NoInt,35.57548968,29.11.2023 11:25,26148_208209_OD_x1y1,x1y1,0.004699686,0.6,1.4,5,3,0,0,0,0,1,0,0,1,0,0,152
26148,D18CL_323001,ITIC-4F_120033,CF,1,10.1,2000,1.724066542,0.088370497,0.06,0.077177558,0.354752539,0.410136222,2.083919697,0.075075312,0.777,2.238779525,0.108809227,0.648517277,2.48,0.15,0.166202883,0.295342524,0.581358722,0.418641278,0.135037287,0.437253799,0.705478745,65.76624651,19.46194292,11.5332752,0.901080113,29.11.2023 13:10,B-2,5.71E-07,1,0.6,5.47,5.34,3.97,3.31,1.37,D18CL_323001,ITIC-4F_120033,CF,Jonas_DonorAcceptor-3bands-NoBG-ZnOCorr-NoInt_D18CL:ITIC-4F,Jonas_DonorAcceptor-3bands-NoBG-ZnOCorr-NoInt,24.51509502,29.11.2023 11:25,26148_208209_OD_x2y2,x2y2,0.004367644,1,0.6,5,3,0,0,0,0,1,0,0,1,0,0,152
26148,D18CL_323001,ITIC-4F_120033,CF,1,10.1,2000,1.717684047,0.08056981,0.080489122,0.05500673,0.318512872,0.422877319,2.095371934,0.073445217,0.777,2.254044261,0.102425559,0.600000418,2.48,0.133286304,0.1842474,0.327407631,0.563622287,0.436377713,0.246796037,0.437253799,0.750284949,65.48278067,19.44535181,11.52083492,0.904775924,29.11.2023 13:10,B-3,3.24E-07,1.4,0.6,5.47,5.34,3.97,3.31,1.37,D18CL_323001,ITIC-4F_120033,CF,Jonas_DonorAcceptor-3bands-NoBG-ZnOCorr-NoInt_D18CL:ITIC-4F,Jonas_DonorAcceptor-3bands-NoBG-ZnOCorr-NoInt,183.6723058,29.11.2023 11:25,26148_208209_OD_x3y2,x3y2,0.00519515,1.4,0.6,5,3,0,0,0,0,1,0,0,1,0,0,152
26149,PM6_321136,PY-IT_321127,CF,0,15,2000,1.538468189,0.054086964,0.11272938,0.567653439,0.158941886,0.241591666,1.980235343,0.071591663,0.61,2.126619114,0.090937107,0.899999635,2.344711465,0.129323689,0.168635459,0.271503089,0.470851951,0.529148049,0.342105263,0.378881988,0.513094755,52.43700944,21.61922784,10.74093289,0.9474666,29.11.2023 14:37,B-1,2.19E-06,0.6,0.6,5.48,5.33,3.64,3.38,1.69,PM6_321136,PY-IT_321127,CF,Jonas_DonorAcceptor-3bands-NoBG-ZnOCorr-NoInt_PM6:PY-IT,Jonas_DonorAcceptor-3bands-NoBG-ZnOCorr-NoInt,1.57944E+15,29.11.2023 11:40,26149_208243_OD_x1y2,x1y2,0.010195431,0.6,0.6,1,5,1,0,0,0,0,0,0,0,0,1,153
26149,PM6_321136,PY-IT_321127,CF,0,15,2000,1.538132588,0.053204038,0.108914205,0.558494818,0.161845225,0.246004742,1.983312028,0.074578504,0.606203516,2.139710586,0.093308124,0.899958243,2.383373649,0.130130323,0.187791372,0.301631163,0.449212223,0.550787777,0.342105263,0.377413889,0.547635905,51.81125377,21.77311301,10.66790575,0.94565896,29.11.2023 14:37,B-3,1.37E-06,1.4,0.6,5.48,5.33,3.64,3.38,1.69,PM6_321136,PY-IT_321127,CF,Jonas_DonorAcceptor-3bands-NoBG-ZnOCorr-NoInt_PM6:PY-IT,Jonas_DonorAcceptor-3bands-NoBG-ZnOCorr-NoInt,1.56754E+15,29.11.2023 11:40,26149_208243_OD_x3y2,x3y2,0.0104575,1.4,0.6,1,5,1,0,0,0,0,0,0,0,0,1,153
26150,PM6_321136,PY-IT_321127,CF,0,12.5,2000,1.537589306,0.061893209,0.157581422,0.584735583,0.131574763,0.199993641,1.977773907,0.063546383,0.61,2.106789954,0.080754286,0.9,2.28,0.114116654,0.099625443,0.160396963,0.55493578,0.44506422,0.342105263,0.378881988,0.360390603,57.67488921,23.58222409,12.85591487,0.945216855,29.11.2023 14:39,A-2,3.54E-06,1,1.4,5.48,5.33,3.64,3.38,1.69,PM6_321136,PY-IT_321127,CF,Jonas_DonorAcceptor-3bands-NoBG-ZnOCorr-NoInt_PM6:PY-IT,Jonas_DonorAcceptor-3bands-NoBG-ZnOCorr-NoInt,4.06E+16,29.11.2023 11:46,26150_208248_OD_x2y1,x2y1,0.010637563,1,1.4,1,5,1,0,0,0,0,0,0,0,0,1,154
26150,PM6_321136,PY-IT_321127,CF,0,12.5,2000,1.538473409,0.061275395,0.153583407,0.594772551,0.135269518,0.205609667,1.97798121,0.063478768,0.61,2.107862022,0.080710387,0.9,2.28,0.113735022,0.105287669,0.169513146,0.548112937,0.451887063,0.342105263,0.378881988,0.375122814,57.66009591,23.52215951,12.84723592,0.947233716,29.11.2023 14:39,A-1,3.33E-06,0.6,1.4,5.48,5.33,3.64,3.38,1.69,PM6_321136,PY-IT_321127,CF,Jonas_DonorAcceptor-3bands-NoBG-ZnOCorr-NoInt_PM6:PY-IT,Jonas_DonorAcceptor-3bands-NoBG-ZnOCorr-NoInt,4.47E+16,29.11.2023 11:46,26150_208248_OD_x1y1,x1y1,0.010645069,0.6,1.4,1,5,1,0,0,0,0,0,0,0,0,1,154
26150,PM6_321136,PY-IT_321127,CF,0,12.5,2000,1.538769431,0.059030143,0.138493906,0.586665234,0.141878272,0.215654974,1.977457033,0.064878448,0.61,2.107571025,0.082013971,0.9,2.28438425,0.113355713,0.118552477,0.190869488,0.530484619,0.469515381,0.342105263,0.378881988,0.406524462,56.41900992,23.54324425,12.54896224,0.944748136,29.11.2023 14:39,B-2,1.38E-06,1,0.6,5.48,5.33,3.64,3.38,1.69,PM6_321136,PY-IT_321127,CF,Jonas_DonorAcceptor-3bands-NoBG-ZnOCorr-NoInt_PM6:PY-IT,Jonas_DonorAcceptor-3bands-NoBG-ZnOCorr-NoInt,7.19E+16,29.11.2023 11:46,26150_208248_OD_x2y2,x2y2,0.010995488,1,0.6,1,5,1,0,0,0,0,0,0,0,0,1,154
26150,PM6_321136,PY-IT_321127,CF,0,12.5,2000,1.535272079,0.060329724,0.139194645,0.580554736,0.133224151,0.20250071,1.974259721,0.065959723,0.61,2.103727618,0.082304879,0.9,2.282427418,0.113733265,0.108118061,0.174070078,0.537749385,0.462250615,0.342105263,0.378881988,0.376570788,55.74806712,23.44248059,12.33433132,0.943804907,29.11.2023 14:39,B-1,2.21E-06,0.6,0.6,5.48,5.33,3.64,3.38,1.69,PM6_321136,PY-IT_321127,CF,Jonas_DonorAcceptor-3bands-NoBG-ZnOCorr-NoInt_PM6:PY-IT,Jonas_DonorAcceptor-3bands-NoBG-ZnOCorr-NoInt,7.16E+16,29.11.2023 11:46,26150_208248_OD_x1y2,x1y2,0.010785162,0.6,0.6,1,5,1,0,0,0,0,0,0,0,0,1,154
26151,PM6_321136,PY-IT_321127,CF,0,10,2000,1.535881666,0.063721638,0.177943367,0.57670535,0.117701469,0.178906233,1.977807899,0.062566028,0.61,2.107719156,0.080190521,0.9,2.28,0.117456732,0.081792884,0.131686544,0.576015434,0.423984566,0.342105263,0.378881988,0.310592777,58.80021668,23.5015615,13.02710736,0.942697482,29.11.2023 14:42,A-2,1.48E-06,1,1.4,5.48,5.33,3.64,3.38,1.69,PM6_321136,PY-IT_321127,CF,Jonas_DonorAcceptor-3bands-NoBG-ZnOCorr-NoInt_PM6:PY-IT,Jonas_DonorAcceptor-3bands-NoBG-ZnOCorr-NoInt,6.94E+16,29.11.2023 11:51,26151_208253_OD_x2y1,x2y1,0.009790625,1,1.4,1,5,1,0,0,0,0,0,0,0,0,1,155
26151,PM6_321136,PY-IT_321127,CF,0,10,2000,1.53322821,0.063291521,0.162467617,0.583044439,0.112447457,0.170920134,1.974899946,0.064460649,0.61,2.106126412,0.081745794,0.9,2.28,0.121604438,0.077779249,0.12522459,0.577150697,0.422849303,0.342105263,0.378881988,0.296144724,57.01661802,22.65277779,12.07501515,0.934899153,29.11.2023 14:42,A-3,3.32E-06,1.4,1.4,5.48,5.33,3.64,3.38,1.69,PM6_321136,PY-IT_321127,CF,Jonas_DonorAcceptor-3bands-NoBG-ZnOCorr-NoInt_PM6:PY-IT,Jonas_DonorAcceptor-3bands-NoBG-ZnOCorr-NoInt,2.90E+16,29.11.2023 11:51,26151_208253_OD_x3y1,x3y1,0.008293288,1.4,1.4,1,5,1,0,0,0,0,0,0,0,0,1,155
26151,PM6_321136,PY-IT_321127,CF,0,10,2000,1.532848631,0.06360443,0.170781321,0.564993373,0.108088711,0.164294841,1.9746271,0.063643557,0.61,2.106190525,0.082091281,0.9,2.28,0.123414303,0.075055673,0.120839633,0.576201253,0.423798747,0.342105263,0.378881988,0.285134474,55.73869638,22.64571588,11.73310774,0.929544525,29.11.2023 14:42,B-1,9.70E-06,0.6,0.6,5.48,5.33,3.64,3.38,1.69,PM6_321136,PY-IT_321127,CF,Jonas_DonorAcceptor-3bands-NoBG-ZnOCorr-NoInt_PM6:PY-IT,Jonas_DonorAcceptor-3bands-NoBG-ZnOCorr-NoInt,3.53E+16,29.11.2023 11:51,26151_208253_OD_x1y2,x1y2,0.008715194,0.6,0.6,1,5,1,0,0,0,0,0,0,0,0,1,155
26152,PM6_321136,PY-IT_321127,CF,0,10,1000,1.537696289,0.062846365,0.173755613,0.6,0.124251986,0.188863018,1.97613323,0.063216143,0.61,2.108964835,0.079509153,0.9,2.28,0.11861914,0.090192475,0.145209885,0.565334741,0.434665259,0.342105263,0.378881988,0.334072903,58.10008468,22.83973664,12.52043761,0.943521175,29.11.2023 14:45,A-2,2.67E-06,1,1.4,5.48,5.33,3.64,3.38,1.69,PM6_321136,PY-IT_321127,CF,Jonas_DonorAcceptor-3bands-NoBG-ZnOCorr-NoInt_PM6:PY-IT,Jonas_DonorAcceptor-3bands-NoBG-ZnOCorr-NoInt,6.15E+16,29.11.2023 11:57,26152_208260_OD_x2y1,x2y1,0.010872912,1,1.4,1,5,1,0,0,0,0,0,0,0,0,1,156
26152,PM6_321136,PY-IT_321127,CF,0,10,1000,1.539051324,0.060133436,0.150923513,0.6,0.138251775,0.210142698,1.977615688,0.06327238,0.61,2.106506913,0.079859106,0.9,2.28,0.111725474,0.109197711,0.175808315,0.544480234,0.455519766,0.342105263,0.378881988,0.385951013,57.10039312,22.95470628,12.34944136,0.942185625,29.11.2023 14:45,B-1,2.83E-06,0.6,0.6,5.48,5.33,3.64,3.38,1.69,PM6_321136,PY-IT_321127,CF,Jonas_DonorAcceptor-3bands-NoBG-ZnOCorr-NoInt_PM6:PY-IT,Jonas_DonorAcceptor-3bands-NoBG-ZnOCorr-NoInt,5.83E+16,29.11.2023 11:57,26152_208260_OD_x1y2,x1y2,0.012054567,0.6,0.6,1,5,1,0,0,0,0,0,0,0,0,1,156
26152,PM6_321136,PY-IT_321127,CF,0,10,1000,1.538482342,0.059323953,0.142081444,0.59403898,0.140326669,0.213296537,1.976110113,0.064062131,0.61,2.105064274,0.080816477,0.9,2.28,0.111973805,0.113099693,0.182090506,0.539462638,0.460537362,0.342105263,0.378881988,0.395387043,56.73901041,22.70173263,12.13791823,0.942330929,29.11.2023 14:45,A-1,2.25E-06,0.6,1.4,5.48,5.33,3.64,3.38,1.69,PM6_321136,PY-IT_321127,CF,Jonas_DonorAcceptor-3bands-NoBG-ZnOCorr-NoInt_PM6:PY-IT,Jonas_DonorAcceptor-3bands-NoBG-ZnOCorr-NoInt,4.95E+16,29.11.2023 11:57,26152_208260_OD_x1y1,x1y1,0.011518185,0.6,1.4,1,5,1,0,0,0,0,0,0,0,0,1,156
26152,PM6_321136,PY-IT_321127,CF,0,10,1000,1.53864049,0.061139924,0.158306876,0.6,0.133283903,0.202591533,1.976978082,0.062944779,0.61,2.10734515,0.079812053,0.9,2.28,0.113787816,0.10239903,0.164862439,0.551338531,0.448661469,0.342105263,0.378881988,0.367453972,56.5781642,22.70283441,12.09300745,0.941467619,29.11.2023 14:45,B-2,1.60E-06,1,0.6,5.48,5.33,3.64,3.38,1.69,PM6_321136,PY-IT_321127,CF,Jonas_DonorAcceptor-3bands-NoBG-ZnOCorr-NoInt_PM6:PY-IT,Jonas_DonorAcceptor-3bands-NoBG-ZnOCorr-NoInt,4.61E+16,29.11.2023 11:57,26152_208260_OD_x2y2,x2y2,0.011560355,1,0.6,1,5,1,0,0,0,0,0,0,0,0,1,156
26153,PM6_321136,PY-IT_321127,CF,2,10,1000,1.535184313,0.061154566,0.147185254,0.572208028,0.140812578,0.214035119,1.974048717,0.063573219,0.61,2.104106702,0.080578417,0.9,2.28,0.1111353,0.111843425,0.180067914,0.54309432,0.45690568,0.342105263,0.378881988,0.394103033,60.11502253,24.0015035,13.49922064,0.935593582,29.11.2023 14:47,B-1,2.04E-06,0.6,0.6,5.48,5.33,3.64,3.38,1.69,PM6_321136,PY-IT_321127,CF,Jonas_DonorAcceptor-3bands-NoBG-ZnOCorr-NoInt_PM6:PY-IT,Jonas_DonorAcceptor-3bands-NoBG-ZnOCorr-NoInt,5.09E+16,29.11.2023 12:03,26153_208268_OD_x1y2,x1y2,0.011072494,0.6,0.6,1,5,1,0,0,0,0,0,0,0,0,1,157
26153,PM6_321136,PY-IT_321127,CF,2,10,1000,1.534671471,0.061423157,0.146891558,0.565958184,0.140254104,0.213186238,1.973593924,0.063522093,0.61,2.10420403,0.080606054,0.9,2.28,0.111736427,0.109333208,0.176026465,0.547737102,0.452262898,0.342105263,0.378881988,0.389212704,60.06944561,23.72563866,13.34836447,0.936605105,29.11.2023 14:47,A-3,1.68E-06,1.4,1.4,5.48,5.33,3.64,3.38,1.69,PM6_321136,PY-IT_321127,CF,Jonas_DonorAcceptor-3bands-NoBG-ZnOCorr-NoInt_PM6:PY-IT,Jonas_DonorAcceptor-3bands-NoBG-ZnOCorr-NoInt,4.88E+16,29.11.2023 12:03,26153_208268_OD_x3y1,x3y1,0.010762143,1.4,1.4,1,5,1,0,0,0,0,0,0,0,0,1,157
26153,PM6_321136,PY-IT_321127,CF,2,10,1000,1.535267842,0.060942447,0.146278395,0.568714556,0.142388889,0.216431112,1.973897814,0.063430322,0.61,2.104049098,0.080750407,0.9,2.28,0.111256204,0.112433385,0.18101775,0.544550841,0.455449159,0.342105263,0.378881988,0.397448862,59.34130336,23.58099188,13.1162102,0.93732288,29.11.2023 14:47,A-1,2.26E-06,0.6,1.4,5.48,5.33,3.64,3.38,1.69,PM6_321136,PY-IT_321127,CF,Jonas_DonorAcceptor-3bands-NoBG-ZnOCorr-NoInt_PM6:PY-IT,Jonas_DonorAcceptor-3bands-NoBG-ZnOCorr-NoInt,5.00E+16,29.11.2023 12:03,26153_208268_OD_x1y1,x1y1,0.011161125,0.6,1.4,1,5,1,0,0,0,0,0,0,0,0,1,157
26153,PM6_321136,PY-IT_321127,CF,2,10,1000,1.534990424,0.059705885,0.136733298,0.556637478,0.146074772,0.222033654,1.974198016,0.065438406,0.61,2.109723758,0.084621874,0.9,2.297188273,0.118451617,0.122692391,0.197534749,0.529195364,0.470804636,0.342105263,0.378881988,0.419568403,58.70821602,23.68988626,13.02616137,0.936600951,29.11.2023 14:47,A-2,1.52E-06,1,1.4,5.48,5.33,3.64,3.38,1.69,PM6_321136,PY-IT_321127,CF,Jonas_DonorAcceptor-3bands-NoBG-ZnOCorr-NoInt_PM6:PY-IT,Jonas_DonorAcceptor-3bands-NoBG-ZnOCorr-NoInt,6.77E+17,29.11.2023 12:03,26153_208268_OD_x2y1,x2y1,0.011170663,1,1.4,1,5,1,0,0,0,0,0,0,0,0,1,157
26154,PM6_321136,PY-IT_321127,CF,0,10,3000,1.530498975,0.062709298,0.164701556,0.535702341,0.095829449,0.145660762,1.972625229,0.064382177,0.61,2.105161425,0.084264083,0.844200444,2.28,0.126239239,0.066409343,0.106919042,0.576692039,0.423307961,0.342105263,0.378881988,0.252579804,59.71892355,21.77966158,12.23787776,0.940899013,29.11.2023 14:50,A-2,6.86E-06,1,1.4,5.48,5.33,3.64,3.38,1.69,PM6_321136,PY-IT_321127,CF,Jonas_DonorAcceptor-3bands-NoBG-ZnOCorr-NoInt_PM6:PY-IT,Jonas_DonorAcceptor-3bands-NoBG-ZnOCorr-NoInt,2.60E+16,29.11.2023 12:09,26154_208272_OD_x2y1,x2y1,0.00742425,1,1.4,1,5,1,0,0,0,0,0,0,0,0,1,158
26154,PM6_321136,PY-IT_321127,CF,0,10,3000,1.529825399,0.061702142,0.1587619,0.527329456,0.088327033,0.13425709,1.971412225,0.065112139,0.61,2.104835328,0.085471232,0.811411921,2.28,0.125843404,0.063188619,0.101733677,0.568908233,0.431091767,0.342105263,0.378881988,0.235990767,59.26282509,21.17425894,11.74487707,0.935961328,29.11.2023 14:50,B-3,3.82E-06,1.4,0.6,5.48,5.33,3.64,3.38,1.69,PM6_321136,PY-IT_321127,CF,Jonas_DonorAcceptor-3bands-NoBG-ZnOCorr-NoInt_PM6:PY-IT,Jonas_DonorAcceptor-3bands-NoBG-ZnOCorr-NoInt,2.58E+16,29.11.2023 12:09,26154_208272_OD_x3y2,x3y2,0.006731343,1.4,0.6,1,5,1,0,0,0,0,0,0,0,0,1,158
26154,PM6_321136,PY-IT_321127,CF,0,10,3000,1.529723671,0.062001836,0.158275611,0.529365504,0.091744568,0.139451743,1.971333254,0.065012848,0.609999978,2.104626143,0.085107718,0.813327619,2.28,0.125794888,0.065521853,0.105490181,0.569325744,0.430674256,0.342105263,0.378881979,0.244941924,58.25068166,21.12430908,11.49650952,0.934291673,29.11.2023 14:50,A-3,2.74E-06,1.4,1.4,5.48,5.33,3.64,3.38,1.69,PM6_321136,PY-IT_321127,CF,Jonas_DonorAcceptor-3bands-NoBG-ZnOCorr-NoInt_PM6:PY-IT,Jonas_DonorAcceptor-3bands-NoBG-ZnOCorr-NoInt,2.68E+16,29.11.2023 12:09,26154_208272_OD_x3y1,x3y1,0.006936014,1.4,1.4,1,5,1,0,0,0,0,0,0,0,0,1,158
26155,PM6_321136,PY-IT_321127,CF,2,10,3000,1.526619638,0.064055218,0.163983067,0.514753113,0.097983727,0.148935265,1.96905863,0.064230389,0.61,2.103028158,0.084783362,0.856589498,2.28,0.127483954,0.067149168,0.108110161,0.579412237,0.420587763,0.342105263,0.378881988,0.257045426,61.69164759,22.16862636,12.72093261,0.930151732,29.11.2023 14:52,B-3,2.13E-06,1.4,0.6,5.48,5.33,3.64,3.38,1.69,PM6_321136,PY-IT_321127,CF,Jonas_DonorAcceptor-3bands-NoBG-ZnOCorr-NoInt_PM6:PY-IT,Jonas_DonorAcceptor-3bands-NoBG-ZnOCorr-NoInt,2.29E+16,29.11.2023 12:14,26155_208275_OD_x3y2,x3y2,0.007040224,1.4,0.6,1,5,1,0,0,0,0,0,0,0,0,1,159
26155,PM6_321136,PY-IT_321127,CF,2,10,3000,1.526873263,0.064222521,0.166522036,0.520358234,0.098440877,0.149630133,1.969521008,0.063991034,0.609999999,2.103376848,0.084532949,0.859045655,2.28,0.127262313,0.068345259,0.110035868,0.576240758,0.423759242,0.342105263,0.378881987,0.259666001,61.7704206,22.01570477,12.66274712,0.93113957,29.11.2023 14:52,A-1,4.18E-06,0.6,1.4,5.48,5.33,3.64,3.38,1.69,PM6_321136,PY-IT_321127,CF,Jonas_DonorAcceptor-3bands-NoBG-ZnOCorr-NoInt_PM6:PY-IT,Jonas_DonorAcceptor-3bands-NoBG-ZnOCorr-NoInt,2.34E+16,29.11.2023 12:14,26155_208275_OD_x1y1,x1y1,0.007157638,0.6,1.4,1,5,1,0,0,0,0,0,0,0,0,1,159
26155,PM6_321136,PY-IT_321127,CF,2,10,3000,1.5260399,0.063657488,0.160299596,0.512301243,0.095705412,0.145472227,1.96812616,0.064718954,0.61,2.102634456,0.085454359,0.847820904,2.28,0.128590756,0.066573032,0.107182582,0.575774622,0.424225378,0.342105263,0.378881988,0.252654808,59.6292018,22.26129421,12.28806878,0.925708451,29.11.2023 14:52,B-1,3.64E-06,0.6,0.6,5.48,5.33,3.64,3.38,1.69,PM6_321136,PY-IT_321127,CF,Jonas_DonorAcceptor-3bands-NoBG-ZnOCorr-NoInt_PM6:PY-IT,Jonas_DonorAcceptor-3bands-NoBG-ZnOCorr-NoInt,2.36E+16,29.11.2023 12:14,26155_208275_OD_x1y2,x1y2,0.006767454,0.6,0.6,1,5,1,0,0,0,0,0,0,0,0,1,159
26155,PM6_321136,PY-IT_321127,CF,2,10,3000,1.525997095,0.063757257,0.160338182,0.520528714,0.097140901,0.14765417,1.968523859,0.064961635,0.61,2.102235153,0.085570653,0.873730403,2.28,0.129120834,0.067409912,0.108529959,0.576359553,0.423640447,0.342105263,0.378881988,0.256184129,59.52951241,21.53852796,11.86804854,0.925616249,29.11.2023 14:52,A-3,2.64E-06,1.4,1.4,5.48,5.33,3.64,3.38,1.69,PM6_321136,PY-IT_321127,CF,Jonas_DonorAcceptor-3bands-NoBG-ZnOCorr-NoInt_PM6:PY-IT,Jonas_DonorAcceptor-3bands-NoBG-ZnOCorr-NoInt,2.35E+16,29.11.2023 12:14,26155_208275_OD_x3y1,x3y1,0.006778494,1.4,1.4,1,5,1,0,0,0,0,0,0,0,0,1,159
26156,PM6_321136,PY-IT_321127,CF,1,10,2000,1.528599807,0.063871811,0.157308521,0.526997415,0.111324273,0.169212895,1.970172023,0.064443195,0.61,2.102664873,0.084778029,0.899998765,2.28,0.127559653,0.078327698,0.126107594,0.572980547,0.427019453,0.342105263,0.378881988,0.295320489,62.59934942,24.46346077,14.33075607,0.93579644,29.11.2023 14:55,B-3,3.18E-06,1.4,0.6,5.48,5.33,3.64,3.38,1.69,PM6_321136,PY-IT_321127,CF,Jonas_DonorAcceptor-3bands-NoBG-ZnOCorr-NoInt_PM6:PY-IT,Jonas_DonorAcceptor-3bands-NoBG-ZnOCorr-NoInt,2.55E+16,29.11.2023 12:20,26156_208286_OD_x3y2,x3y2,0.007307621,1.4,0.6,1,5,1,0,0,0,0,0,0,0,0,1,160
26156,PM6_321136,PY-IT_321127,CF,1,10,2000,1.529981643,0.064299167,0.160930054,0.534965684,0.117134987,0.17804518,1.971943843,0.06398811,0.61,2.103542975,0.083277381,0.9,2.28,0.122970333,0.081802838,0.13170257,0.574807016,0.425192984,0.342105263,0.378881988,0.30974775,62.30553036,24.50813127,14.28624476,0.93558078,29.11.2023 14:55,B-1,5.73E-06,0.6,0.6,5.48,5.33,3.64,3.38,1.69,PM6_321136,PY-IT_321127,CF,Jonas_DonorAcceptor-3bands-NoBG-ZnOCorr-NoInt_PM6:PY-IT,Jonas_DonorAcceptor-3bands-NoBG-ZnOCorr-NoInt,2.54E+16,29.11.2023 12:20,26156_208286_OD_x1y2,x1y2,0.007978621,0.6,0.6,1,5,1,0,0,0,0,0,0,0,0,1,160
26156,PM6_321136,PY-IT_321127,CF,1,10,2000,1.529731971,0.06424084,0.160363474,0.537164832,0.116522575,0.177114315,1.971581596,0.064027316,0.61,2.103488947,0.083325507,0.9,2.28,0.123028487,0.081820179,0.131730488,0.573473516,0.426526484,0.342105263,0.378881988,0.308844802,62.50184737,24.20456467,14.15959499,0.935967354,29.11.2023 14:55,A-1,5.46E-06,0.6,1.4,5.48,5.33,3.64,3.38,1.69,PM6_321136,PY-IT_321127,CF,Jonas_DonorAcceptor-3bands-NoBG-ZnOCorr-NoInt_PM6:PY-IT,Jonas_DonorAcceptor-3bands-NoBG-ZnOCorr-NoInt,2.58E+16,29.11.2023 12:20,26156_208286_OD_x1y1,x1y1,0.007977467,0.6,1.4,1,5,1,0,0,0,0,0,0,0,0,1,160
26156,PM6_321136,PY-IT_321127,CF,1,10,2000,1.530248313,0.064349085,0.162338145,0.539030632,0.117857543,0.179143466,1.972245338,0.063747803,0.61,2.103845353,0.082840993,0.899999999,2.28,0.12215184,0.082417608,0.132692349,0.574480086,0.425519914,0.342105263,0.378881988,0.311835814,61.69058174,24.46073895,14.11739744,0.935548276,29.11.2023 14:55,B-2,4.08E-06,1,0.6,5.48,5.33,3.64,3.38,1.69,PM6_321136,PY-IT_321127,CF,Jonas_DonorAcceptor-3bands-NoBG-ZnOCorr-NoInt_PM6:PY-IT,Jonas_DonorAcceptor-3bands-NoBG-ZnOCorr-NoInt,2.52E+16,29.11.2023 12:20,26156_208286_OD_x2y2,x2y2,0.008116355,1,0.6,1,5,1,0,0,0,0,0,0,0,0,1,160
31171,PTQ10_321145,BTP-4F-12 (Y12)_321125,xylene,0,28,2000,1.544330153,0.086105883,0.081311936,0.16133828,0.256895821,0.333964568,2.037999627,0.056890695,1.086,2.191596166,0.105430469,0.923374501,2.422955329,0.115928571,0.111095806,0.231745851,0.590345443,0.409654557,0.230769231,0.520613615,0.565710419,55.82833454,22.88863093,11.22646408,0.878554086,28.03.2024 14:33,B-1,9.42E-05,0.6,0.6,5.53,5.34,3.77,3.64,1.57,PTQ10_321145,BTP-4F-12 (Y12)_321125,xylene,Jonas_DonorAcceptor-3bands-NoBG-ZnOCorr-NoInt_PTQ10:BTP-4F-12 (Y12),Jonas_DonorAcceptor-3bands-NoBG-ZnOCorr-NoInt,17.26907551,28.03.2024 10:18,31171_251582_OD_x1y2,x1y2,0.005852233,0.6,0.6,3,1,0,0,1,0,0,1,0,0,0,0,31171
31171,PTQ10_321145,BTP-4F-12 (Y12)_321125,xylene,0,28,2000,1.544083067,0.085819495,0.081157364,0.163131102,0.255943669,0.332726769,2.038001483,0.056993213,1.086,2.192064955,0.105428414,0.910766268,2.423178837,0.114950094,0.110956434,0.231455121,0.589750885,0.410249115,0.230769231,0.520613615,0.564181891,55.2427952,23.03587298,11.14069355,0.87545113,28.03.2024 14:33,B-3,1.04E-06,1.4,0.6,5.53,5.34,3.77,3.64,1.57,PTQ10_321145,BTP-4F-12 (Y12)_321125,xylene,Jonas_DonorAcceptor-3bands-NoBG-ZnOCorr-NoInt_PTQ10:BTP-4F-12 (Y12),Jonas_DonorAcceptor-3bands-NoBG-ZnOCorr-NoInt,16.96262736,28.03.2024 10:18,31171_251582_OD_x3y2,x3y2,0.005841529,1.4,0.6,3,1,0,0,1,0,0,1,0,0,0,0,31171
31171,PTQ10_321145,BTP-4F-12 (Y12)_321125,xylene,0,28,2000,1.543959988,0.085953281,0.081228753,0.162132494,0.256526368,0.333484279,2.037950823,0.05694375,1.086,2.191952329,0.105457498,0.920366633,2.423599078,0.115725686,0.111187564,0.231937259,0.589797622,0.410202378,0.230769231,0.520613615,0.565421538,55.41593807,22.82462131,11.13167135,0.880079907,28.03.2024 14:33,A-1,1.99E-06,0.6,1.4,5.53,5.34,3.77,3.64,1.57,PTQ10_321145,BTP-4F-12 (Y12)_321125,xylene,Jonas_DonorAcceptor-3bands-NoBG-ZnOCorr-NoInt_PTQ10:BTP-4F-12 (Y12),Jonas_DonorAcceptor-3bands-NoBG-ZnOCorr-NoInt,17.12218612,28.03.2024 10:18,31171_251582_OD_x1y1,x1y1,0.005837844,0.6,1.4,3,1,0,0,1,0,0,1,0,0,0,0,31171
31171,PTQ10_321145,BTP-4F-12 (Y12)_321125,xylene,0,28,2000,1.544114425,0.086200497,0.081417929,0.162062036,0.254680118,0.331084153,2.038092655,0.056944073,1.086,2.192239502,0.105504791,0.914123401,2.42414493,0.115417447,0.110105484,0.229680039,0.590416003,0.409583997,0.230769231,0.520613615,0.560764192,54.88143667,22.74224979,10.97253859,0.879120121,28.03.2024 14:33,A-2,2.10E-06,1,1.4,5.53,5.34,3.77,3.64,1.57,PTQ10_321145,BTP-4F-12 (Y12)_321125,xylene,Jonas_DonorAcceptor-3bands-NoBG-ZnOCorr-NoInt_PTQ10:BTP-4F-12 (Y12),Jonas_DonorAcceptor-3bands-NoBG-ZnOCorr-NoInt,16.6543432,28.03.2024 10:18,31171_251582_OD_x2y1,x2y1,0.005743942,1,1.4,3,1,0,0,1,0,0,1,0,0,0,0,31171
31172,PTQ10_321145,BTP-4F-12 (Y12)_321125,xylene,0,25,2000,1.537918818,0.09,0.08609089,0.155127956,0.216418017,0.281343423,2.037791883,0.056617382,1.086,2.187260229,0.105348529,0.927414529,2.419556232,0.120239596,0.08423178,0.175707493,0.615562541,0.384437459,0.230769231,0.520613615,0.457050916,56.09213551,22.42825019,10.92219899,0.86818588,28.03.2024 14:35,B-3,1.13E-06,1.4,0.6,5.53,5.34,3.77,3.64,1.57,PTQ10_321145,BTP-4F-12 (Y12)_321125,xylene,Jonas_DonorAcceptor-3bands-NoBG-ZnOCorr-NoInt_PTQ10:BTP-4F-12 (Y12),Jonas_DonorAcceptor-3bands-NoBG-ZnOCorr-NoInt,16.97345498,28.03.2024 10:24,31172_251631_OD_x3y2,x3y2,0.004576039,1.4,0.6,3,1,0,0,1,0,0,1,0,0,0,0,31172
31172,PTQ10_321145,BTP-4F-12 (Y12)_321125,xylene,0,25,2000,1.537021511,0.09,0.086284748,0.161742932,0.215576328,0.280249227,2.038199287,0.056734836,1.086,2.188125132,0.104777879,0.911960589,2.418614173,0.11796651,0.083817426,0.174843151,0.61580734,0.38419266,0.230769231,0.520613615,0.455092378,56.12417215,22.26062181,10.85198347,0.868604118,28.03.2024 14:35,B-1,1.49E-05,0.6,0.6,5.53,5.34,3.77,3.64,1.57,PTQ10_321145,BTP-4F-12 (Y12)_321125,xylene,Jonas_DonorAcceptor-3bands-NoBG-ZnOCorr-NoInt_PTQ10:BTP-4F-12 (Y12),Jonas_DonorAcceptor-3bands-NoBG-ZnOCorr-NoInt,16.97972,28.03.2024 10:24,31172_251631_OD_x1y2,x1y2,0.004567725,0.6,0.6,3,1,0,0,1,0,0,1,0,0,0,0,31172
31172,PTQ10_321145,BTP-4F-12 (Y12)_321125,xylene,0,25,2000,1.536959014,0.09,0.086262964,0.161546099,0.215888374,0.280654887,2.038002884,0.05638783,1.086,2.185710873,0.104749624,0.961250955,2.416662027,0.122014888,0.082638763,0.172384459,0.619493405,0.380506595,0.230769231,0.520613615,0.453039346,56.45676403,21.9806304,10.81181552,0.871249419,28.03.2024 14:35,A-1,1.46E-06,0.6,1.4,5.53,5.34,3.77,3.64,1.57,PTQ10_321145,BTP-4F-12 (Y12)_321125,xylene,Jonas_DonorAcceptor-3bands-NoBG-ZnOCorr-NoInt_PTQ10:BTP-4F-12 (Y12),Jonas_DonorAcceptor-3bands-NoBG-ZnOCorr-NoInt,18.07544366,28.03.2024 10:24,31172_251631_OD_x1y1,x1y1,0.00459666,0.6,1.4,3,1,0,0,1,0,0,1,0,0,0,0,31172
31172,PTQ10_321145,BTP-4F-12 (Y12)_321125,xylene,0,25,2000,1.53779392,0.09,0.086129231,0.154676905,0.216628298,0.281616787,2.037770799,0.056804644,1.086,2.188639734,0.105355343,0.88703756,2.419614069,0.116632902,0.085036086,0.177385276,0.613541442,0.386458558,0.230769231,0.520613615,0.459002063,55.67005094,22.2762506,10.77201088,0.86862649,28.03.2024 14:35,B-2,0.000100063,1,0.6,5.53,5.34,3.77,3.64,1.57,PTQ10_321145,BTP-4F-12 (Y12)_321125,xylene,Jonas_DonorAcceptor-3bands-NoBG-ZnOCorr-NoInt_PTQ10:BTP-4F-12 (Y12),Jonas_DonorAcceptor-3bands-NoBG-ZnOCorr-NoInt,16.52980327,28.03.2024 10:24,31172_251631_OD_x2y2,x2y2,0.004639964,1,0.6,3,1,0,0,1,0,0,1,0,0,0,0,31172
31174,PTQ10_321145,BTP-4F-12 (Y12)_321125,xylene,0,22,1000,1.544814043,0.086497807,0.081675605,0.147753889,0.256256951,0.333134037,2.03758975,0.057633899,1.086,2.195892769,0.106112368,0.837151871,2.425509033,0.109226052,0.114540475,0.238931431,0.582335511,0.417664489,0.230769231,0.520613615,0.572065468,56.48274783,23.50325603,11.60430657,0.874128632,28.03.2024 14:41,B-1,3.21E-06,0.6,0.6,5.53,5.34,3.77,3.64,1.57,PTQ10_321145,BTP-4F-12 (Y12)_321125,xylene,Jonas_DonorAcceptor-3bands-NoBG-ZnOCorr-NoInt_PTQ10:BTP-4F-12 (Y12),Jonas_DonorAcceptor-3bands-NoBG-ZnOCorr-NoInt,16.80900893,28.03.2024 10:35,31174_251637_OD_x1y2,x1y2,0.006173593,0.6,0.6,3,1,0,0,1,0,0,1,0,0,0,0,31174
31174,PTQ10_321145,BTP-4F-12 (Y12)_321125,xylene,0,22,1000,1.544051242,0.087781934,0.082931515,0.135953343,0.252629499,0.328418349,2.036715704,0.057688944,1.086,2.195606064,0.106760467,0.825561923,2.426331937,0.109389263,0.111093307,0.231740639,0.586294884,0.413705116,0.230769231,0.520613615,0.560158989,56.25681201,23.575625,11.58408446,0.873420503,28.03.2024 14:41,A-1,5.19E-06,0.6,1.4,5.53,5.34,3.77,3.64,1.57,PTQ10_321145,BTP-4F-12 (Y12)_321125,xylene,Jonas_DonorAcceptor-3bands-NoBG-ZnOCorr-NoInt_PTQ10:BTP-4F-12 (Y12),Jonas_DonorAcceptor-3bands-NoBG-ZnOCorr-NoInt,16.43379855,28.03.2024 10:35,31174_251637_OD_x1y1,x1y1,0.00607338,0.6,1.4,3,1,0,0,1,0,0,1,0,0,0,0,31174
31174,PTQ10_321145,BTP-4F-12 (Y12)_321125,xylene,0,22,1000,1.543422994,0.089068718,0.084106331,0.130904522,0.246772111,0.320803744,2.036996835,0.05839964,0.90356845,2.189731524,0.100643502,0.895160449,2.413861113,0.121213502,0.112500158,0.214151752,0.599683051,0.400316949,0.230769231,0.474670848,0.534955496,56.41410039,23.29725039,11.45870733,0.871853053,28.03.2024 14:41,B-2,3.66E-06,1,0.6,5.53,5.34,3.77,3.64,1.57,PTQ10_321145,BTP-4F-12 (Y12)_321125,xylene,Jonas_DonorAcceptor-3bands-NoBG-ZnOCorr-NoInt_PTQ10:BTP-4F-12 (Y12),Jonas_DonorAcceptor-3bands-NoBG-ZnOCorr-NoInt,17.98186387,28.03.2024 10:35,31174_251637_OD_x2y2,x2y2,0.005788267,1,0.6,3,1,0,0,1,0,0,1,0,0,0,0,31174
31174,PTQ10_321145,BTP-4F-12 (Y12)_321125,xylene,0,22,1000,1.541161372,0.09,0.085141099,0.131552215,0.238812748,0.310456573,2.036515092,0.057841848,1.043008132,2.193774363,0.105539386,0.817529218,2.423420681,0.111314217,0.102660958,0.209737172,0.596809508,0.403190492,0.230769231,0.510525688,0.520193745,56.47376064,23.18737357,11.40474816,0.870938385,28.03.2024 14:41,A-2,3.31E-06,1,1.4,5.53,5.34,3.77,3.64,1.57,PTQ10_321145,BTP-4F-12 (Y12)_321125,xylene,Jonas_DonorAcceptor-3bands-NoBG-ZnOCorr-NoInt_PTQ10:BTP-4F-12 (Y12),Jonas_DonorAcceptor-3bands-NoBG-ZnOCorr-NoInt,15.00682557,28.03.2024 10:35,31174_251637_OD_x2y1,x2y1,0.005352768,1,1.4,3,1,0,0,1,0,0,1,0,0,0,0,31174
31175,PTQ10_321145,BTP-4F-12 (Y12)_321125,xylene,2,22,1000,1.514468057,0.078920823,0.08,0.299794293,0.233211135,0.306614875,2.040745018,0.056050381,1.085999966,2.193926714,0.10003053,1,2.413938119,0.11394943,0.107043069,0.223291839,0.578620476,0.421379524,0.239400454,0.520613607,0.529906714,56.25734899,24.10936908,11.48205,0.846553336,28.03.2024 14:43,B-1,6.83E-06,0.6,0.6,5.53,5.34,3.77,3.64,1.57,PTQ10_321145,BTP-4F-12 (Y12)_321125,xylene,Jonas_DonorAcceptor-3bands-NoBG-ZnOCorr-NoInt_PTQ10:BTP-4F-12 (Y12),Jonas_DonorAcceptor-3bands-NoBG-ZnOCorr-NoInt,15.83963866,28.03.2024 10:41,31175_251656_OD_x1y2,x1y2,0.005770893,0.6,0.6,3,1,0,0,1,0,0,1,0,0,0,0,31175
31175,PTQ10_321145,BTP-4F-12 (Y12)_321125,xylene,2,22,1000,1.514608657,0.080777847,0.08,0.27776691,0.229425743,0.299744833,2.040092453,0.056140627,1.086,2.192713986,0.101154756,1,2.414663548,0.116289085,0.101019128,0.210725901,0.587192983,0.412807017,0.234596506,0.520613615,0.510470734,55.25019743,24.40600124,11.29764383,0.837832911,28.03.2024 14:43,B-3,8.65E-06,1.4,0.6,5.53,5.34,3.77,3.64,1.57,PTQ10_321145,BTP-4F-12 (Y12)_321125,xylene,Jonas_DonorAcceptor-3bands-NoBG-ZnOCorr-NoInt_PTQ10:BTP-4F-12 (Y12),Jonas_DonorAcceptor-3bands-NoBG-ZnOCorr-NoInt,15.7926109,28.03.2024 10:41,31175_251656_OD_x3y2,x3y2,0.005494659,1.4,0.6,3,1,0,0,1,0,0,1,0,0,0,0,31175
31175,PTQ10_321145,BTP-4F-12 (Y12)_321125,xylene,2,22,1000,1.514255161,0.082296773,0.08,0.263694123,0.22594517,0.293728721,2.039360921,0.056081457,1.085999999,2.191045899,0.101545854,0.999999958,2.413909388,0.117524674,0.096498609,0.201296099,0.593361604,0.406638396,0.230769231,0.520613614,0.49502482,55.20308714,24.15275081,11.2044,0.84034697,28.03.2024 14:43,B-2,1.01E-05,1,0.6,5.53,5.34,3.77,3.64,1.57,PTQ10_321145,BTP-4F-12 (Y12)_321125,xylene,Jonas_DonorAcceptor-3bands-NoBG-ZnOCorr-NoInt_PTQ10:BTP-4F-12 (Y12),Jonas_DonorAcceptor-3bands-NoBG-ZnOCorr-NoInt,15.56836068,28.03.2024 10:41,31175_251656_OD_x2y2,x2y2,0.005340338,1,0.6,3,1,0,0,1,0,0,1,0,0,0,0,31175
31175,PTQ10_321145,BTP-4F-12 (Y12)_321125,xylene,2,22,1000,1.514230308,0.081555531,0.08,0.273268637,0.228293864,0.297148152,2.039989169,0.05597239,1.086,2.19216933,0.100994252,1,2.413931608,0.116414961,0.098362281,0.205183718,0.591537527,0.408462473,0.231717034,0.520613615,0.50233187,55.54005535,23.71337349,11.0712,0.840610957,28.03.2024 14:43,A-3,1.21E-05,1.4,1.4,5.53,5.34,3.77,3.64,1.57,PTQ10_321145,BTP-4F-12 (Y12)_321125,xylene,Jonas_DonorAcceptor-3bands-NoBG-ZnOCorr-NoInt_PTQ10:BTP-4F-12 (Y12),Jonas_DonorAcceptor-3bands-NoBG-ZnOCorr-NoInt,15.55737742,28.03.2024 10:41,31175_251656_OD_x3y1,x3y1,0.005441163,1.4,1.4,3,1,0,0,1,0,0,1,0,0,0,0,31175
31178,PTQ10_321145,BTP-4F-12 (Y12)_321125,xylene,1,22,2000,1.515307932,0.077732745,0.08,0.30503817,0.237054633,0.313019295,2.040675964,0.056231032,1.086,2.194577903,0.099960718,0.999999999,2.4132782,0.113105579,0.112199379,0.234047904,0.572177047,0.427822953,0.242683641,0.520613615,0.547067199,58.62814783,24.20137136,12.04295161,0.848763688,28.03.2024 14:51,B-1,3.58E-06,0.6,0.6,5.53,5.34,3.77,3.64,1.57,PTQ10_321145,BTP-4F-12 (Y12)_321125,xylene,Jonas_DonorAcceptor-3bands-NoBG-ZnOCorr-NoInt_PTQ10:BTP-4F-12 (Y12),Jonas_DonorAcceptor-3bands-NoBG-ZnOCorr-NoInt,16.49377666,28.03.2024 10:58,31178_251669_OD_x1y2,x1y2,0.005939167,0.6,0.6,3,1,0,0,1,0,0,1,0,0,0,0,31178
31178,PTQ10_321145,BTP-4F-12 (Y12)_321125,xylene,1,22,2000,1.515167331,0.078717989,0.08,0.295463828,0.235412357,0.309759067,2.04040303,0.05602721,1.086,2.194005092,0.099933083,1,2.413496363,0.113437896,0.10871675,0.226783141,0.577324696,0.422675304,0.240014638,0.520613615,0.536542208,58.34114459,24.29562767,12.0149518,0.84765468,28.03.2024 14:51,B-3,5.06E-06,1.4,0.6,5.53,5.34,3.77,3.64,1.57,PTQ10_321145,BTP-4F-12 (Y12)_321125,xylene,Jonas_DonorAcceptor-3bands-NoBG-ZnOCorr-NoInt_PTQ10:BTP-4F-12 (Y12),Jonas_DonorAcceptor-3bands-NoBG-ZnOCorr-NoInt,17.09088768,28.03.2024 10:58,31178_251669_OD_x3y2,x3y2,0.006048641,1.4,0.6,3,1,0,0,1,0,0,1,0,0,0,0,31178
31178,PTQ10_321145,BTP-4F-12 (Y12)_321125,xylene,1,22,2000,1.515886372,0.08044807,0.08,0.266683922,0.235747092,0.309351433,2.039584261,0.05620593,1.086,2.192622502,0.101699066,1,2.415073223,0.116403613,0.106274842,0.22168932,0.582538028,0.417461972,0.237931146,0.520613615,0.531040753,58.48100476,24.05323672,11.93283714,0.848311515,28.03.2024 14:51,A-1,4.49E-06,0.6,1.4,5.53,5.34,3.77,3.64,1.57,PTQ10_321145,BTP-4F-12 (Y12)_321125,xylene,Jonas_DonorAcceptor-3bands-NoBG-ZnOCorr-NoInt_PTQ10:BTP-4F-12 (Y12),Jonas_DonorAcceptor-3bands-NoBG-ZnOCorr-NoInt,18.2160019,28.03.2024 10:58,31178_251669_OD_x1y1,x1y1,0.006017626,0.6,1.4,3,1,0,0,1,0,0,1,0,0,0,0,31178
31178,PTQ10_321145,BTP-4F-12 (Y12)_321125,xylene,1,22,2000,1.515610056,0.081434133,0.08,0.264454926,0.23116934,0.301763108,2.039583358,0.055851811,1.086,2.192084716,0.101052552,1,2.413637391,0.115906673,0.101462964,0.211651742,0.587756875,0.412243125,0.233937701,0.520613615,0.51341485,58.78585202,23.68887757,11.8142467,0.848376705,28.03.2024 14:51,A-3,3.73E-06,1.4,1.4,5.53,5.34,3.77,3.64,1.57,PTQ10_321145,BTP-4F-12 (Y12)_321125,xylene,Jonas_DonorAcceptor-3bands-NoBG-ZnOCorr-NoInt_PTQ10:BTP-4F-12 (Y12),Jonas_DonorAcceptor-3bands-NoBG-ZnOCorr-NoInt,17.4210086,28.03.2024 10:58,31178_251669_OD_x3y1,x3y1,0.005888714,1.4,1.4,3,1,0,0,1,0,0,1,0,0,0,0,31178
32260,PTQ10_321145,L8-BO_321144,xylene,0,28,2000,1.566893027,0.09,0.08775343,0.212444371,0.233929337,0.309956371,2.047129453,0.057473143,1.086,2.199010033,0.096215829,1,2.415923205,0.108175813,0.085330214,0.177998826,0.635214817,0.364785183,0.245283019,0.520613615,0.487955196,62.39056703,22.146,12.48837014,0.903839951,12.04.2024 16:46,B-3,1.59E-05,1.4,0.6,5.45,5.34,3.77,3.64,1.57,PTQ10_321145,L8-BO_321144,xylene,Jonas_DonorAcceptor-3bands-NoBG-ZnOCorr-NoInt_PTQ10:L8-BO,Jonas_DonorAcceptor-3bands-NoBG-ZnOCorr-NoInt,34.80753148,12.04.2024 10:48,32260_258269_OD_x3y2,x3y2,0.005788492,1.4,0.6,3,4,0,0,1,0,0,0,0,0,1,0,177
32260,PTQ10_321145,L8-BO_321144,xylene,0,28,2000,1.567710772,0.09,0.088650441,0.217574975,0.23431886,0.310472489,2.046610025,0.057617206,1.085999982,2.199606143,0.096093933,1,2.416216619,0.107815699,0.085595773,0.178552781,0.634880258,0.365119742,0.245283019,0.52061361,0.48902527,62.42663767,21.96649798,12.43575617,0.90686247,12.04.2024 16:46,B-1,0.000292618,0.6,0.6,5.45,5.34,3.77,3.64,1.57,PTQ10_321145,L8-BO_321144,xylene,Jonas_DonorAcceptor-3bands-NoBG-ZnOCorr-NoInt_PTQ10:L8-BO,Jonas_DonorAcceptor-3bands-NoBG-ZnOCorr-NoInt,44.19632857,12.04.2024 10:48,32260_258269_OD_x1y2,x1y2,0.006044638,0.6,0.6,3,4,0,0,1,0,0,0,0,0,1,0,177
32260,PTQ10_321145,L8-BO_321144,xylene,0,28,2000,1.569300016,0.087912861,0.088461605,0.218229607,0.236374026,0.313195584,2.045718541,0.057608515,1.086,2.198441539,0.096153795,1,2.415017685,0.107721128,0.087905056,0.183369946,0.63072357,0.36927643,0.245283019,0.520613615,0.49656553,61.48691826,22.08037568,12.29167281,0.90536105,12.04.2024 16:46,B-2,2.62E-06,1,0.6,5.45,5.34,3.77,3.64,1.57,PTQ10_321145,L8-BO_321144,xylene,Jonas_DonorAcceptor-3bands-NoBG-ZnOCorr-NoInt_PTQ10:L8-BO,Jonas_DonorAcceptor-3bands-NoBG-ZnOCorr-NoInt,58.40470449,12.04.2024 10:48,32260_258269_OD_x2y2,x2y2,0.006747112,1,0.6,3,4,0,0,1,0,0,0,0,0,1,0,177
32260,PTQ10_321145,L8-BO_321144,xylene,0,28,2000,1.567208422,0.09,0.08819536,0.213553345,0.235493622,0.312029049,2.046960854,0.057535854,1.086,2.199422349,0.096118977,1,2.416030657,0.107803626,0.086192798,0.179798176,0.634428176,0.365571824,0.245283019,0.520613615,0.491827224,61.46083161,21.94300078,12.18091251,0.903203003,12.04.2024 16:46,A-2,4.99E-06,1,1.4,5.45,5.34,3.77,3.64,1.57,PTQ10_321145,L8-BO_321144,xylene,Jonas_DonorAcceptor-3bands-NoBG-ZnOCorr-NoInt_PTQ10:L8-BO,Jonas_DonorAcceptor-3bands-NoBG-ZnOCorr-NoInt,39.98316387,12.04.2024 10:48,32260_258269_OD_x2y1,x2y1,0.006039533,1,1.4,3,4,0,0,1,0,0,0,0,0,1,0,177
32261,PTQ10_321145,L8-BO_321144,xylene,0,26,2000,1.567188901,0.086758808,0.088583767,0.227887027,0.216397946,0.286727278,2.044706913,0.05790544,1.086,2.198149194,0.095858587,1,2.415708851,0.109890307,0.076139576,0.158827155,0.643529178,0.356470822,0.245283019,0.520613615,0.445554433,61.19760375,22.37224846,12.48105069,0.911605834,12.04.2024 16:49,B-1,4.66E-05,0.6,0.6,5.45,5.34,3.77,3.64,1.57,PTQ10_321145,L8-BO_321144,xylene,Jonas_DonorAcceptor-3bands-NoBG-ZnOCorr-NoInt_PTQ10:L8-BO,Jonas_DonorAcceptor-3bands-NoBG-ZnOCorr-NoInt,69.50683006,12.04.2024 10:54,32261_258286_OD_x1y2,x1y2,0.005737439,0.6,0.6,3,4,0,0,1,0,0,0,0,0,1,0,178
32261,PTQ10_321145,L8-BO_321144,xylene,0,26,2000,1.565073784,0.089965717,0.088828764,0.219808712,0.211635822,0.280417465,2.045327444,0.057471978,1.086,2.196323105,0.095755843,0.999999996,2.412664206,0.110218962,0.073216676,0.152729985,0.647394934,0.352605066,0.245283019,0.520613615,0.43314745,62.29042246,21.54475016,12.06074167,0.898692831,12.04.2024 16:49,A-3,0.000260338,1.4,1.4,5.45,5.34,3.77,3.64,1.57,PTQ10_321145,L8-BO_321144,xylene,Jonas_DonorAcceptor-3bands-NoBG-ZnOCorr-NoInt_PTQ10:L8-BO,Jonas_DonorAcceptor-3bands-NoBG-ZnOCorr-NoInt,36.20697053,12.04.2024 10:54,32261_258286_OD_x3y1,x3y1,0.004807742,1.4,1.4,3,4,0,0,1,0,0,0,0,0,1,0,178
32261,PTQ10_321145,L8-BO_321144,xylene,0,26,2000,1.564260067,0.09,0.087770594,0.2104156,0.215903079,0.28607158,2.045947169,0.057281926,1.086,2.195492664,0.096122182,1,2.412782301,0.110674181,0.074899869,0.156241128,0.646763195,0.353236805,0.245283019,0.520613615,0.442312708,61.53655734,21.73087272,12.02524483,0.899256453,12.04.2024 16:49,A-2,2.38E-06,1,1.4,5.45,5.34,3.77,3.64,1.57,PTQ10_321145,L8-BO_321144,xylene,Jonas_DonorAcceptor-3bands-NoBG-ZnOCorr-NoInt_PTQ10:L8-BO,Jonas_DonorAcceptor-3bands-NoBG-ZnOCorr-NoInt,27.20931738,12.04.2024 10:54,32261_258286_OD_x2y1,x2y1,0.004735311,1,1.4,3,4,0,0,1,0,0,0,0,0,1,0,178
32261,PTQ10_321145,L8-BO_321144,xylene,0,26,2000,1.565365213,0.088405936,0.08894554,0.222174591,0.212733925,0.281872451,2.04488267,0.057591036,1.086,2.197089092,0.095288766,1,2.413400356,0.109600548,0.073197937,0.152690897,0.648633743,0.351366257,0.245283019,0.520613615,0.434563348,59.74430605,22.22449096,11.97685729,0.902016602,12.04.2024 16:49,B-2,6.84E-05,1,0.6,5.45,5.34,3.77,3.64,1.57,PTQ10_321145,L8-BO_321144,xylene,Jonas_DonorAcceptor-3bands-NoBG-ZnOCorr-NoInt_PTQ10:L8-BO,Jonas_DonorAcceptor-3bands-NoBG-ZnOCorr-NoInt,49.18044611,12.04.2024 10:54,32261_258286_OD_x2y2,x2y2,0.005187944,1,0.6,3,4,0,0,1,0,0,0,0,0,1,0,178
32262,PTQ10_321145,L8-BO_321144,xylene,0,24,2000,1.566190326,0.085623638,0.086925921,0.215318149,0.196291635,0.260086417,2.043111165,0.05745547,1.086,2.191307492,0.096188077,1,2.410474388,0.11291614,0.067137797,0.140049444,0.649995269,0.350004731,0.245283019,0.520613615,0.400135861,62.05795983,21.31187612,12.0349083,0.909962738,12.04.2024 16:52,A-1,0.000314889,0.6,1.4,5.45,5.34,3.77,3.64,1.57,PTQ10_321145,L8-BO_321144,xylene,Jonas_DonorAcceptor-3bands-NoBG-ZnOCorr-NoInt_PTQ10:L8-BO,Jonas_DonorAcceptor-3bands-NoBG-ZnOCorr-NoInt,29.90160589,12.04.2024 11:00,32262_258291_OD_x1y1,x1y1,0.004221494,0.6,1.4,3,4,0,0,1,0,0,0,0,0,1,0,179
32262,PTQ10_321145,L8-BO_321144,xylene,0,24,2000,1.566037063,0.085402943,0.086674041,0.215324598,0.19418163,0.25729066,2.043255077,0.057635912,1.086,2.191555187,0.096842589,1,2.411828715,0.114276102,0.066933569,0.139623426,0.648227586,0.351772414,0.245283019,0.520613615,0.396914086,61.49969835,21.46212737,12.00225471,0.909320717,12.04.2024 16:52,B-2,0.00012577,1,0.6,5.45,5.34,3.77,3.64,1.57,PTQ10_321145,L8-BO_321144,xylene,Jonas_DonorAcceptor-3bands-NoBG-ZnOCorr-NoInt_PTQ10:L8-BO,Jonas_DonorAcceptor-3bands-NoBG-ZnOCorr-NoInt,28.66977075,12.04.2024 11:00,32262_258291_OD_x2y2,x2y2,0.004055077,1,0.6,3,4,0,0,1,0,0,0,0,0,1,0,179
32262,PTQ10_321145,L8-BO_321144,xylene,0,24,2000,1.564509264,0.087334917,0.087363761,0.210486104,0.195526191,0.259072203,2.043688997,0.057516651,1.086,2.191926779,0.096736804,1,2.411443202,0.113793535,0.066279455,0.138258944,0.652030944,0.347969056,0.245283019,0.520613615,0.397331147,61.94427475,21.22174677,11.89446085,0.904820561,12.04.2024 16:52,B-1,2.25E-05,0.6,0.6,5.45,5.34,3.77,3.64,1.57,PTQ10_321145,L8-BO_321144,xylene,Jonas_DonorAcceptor-3bands-NoBG-ZnOCorr-NoInt_PTQ10:L8-BO,Jonas_DonorAcceptor-3bands-NoBG-ZnOCorr-NoInt,25.4238428,12.04.2024 11:00,32262_258291_OD_x1y2,x1y2,0.003987761,0.6,0.6,3,4,0,0,1,0,0,0,0,0,1,0,179
32262,PTQ10_321145,L8-BO_321144,xylene,0,24,2000,1.564584972,0.087750636,0.087009666,0.207101497,0.192493217,0.255053513,2.04328338,0.05734319,1.086,2.190235315,0.097425341,1,2.411124282,0.115254999,0.065691386,0.137032232,0.650504428,0.349495572,0.245283019,0.520613615,0.392085744,62.49675107,20.93737373,11.84830522,0.905475257,12.04.2024 16:52,A-2,6.73E-05,1,1.4,5.45,5.34,3.77,3.64,1.57,PTQ10_321145,L8-BO_321144,xylene,Jonas_DonorAcceptor-3bands-NoBG-ZnOCorr-NoInt_PTQ10:L8-BO,Jonas_DonorAcceptor-3bands-NoBG-ZnOCorr-NoInt,20.32719045,12.04.2024 11:00,32262_258291_OD_x2y1,x2y1,0.003761036,1,1.4,3,4,0,0,1,0,0,0,0,0,1,0,179
32263,PTQ10_321145,L8-BO_321144,xylene,0,24,1000,1.561991693,0.075103718,0.12,0.28271132,0.189936961,0.331411086,2.044160083,0.062062803,0.746832416,2.203257761,0.08922377,0.895426126,2.41,0.11262759,0.134780267,0.23543854,0.584654326,0.415345674,0.426884106,0.42753524,0.566849626,60.01617596,22.01762815,11.94397639,0.903878556,12.04.2024 16:54,A-1,1.08E-06,0.6,1.4,5.45,5.34,3.77,3.64,1.57,PTQ10_321145,L8-BO_321144,xylene,Jonas_DonorAcceptor-3bands-NoBG-ZnOCorr-NoInt_PTQ10:L8-BO,Jonas_DonorAcceptor-3bands-NoBG-ZnOCorr-NoInt,318.4167433,12.04.2024 11:05,32263_258300_OD_x1y1,x1y1,0.00823439,0.6,1.4,3,4,0,0,1,0,0,0,0,0,1,0,180
32263,PTQ10_321145,L8-BO_321144,xylene,0,24,1000,1.571934221,0.086122552,0.083285688,0.214904486,0.254032328,0.336592835,2.047133068,0.056434268,1.086,2.196074835,0.096229205,1,2.413482262,0.108129213,0.09893938,0.206387546,0.619898704,0.380101296,0.245283019,0.520613615,0.542980381,61.37806792,21.61650294,11.90169047,0.897036266,12.04.2024 16:54,A-2,1.65E-06,1,1.4,5.45,5.34,3.77,3.64,1.57,PTQ10_321145,L8-BO_321144,xylene,Jonas_DonorAcceptor-3bands-NoBG-ZnOCorr-NoInt_PTQ10:L8-BO,Jonas_DonorAcceptor-3bands-NoBG-ZnOCorr-NoInt,19.05986638,12.04.2024 11:05,32263_258300_OD_x2y1,x2y1,0.005700142,1,1.4,3,4,0,0,1,0,0,0,0,0,1,0,180
32263,PTQ10_321145,L8-BO_321144,xylene,0,24,1000,1.562446572,0.07533464,0.12,0.261230043,0.191695915,0.331420915,2.044294066,0.06281262,0.718935387,2.204312663,0.08844067,0.859679847,2.41,0.111541081,0.137817094,0.236898679,0.583159402,0.416840598,0.421593789,0.418244567,0.568319594,60.269919,21.80862678,11.82039243,0.899296633,12.04.2024 16:54,B-2,4.84E-07,1,0.6,5.45,5.34,3.77,3.64,1.57,PTQ10_321145,L8-BO_321144,xylene,Jonas_DonorAcceptor-3bands-NoBG-ZnOCorr-NoInt_PTQ10:L8-BO,Jonas_DonorAcceptor-3bands-NoBG-ZnOCorr-NoInt,385.9554692,12.04.2024 11:05,32263_258300_OD_x2y2,x2y2,0.008323457,1,0.6,3,4,0,0,1,0,0,0,0,0,1,0,180
32263,PTQ10_321145,L8-BO_321144,xylene,0,24,1000,1.56196887,0.070498154,0.12,0.355472231,0.185544967,0.338619565,2.043577654,0.060479052,0.812979784,2.199776859,0.091161505,0.998320391,2.41,0.116796958,0.139374557,0.252683255,0.572666921,0.427333079,0.452054795,0.448421869,0.59130282,59.15844539,21.96587709,11.75129113,0.904316143,12.04.2024 16:54,B-1,6.71E-07,0.6,0.6,5.45,5.34,3.77,3.64,1.57,PTQ10_321145,L8-BO_321144,xylene,Jonas_DonorAcceptor-3bands-NoBG-ZnOCorr-NoInt_PTQ10:L8-BO,Jonas_DonorAcceptor-3bands-NoBG-ZnOCorr-NoInt,206.3377159,12.04.2024 11:05,32263_258300_OD_x1y2,x1y2,0.007529807,0.6,0.6,3,4,0,0,1,0,0,0,0,0,1,0,180
32264,PTQ10_321145,L8-BO_321144,xylene,2,24,1000,1.56090566,0.076897156,0.084881156,0.196325472,0.263053025,0.369967817,2.044442566,0.054515792,1.086,2.191581993,0.09693658,1,2.410102722,0.107732536,0.120850045,0.252093194,0.594745226,0.405254774,0.288984033,0.520613615,0.622061011,63.35759373,22.769502,12.90169247,0.894323162,12.04.2024 16:57,B-3,1.51E-06,1.4,0.6,5.45,5.34,3.77,3.64,1.57,PTQ10_321145,L8-BO_321144,xylene,Jonas_DonorAcceptor-3bands-NoBG-ZnOCorr-NoInt_PTQ10:L8-BO,Jonas_DonorAcceptor-3bands-NoBG-ZnOCorr-NoInt,8.048807597,12.04.2024 11:11,32264_258312_OD_x3y2,x3y2,0.005058549,1.4,0.6,3,4,0,0,1,0,0,0,0,0,1,0,181
32264,PTQ10_321145,L8-BO_321144,xylene,2,24,1000,1.563961088,0.086028393,0.079469237,0.193453222,0.266372439,0.352943481,2.046572418,0.053731119,1.086,2.193250085,0.095821945,1,2.41,0.107089483,0.104975931,0.218979792,0.617116837,0.382883163,0.245283019,0.520613615,0.571923273,64.59130525,22.29124895,12.80737816,0.889511916,12.04.2024 16:57,B-2,5.79E-06,1,0.6,5.45,5.34,3.77,3.64,1.57,PTQ10_321145,L8-BO_321144,xylene,Jonas_DonorAcceptor-3bands-NoBG-ZnOCorr-NoInt_PTQ10:L8-BO,Jonas_DonorAcceptor-3bands-NoBG-ZnOCorr-NoInt,7.065848915,12.04.2024 11:11,32264_258312_OD_x2y2,x2y2,0.004979086,1,0.6,3,4,0,0,1,0,0,0,0,0,1,0,181
32264,PTQ10_321145,L8-BO_321144,xylene,2,24,1000,1.5609797,0.07635465,0.084223567,0.203038696,0.264769971,0.370417238,2.044664588,0.054733572,1.085999998,2.19232179,0.096802858,1,2.411129066,0.107606302,0.121129165,0.252675439,0.594481771,0.405518229,0.28521153,0.520613614,0.623092677,62.88567267,22.39475116,12.64274884,0.897725494,12.04.2024 16:57,B-1,1.60E-06,0.6,0.6,5.45,5.34,3.77,3.64,1.57,PTQ10_321145,L8-BO_321144,xylene,Jonas_DonorAcceptor-3bands-NoBG-ZnOCorr-NoInt_PTQ10:L8-BO,Jonas_DonorAcceptor-3bands-NoBG-ZnOCorr-NoInt,8.17012156,12.04.2024 11:11,32264_258312_OD_x1y2,x1y2,0.005003418,0.6,0.6,3,4,0,0,1,0,0,0,0,0,1,0,181
32264,PTQ10_321145,L8-BO_321144,xylene,2,24,1000,1.563798277,0.086233686,0.079807197,0.191405055,0.258206207,0.342123224,2.046691151,0.054191211,1.086,2.191891452,0.096959782,1,2.41,0.108748553,0.101441418,0.211606798,0.61785204,0.38214796,0.245283019,0.520613615,0.553730022,64.49778882,21.88362445,12.58516514,0.891650873,12.04.2024 16:57,A-2,1.75E-06,1,1.4,5.45,5.34,3.77,3.64,1.57,PTQ10_321145,L8-BO_321144,xylene,Jonas_DonorAcceptor-3bands-NoBG-ZnOCorr-NoInt_PTQ10:L8-BO,Jonas_DonorAcceptor-3bands-NoBG-ZnOCorr-NoInt,7.135942265,12.04.2024 11:11,32264_258312_OD_x2y1,x2y1,0.004633132,1,1.4,3,4,0,0,1,0,0,0,0,0,1,0,181
32265,PTQ10_321145,L8-BO_321144,xylene,0,24,3000,1.563277683,0.084954006,0.086001119,0.187541047,0.169294505,0.224315219,2.040349729,0.057118158,1.086,2.1831463,0.099821939,0.999994089,2.41,0.122868561,0.057926971,0.120835662,0.649904813,0.350095187,0.245283019,0.520613615,0.345150882,52.06677636,20.07500277,9.054248882,0.866235792,12.04.2024 16:59,A-2,0.000135405,1,1.4,5.45,5.34,3.77,3.64,1.57,PTQ10_321145,L8-BO_321144,xylene,Jonas_DonorAcceptor-3bands-NoBG-ZnOCorr-NoInt_PTQ10:L8-BO,Jonas_DonorAcceptor-3bands-NoBG-ZnOCorr-NoInt,14.54896855,12.04.2024 11:17,32265_258317_OD_x2y1,x2y1,0.003102274,1,1.4,3,4,0,0,1,0,0,0,0,0,1,0,182
32265,PTQ10_321145,L8-BO_321144,xylene,0,24,3000,1.563290206,0.085059641,0.085918725,0.18639032,0.16781216,0.222351113,2.04020059,0.057017985,1.086,2.182717653,0.10013334,0.999999072,2.41,0.123547722,0.057532195,0.120012158,0.649459599,0.350540401,0.245283019,0.520613615,0.342363271,51.62585203,19.88625139,8.85705,0.862718158,12.04.2024 16:59,B-2,4.88E-05,1,0.6,5.45,5.34,3.77,3.64,1.57,PTQ10_321145,L8-BO_321144,xylene,Jonas_DonorAcceptor-3bands-NoBG-ZnOCorr-NoInt_PTQ10:L8-BO,Jonas_DonorAcceptor-3bands-NoBG-ZnOCorr-NoInt,13.561537,12.04.2024 11:17,32265_258317_OD_x2y2,x2y2,0.003007452,1,0.6,3,4,0,0,1,0,0,0,0,0,1,0,182
32265,PTQ10_321145,L8-BO_321144,xylene,0,24,3000,1.563604506,0.084840599,0.085765023,0.186834145,0.165262643,0.218973001,2.03995533,0.056950391,1.086,2.182105434,0.100251858,0.999999643,2.41,0.124057357,0.056765036,0.118411865,0.649030301,0.350969699,0.245283019,0.520613615,0.337384866,51.31484444,19.59437883,8.617785637,0.857079623,12.04.2024 16:59,A-1,2.51E-05,0.6,1.4,5.45,5.34,3.77,3.64,1.57,PTQ10_321145,L8-BO_321144,xylene,Jonas_DonorAcceptor-3bands-NoBG-ZnOCorr-NoInt_PTQ10:L8-BO,Jonas_DonorAcceptor-3bands-NoBG-ZnOCorr-NoInt,13.5947988,12.04.2024 11:17,32265_258317_OD_x1y1,x1y1,0.003004604,0.6,1.4,3,4,0,0,1,0,0,0,0,0,1,0,182
32265,PTQ10_321145,L8-BO_321144,xylene,0,24,3000,1.5631859,0.084645049,0.085534551,0.18185129,0.165787444,0.219668363,2.039836045,0.056879015,1.086,2.181489364,0.100656068,0.999999956,2.41,0.124691019,0.05703447,0.118973904,0.648673791,0.351326209,0.245283019,0.520613615,0.338642267,50.82806935,19.77400381,8.586721378,0.854336859,12.04.2024 16:59,A-3,1.67E-05,1.4,1.4,5.45,5.34,3.77,3.64,1.57,PTQ10_321145,L8-BO_321144,xylene,Jonas_DonorAcceptor-3bands-NoBG-ZnOCorr-NoInt_PTQ10:L8-BO,Jonas_DonorAcceptor-3bands-NoBG-ZnOCorr-NoInt,11.96915503,12.04.2024 11:17,32265_258317_OD_x3y1,x3y1,0.002877602,1.4,1.4,3,4,0,0,1,0,0,0,0,0,1,0,182
32266,PTQ10_321145,L8-BO_321144,xylene,2,24,3000,1.55167996,0.081429832,0.082474829,0.218215419,0.160101783,0.212134863,2.039317982,0.055741034,1.086,2.182057167,0.099545258,1,2.41,0.122861085,0.057666476,0.120292268,0.638139439,0.361860561,0.245283019,0.520613615,0.332427131,52.20384598,19.49362155,8.704364507,0.855346415,12.04.2024 17:02,B-2,9.65E-05,1,0.6,5.45,5.34,3.77,3.64,1.57,PTQ10_321145,L8-BO_321144,xylene,Jonas_DonorAcceptor-3bands-NoBG-ZnOCorr-NoInt_PTQ10:L8-BO,Jonas_DonorAcceptor-3bands-NoBG-ZnOCorr-NoInt,4.912346551,12.04.2024 11:23,32266_258332_OD_x2y2,x2y2,0.002173774,1,0.6,3,4,0,0,1,0,0,0,0,0,1,0,183
32266,PTQ10_321145,L8-BO_321144,xylene,2,24,3000,1.552421974,0.081572064,0.082557966,0.211934176,0.16233805,0.215097916,2.039163237,0.055748661,1.086,2.181332523,0.09991654,0.999994733,2.41,0.123424331,0.058654768,0.122353847,0.637418262,0.362581738,0.245283019,0.520613615,0.337451763,52.4491197,19.03475057,8.54494726,0.855901905,12.04.2024 17:02,A-3,2.93E-05,1.4,1.4,5.45,5.34,3.77,3.64,1.57,PTQ10_321145,L8-BO_321144,xylene,Jonas_DonorAcceptor-3bands-NoBG-ZnOCorr-NoInt_PTQ10:L8-BO,Jonas_DonorAcceptor-3bands-NoBG-ZnOCorr-NoInt,5.176245798,12.04.2024 11:23,32266_258332_OD_x3y1,x3y1,0.002237033,1.4,1.4,3,4,0,0,1,0,0,0,0,0,1,0,183
32266,PTQ10_321145,L8-BO_321144,xylene,2,24,3000,1.552803001,0.081528671,0.08222113,0.221791028,0.158965141,0.210628812,2.03932873,0.055664831,1.086,2.181834949,0.099527543,0.999999858,2.41,0.123308113,0.057607673,0.120169607,0.636728594,0.363271406,0.245283019,0.520613615,0.330798419,50.05973659,19.14974852,8.036355929,0.838315562,12.04.2024 17:02,A-1,0.000147105,0.6,1.4,5.45,5.34,3.77,3.64,1.57,PTQ10_321145,L8-BO_321144,xylene,Jonas_DonorAcceptor-3bands-NoBG-ZnOCorr-NoInt_PTQ10:L8-BO,Jonas_DonorAcceptor-3bands-NoBG-ZnOCorr-NoInt,4.959574887,12.04.2024 11:23,32266_258332_OD_x1y1,x1y1,0.002204094,0.6,1.4,3,4,0,0,1,0,0,0,0,0,1,0,183
32266,PTQ10_321145,L8-BO_321144,xylene,2,24,3000,1.551996555,0.081279231,0.082306061,0.223091344,0.159690324,0.21158968,2.039487301,0.055795637,1.086,2.182508423,0.099334985,0.999999996,2.41,0.122345392,0.057360148,0.119653268,0.638774896,0.361225104,0.245283019,0.520613615,0.331242948,48.39867615,19.29699369,7.735409105,0.828247531,12.04.2024 17:02,B-3,5.91E-05,1.4,0.6,5.45,5.34,3.77,3.64,1.57,PTQ10_321145,L8-BO_321144,xylene,Jonas_DonorAcceptor-3bands-NoBG-ZnOCorr-NoInt_PTQ10:L8-BO,Jonas_DonorAcceptor-3bands-NoBG-ZnOCorr-NoInt,4.86706069,12.04.2024 11:23,32266_258332_OD_x3y2,x3y2,0.002176671,1.4,0.6,3,4,0,0,1,0,0,0,0,0,1,0,183
32267,PTQ10_321145,L8-BO_321144,xylene,1,24,2000,1.559611848,0.086336416,0.084583425,0.164939839,0.199250757,0.264007253,2.040595736,0.055895211,1.086,2.182841158,0.101454551,0.999999993,2.412555888,0.121296786,0.071359581,0.148856085,0.639454339,0.360545661,0.245283019,0.520613615,0.412863339,64.24238045,21.885,12.70473083,0.90364384,12.04.2024 17:05,B-1,6.02E-05,0.6,0.6,5.45,5.34,3.77,3.64,1.57,PTQ10_321145,L8-BO_321144,xylene,Jonas_DonorAcceptor-3bands-NoBG-ZnOCorr-NoInt_PTQ10:L8-BO,Jonas_DonorAcceptor-3bands-NoBG-ZnOCorr-NoInt,9.545929501,12.04.2024 11:28,32267_258335_OD_x1y2,x1y2,0.003245521,0.6,0.6,3,4,0,0,1,0,0,0,0,0,1,0,184
32267,PTQ10_321145,L8-BO_321144,xylene,1,24,2000,1.557241124,0.086897075,0.084559964,0.160042548,0.200037359,0.2650495,2.040516672,0.055428328,1.086,2.182377207,0.101577975,0.999998921,2.411793485,0.121238871,0.071360139,0.148857249,0.640360421,0.359639579,0.245283019,0.520613615,0.413906749,65.25596586,21.5184977,12.63356249,0.899691594,12.04.2024 17:05,B-3,1.33E-05,1.4,0.6,5.45,5.34,3.77,3.64,1.57,PTQ10_321145,L8-BO_321144,xylene,Jonas_DonorAcceptor-3bands-NoBG-ZnOCorr-NoInt_PTQ10:L8-BO,Jonas_DonorAcceptor-3bands-NoBG-ZnOCorr-NoInt,8.071181208,12.04.2024 11:28,32267_258335_OD_x3y2,x3y2,0.003048003,1.4,0.6,3,4,0,0,1,0,0,0,0,0,1,0,184
32267,PTQ10_321145,L8-BO_321144,xylene,1,24,2000,1.559619352,0.086902215,0.084785654,0.166066249,0.198826851,0.263445578,2.040619829,0.055957464,1.086,2.182794618,0.10137263,0.999999998,2.411991987,0.12118908,0.070986069,0.14807694,0.640172935,0.359827065,0.245283019,0.520613615,0.411522518,64.13488549,21.66075326,12.53650633,0.902419862,12.04.2024 17:05,A-1,8.26E-05,0.6,1.4,5.45,5.34,3.77,3.64,1.57,PTQ10_321145,L8-BO_321144,xylene,Jonas_DonorAcceptor-3bands-NoBG-ZnOCorr-NoInt_PTQ10:L8-BO,Jonas_DonorAcceptor-3bands-NoBG-ZnOCorr-NoInt,9.832120081,12.04.2024 11:28,32267_258335_OD_x1y1,x1y1,0.003287153,0.6,1.4,3,4,0,0,1,0,0,0,0,0,1,0,184
32267,PTQ10_321145,L8-BO_321144,xylene,1,24,2000,1.55882884,0.086454665,0.084579112,0.163307003,0.19773527,0.261999232,2.040358334,0.055749966,1.085999934,2.182044317,0.101510372,0.999999044,2.411727369,0.121633397,0.070580431,0.147230774,0.640224882,0.359775118,0.245283019,0.520613599,0.409230006,63.98571842,21.44387365,12.36387122,0.901090027,12.04.2024 17:05,A-2,0.000237839,1,1.4,5.45,5.34,3.77,3.64,1.57,PTQ10_321145,L8-BO_321144,xylene,Jonas_DonorAcceptor-3bands-NoBG-ZnOCorr-NoInt_PTQ10:L8-BO,Jonas_DonorAcceptor-3bands-NoBG-ZnOCorr-NoInt,9.237707596,12.04.2024 11:28,32267_258335_OD_x2y1,x2y1,0.003174823,1,1.4,3,4,0,0,1,0,0,0,0,0,1,0,184
32619,D18CL_323001,PY-IT_321127,CF,0,14,2000,1.535526316,0.051157187,0.090055646,0.543843679,0.185090261,0.281337197,2.117751302,0.067362294,0.777,2.265399405,0.094021082,0.95,2.48,0.131612049,0.183104467,0.325376638,0.46370658,0.53629342,0.342105263,0.437253799,0.606713835,53.22365021,18.116869,9.393445706,0.974175334,19.04.2024 22:56,B-1,8.51E-07,0.6,0.6,5.48,5.34,3.64,3.31,1.7,D18CL_323001,PY-IT_321127,CF,Jonas_DonorAcceptor-3bands-NoBG-ZnOCorr-NoInt_D18CL:PY-IT,Jonas_DonorAcceptor-3bands-NoBG-ZnOCorr-NoInt,15.6740922,17.04.2024 10:45,32619_261023_OD_x1y2,x1y2,0.009964182,0.6,0.6,5,5,0,0,0,0,1,0,0,0,0,1,185
32619,D18CL_323001,PY-IT_321127,CF,0,14,2000,1.535412733,0.05066942,0.089133155,0.54066443,0.192426378,0.292488094,2.117083299,0.067885484,0.777,2.265266288,0.095157373,0.95,2.48,0.132879427,0.192763642,0.342540991,0.460590075,0.539409925,0.342105263,0.437253799,0.635029086,52.58983982,18.09337526,9.265212605,0.973719686,19.04.2024 22:56,B-2,4.52E-07,1,0.6,5.48,5.34,3.64,3.31,1.7,D18CL_323001,PY-IT_321127,CF,Jonas_DonorAcceptor-3bands-NoBG-ZnOCorr-NoInt_D18CL:PY-IT,Jonas_DonorAcceptor-3bands-NoBG-ZnOCorr-NoInt,17.44400053,17.04.2024 10:45,32619_261023_OD_x2y2,x2y2,0.010470857,1,0.6,5,5,0,0,0,0,1,0,0,0,0,1,185
32619,D18CL_323001,PY-IT_321127,CF,0,14,2000,1.535688878,0.050584132,0.088798719,0.538124186,0.194626092,0.29583166,2.117189392,0.06824433,0.777,2.265283957,0.095482131,0.95,2.48,0.133130137,0.19612993,0.348522885,0.459113174,0.540886826,0.342105263,0.437253799,0.644354546,51.92521422,17.98761838,9.10335012,0.97465134,19.04.2024 22:56,A-1,4.42E-07,0.6,1.4,5.48,5.34,3.64,3.31,1.7,D18CL_323001,PY-IT_321127,CF,Jonas_DonorAcceptor-3bands-NoBG-ZnOCorr-NoInt_D18CL:PY-IT,Jonas_DonorAcceptor-3bands-NoBG-ZnOCorr-NoInt,17.45454851,17.04.2024 10:45,32619_261023_OD_x1y1,x1y1,0.010353554,0.6,1.4,5,5,0,0,0,0,1,0,0,0,0,1,185
32619,D18CL_323001,PY-IT_321127,CF,0,14,2000,1.535642797,0.050481171,0.088629791,0.54183093,0.199427253,0.303129424,2.117518451,0.068374951,0.777,2.265616564,0.095785717,0.95,2.480127573,0.13296434,0.200017812,0.355431651,0.460290527,0.539709473,0.342105263,0.437253799,0.658561075,50.69552728,17.96848775,8.864119853,0.973093221,19.04.2024 22:56,A-2,5.28E-07,1,1.4,5.48,5.34,3.64,3.31,1.7,D18CL_323001,PY-IT_321127,CF,Jonas_DonorAcceptor-3bands-NoBG-ZnOCorr-NoInt_D18CL:PY-IT,Jonas_DonorAcceptor-3bands-NoBG-ZnOCorr-NoInt,18.74282256,17.04.2024 10:45,32619_261023_OD_x2y1,x2y1,0.01066589,1,1.4,5,5,0,0,0,0,1,0,0,0,0,1,185
32620,D18CL_323001,PY-IT_321127,CF,0,12,2000,1.53513888,0.052349194,0.092529734,0.567081887,0.178456234,0.271253476,2.119675913,0.066781996,0.777,2.2675866,0.092244771,0.95,2.48,0.128659234,0.163522937,0.29058026,0.482800264,0.517199736,0.342105263,0.437253799,0.561833736,55.40090861,18.15475729,9.751601781,0.969546456,19.04.2024 22:58,A-1,1.51E-06,0.6,1.4,5.48,5.34,3.64,3.31,1.7,D18CL_323001,PY-IT_321127,CF,Jonas_DonorAcceptor-3bands-NoBG-ZnOCorr-NoInt_D18CL:PY-IT,Jonas_DonorAcceptor-3bands-NoBG-ZnOCorr-NoInt,16.70976737,17.04.2024 10:50,32620_261040_OD_x1y1,x1y1,0.010038299,0.6,1.4,5,5,0,0,0,0,1,0,0,0,0,1,186
32620,D18CL_323001,PY-IT_321127,CF,0,12,2000,1.534029165,0.053533167,0.094553188,0.589147613,0.173613775,0.263892938,2.120435384,0.068160147,0.777,2.266008189,0.093303067,0.95,2.48,0.128849975,0.15249072,0.270976009,0.493378686,0.506621314,0.342105263,0.437253799,0.534868947,54.80455855,18.01837888,9.564860493,0.968603963,19.04.2024 22:58,B-2,6.10E-07,1,0.6,5.48,5.34,3.64,3.31,1.7,D18CL_323001,PY-IT_321127,CF,Jonas_DonorAcceptor-3bands-NoBG-ZnOCorr-NoInt_D18CL:PY-IT,Jonas_DonorAcceptor-3bands-NoBG-ZnOCorr-NoInt,23.73354826,17.04.2024 10:50,32620_261040_OD_x2y2,x2y2,0.01111745,1,0.6,5,5,0,0,0,0,1,0,0,0,0,1,186
32620,D18CL_323001,PY-IT_321127,CF,0,12,2000,1.532788389,0.054126914,0.094032525,0.561401226,0.165353205,0.251336871,2.118654012,0.068659423,0.777,2.26591781,0.097695231,0.95,2.48,0.137819688,0.142731843,0.253634485,0.497725006,0.502274994,0.342105263,0.437253799,0.504971356,55.39998058,17.60625455,9.452898699,0.969144231,19.04.2024 22:58,B-1,5.15E-07,0.6,0.6,5.48,5.34,3.64,3.31,1.7,D18CL_323001,PY-IT_321127,CF,Jonas_DonorAcceptor-3bands-NoBG-ZnOCorr-NoInt_D18CL:PY-IT,Jonas_DonorAcceptor-3bands-NoBG-ZnOCorr-NoInt,36.25210273,17.04.2024 10:50,32620_261040_OD_x1y2,x1y2,0.011232776,0.6,0.6,5,5,0,0,0,0,1,0,0,0,0,1,186
32620,D18CL_323001,PY-IT_321127,CF,0,12,2000,1.534993959,0.052324793,0.092307595,0.567258715,0.180778698,0.274783622,2.118547349,0.066598567,0.777,2.267067593,0.092594319,0.95,2.48,0.129209325,0.164791965,0.292835322,0.484098751,0.515901249,0.342105263,0.437253799,0.567618944,54.50794071,17.63637447,9.309572362,0.968413077,19.04.2024 22:58,A-3,5.64E-07,1.4,1.4,5.48,5.34,3.64,3.31,1.7,D18CL_323001,PY-IT_321127,CF,Jonas_DonorAcceptor-3bands-NoBG-ZnOCorr-NoInt_D18CL:PY-IT,Jonas_DonorAcceptor-3bands-NoBG-ZnOCorr-NoInt,17.15244265,17.04.2024 10:50,32620_261040_OD_x3y1,x3y1,0.01038123,1.4,1.4,5,5,0,0,0,0,1,0,0,0,0,1,186
32621,D18CL_323001,PY-IT_321127,CF,0,10,2000,1.538791746,0.05704443,0.160489444,0.573381163,0.135548464,0.206033666,2.148825423,0.106566184,0.233682538,2.346251264,0.080000098,0.6,2.59193404,0.15,0.267869393,0.330465793,0.384033315,0.615966685,0.342105263,0.189418697,0.536499458,58.23190818,19.73212189,11.162062,0.971425768,19.04.2024 23:01,B-1,6.36E-06,0.6,0.6,5.48,5.34,3.64,3.31,1.7,D18CL_323001,PY-IT_321127,CF,Jonas_DonorAcceptor-3bands-NoBG-ZnOCorr-NoInt_D18CL:PY-IT,Jonas_DonorAcceptor-3bands-NoBG-ZnOCorr-NoInt,815.4733937,17.04.2024 10:56,32621_261063_OD_x1y2,x1y2,0.015423573,0.6,0.6,5,5,0,0,0,0,1,0,0,0,0,1,187
32621,D18CL_323001,PY-IT_321127,CF,0,10,2000,1.539530294,0.056344716,0.157897234,0.576393154,0.139118042,0.211459424,2.149405651,0.10546186,0.237412504,2.344724011,0.08,0.6,2.580724684,0.15,0.276318983,0.341920564,0.382123367,0.617876633,0.342105263,0.191862054,0.553379989,58.62544488,19.55287278,11.14548561,0.972304441,19.04.2024 23:01,A-3,1.78E-06,1.4,1.4,5.48,5.34,3.64,3.31,1.7,D18CL_323001,PY-IT_321127,CF,Jonas_DonorAcceptor-3bands-NoBG-ZnOCorr-NoInt_D18CL:PY-IT,Jonas_DonorAcceptor-3bands-NoBG-ZnOCorr-NoInt,892.7163185,17.04.2024 10:56,32621_261063_OD_x3y1,x3y1,0.01590172,1.4,1.4,5,5,0,0,0,0,1,0,0,0,0,1,187
32621,D18CL_323001,PY-IT_321127,CF,0,10,2000,1.534439639,0.055543434,0.100827437,0.6,0.159787032,0.242876289,2.123110334,0.066278821,0.777,2.272049801,0.090258432,0.95,2.48,0.125464616,0.137969332,0.245171503,0.497648576,0.502351424,0.342105263,0.437253799,0.488047792,57.70718532,19.62137753,10.98594004,0.970237014,19.04.2024 23:01,B-2,2.95E-06,1,0.6,5.48,5.34,3.64,3.31,1.7,D18CL_323001,PY-IT_321127,CF,Jonas_DonorAcceptor-3bands-NoBG-ZnOCorr-NoInt_D18CL:PY-IT,Jonas_DonorAcceptor-3bands-NoBG-ZnOCorr-NoInt,23.74913353,17.04.2024 10:56,32621_261063_OD_x2y2,x2y2,0.010199862,1,0.6,5,5,0,0,0,0,1,0,0,0,0,1,187
32621,D18CL_323001,PY-IT_321127,CF,0,10,2000,1.539494536,0.055411528,0.15125231,0.580354367,0.142303227,0.216300905,2.150341906,0.106695494,0.23459603,2.346711593,0.08,0.6,2.584968384,0.15,0.294999276,0.364204935,0.37260763,0.62739237,0.342105263,0.190018455,0.580505841,57.52831029,19.3537507,10.80728228,0.970665814,19.04.2024 23:01,A-2,2.24E-06,1,1.4,5.48,5.34,3.64,3.31,1.7,D18CL_323001,PY-IT_321127,CF,Jonas_DonorAcceptor-3bands-NoBG-ZnOCorr-NoInt_D18CL:PY-IT,Jonas_DonorAcceptor-3bands-NoBG-ZnOCorr-NoInt,1220.756547,17.04.2024 10:56,32621_261063_OD_x2y1,x2y1,0.016655135,1,1.4,5,5,0,0,0,0,1,0,0,0,0,1,187
32622,D18CL_323001,PY-IT_321127,CF,0,10,1000,1.535159612,0.050982417,0.089255385,0.553042717,0.208712773,0.317243416,2.117091734,0.067826005,0.777,2.265163385,0.09480297,0.949999987,2.48,0.131433428,0.193543402,0.343926626,0.47982122,0.52017878,0.342105263,0.437253799,0.661170041,52.72618123,18.42036833,9.344593498,0.962134496,19.04.2024 23:04,B-1,4.53E-07,0.6,0.6,5.48,5.34,3.64,3.31,1.7,D18CL_323001,PY-IT_321127,CF,Jonas_DonorAcceptor-3bands-NoBG-ZnOCorr-NoInt_D18CL:PY-IT,Jonas_DonorAcceptor-3bands-NoBG-ZnOCorr-NoInt,16.82969583,17.04.2024 11:02,32622_261073_OD_x1y2,x1y2,0.0105119,0.6,0.6,5,5,0,0,0,0,1,0,0,0,0,1,188
32622,D18CL_323001,PY-IT_321127,CF,0,10,1000,1.535219999,0.050692967,0.088450113,0.53837578,0.21563684,0.327767997,2.117478099,0.069145874,0.777,2.269049811,0.097314143,0.95,2.491510811,0.136879263,0.207005119,0.367848096,0.471190935,0.528809065,0.342105263,0.437253799,0.695616093,51.90291306,18.12762165,9.075622257,0.964592431,19.04.2024 23:04,A-2,7.50E-07,1,1.4,5.48,5.34,3.64,3.31,1.7,D18CL_323001,PY-IT_321127,CF,Jonas_DonorAcceptor-3bands-NoBG-ZnOCorr-NoInt_D18CL:PY-IT,Jonas_DonorAcceptor-3bands-NoBG-ZnOCorr-NoInt,20.85386982,17.04.2024 11:02,32622_261073_OD_x2y1,x2y1,0.010654281,1,1.4,5,5,0,0,0,0,1,0,0,0,0,1,188
32622,D18CL_323001,PY-IT_321127,CF,0,10,1000,1.534349975,0.052326699,0.090977796,0.548924139,0.186406506,0.283337889,2.117969233,0.068669744,0.777,2.267600687,0.096125311,0.95,2.491926278,0.135128715,0.170619822,0.303191424,0.483075411,0.516924589,0.342105263,0.437253799,0.586529313,52.08047911,18.06724846,9.065951462,0.963488204,19.04.2024 23:04,B-2,6.04E-07,1,0.6,5.48,5.34,3.64,3.31,1.7,D18CL_323001,PY-IT_321127,CF,Jonas_DonorAcceptor-3bands-NoBG-ZnOCorr-NoInt_D18CL:PY-IT,Jonas_DonorAcceptor-3bands-NoBG-ZnOCorr-NoInt,21.23620277,17.04.2024 11:02,32622_261073_OD_x2y2,x2y2,0.010550575,1,0.6,5,5,0,0,0,0,1,0,0,0,0,1,188
32622,D18CL_323001,PY-IT_321127,CF,0,10,1000,1.534856618,0.051174263,0.089153531,0.553003262,0.242588401,0.36873437,2.117446403,0.068483008,0.777,2.26576693,0.095472154,0.95,2.48,0.1317605,0.2231835,0.39659708,0.481796965,0.518203035,0.342105263,0.437253799,0.76533145,49.37806358,17.82461849,8.451516903,0.960241268,19.04.2024 23:04,A-3,9.74E-06,1.4,1.4,5.48,5.34,3.64,3.31,1.7,D18CL_323001,PY-IT_321127,CF,Jonas_DonorAcceptor-3bands-NoBG-ZnOCorr-NoInt_D18CL:PY-IT,Jonas_DonorAcceptor-3bands-NoBG-ZnOCorr-NoInt,18.18884423,17.04.2024 11:02,32622_261073_OD_x3y1,x3y1,0.011182351,1.4,1.4,5,5,0,0,0,0,1,0,0,0,0,1,188
32623,D18CL_323001,PY-IT_321127,CF,2,10,1000,1.531388679,0.053577267,0.092820325,0.569547025,0.195834244,0.29766805,2.119150544,0.064875212,0.777,2.267780487,0.09072646,0.95,2.48,0.133113287,0.171215715,0.304250326,0.494532252,0.505467748,0.342105263,0.437253799,0.601918376,53.14799505,18.108748,9.273406624,0.963527229,19.04.2024 23:06,A-2,1.03E-06,1,1.4,5.48,5.34,3.64,3.31,1.7,D18CL_323001,PY-IT_321127,CF,Jonas_DonorAcceptor-3bands-NoBG-ZnOCorr-NoInt_D18CL:PY-IT,Jonas_DonorAcceptor-3bands-NoBG-ZnOCorr-NoInt,13.06333753,17.04.2024 11:07,32623_261090_OD_x2y1,x2y1,0.009439031,1,1.4,5,5,0,0,0,0,1,0,0,0,0,1,189
32623,D18CL_323001,PY-IT_321127,CF,2,10,1000,1.531599073,0.053710124,0.093803958,0.594673069,0.202174827,0.307305737,2.120912089,0.066564219,0.777,2.27530231,0.093656202,0.95,2.493474383,0.13955862,0.185116811,0.328952573,0.482988957,0.517011043,0.342105263,0.437253799,0.63625831,52.48578321,18.08824645,9.141066902,0.96285023,19.04.2024 23:06,A-1,1.15E-06,0.6,1.4,5.48,5.34,3.64,3.31,1.7,D18CL_323001,PY-IT_321127,CF,Jonas_DonorAcceptor-3bands-NoBG-ZnOCorr-NoInt_D18CL:PY-IT,Jonas_DonorAcceptor-3bands-NoBG-ZnOCorr-NoInt,21.48738261,17.04.2024 11:07,32623_261090_OD_x1y1,x1y1,0.010635003,0.6,1.4,5,5,0,0,0,0,1,0,0,0,0,1,189
32623,D18CL_323001,PY-IT_321127,CF,2,10,1000,1.531949612,0.051715913,0.089764052,0.541285014,0.229356706,0.348622194,2.122745262,0.067316071,0.777,2.280438876,0.091444663,0.688035928,2.489940006,0.111587804,0.23068326,0.409924154,0.459592476,0.540407524,0.342105263,0.437253799,0.758546347,50.54991213,18.4096227,8.927794639,0.959354019,19.04.2024 23:06,B-2,1.17E-06,1,0.6,5.48,5.34,3.64,3.31,1.7,D18CL_323001,PY-IT_321127,CF,Jonas_DonorAcceptor-3bands-NoBG-ZnOCorr-NoInt_D18CL:PY-IT,Jonas_DonorAcceptor-3bands-NoBG-ZnOCorr-NoInt,15.49176275,17.04.2024 11:07,32623_261090_OD_x2y2,x2y2,0.012726998,1,0.6,5,5,0,0,0,0,1,0,0,0,0,1,189
32623,D18CL_323001,PY-IT_321127,CF,2,10,1000,1.531808657,0.053679597,0.093722984,0.555588066,0.185703472,0.282269277,2.119992682,0.064030718,0.777,2.267536406,0.090335022,0.95,2.48,0.131344735,0.162891786,0.289458704,0.493712546,0.506287454,0.342105263,0.437253799,0.571727982,50.41324796,17.79811837,8.635408373,0.962418829,19.04.2024 23:06,A-3,8.14E-07,1.4,1.4,5.48,5.34,3.64,3.31,1.7,D18CL_323001,PY-IT_321127,CF,Jonas_DonorAcceptor-3bands-NoBG-ZnOCorr-NoInt_D18CL:PY-IT,Jonas_DonorAcceptor-3bands-NoBG-ZnOCorr-NoInt,14.20719842,17.04.2024 11:07,32623_261090_OD_x3y1,x3y1,0.009720969,1.4,1.4,5,5,0,0,0,0,1,0,0,0,0,1,189
32624,D18CL_323001,PY-IT_321127,CF,0,10,3000,1.535301553,0.060926619,0.185452674,0.535620873,0.118443136,0.180033567,2.143957216,0.104579131,0.261236389,2.343365347,0.083344797,0.6,2.608243742,0.15,0.203167335,0.256242036,0.412660176,0.587339824,0.342105263,0.207127221,0.436275603,59.6095736,19.38162394,11.24720149,0.973505248,19.04.2024 23:09,B-1,9.04E-07,0.6,0.6,5.48,5.34,3.64,3.31,1.7,D18CL_323001,PY-IT_321127,CF,Jonas_DonorAcceptor-3bands-NoBG-ZnOCorr-NoInt_D18CL:PY-IT,Jonas_DonorAcceptor-3bands-NoBG-ZnOCorr-NoInt,1406.616333,17.04.2024 11:13,32624_261125_OD_x1y2,x1y2,0.012122519,0.6,0.6,5,5,0,0,0,0,1,0,0,0,0,1,190
32624,D18CL_323001,PY-IT_321127,CF,0,10,3000,1.534201042,0.061239666,0.185412331,0.525197935,0.115160541,0.175044022,2.144151845,0.106848293,0.243105609,2.345417976,0.081828639,0.6,2.620021974,0.15,0.197650249,0.245700133,0.416034353,0.583965647,0.342105263,0.195563118,0.420744155,59.80024401,19.13337698,11.14225318,0.973819436,19.04.2024 23:09,A-1,1.06E-06,0.6,1.4,5.48,5.34,3.64,3.31,1.7,D18CL_323001,PY-IT_321127,CF,Jonas_DonorAcceptor-3bands-NoBG-ZnOCorr-NoInt_D18CL:PY-IT,Jonas_DonorAcceptor-3bands-NoBG-ZnOCorr-NoInt,1494.878228,17.04.2024 11:13,32624_261125_OD_x1y1,x1y1,0.011232593,0.6,1.4,5,5,0,0,0,0,1,0,0,0,0,1,190
32624,D18CL_323001,PY-IT_321127,CF,0,10,3000,1.535030107,0.061238593,0.187514414,0.533138005,0.118202669,0.179668058,2.1438963,0.105088744,0.259052987,2.344520701,0.0833187,0.6,2.613920098,0.15,0.200683907,0.252671673,0.415571471,0.584428529,0.342105263,0.205752252,0.43233973,59.40676636,19.10912818,11.05409687,0.973747777,19.04.2024 23:09,A-2,8.81E-07,1,1.4,5.48,5.34,3.64,3.31,1.7,D18CL_323001,PY-IT_321127,CF,Jonas_DonorAcceptor-3bands-NoBG-ZnOCorr-NoInt_D18CL:PY-IT,Jonas_DonorAcceptor-3bands-NoBG-ZnOCorr-NoInt,1028.976478,17.04.2024 11:13,32624_261125_OD_x2y1,x2y1,0.011833731,1,1.4,5,5,0,0,0,0,1,0,0,0,0,1,190
32624,D18CL_323001,PY-IT_321127,CF,0,10,3000,1.534256435,0.061125547,0.183639585,0.527301055,0.11533785,0.175313531,2.144357022,0.107016472,0.252391518,2.34764654,0.083642949,0.6,2.623979365,0.15,0.199533127,0.249893596,0.412301488,0.587698512,0.342105263,0.201527649,0.425207128,59.91544143,18.8910048,11.03315563,0.974778457,19.04.2024 23:09,A-3,8.49E-07,1.4,1.4,5.48,5.34,3.64,3.31,1.7,D18CL_323001,PY-IT_321127,CF,Jonas_DonorAcceptor-3bands-NoBG-ZnOCorr-NoInt_D18CL:PY-IT,Jonas_DonorAcceptor-3bands-NoBG-ZnOCorr-NoInt,2419.609614,17.04.2024 11:13,32624_261125_OD_x3y1,x3y1,0.01143792,1.4,1.4,5,5,0,0,0,0,1,0,0,0,0,1,190
32625,D18CL_323001,PY-IT_321127,CF,2,10,3000,1.530600828,0.063073996,0.201051395,0.525664077,0.115706507,0.175873891,2.14271399,0.101938541,0.257826903,2.339066056,0.080172202,0.6,2.617555368,0.15,0.186444939,0.23451546,0.42855374,0.57144626,0.342105263,0.204978048,0.410389351,60.08922998,18.94774757,11.0336843,0.969094937,19.04.2024 23:12,B-1,1.61E-06,0.6,0.6,5.48,5.34,3.64,3.31,1.7,D18CL_323001,PY-IT_321127,CF,Jonas_DonorAcceptor-3bands-NoBG-ZnOCorr-NoInt_D18CL:PY-IT,Jonas_DonorAcceptor-3bands-NoBG-ZnOCorr-NoInt,350.4923551,17.04.2024 11:19,32625_261139_OD_x1y2,x1y2,0.011754561,0.6,0.6,5,5,0,0,0,0,1,0,0,0,0,1,191
32625,D18CL_323001,PY-IT_321127,CF,2,10,3000,1.531138679,0.062552982,0.196197194,0.52925049,0.118243723,0.179730459,2.144618462,0.101689363,0.264354696,2.341410522,0.08,0.6,2.615148334,0.15,0.195221815,0.246829619,0.421348523,0.578651477,0.342105263,0.209082702,0.426560078,59.47428473,19.02462577,10.96429443,0.969025797,19.04.2024 23:12,B-2,2.10E-06,1,0.6,5.48,5.34,3.64,3.31,1.7,D18CL_323001,PY-IT_321127,CF,Jonas_DonorAcceptor-3bands-NoBG-ZnOCorr-NoInt_D18CL:PY-IT,Jonas_DonorAcceptor-3bands-NoBG-ZnOCorr-NoInt,443.325445,17.04.2024 11:19,32625_261139_OD_x2y2,x2y2,0.012532943,1,0.6,5,5,0,0,0,0,1,0,0,0,0,1,191
32625,D18CL_323001,PY-IT_321127,CF,2,10,3000,1.531043165,0.063028042,0.200500153,0.526532272,0.116991782,0.177827508,2.143411339,0.101577499,0.258263517,2.339069896,0.08,0.6,2.614129762,0.15,0.189786188,0.238801036,0.426825071,0.573174929,0.342105263,0.205253918,0.416628544,60.08556278,18.56012202,10.81950314,0.970189024,19.04.2024 23:12,A-3,0.000201849,1.4,1.4,5.48,5.34,3.64,3.31,1.7,D18CL_323001,PY-IT_321127,CF,Jonas_DonorAcceptor-3bands-NoBG-ZnOCorr-NoInt_D18CL:PY-IT,Jonas_DonorAcceptor-3bands-NoBG-ZnOCorr-NoInt,348.344162,17.04.2024 11:19,32625_261139_OD_x3y1,x3y1,0.011956418,1.4,1.4,5,5,0,0,0,0,1,0,0,0,0,1,191
32625,D18CL_323001,PY-IT_321127,CF,2,10,3000,1.531925762,0.063100802,0.203768803,0.529011896,0.119457826,0.181575895,2.143063505,0.099908486,0.266017945,2.336530481,0.080000002,0.6,2.604377032,0.15,0.189270544,0.239619906,0.431096167,0.568903833,0.342105263,0.210121781,0.421195801,59.73584799,18.67011707,10.81581277,0.969788626,19.04.2024 23:12,A-2,1.65E-06,1,1.4,5.48,5.34,3.64,3.31,1.7,D18CL_323001,PY-IT_321127,CF,Jonas_DonorAcceptor-3bands-NoBG-ZnOCorr-NoInt_D18CL:PY-IT,Jonas_DonorAcceptor-3bands-NoBG-ZnOCorr-NoInt,300.2857618,17.04.2024 11:19,32625_261139_OD_x2y1,x2y1,0.012291453,1,1.4,5,5,0,0,0,0,1,0,0,0,0,1,191
32626,D18CL_323001,PY-IT_321127,CF,1,10,2000,1.534762445,0.061034763,0.186417607,0.554516129,0.132884838,0.201984954,2.144218631,0.098934997,0.272096676,2.33496043,0.08,0.6,2.58139656,0.15,0.223147935,0.283865747,0.415734615,0.584265385,0.342105263,0.213896224,0.485850701,59.9779658,19.19187337,11.13931553,0.967719303,19.04.2024 23:14,B-1,9.60E-07,0.6,0.6,5.48,5.34,3.64,3.31,1.7,D18CL_323001,PY-IT_321127,CF,Jonas_DonorAcceptor-3bands-NoBG-ZnOCorr-NoInt_D18CL:PY-IT,Jonas_DonorAcceptor-3bands-NoBG-ZnOCorr-NoInt,870.0109596,17.04.2024 11:25,32626_261151_OD_x1y2,x1y2,0.014295435,0.6,0.6,5,5,0,0,0,0,1,0,0,0,0,1,192
32626,D18CL_323001,PY-IT_321127,CF,1,10,2000,1.536036952,0.059992715,0.184662636,0.563166776,0.135623387,0.206147549,2.143338502,0.096727744,0.279842791,2.332018254,0.08,0.6,2.566348155,0.15,0.228135428,0.291977482,0.413846998,0.586153002,0.342105263,0.218654036,0.498125031,59.87943636,19.01862161,11.03249823,0.968762066,19.04.2024 23:14,A-1,1.22E-06,0.6,1.4,5.48,5.34,3.64,3.31,1.7,D18CL_323001,PY-IT_321127,CF,Jonas_DonorAcceptor-3bands-NoBG-ZnOCorr-NoInt_D18CL:PY-IT,Jonas_DonorAcceptor-3bands-NoBG-ZnOCorr-NoInt,1031.049771,17.04.2024 11:25,32626_261151_OD_x1y1,x1y1,0.015151945,0.6,1.4,5,5,0,0,0,0,1,0,0,0,0,1,192
32626,D18CL_323001,PY-IT_321127,CF,1,10,2000,1.535990171,0.059956563,0.182923418,0.56000447,0.13548665,0.205939709,2.143470872,0.096543286,0.282265856,2.332042276,0.08,0.6,2.566708225,0.15,0.229223482,0.293925444,0.411990529,0.588009471,0.342105263,0.220130525,0.499865152,59.29517678,18.8257538,10.80288814,0.967761044,19.04.2024 23:14,A-2,1.20E-06,1,1.4,5.48,5.34,3.64,3.31,1.7,D18CL_323001,PY-IT_321127,CF,Jonas_DonorAcceptor-3bands-NoBG-ZnOCorr-NoInt_D18CL:PY-IT,Jonas_DonorAcceptor-3bands-NoBG-ZnOCorr-NoInt,1399.535639,17.04.2024 11:25,32626_261151_OD_x2y1,x2y1,0.015115112,1,1.4,5,5,0,0,0,0,1,0,0,0,0,1,192
32626,D18CL_323001,PY-IT_321127,CF,1,10,2000,1.535710435,0.059741999,0.177726271,0.558718334,0.135753461,0.206345261,2.144996605,0.098371716,0.278655089,2.336209777,0.08,0.6,2.578020774,0.15,0.238234763,0.304620093,0.403834154,0.596165846,0.342105263,0.217928268,0.510965354,59.31127982,18.77899675,10.76830706,0.966802465,19.04.2024 23:14,B-2,9.66E-07,1,0.6,5.48,5.34,3.64,3.31,1.7,D18CL_323001,PY-IT_321127,CF,Jonas_DonorAcceptor-3bands-NoBG-ZnOCorr-NoInt_D18CL:PY-IT,Jonas_DonorAcceptor-3bands-NoBG-ZnOCorr-NoInt,2171.030766,17.04.2024 11:25,32626_261151_OD_x2y2,x2y2,0.015673269,1,0.6,5,5,0,0,0,0,1,0,0,0,0,1,192
32627,PTQ10_321145,PY-IT_321127,CF,0,14,2000,1.535608922,0.062119341,0.175359142,0.559225997,0.114002272,0.173283454,2.054033941,0.074871075,0.486,2.218744073,0.089139142,0.7,2.42965118,0.127014543,0.123182146,0.183048668,0.486297594,0.513702406,0.342105263,0.32705249,0.356332122,52.5240779,17.78612995,9.13226524,0.977549187,19.04.2024 23:51,B-1,5.95E-06,0.6,0.6,5.48,5.34,3.64,3.64,1.7,PTQ10_321145,PY-IT_321127,CF,Jonas_DonorAcceptor-3bands-NoBG-ZnOCorr-NoInt_PTQ10:PY-IT,Jonas_DonorAcceptor-3bands-NoBG-ZnOCorr-NoInt,2.26282E+15,17.04.2024 11:36,32627_261184_OD_x1y2,x1y2,0.009828499,0.6,0.6,3,5,0,0,1,0,0,0,0,0,0,1,193
32627,PTQ10_321145,PY-IT_321127,CF,0,14,2000,1.536500236,0.061841549,0.17378743,0.566587137,0.116739323,0.177443771,2.055145117,0.074862973,0.486,2.220286068,0.088666458,0.7,2.429999997,0.124763681,0.129188704,0.191974414,0.48033307,0.51966693,0.342105263,0.32705249,0.369418186,52.45748433,17.76675199,9.11400457,0.977898416,19.04.2024 23:51,A-3,8.63E-06,1.4,1.4,5.48,5.34,3.64,3.64,1.7,PTQ10_321145,PY-IT_321127,CF,Jonas_DonorAcceptor-3bands-NoBG-ZnOCorr-NoInt_PTQ10:PY-IT,Jonas_DonorAcceptor-3bands-NoBG-ZnOCorr-NoInt,1.92324E+15,17.04.2024 11:36,32627_261184_OD_x3y1,x3y1,0.010114795,1.4,1.4,3,5,0,0,1,0,0,0,0,0,0,1,193
32627,PTQ10_321145,PY-IT_321127,CF,0,14,2000,1.535460426,0.062262038,0.176549991,0.559371171,0.11395875,0.173217299,2.05361246,0.074718043,0.486,2.218116771,0.089177329,0.7,2.428941297,0.127612266,0.122328711,0.181780465,0.487939127,0.512060873,0.342105263,0.32705249,0.354997764,52.2967382,17.75661653,9.092684117,0.979168166,19.04.2024 23:51,A-1,9.51E-06,0.6,1.4,5.48,5.34,3.64,3.64,1.7,PTQ10_321145,PY-IT_321127,CF,Jonas_DonorAcceptor-3bands-NoBG-ZnOCorr-NoInt_PTQ10:PY-IT,Jonas_DonorAcceptor-3bands-NoBG-ZnOCorr-NoInt,2.72006E+15,17.04.2024 11:36,32627_261184_OD_x1y1,x1y1,0.009798024,0.6,1.4,3,5,0,0,1,0,0,0,0,0,0,1,193
32627,PTQ10_321145,PY-IT_321127,CF,0,14,2000,1.535053186,0.062175447,0.175771552,0.561661815,0.112797015,0.171451463,2.053623214,0.074409923,0.486,2.218492956,0.08861948,0.7,2.43,0.126947794,0.121854398,0.181075636,0.48634974,0.51365026,0.342105263,0.32705249,0.352527098,52.17227804,17.68799533,9.015719246,0.976971656,19.04.2024 23:51,B-2,8.32E-07,1,0.6,5.48,5.34,3.64,3.64,1.7,PTQ10_321145,PY-IT_321127,CF,Jonas_DonorAcceptor-3bands-NoBG-ZnOCorr-NoInt_PTQ10:PY-IT,Jonas_DonorAcceptor-3bands-NoBG-ZnOCorr-NoInt,2.30543E+15,17.04.2024 11:36,32627_261184_OD_x2y2,x2y2,0.00968439,1,0.6,3,5,0,0,1,0,0,0,0,0,0,1,193
32628,PTQ10_321145,PY-IT_321127,CF,0,12,2000,1.532622869,0.06208059,0.176489832,0.545762104,0.098801696,0.150178578,2.048873213,0.0752137,0.486,2.21238132,0.092321267,0.7,2.43,0.141588289,0.104766743,0.15568338,0.491001166,0.508998834,0.342105263,0.32705249,0.305861959,53.52289872,17.07374941,8.864672328,0.970050084,19.04.2024 23:53,B-1,7.64E-07,0.6,0.6,5.48,5.34,3.64,3.64,1.7,PTQ10_321145,PY-IT_321127,CF,Jonas_DonorAcceptor-3bands-NoBG-ZnOCorr-NoInt_PTQ10:PY-IT,Jonas_DonorAcceptor-3bands-NoBG-ZnOCorr-NoInt,2.1722E+15,17.04.2024 11:42,32628_261219_OD_x1y2,x1y2,0.008478669,0.6,0.6,3,5,0,0,1,0,0,0,0,0,0,1,194
32628,PTQ10_321145,PY-IT_321127,CF,0,12,2000,1.532955182,0.062258946,0.175458314,0.544868916,0.102509388,0.15581427,2.049190753,0.075438818,0.486,2.21282673,0.092337461,0.7,2.43,0.139769843,0.106788627,0.158687899,0.495431463,0.504568537,0.342105263,0.32705249,0.314502169,53.46928822,16.88311977,8.764038222,0.970838876,19.04.2024 23:53,A-3,1.17E-05,1.4,1.4,5.48,5.34,3.64,3.64,1.7,PTQ10_321145,PY-IT_321127,CF,Jonas_DonorAcceptor-3bands-NoBG-ZnOCorr-NoInt_PTQ10:PY-IT,Jonas_DonorAcceptor-3bands-NoBG-ZnOCorr-NoInt,1.96257E+15,17.04.2024 11:42,32628_261219_OD_x3y1,x3y1,0.008716735,1.4,1.4,3,5,0,0,1,0,0,0,0,0,0,1,194
32628,PTQ10_321145,PY-IT_321127,CF,0,12,2000,1.532506345,0.062203507,0.175502969,0.540866465,0.09982966,0.151741083,2.048235748,0.075586441,0.486,2.211579132,0.092939367,0.7,2.43,0.142605845,0.10284401,0.1528262,0.498218593,0.501781407,0.342105263,0.32705249,0.304567283,53.10910568,16.89650214,8.69217642,0.968640752,19.04.2024 23:53,B-2,0.000274018,1,0.6,5.48,5.34,3.64,3.64,1.7,PTQ10_321145,PY-IT_321127,CF,Jonas_DonorAcceptor-3bands-NoBG-ZnOCorr-NoInt_PTQ10:PY-IT,Jonas_DonorAcceptor-3bands-NoBG-ZnOCorr-NoInt,1.94244E+15,17.04.2024 11:42,32628_261219_OD_x2y2,x2y2,0.00850189,1,0.6,3,5,0,0,1,0,0,0,0,0,0,1,194
32628,PTQ10_321145,PY-IT_321127,CF,0,12,2000,1.531721609,0.062176633,0.175184167,0.534985227,0.09848648,0.14969945,2.047315342,0.075536658,0.486,2.210945983,0.093294393,0.7,2.43,0.145820657,0.100629094,0.149534834,0.500275063,0.499724937,0.342105263,0.32705249,0.299234284,52.88168112,16.94575247,8.677650924,0.968358267,19.04.2024 23:53,A-1,0.000717524,0.6,1.4,5.48,5.34,3.64,3.64,1.7,PTQ10_321145,PY-IT_321127,CF,Jonas_DonorAcceptor-3bands-NoBG-ZnOCorr-NoInt_PTQ10:PY-IT,Jonas_DonorAcceptor-3bands-NoBG-ZnOCorr-NoInt,1.82351E+15,17.04.2024 11:42,32628_261219_OD_x1y1,x1y1,0.008368352,0.6,1.4,3,5,0,0,1,0,0,0,0,0,0,1,194
32629,PTQ10_321145,PY-IT_321127,CF,0,10,2000,1.529477261,0.060113553,0.162531122,0.524706229,0.085176749,0.129468659,2.039595482,0.075807778,0.579077871,2.200135454,0.101555149,0.7,2.43,0.15,0.083207543,0.131391189,0.496315013,0.503684987,0.342105263,0.366719008,0.260859848,52.43231638,15.41812711,7.736954809,0.957060503,19.04.2024 23:56,A-3,0.00098748,1.4,1.4,5.48,5.34,3.64,3.64,1.7,PTQ10_321145,PY-IT_321127,CF,Jonas_DonorAcceptor-3bands-NoBG-ZnOCorr-NoInt_PTQ10:PY-IT,Jonas_DonorAcceptor-3bands-NoBG-ZnOCorr-NoInt,9.42204E+14,17.04.2024 11:47,32629_261233_OD_x3y1,x3y1,0.0072148,1.4,1.4,3,5,0,0,1,0,0,0,0,0,0,1,195
32629,PTQ10_321145,PY-IT_321127,CF,0,10,2000,1.530557869,0.060418404,0.167554513,0.533563082,0.084328063,0.128178656,2.043247294,0.075578982,0.486,2.203555823,0.094981935,0.7,2.416580812,0.15,0.090633407,0.134681243,0.487631078,0.512368922,0.342105263,0.32705249,0.2628599,51.63553968,15.64512088,7.711004104,0.954516172,19.04.2024 23:56,B-2,0.00055254,1,0.6,5.48,5.34,3.64,3.64,1.7,PTQ10_321145,PY-IT_321127,CF,Jonas_DonorAcceptor-3bands-NoBG-ZnOCorr-NoInt_PTQ10:PY-IT,Jonas_DonorAcceptor-3bands-NoBG-ZnOCorr-NoInt,1.02903E+15,17.04.2024 11:47,32629_261233_OD_x2y2,x2y2,0.007401539,1,0.6,3,5,0,0,1,0,0,0,0,0,0,1,195
32629,PTQ10_321145,PY-IT_321127,CF,0,10,2000,1.530059077,0.060306856,0.165340538,0.528614728,0.083853762,0.127457718,2.040575266,0.075356976,0.569505556,2.201205641,0.100265032,0.7,2.43,0.15,0.083393603,0.130886724,0.493363501,0.506636499,0.342105263,0.362856668,0.258344442,51.71925245,15.54887436,7.660198466,0.952552297,19.04.2024 23:56,B-1,0.000342658,0.6,0.6,5.48,5.34,3.64,3.64,1.7,PTQ10_321145,PY-IT_321127,CF,Jonas_DonorAcceptor-3bands-NoBG-ZnOCorr-NoInt_PTQ10:PY-IT,Jonas_DonorAcceptor-3bands-NoBG-ZnOCorr-NoInt,9.49598E+14,17.04.2024 11:47,32629_261233_OD_x1y2,x1y2,0.007223988,0.6,0.6,3,5,0,0,1,0,0,0,0,0,0,1,195
32629,PTQ10_321145,PY-IT_321127,CF,0,10,2000,1.528784484,0.059451217,0.15875179,0.512306451,0.078557443,0.119407314,2.03558274,0.075049065,0.687903584,2.192569834,0.107750106,0.7,2.43,0.15,0.071717898,0.121052898,0.496578262,0.503421738,0.342105263,0.407549099,0.240460212,51.11416775,14.7050049,7.109258689,0.945840378,19.04.2024 23:56,A-1,0.000129738,0.6,1.4,5.48,5.34,3.64,3.64,1.7,PTQ10_321145,PY-IT_321127,CF,Jonas_DonorAcceptor-3bands-NoBG-ZnOCorr-NoInt_PTQ10:PY-IT,Jonas_DonorAcceptor-3bands-NoBG-ZnOCorr-NoInt,9.60525E+14,17.04.2024 11:47,32629_261233_OD_x1y1,x1y1,0.0068761,0.6,1.4,3,5,0,0,1,0,0,0,0,0,0,1,195
32630,PTQ10_321145,PY-IT_321127,CF,0,10,1000,1.53503596,0.061623265,0.175149478,0.562343098,0.111211674,0.169041744,2.052321017,0.074678917,0.486,2.217039051,0.089797702,0.7,2.43,0.131070554,0.120955209,0.17973944,0.484664172,0.515335828,0.342105263,0.32705249,0.348781184,53.41010454,17.74824941,9.152620792,0.965531658,19.04.2024 23:58,A-1,2.99E-05,0.6,1.4,5.48,5.34,3.64,3.64,1.7,PTQ10_321145,PY-IT_321127,CF,Jonas_DonorAcceptor-3bands-NoBG-ZnOCorr-NoInt_PTQ10:PY-IT,Jonas_DonorAcceptor-3bands-NoBG-ZnOCorr-NoInt,2.11774E+15,17.04.2024 11:53,32630_261254_OD_x1y1,x1y1,0.009711873,0.6,1.4,3,5,0,0,1,0,0,0,0,0,0,1,196
32630,PTQ10_321145,PY-IT_321127,CF,0,10,1000,1.534804833,0.061826244,0.174760692,0.560398328,0.109400477,0.166288725,2.051997831,0.075127591,0.486,2.216363981,0.090550425,0.7,2.43,0.132196044,0.117863499,0.175145159,0.487030529,0.512969471,0.342105263,0.32705249,0.341433884,53.59560814,17.67288897,9.149687459,0.965983053,19.04.2024 23:58,B-1,1.23E-06,0.6,0.6,5.48,5.34,3.64,3.64,1.7,PTQ10_321145,PY-IT_321127,CF,Jonas_DonorAcceptor-3bands-NoBG-ZnOCorr-NoInt_PTQ10:PY-IT,Jonas_DonorAcceptor-3bands-NoBG-ZnOCorr-NoInt,1.96298E+15,17.04.2024 11:53,32630_261254_OD_x1y2,x1y2,0.009407693,0.6,0.6,3,5,0,0,1,0,0,0,0,0,0,1,196
32630,PTQ10_321145,PY-IT_321127,CF,0,10,1000,1.535317895,0.061767616,0.173825503,0.565908473,0.111376613,0.169292451,2.052637111,0.075071888,0.486,2.217190872,0.0902235,0.7,2.43,0.130588905,0.120900724,0.179658476,0.485146874,0.514853126,0.342105263,0.32705249,0.348950927,53.27367627,17.64375767,9.069941384,0.964940931,19.04.2024 23:58,A-2,1.16E-06,1,1.4,5.48,5.34,3.64,3.64,1.7,PTQ10_321145,PY-IT_321127,CF,Jonas_DonorAcceptor-3bands-NoBG-ZnOCorr-NoInt_PTQ10:PY-IT,Jonas_DonorAcceptor-3bands-NoBG-ZnOCorr-NoInt,1.83844E+15,17.04.2024 11:53,32630_261254_OD_x2y1,x2y1,0.009682008,1,1.4,3,5,0,0,1,0,0,0,0,0,0,1,196
32630,PTQ10_321145,PY-IT_321127,CF,0,10,1000,1.533735319,0.061851018,0.174792249,0.553419679,0.10639645,0.161722603,2.050400248,0.075279148,0.486,2.214596417,0.091555224,0.7,2.43,0.136304154,0.112599825,0.167323339,0.491489432,0.508510568,0.342105263,0.32705249,0.329045943,53.67019241,17.3669991,8.992608171,0.964778767,19.04.2024 23:58,B-2,2.15E-05,1,0.6,5.48,5.34,3.64,3.64,1.7,PTQ10_321145,PY-IT_321127,CF,Jonas_DonorAcceptor-3bands-NoBG-ZnOCorr-NoInt_PTQ10:PY-IT,Jonas_DonorAcceptor-3bands-NoBG-ZnOCorr-NoInt,1.86983E+15,17.04.2024 11:53,32630_261254_OD_x2y2,x2y2,0.009071779,1,0.6,3,5,0,0,1,0,0,0,0,0,0,1,196
32631,PTQ10_321145,PY-IT_321127,CF,2,10,1000,1.529751868,0.063101001,0.175566286,0.524331161,0.105996026,0.161113959,2.048606349,0.074534658,0.486,2.214304025,0.091187976,0.7,2.43,0.139932595,0.109448778,0.162640885,0.497641849,0.502358151,0.342105263,0.32705249,0.323754844,54.36082698,17.58612808,9.219820782,0.964419965,20.04.2024 00:01,B-1,1.17E-06,0.6,0.6,5.48,5.34,3.64,3.64,1.7,PTQ10_321145,PY-IT_321127,CF,Jonas_DonorAcceptor-3bands-NoBG-ZnOCorr-NoInt_PTQ10:PY-IT,Jonas_DonorAcceptor-3bands-NoBG-ZnOCorr-NoInt,1.77588E+15,17.04.2024 11:59,32631_261264_OD_x1y2,x1y2,0.008748073,0.6,0.6,3,5,0,0,1,0,0,0,0,0,0,1,197
32631,PTQ10_321145,PY-IT_321127,CF,2,10,1000,1.529697301,0.063156148,0.175466648,0.523529939,0.107144766,0.162860045,2.048688546,0.074487411,0.486,2.214490018,0.091139291,0.7,2.43,0.139589408,0.110800519,0.16464957,0.497267979,0.502732021,0.342105263,0.32705249,0.327509615,54.34709269,17.59300527,9.207172666,0.962963749,20.04.2024 00:01,B-2,1.52E-06,1,0.6,5.48,5.34,3.64,3.64,1.7,PTQ10_321145,PY-IT_321127,CF,Jonas_DonorAcceptor-3bands-NoBG-ZnOCorr-NoInt_PTQ10:PY-IT,Jonas_DonorAcceptor-3bands-NoBG-ZnOCorr-NoInt,1.77679E+15,17.04.2024 11:59,32631_261264_OD_x2y2,x2y2,0.008852011,1,0.6,3,5,0,0,1,0,0,0,0,0,0,1,197
32631,PTQ10_321145,PY-IT_321127,CF,2,10,1000,1.531525928,0.063286807,0.177051142,0.534693234,0.112688778,0.171286942,2.050596309,0.073903875,0.486,2.215578477,0.089261827,0.7,2.425780555,0.132549628,0.117325306,0.174345405,0.495575555,0.504424445,0.342105263,0.32705249,0.345632348,53.54867002,17.56162768,9.052341411,0.962603576,20.04.2024 00:01,A-1,3.32E-05,0.6,1.4,5.48,5.34,3.64,3.64,1.7,PTQ10_321145,PY-IT_321127,CF,Jonas_DonorAcceptor-3bands-NoBG-ZnOCorr-NoInt_PTQ10:PY-IT,Jonas_DonorAcceptor-3bands-NoBG-ZnOCorr-NoInt,2.49721E+15,17.04.2024 11:59,32631_261264_OD_x1y1,x1y1,0.009459325,0.6,1.4,3,5,0,0,1,0,0,0,0,0,0,1,197
32631,PTQ10_321145,PY-IT_321127,CF,2,10,1000,1.529405163,0.063376483,0.176645749,0.521992802,0.106164085,0.161369409,2.048143752,0.074456942,0.486,2.213597558,0.091291682,0.7,2.43,0.141221184,0.10873315,0.161577461,0.499677884,0.500322116,0.342105263,0.32705249,0.32294687,53.8744666,17.41912645,9.039706497,0.963263213,20.04.2024 00:01,A-2,1.27E-06,1,1.4,5.48,5.34,3.64,3.64,1.7,PTQ10_321145,PY-IT_321127,CF,Jonas_DonorAcceptor-3bands-NoBG-ZnOCorr-NoInt_PTQ10:PY-IT,Jonas_DonorAcceptor-3bands-NoBG-ZnOCorr-NoInt,2.05572E+15,17.04.2024 11:59,32631_261264_OD_x2y1,x2y1,0.008767903,1,1.4,3,5,0,0,1,0,0,0,0,0,0,1,197
32632,PTQ10_321145,PY-IT_321127,CF,0,10,3000,1.529726002,0.06034043,0.162704137,0.524113999,0.080883299,0.122942615,2.042060628,0.075783917,0.536782263,2.203736441,0.098380749,0.7,2.43,0.15,0.081449643,0.125170367,0.495510611,0.504489389,0.342105263,0.349289731,0.248112982,47.22727628,12.87174533,5.386787385,0.886134196,20.04.2024 00:04,A-2,0.000183404,1,1.4,5.48,5.34,3.64,3.64,1.7,PTQ10_321145,PY-IT_321127,CF,Jonas_DonorAcceptor-3bands-NoBG-ZnOCorr-NoInt_PTQ10:PY-IT,Jonas_DonorAcceptor-3bands-NoBG-ZnOCorr-NoInt,9.85178E+14,17.04.2024 12:05,32632_261274_OD_x2y1,x2y1,0.007221403,1,1.4,3,5,0,0,1,0,0,0,0,0,0,1,198
32632,PTQ10_321145,PY-IT_321127,CF,0,10,3000,1.528257344,0.058345053,0.15516112,0.506359868,0.070981241,0.107891486,2.033989251,0.075183621,0.744407212,2.189368023,0.1115,0.7,2.43,0.15,0.062095596,0.108320005,0.499009028,0.500990972,0.342105263,0.426739357,0.21621149,45.72538922,13.0582532,5.286885367,0.885436452,20.04.2024 00:04,B-1,0.000761673,0.6,0.6,5.48,5.34,3.64,3.64,1.7,PTQ10_321145,PY-IT_321127,CF,Jonas_DonorAcceptor-3bands-NoBG-ZnOCorr-NoInt_PTQ10:PY-IT,Jonas_DonorAcceptor-3bands-NoBG-ZnOCorr-NoInt,1.02053E+15,17.04.2024 12:05,32632_261274_OD_x1y2,x1y2,0.006264636,0.6,0.6,3,5,0,0,1,0,0,0,0,0,0,1,198
32632,PTQ10_321145,PY-IT_321127,CF,0,10,3000,1.528150711,0.058233743,0.154759907,0.505338763,0.070353458,0.106937256,2.033658071,0.075038138,0.749122646,2.188777299,0.1115,0.7,2.43,0.15,0.061354199,0.107316019,0.499116086,0.500883914,0.342105263,0.428284802,0.214253275,46.26590569,12.86237764,5.200895671,0.873968576,20.04.2024 00:04,B-2,1.28E-05,1,0.6,5.48,5.34,3.64,3.64,1.7,PTQ10_321145,PY-IT_321127,CF,Jonas_DonorAcceptor-3bands-NoBG-ZnOCorr-NoInt_PTQ10:PY-IT,Jonas_DonorAcceptor-3bands-NoBG-ZnOCorr-NoInt,1.05115E+15,17.04.2024 12:05,32632_261274_OD_x2y2,x2y2,0.006236268,1,0.6,3,5,0,0,1,0,0,0,0,0,0,1,198
32632,PTQ10_321145,PY-IT_321127,CF,0,10,3000,1.528283796,0.058247681,0.154681211,0.507764564,0.071072538,0.108030258,2.033917148,0.075247401,0.74284308,2.189218727,0.1115,0.7,2.43,0.15,0.062625268,0.109146015,0.497431216,0.502568784,0.342105263,0.426224879,0.217176273,45.55890418,12.7621351,5.164235232,0.888197219,20.04.2024 00:04,A-3,0.001237638,1.4,1.4,5.48,5.34,3.64,3.64,1.7,PTQ10_321145,PY-IT_321127,CF,Jonas_DonorAcceptor-3bands-NoBG-ZnOCorr-NoInt_PTQ10:PY-IT,Jonas_DonorAcceptor-3bands-NoBG-ZnOCorr-NoInt,1.05741E+15,17.04.2024 12:05,32632_261274_OD_x3y1,x3y1,0.006305132,1.4,1.4,3,5,0,0,1,0,0,0,0,0,0,1,198
32633,PTQ10_321145,PY-IT_321127,CF,2,10,3000,1.524894825,0.060037313,0.159962478,0.488060854,0.076272322,0.11593393,2.032578107,0.073124047,0.785299395,2.188910167,0.1115,0.7,2.43,0.15,0.063890122,0.114062996,0.504067301,0.495932699,0.342105263,0.43986986,0.229996925,50.16433877,13.45412709,6.349022221,0.940711015,20.04.2024 00:07,A-1,2.70E-05,0.6,1.4,5.48,5.34,3.64,3.64,1.7,PTQ10_321145,PY-IT_321127,CF,Jonas_DonorAcceptor-3bands-NoBG-ZnOCorr-NoInt_PTQ10:PY-IT,Jonas_DonorAcceptor-3bands-NoBG-ZnOCorr-NoInt,8.47383E+14,17.04.2024 12:10,32633_261307_OD_x1y1,x1y1,0.006545537,0.6,1.4,3,5,0,0,1,0,0,0,0,0,0,1,199
32633,PTQ10_321145,PY-IT_321127,CF,2,10,3000,1.52438999,0.059340435,0.156999908,0.484587018,0.072133108,0.109642323,2.031173176,0.073179099,0.774028203,2.183891639,0.1115,0.7,2.413224871,0.15,0.059953928,0.106359959,0.507597985,0.492402015,0.342105263,0.436311103,0.216002283,50.52987965,13.33212287,6.336831578,0.940642491,20.04.2024 00:07,B-1,0.000188176,0.6,0.6,5.48,5.34,3.64,3.64,1.7,PTQ10_321145,PY-IT_321127,CF,Jonas_DonorAcceptor-3bands-NoBG-ZnOCorr-NoInt_PTQ10:PY-IT,Jonas_DonorAcceptor-3bands-NoBG-ZnOCorr-NoInt,9.95958E+14,17.04.2024 12:10,32633_261307_OD_x1y2,x1y2,0.006313436,0.6,0.6,3,5,0,0,1,0,0,0,0,0,0,1,199
32633,PTQ10_321145,PY-IT_321127,CF,2,10,3000,1.524229542,0.059135985,0.15646585,0.481810227,0.070568465,0.107264067,2.03038491,0.07294402,0.780693594,2.182228607,0.1115,0.7,2.41,0.15,0.058363994,0.103928391,0.507897243,0.492102757,0.342105263,0.438421072,0.211192457,51.05835512,12.72950113,6.085128759,0.936249435,20.04.2024 00:07,A-2,0.000136317,1,1.4,5.48,5.34,3.64,3.64,1.7,PTQ10_321145,PY-IT_321127,CF,Jonas_DonorAcceptor-3bands-NoBG-ZnOCorr-NoInt_PTQ10:PY-IT,Jonas_DonorAcceptor-3bands-NoBG-ZnOCorr-NoInt,1.03808E+15,17.04.2024 12:10,32633_261307_OD_x2y1,x2y1,0.006260073,1,1.4,3,5,0,0,1,0,0,0,0,0,0,1,199
32633,PTQ10_321145,PY-IT_321127,CF,2,10,3000,1.524315183,0.059490747,0.158323245,0.484836024,0.073552184,0.111799319,2.031248081,0.072974775,0.791830664,2.186584701,0.1115,0.7,2.426612549,0.15,0.061244421,0.109739632,0.504648589,0.495351411,0.342105263,0.441911549,0.221538952,48.73903099,13.14900385,6.016604391,0.938818661,20.04.2024 00:07,B-2,0.000163066,1,0.6,5.48,5.34,3.64,3.64,1.7,PTQ10_321145,PY-IT_321127,CF,Jonas_DonorAcceptor-3bands-NoBG-ZnOCorr-NoInt_PTQ10:PY-IT,Jonas_DonorAcceptor-3bands-NoBG-ZnOCorr-NoInt,9.11479E+14,17.04.2024 12:10,32633_261307_OD_x2y2,x2y2,0.006393234,1,0.6,3,5,0,0,1,0,0,0,0,0,0,1,199
32634,PTQ10_321145,PY-IT_321127,CF,1,10,2000,1.526023547,0.061525706,0.167879291,0.502464418,0.086978151,0.13220679,2.038567492,0.073873759,0.594576084,2.200437175,0.100368118,0.7,2.43,0.15,0.082123016,0.130951397,0.502385243,0.497614757,0.342105263,0.372874076,0.263158187,53.83373137,15.52962167,7.982120861,0.954779181,20.04.2024 00:09,A-1,0.000244597,0.6,1.4,5.48,5.34,3.64,3.64,1.7,PTQ10_321145,PY-IT_321127,CF,Jonas_DonorAcceptor-3bands-NoBG-ZnOCorr-NoInt_PTQ10:PY-IT,Jonas_DonorAcceptor-3bands-NoBG-ZnOCorr-NoInt,9.35674E+14,17.04.2024 12:16,32634_261348_OD_x1y1,x1y1,0.007284908,0.6,1.4,3,5,0,0,1,0,0,0,0,0,0,1,200
32634,PTQ10_321145,PY-IT_321127,CF,1,10,2000,1.525520811,0.061427032,0.16708093,0.498561184,0.08632037,0.131206963,2.037155363,0.073753472,0.634529424,2.197942983,0.103303941,0.7,2.43,0.15,0.077869857,0.127280573,0.507594932,0.492405068,0.342105263,0.388203121,0.258487536,53.68287674,15.417127,7.894309878,0.9538387,20.04.2024 00:09,A-2,0.002117954,1,1.4,5.48,5.34,3.64,3.64,1.7,PTQ10_321145,PY-IT_321127,CF,Jonas_DonorAcceptor-3bands-NoBG-ZnOCorr-NoInt_PTQ10:PY-IT,Jonas_DonorAcceptor-3bands-NoBG-ZnOCorr-NoInt,9.06092E+14,17.04.2024 12:16,32634_261348_OD_x2y1,x2y1,0.007225223,1,1.4,3,5,0,0,1,0,0,0,0,0,0,1,200
32634,PTQ10_321145,PY-IT_321127,CF,1,10,2000,1.525381284,0.061257628,0.165298018,0.497065358,0.085938701,0.130626825,2.036394563,0.073874394,0.646107079,2.196873855,0.104092076,0.7,2.43,0.15,0.077190778,0.127064287,0.506912421,0.493087579,0.342105263,0.392506106,0.257691112,53.64345201,15.29062127,7.806932113,0.951784338,20.04.2024 00:09,B-2,0.000867145,1,0.6,5.48,5.34,3.64,3.64,1.7,PTQ10_321145,PY-IT_321127,CF,Jonas_DonorAcceptor-3bands-NoBG-ZnOCorr-NoInt_PTQ10:PY-IT,Jonas_DonorAcceptor-3bands-NoBG-ZnOCorr-NoInt,8.73889E+14,17.04.2024 12:16,32634_261348_OD_x2y2,x2y2,0.007123616,1,0.6,3,5,0,0,1,0,0,0,0,0,0,1,200
32634,PTQ10_321145,PY-IT_321127,CF,1,10,2000,1.525913467,0.061069305,0.166470444,0.499033811,0.084925626,0.129086952,2.037199591,0.073699313,0.624566255,2.19726615,0.102060642,0.7,2.43,0.15,0.078193567,0.127030631,0.504014408,0.495985592,0.342105263,0.384451082,0.256117582,53.22886405,14.95836873,7.545854876,0.947713388,20.04.2024 00:09,B-1,0.000660759,0.6,0.6,5.48,5.34,3.64,3.64,1.7,PTQ10_321145,PY-IT_321127,CF,Jonas_DonorAcceptor-3bands-NoBG-ZnOCorr-NoInt_PTQ10:PY-IT,Jonas_DonorAcceptor-3bands-NoBG-ZnOCorr-NoInt,8.83053E+14,17.04.2024 12:16,32634_261348_OD_x1y2,x1y2,0.007135414,0.6,0.6,3,5,0,0,1,0,0,0,0,0,0,1,200
